id,t,d,y,scenario
1,1,0,1.96331383139218,A
2,1,0,3.62513443202852,A
3,1,0,1.63257822130767,A
4,1,0,0.929415285196474,A
5,1,0,1.85340992067003,A
6,1,0,1.49231881277256,A
7,1,0,2.11600534087116,A
8,1,0,1.86117496887335,A
9,1,0,1.75452610613121,A
10,1,0,2.15648879859789,A
11,1,0,2.98110968776954,A
12,1,0,0.811676919351702,A
13,1,0,1.57295680123919,A
14,1,0,3.14828945445597,A
15,1,0,1.44729385628102,A
16,1,0,2.63650562069512,A
17,1,0,2.632188170451,A
18,1,0,1.10790730572331,A
19,1,0,1.06847524494013,A
20,1,0,2.56627651379549,A
21,1,0,0.432918295940771,A
22,1,0,3.63956626999509,A
23,1,0,1.22166553114305,A
24,1,0,2.30815958314942,A
25,1,0,1.45331569212248,A
26,1,0,3.51570261589705,A
27,1,0,0.808316204656366,A
28,1,0,2.52889121175669,A
29,1,0,2.1969530111917,A
30,1,0,3.60336645827644,A
31,1,0,2.39995618877499,A
32,1,0,1.03514245874852,A
33,1,0,2.71526344755951,A
34,1,0,2.20729596126278,A
35,1,0,2.22733284230263,A
36,1,0,2.87973300972072,A
37,1,0,2.94451726184552,A
38,1,0,2.10252622304405,A
39,1,0,1.69333874436025,A
40,1,0,2.15898064105557,A
41,1,0,2.22515492228895,A
42,1,0,2.53317105385378,A
43,1,0,1.50061540438403,A
44,1,0,2.95764306341688,A
45,1,0,3.02465371048125,A
46,1,0,2.3400632057644,A
47,1,0,1.29028239361859,A
48,1,0,1.26432638066255,A
49,1,0,1.65627680150207,A
50,1,0,0.663440956429344,A
51,1,0,3.25347827051979,A
52,1,0,0.771528220168707,A
53,1,0,2.7755508872567,A
54,1,0,1.45562504662971,A
55,1,0,3.57940222330865,A
56,1,0,1.40343675689722,A
57,1,0,3.80446596168589,A
58,1,0,2.01054354691119,A
59,1,0,0.822837204912902,A
60,1,0,1.17646789449105,A
61,1,0,1.8421352828859,A
62,1,0,0.722392114069493,A
63,1,0,1.61637789875255,A
64,1,0,2.32982919418875,A
65,1,0,1.69389127057479,A
66,1,0,2.7756291843982,A
67,1,0,3.20270306868056,A
68,1,0,2.29599917324831,A
69,1,0,2.33747984465417,A
70,1,0,2.7118054986263,A
71,1,0,3.02763412634145,A
72,1,0,1.98417567782065,A
73,1,0,1.14782025061393,A
74,1,0,1.84098056760541,A
75,1,0,1.46673696490137,A
76,1,0,3.72976486143473,A
77,1,0,2.15597326494509,A
78,1,0,1.7953243122372,A
79,1,0,1.28749631626252,A
80,1,0,1.08767500302082,A
81,1,0,3.7183335107791,A
82,1,0,1.01498341061801,A
83,1,0,1.64898642647991,A
84,1,0,1.41695045174955,A
85,1,0,1.66071494407324,A
86,1,0,1.74823123071864,A
87,1,0,2.10768735157975,A
88,1,0,1.60639046013786,A
89,1,0,3.35562538355313,A
90,1,0,3.44292564717824,A
91,1,0,1.55018519598148,A
92,1,0,2.34438407627992,A
93,1,0,0.191329741114503,A
94,1,0,1.16958058883629,A
95,1,0,2.27356898151316,A
96,1,0,-0.747227858594451,A
97,1,0,1.53481586660074,A
98,1,0,1.30630518485123,A
99,1,0,1.09866022572817,A
100,1,0,1.83257411920741,A
101,1,0,2.60980945860467,A
102,1,0,2.04121557705702,A
103,1,0,-0.461416824472574,A
104,1,0,2.08487864111394,A
105,1,0,1.02862411600983,A
106,1,0,0.98554219894573,A
107,1,0,-0.774054360909167,A
108,1,0,1.90119652414851,A
109,1,0,2.84198111889668,A
110,1,0,2.61483629378492,A
111,1,0,1.31729023923495,A
112,1,0,1.09393284046945,A
113,1,0,3.89268599272397,A
114,1,0,1.29285404016168,A
115,1,0,3.31366240932069,A
116,1,0,2.09068302945466,A
117,1,0,0.447277614710047,A
118,1,0,2.05635417101912,A
119,1,0,0.763472713954298,A
120,1,0,2.37635091066547,A
121,1,0,0.272377975634683,A
122,1,0,3.35428974759298,A
123,1,0,2.18097001268289,A
124,1,0,1.74552156287825,A
125,1,0,2.52092811794676,A
126,1,0,1.18386406988908,A
127,1,0,1.70322746597005,A
128,1,0,2.17836983601674,A
129,1,0,2.45903904923086,A
130,1,0,3.53633288514484,A
131,1,0,-0.942944654157776,A
132,1,0,4.00814116816395,A
133,1,0,-1.04362288764103,A
134,1,0,0.31728473759199,A
135,1,0,2.39429999145612,A
136,1,0,2.39188957685397,A
137,1,0,3.42359715388804,A
138,1,0,2.44101796019461,A
139,1,0,0.0749071762297814,A
140,1,0,3.3864280305602,A
141,1,0,-0.115589557487768,A
142,1,0,2.02531726994196,A
143,1,0,1.53598079377748,A
144,1,0,0.7595444874923,A
145,1,0,1.50077163418407,A
146,1,0,2.61639322455298,A
147,1,0,1.83290296397437,A
148,1,0,1.11396506741762,A
149,1,0,0.982022188133538,A
150,1,0,1.33596315262753,A
151,1,0,2.7916878310365,A
152,1,0,3.91535390304711,A
153,1,0,2.03150872888533,A
154,1,0,-0.370121552933541,A
155,1,0,2.50123064400996,A
156,1,0,0.987887314185572,A
157,1,0,2.36626870677296,A
158,1,0,1.56578857916359,A
159,1,0,1.79213813504353,A
160,1,0,3.13699647749143,A
161,1,0,2.25590561973889,A
162,1,0,0.86297179630222,A
163,1,0,1.98490051562671,A
164,1,0,4.50520833185291,A
165,1,0,0.171800660758427,A
166,1,0,0.709423881798105,A
167,1,0,-0.89262164031058,A
168,1,0,3.68061264717012,A
169,1,0,0.517293712483552,A
170,1,0,0.750416814281141,A
171,1,0,4.27539918240217,A
172,1,0,2.67313725223109,A
173,1,0,3.62765664894949,A
174,1,0,1.87407135121897,A
175,1,0,1.24195018307409,A
176,1,0,1.7257656675397,A
177,1,0,2.70867361913927,A
178,1,0,2.55074957550434,A
179,1,0,2.01340802392735,A
180,1,0,2.7261288382935,A
181,1,0,1.29516737252573,A
182,1,0,0.709782120332665,A
183,1,0,1.89325694008252,A
184,1,0,0.919166667467047,A
185,1,0,2.76421037696588,A
186,1,0,2.09354413240378,A
187,1,0,4.33801907203589,A
188,1,0,0.699324387394048,A
189,1,0,2.15815270503533,A
190,1,0,1.93932748926515,A
191,1,0,-0.170725778830656,A
192,1,0,1.18008690842772,A
193,1,0,2.8936588153956,A
194,1,0,1.70278001136293,A
195,1,0,1.41165024543317,A
196,1,0,2.37626388810174,A
197,1,0,3.02709785773522,A
198,1,0,0.746016075598585,A
199,1,0,1.93637761234477,A
200,1,0,2.244948245855,A
201,1,0,4.21572357281087,A
202,1,0,2.36557642690754,A
203,1,0,-0.344713662022402,A
204,1,0,0.469380790136637,A
205,1,0,3.82123737498275,A
206,1,0,2.48304616503826,A
207,1,0,1.60264936788594,A
208,1,0,2.34560568912884,A
209,1,0,2.40532669586744,A
210,1,0,0.807045910238825,A
211,1,0,3.7404815822426,A
212,1,0,1.99043060022051,A
213,1,0,3.0714841103104,A
214,1,0,2.14924068809491,A
215,1,0,1.550760391571,A
216,1,0,-0.838163285282995,A
217,1,0,4.10928016960867,A
218,1,0,0.283273163669503,A
219,1,0,1.1163328505747,A
220,1,0,0.518935584053043,A
221,1,0,2.30250562794597,A
222,1,0,-0.0794070303687717,A
223,1,0,1.15382394355615,A
224,1,0,-0.865920755479509,A
225,1,0,1.19216231903597,A
226,1,0,0.107282629523024,A
227,1,0,0.939993538871879,A
228,1,0,1.89027457441401,A
229,1,0,0.704398631772604,A
230,1,0,0.763964663085532,A
231,1,0,2.51428471033409,A
232,1,0,3.10322956062761,A
233,1,0,2.48707212113322,A
234,1,0,4.18016926511279,A
235,1,0,2.48180562093924,A
236,1,0,2.62621778437801,A
237,1,0,1.00277853575989,A
238,1,0,2.82270924519279,A
239,1,0,3.3738441229185,A
240,1,0,1.26551426469467,A
241,1,0,2.32591368117515,A
242,1,0,2.42211718210237,A
243,1,0,2.42515209956206,A
244,1,0,0.929858892860637,A
245,1,0,2.76063584568476,A
246,1,0,1.43101762729413,A
247,1,0,0.12146660741496,A
248,1,0,2.10093643141357,A
249,1,0,1.56925186325662,A
250,1,0,2.14782677515222,A
251,1,0,1.59489398102455,A
252,1,0,2.19511302324814,A
253,1,0,0.862084909213788,A
254,1,0,2.04937036841609,A
255,1,0,0.977329931375667,A
256,1,0,1.36774577820487,A
257,1,0,3.80583350468398,A
258,1,0,2.83621309246509,A
259,1,0,2.67930752952055,A
260,1,0,1.5627418490492,A
261,1,0,1.84852044353809,A
262,1,0,3.3475413518754,A
263,1,0,1.07549077121828,A
264,1,0,2.1603508455271,A
265,1,0,3.32844372522248,A
266,1,0,2.47985961305961,A
267,1,0,0.145444653100156,A
268,1,0,3.10676511259809,A
269,1,0,0.324679250139504,A
270,1,0,3.24612526180277,A
271,1,0,2.9679875808627,A
272,1,0,0.320944073662099,A
273,1,0,2.34445351660118,A
274,1,0,2.99836081872832,A
275,1,0,2.55427156532494,A
276,1,0,2.77839038252676,A
277,1,0,0.114407259783621,A
278,1,0,2.17445949107639,A
279,1,0,1.94665130549537,A
280,1,0,3.12008464228073,A
281,1,0,3.29881782151652,A
282,1,0,2.56051163682647,A
283,1,0,1.10944828727644,A
284,1,0,2.87753256796969,A
285,1,0,0.940547129705021,A
286,1,0,2.3946686572292,A
287,1,0,2.89013146468373,A
288,1,0,1.4463393794083,A
289,1,0,1.2193583312255,A
290,1,0,0.651229077403151,A
291,1,0,1.54729629626251,A
292,1,0,1.43607243503118,A
293,1,0,3.55437396195523,A
294,1,0,3.86422449320541,A
295,1,0,0.3702555022155,A
296,1,0,2.95434536804873,A
297,1,0,0.61464951854632,A
298,1,0,1.64223586728354,A
299,1,0,3.12361231383389,A
300,1,0,3.52786673881453,A
301,1,0,3.33425669567688,A
302,1,0,3.0570743157559,A
303,1,0,-0.0114368651673358,A
304,1,0,2.65546161970785,A
305,1,0,2.75624691996358,A
306,1,0,2.24995685764385,A
307,1,0,1.15245201767323,A
308,1,0,2.57153332245087,A
309,1,0,1.36488333251515,A
310,1,0,1.81246636103395,A
311,1,0,3.28773640827722,A
312,1,0,3.41002707499551,A
313,1,0,0.23953096206953,A
314,1,0,0.483236286564316,A
315,1,0,2.5767632499326,A
316,1,0,2.22031272612249,A
317,1,0,2.50726540027116,A
318,1,0,2.04858439848911,A
319,1,0,1.94701401409843,A
320,1,0,2.95811912708065,A
321,1,0,2.78636127194016,A
322,1,0,1.59618363216388,A
323,1,0,1.65505665298581,A
324,1,0,3.80630899297517,A
325,1,0,1.33320988143967,A
326,1,0,1.38085653681084,A
327,1,0,1.99383184372957,A
328,1,0,1.44627519707952,A
329,1,0,2.36384056253998,A
330,1,0,1.37099215505306,A
331,1,0,4.11682225324824,A
332,1,0,2.82340359097145,A
333,1,0,3.75762864664463,A
334,1,0,1.81238384031472,A
335,1,0,1.50823242368255,A
336,1,0,3.17585382877286,A
337,1,0,3.06412607849482,A
338,1,0,2.52699010037065,A
339,1,0,2.4241647754789,A
340,1,0,1.72579237473095,A
341,1,0,2.79836589610125,A
342,1,0,0.361844142372439,A
343,1,0,1.50732072132304,A
344,1,0,1.80469439612475,A
345,1,0,3.6696463697796,A
346,1,0,2.42488818719394,A
347,1,0,0.836145805375631,A
348,1,0,0.566544930248522,A
349,1,0,1.1798158807658,A
350,1,0,1.43025729231282,A
351,1,0,2.75075360571451,A
352,1,0,2.92413756527748,A
353,1,0,1.9514497002576,A
354,1,0,2.32298263386364,A
355,1,0,2.00194702424384,A
356,1,0,3.49083378581004,A
357,1,0,0.208882905024202,A
358,1,0,3.11896951682142,A
359,1,0,3.51009635987322,A
360,1,0,4.40987066053131,A
361,1,0,2.76904137080718,A
362,1,0,2.52056994969597,A
363,1,0,2.35415665578525,A
364,1,0,3.74994822021627,A
365,1,0,1.58760715598679,A
366,1,0,1.80934122874785,A
367,1,0,2.00160109004156,A
368,1,0,2.4100784974672,A
369,1,0,0.715798572653882,A
370,1,0,1.15270644608395,A
371,1,0,3.15727859430527,A
372,1,0,1.8648088310486,A
373,1,0,0.803811730926484,A
374,1,0,0.694065880748221,A
375,1,0,0.579417016321862,A
376,1,0,1.62947655477045,A
377,1,0,3.01927092677871,A
378,1,0,2.84706799740618,A
379,1,0,1.55409447485593,A
380,1,0,1.48280817334962,A
381,1,0,2.42684666675599,A
382,1,0,2.63018491759981,A
383,1,0,2.75617811701204,A
384,1,0,1.23673504894186,A
385,1,0,2.07999923508077,A
386,1,0,0.430237284403073,A
387,1,0,1.1603478372734,A
388,1,0,-0.279278513667041,A
389,1,0,3.41116808045783,A
390,1,0,4.87474295231252,A
391,1,0,2.98629643083371,A
392,1,0,2.92426986975293,A
393,1,0,2.00984421828023,A
394,1,0,1.74985125643353,A
395,1,0,1.08314550812988,A
396,1,0,3.51449642792094,A
397,1,0,1.9454326359395,A
398,1,0,1.52442479908452,A
399,1,0,1.26926568934313,A
400,1,0,0.598928487496165,A
401,1,0,0.0894773325518603,A
402,1,0,2.41942874510879,A
403,1,0,2.13254281259166,A
404,1,0,3.00527469680209,A
405,1,0,1.6557794832693,A
406,1,0,2.89858393999708,A
407,1,0,4.10623018801578,A
408,1,0,2.9862320580384,A
409,1,0,2.30601330295114,A
410,1,0,1.458792931196,A
411,1,0,3.72928592381852,A
412,1,0,1.65749292845506,A
413,1,0,0.258678419773336,A
414,1,0,1.65173414355605,A
415,1,0,1.89393108507262,A
416,1,0,-0.718307068911461,A
417,1,0,1.08146571361392,A
418,1,0,0.867939396472837,A
419,1,0,-0.509016067804013,A
420,1,0,-0.900483492027667,A
421,1,0,1.90395466600793,A
422,1,0,-1.9466121477151,A
423,1,0,0.359730756448639,A
424,1,0,3.22380239370534,A
425,1,0,3.36234498488395,A
426,1,0,-0.598132586175063,A
427,1,0,0.890104621142313,A
428,1,0,0.79608676014035,A
429,1,0,2.87494140262104,A
430,1,0,2.66508855312092,A
431,1,0,2.95058071418271,A
432,1,0,3.1633926544069,A
433,1,0,2.30532462962516,A
434,1,0,0.613489990966112,A
435,1,0,2.8846879741557,A
436,1,0,1.77525035013769,A
437,1,0,2.51851015391862,A
438,1,0,1.15293861810983,A
439,1,0,2.77157995185812,A
440,1,0,4.68848917743755,A
441,1,0,1.11190974506896,A
442,1,0,2.02663573182124,A
443,1,0,1.68581545088836,A
444,1,0,1.43775949332356,A
445,1,0,3.37298877394966,A
446,1,0,0.266530850162825,A
447,1,0,1.85651308227608,A
448,1,0,3.42767025337909,A
449,1,0,0.919641605734107,A
450,1,0,3.24255179433959,A
451,1,0,0.166980265479572,A
452,1,0,2.19406297493009,A
453,1,0,2.20471960156603,A
454,1,0,1.26344694067732,A
455,1,0,3.52636358820085,A
456,1,0,1.66887104774975,A
457,1,0,-0.201042825836406,A
458,1,0,2.46489766198604,A
459,1,0,1.80115450253169,A
460,1,0,1.79814737086687,A
461,1,0,1.06461704438871,A
462,1,0,1.78254884630988,A
463,1,0,0.432307427842175,A
464,1,0,1.76147143095844,A
465,1,0,1.68472413330179,A
466,1,0,2.64991590858558,A
467,1,0,1.67947458236055,A
468,1,0,2.00402534715169,A
469,1,0,3.72248486635685,A
470,1,0,4.01025001848823,A
471,1,0,1.3186657758151,A
472,1,0,3.65559811278051,A
473,1,0,2.3875074819355,A
474,1,0,2.40823446576404,A
475,1,0,2.70467172250593,A
476,1,0,0.713458729630468,A
477,1,0,4.03617285803887,A
478,1,0,2.1010661183024,A
479,1,0,3.62594340527256,A
480,1,0,3.71355737329532,A
481,1,0,3.22933210364401,A
482,1,0,4.01331090650219,A
483,1,0,3.10934054376104,A
484,1,0,2.59658196348361,A
485,1,0,0.122619386250007,A
486,1,0,5.11257730473236,A
487,1,0,3.3931570994179,A
488,1,0,3.65736047852716,A
489,1,0,2.37722419192754,A
490,1,0,2.0412791349301,A
491,1,0,4.11647781831446,A
492,1,0,1.74597332124106,A
493,1,0,1.70831025128686,A
494,1,0,2.55230452765768,A
495,1,0,0.622225723196897,A
496,1,0,0.807377459012308,A
497,1,0,2.43321245946697,A
498,1,0,2.97556697484825,A
499,1,0,3.40382613276895,A
500,1,0,1.01515378373253,A
501,1,0,2.01895008850611,A
502,1,0,1.88774219018221,A
503,1,0,0.0446150521591548,A
504,1,0,3.31714748667716,A
505,1,0,2.00686179116365,A
506,1,0,2.15282847399693,A
507,1,0,0.83892961306744,A
508,1,0,2.94683241883317,A
509,1,0,1.50378752220033,A
510,1,0,2.39483549563826,A
511,1,0,0.618259722023889,A
512,1,0,2.7353425566607,A
513,1,0,1.16491950624087,A
514,1,0,1.85523376310784,A
515,1,0,1.41952775936882,A
516,1,0,0.597132055418828,A
517,1,0,3.1197489966503,A
518,1,0,1.82491218059297,A
519,1,0,1.1265086739154,A
520,1,0,2.01745237520506,A
521,1,0,-0.21981013840025,A
522,1,0,3.90951147946214,A
523,1,0,4.16189088427652,A
524,1,0,2.67322366949182,A
525,1,0,0.467666098277553,A
526,1,0,0.723376083016128,A
527,1,0,0.751810704961964,A
528,1,0,2.37150563589715,A
529,1,0,-0.398113506903621,A
530,1,0,3.71660685430695,A
531,1,0,2.19887190946812,A
532,1,0,3.46732171959022,A
533,1,0,2.1029092772782,A
534,1,0,1.96089497506667,A
535,1,0,3.27556398366564,A
536,1,0,3.52463525439414,A
537,1,0,3.4396691606993,A
538,1,0,3.03123900814731,A
539,1,0,-0.12355238494936,A
540,1,0,1.57615516891048,A
541,1,0,3.91624688556258,A
542,1,0,3.6831034050588,A
543,1,0,2.36815047006905,A
544,1,0,2.50224667669703,A
545,1,0,2.8131413088289,A
546,1,0,1.36786777918208,A
547,1,0,3.06704161347153,A
548,1,0,2.08532572935579,A
549,1,0,0.958152181915558,A
550,1,0,1.97855036370704,A
551,1,0,3.55449467209669,A
552,1,0,1.12446894867132,A
553,1,0,2.39071399325669,A
554,1,0,2.1432187617098,A
555,1,0,2.4274788874001,A
556,1,0,2.27218012605885,A
557,1,0,2.3352068738704,A
558,1,0,2.59200830634819,A
559,1,0,0.458817033821401,A
560,1,0,1.78952277149065,A
561,1,0,0.125712737973456,A
562,1,0,1.28217386960494,A
563,1,0,2.72611328270082,A
564,1,0,2.71560401554836,A
565,1,0,1.14023953003323,A
566,1,0,2.17469816159557,A
567,1,0,0.522264173150531,A
568,1,0,3.36550206679567,A
569,1,0,0.213553322292653,A
570,1,0,2.14272122415721,A
571,1,0,1.0152576158073,A
572,1,0,1.70065346061261,A
573,1,0,1.53665041663412,A
574,1,0,1.96566096464476,A
575,1,0,1.97192399634722,A
576,1,0,4.56490050392717,A
577,1,0,1.06496100230028,A
578,1,0,0.92148684557401,A
579,1,0,1.14456614643652,A
580,1,0,3.04593960714468,A
581,1,0,1.26556239082171,A
582,1,0,2.30657089018148,A
583,1,0,3.27845796055964,A
584,1,0,0.920093651635425,A
585,1,0,2.06416263730538,A
586,1,0,2.45355668366124,A
587,1,0,2.85583829192555,A
588,1,0,2.88689072251814,A
589,1,0,3.14378689990531,A
590,1,0,1.37676855956281,A
591,1,0,1.66250926931151,A
592,1,0,0.553691261722101,A
593,1,0,3.18828963907249,A
594,1,0,1.8401403945832,A
595,1,0,0.774511678923224,A
596,1,0,2.09793021535263,A
597,1,0,1.21814535058513,A
598,1,0,0.0549902871284225,A
599,1,0,3.00687634714915,A
600,1,0,1.10801089926244,A
601,1,0,2.90993153747977,A
602,1,0,2.4436856391402,A
603,1,0,3.28191575014668,A
604,1,0,2.5210213612988,A
605,1,0,-0.02904570568715,A
606,1,0,1.66892954381659,A
607,1,0,3.32345780637486,A
608,1,0,1.4165479245641,A
609,1,0,2.11679241118451,A
610,1,0,1.98953771250583,A
611,1,0,1.40601946542203,A
612,1,0,3.4065939668584,A
613,1,0,3.23279172019045,A
614,1,0,0.75471172124499,A
615,1,0,1.00266491533363,A
616,1,0,2.67390728224802,A
617,1,0,2.55344557604286,A
618,1,0,2.81538516180936,A
619,1,0,-0.0107218416979194,A
620,1,0,1.23591126211825,A
621,1,0,0.669498860251483,A
622,1,0,0.989381576823775,A
623,1,0,0.996315625106768,A
624,1,0,1.31179285649877,A
625,1,0,2.98492874087217,A
626,1,0,2.34478715226016,A
627,1,0,0.647312256906223,A
628,1,0,3.39700686287376,A
629,1,0,3.61222984299441,A
630,1,0,2.32056825507419,A
631,1,0,2.83292731845754,A
632,1,0,1.26961576751415,A
633,1,0,3.15649550171273,A
634,1,0,1.00904137967266,A
635,1,0,3.17502100014665,A
636,1,0,1.68302298941253,A
637,1,0,2.05972003436252,A
638,1,0,1.5882650311528,A
639,1,0,2.06506395002835,A
640,1,0,2.82924148296189,A
641,1,0,3.23936421830429,A
642,1,0,0.0951929658075477,A
643,1,0,2.57213157281438,A
644,1,0,0.0812178174314648,A
645,1,0,2.97414543131363,A
646,1,0,1.1506193395161,A
647,1,0,2.08554565242369,A
648,1,0,2.70849161960342,A
649,1,0,0.273711941611712,A
650,1,0,1.57013338517768,A
651,1,0,2.46307867657335,A
652,1,0,0.15913609913511,A
653,1,0,2.05457449878545,A
654,1,0,0.563381638728833,A
655,1,0,3.77241312141147,A
656,1,0,2.11950329969197,A
657,1,0,1.74014849659061,A
658,1,0,2.59622046989237,A
659,1,0,1.88476359904976,A
660,1,0,1.08193877838235,A
661,1,0,2.31068649731364,A
662,1,0,0.702964084368675,A
663,1,0,2.14732377911761,A
664,1,0,3.72493620306511,A
665,1,0,2.30080900171587,A
666,1,0,2.08408012133449,A
667,1,0,2.93837630238975,A
668,1,0,1.68915304656839,A
669,1,0,0.953098712517374,A
670,1,0,0.0825618772338379,A
671,1,0,1.62161173317519,A
672,1,0,1.4112429565641,A
673,1,0,1.54259056429761,A
674,1,0,2.75949597637476,A
675,1,0,3.06666217777609,A
676,1,0,2.73968310043956,A
677,1,0,3.32948753118687,A
678,1,0,1.61843050991548,A
679,1,0,2.4912315389536,A
680,1,0,1.27520456069894,A
681,1,0,1.04982420390782,A
682,1,0,1.98010355234159,A
683,1,0,1.2954999905741,A
684,1,0,2.99876477101624,A
685,1,0,1.8666124144104,A
686,1,0,1.18110246694714,A
687,1,0,2.91092218845869,A
688,1,0,1.47783961962593,A
689,1,0,2.65463596263852,A
690,1,0,1.22512677082343,A
691,1,0,0.305740536767841,A
692,1,0,3.05139212619965,A
693,1,0,2.48986945917993,A
694,1,0,2.4740961546301,A
695,1,0,3.08173743320989,A
696,1,0,3.91682279938928,A
697,1,0,1.7154198196679,A
698,1,0,0.0251142263735335,A
699,1,0,0.927523033767001,A
700,1,0,1.47786513670154,A
701,1,0,0.972986934759597,A
702,1,0,3.463438738862,A
703,1,0,-1.27551837139467,A
704,1,0,1.71164969320231,A
705,1,0,1.31515310723429,A
706,1,0,2.45068686353482,A
707,1,0,4.8027948625119,A
708,1,0,0.895101627114305,A
709,1,0,1.49258063764215,A
710,1,0,2.75961640543156,A
711,1,0,-0.0604974092370443,A
712,1,0,0.992955690182449,A
713,1,0,3.26566662891307,A
714,1,0,2.3709227442637,A
715,1,0,0.876445869860012,A
716,1,0,2.59222090789578,A
717,1,0,-0.388928662483675,A
718,1,0,4.50842149843421,A
719,1,0,-0.529545347853011,A
720,1,0,2.19701112797928,A
721,1,0,1.4058006278753,A
722,1,0,1.20333430152931,A
723,1,0,1.80947953896496,A
724,1,0,2.43023012584102,A
725,1,0,3.01322015713457,A
726,1,0,2.93663862500775,A
727,1,0,3.17870168168459,A
728,1,0,2.9720837397915,A
729,1,0,3.86208286129639,A
730,1,0,1.58464176679462,A
731,1,0,0.844220124935412,A
732,1,0,2.10977762663452,A
733,1,0,1.11125123956706,A
734,1,0,1.45625367516594,A
735,1,0,1.68002083521003,A
736,1,0,1.39619030194191,A
737,1,0,0.0655857562820497,A
738,1,0,2.37993766652435,A
739,1,0,2.14517068279232,A
740,1,0,3.05742509623673,A
741,1,0,2.42325408772534,A
742,1,0,1.7101395505306,A
743,1,0,0.621286938606976,A
744,1,0,0.986870353716344,A
745,1,0,2.01850446012512,A
746,1,0,0.828861353760725,A
747,1,0,2.02278170076607,A
748,1,0,3.61520335348475,A
749,1,0,1.52326555739005,A
750,1,0,2.58336119141824,A
751,1,0,1.33465299733706,A
752,1,0,3.39374854030288,A
753,1,0,0.013063560376282,A
754,1,0,2.67138473888065,A
755,1,0,-0.0225809951380569,A
756,1,0,0.147011159679659,A
757,1,0,2.99151750808636,A
758,1,0,0.69786580251121,A
759,1,0,1.69924783699937,A
760,1,0,2.90000715499504,A
761,1,0,1.43041880960517,A
762,1,0,1.84696445321484,A
763,1,0,3.78592997622289,A
764,1,0,0.790504610594723,A
765,1,0,3.10632710660656,A
766,1,0,3.32543441418306,A
767,1,0,3.23485187612063,A
768,1,0,2.82827818976282,A
769,1,0,1.54096384207584,A
770,1,0,3.7237644979497,A
771,1,0,3.0942750302528,A
772,1,0,1.74614710362453,A
773,1,0,1.25361774992606,A
774,1,0,1.57641454378297,A
775,1,0,1.87470660670196,A
776,1,0,1.47064931305133,A
777,1,0,3.94935382642764,A
778,1,0,0.484378698114395,A
779,1,0,0.941974411839766,A
780,1,0,1.18517221967277,A
781,1,0,0.772702196578432,A
782,1,0,3.71246956792469,A
783,1,0,4.3325501103519,A
784,1,0,2.07589635608531,A
785,1,0,3.7519430449926,A
786,1,0,2.14488250501741,A
787,1,0,1.43116906336716,A
788,1,0,1.25204347527545,A
789,1,0,3.69936931082794,A
790,1,0,3.03190459919022,A
791,1,0,1.32503976812989,A
792,1,0,2.95198458800138,A
793,1,0,1.57311749208327,A
794,1,0,1.78551474507594,A
795,1,0,1.72726774814239,A
796,1,0,2.68309295579295,A
797,1,0,0.800147903895572,A
798,1,0,2.30926583225107,A
799,1,0,2.41408842769132,A
800,1,0,1.39130578886175,A
801,1,0,2.53196579447007,A
802,1,0,1.49055947848059,A
803,1,0,2.43087106806403,A
804,1,0,2.28350212892988,A
805,1,0,3.2158728061131,A
806,1,0,1.70576139779678,A
807,1,0,1.80886100983943,A
808,1,0,1.12701082154695,A
809,1,0,1.990172914601,A
810,1,0,3.20695685859423,A
811,1,0,3.12384295373125,A
812,1,0,0.678062357697395,A
813,1,0,2.02539176089691,A
814,1,0,3.40285960393166,A
815,1,0,2.09187295537206,A
816,1,0,2.37057509104273,A
817,1,0,1.28538931917058,A
818,1,0,2.60500244570645,A
819,1,0,1.90991194860327,A
820,1,0,1.88799314495324,A
821,1,0,3.86723183799366,A
822,1,0,3.1998562993566,A
823,1,0,2.57290714889022,A
824,1,0,2.99331903045195,A
825,1,0,0.669403207748626,A
826,1,0,1.12180260259366,A
827,1,0,2.92512365852236,A
828,1,0,1.16697233618853,A
829,1,0,-0.407990572749635,A
830,1,0,2.23455377610222,A
831,1,0,2.23422113148882,A
832,1,0,1.50682852690008,A
833,1,0,1.5251078174519,A
834,1,0,1.56624886806802,A
835,1,0,2.41570261471531,A
836,1,0,0.441710085339109,A
837,1,0,2.19346987774206,A
838,1,0,1.33411815577366,A
839,1,0,3.57546688867314,A
840,1,0,0.466577232868167,A
841,1,0,2.59223171284734,A
842,1,0,4.01393776261679,A
843,1,0,1.86686032118141,A
844,1,0,3.94143721669757,A
845,1,0,3.70769885404859,A
846,1,0,1.83648756896508,A
847,1,0,3.02104015706343,A
848,1,0,1.44649100304299,A
849,1,0,2.66525464868196,A
850,1,0,1.43715550983666,A
851,1,0,1.44269614816179,A
852,1,0,1.98655453437981,A
853,1,0,3.97768162085844,A
854,1,0,1.93310250952709,A
855,1,0,-0.0317366274002174,A
856,1,0,0.241864624876024,A
857,1,0,1.93770985453327,A
858,1,0,2.91463131621246,A
859,1,0,3.35057848503515,A
860,1,0,2.85877121741126,A
861,1,0,2.02411271472671,A
862,1,0,0.910313729688436,A
863,1,0,2.74582496294983,A
864,1,0,2.36186032760778,A
865,1,0,1.93563395525665,A
866,1,0,2.32344881518422,A
867,1,0,-0.484914531670292,A
868,1,0,2.85921076682127,A
869,1,0,2.68775954505514,A
870,1,0,2.43077720769472,A
871,1,0,3.12675615933896,A
872,1,0,-0.0834969791610486,A
873,1,0,3.2173982749887,A
874,1,0,1.30832127688296,A
875,1,0,2.91069807559125,A
876,1,0,3.66092497871335,A
877,1,0,1.0924215396726,A
878,1,0,1.24496535655088,A
879,1,0,0.976958409491321,A
880,1,0,0.256907884750685,A
881,1,0,-0.00842347325055215,A
882,1,0,1.61574049464776,A
883,1,0,1.97437802328253,A
884,1,0,2.10547880280679,A
885,1,0,2.19088297312397,A
886,1,0,1.74374615179529,A
887,1,0,3.0538713709489,A
888,1,0,2.80123361971608,A
889,1,0,2.7125914942514,A
890,1,0,2.3175684582892,A
891,1,0,2.6992351006026,A
892,1,0,2.86254093538652,A
893,1,0,2.97887595218878,A
894,1,0,1.8126012230986,A
895,1,0,1.71620949185286,A
896,1,0,3.20254548738276,A
897,1,0,0.00113085888642342,A
898,1,0,1.40303437076351,A
899,1,0,1.24416620149591,A
900,1,0,1.64825214869305,A
901,1,0,1.67274882427363,A
902,1,0,4.09996352634726,A
903,1,0,1.14106238321654,A
904,1,0,2.24984704110905,A
905,1,0,2.22715858673809,A
906,1,0,2.08064136313671,A
907,1,0,3.7289848136041,A
908,1,0,2.62854559906325,A
909,1,0,1.96078271640756,A
910,1,0,3.44414140180161,A
911,1,0,3.94307528878845,A
912,1,0,2.65218542444609,A
913,1,0,1.024512100644,A
914,1,0,0.027974899595265,A
915,1,0,0.0507093936933302,A
916,1,0,2.38108989516521,A
917,1,0,3.81511554980949,A
918,1,0,2.7004592325276,A
919,1,0,3.0676858412323,A
920,1,0,1.36951893955445,A
921,1,0,1.50917882924281,A
922,1,0,1.19777625465263,A
923,1,0,0.552000528485374,A
924,1,0,3.68524358820572,A
925,1,0,2.48274739423088,A
926,1,0,1.11814553014,A
927,1,0,2.30064104629521,A
928,1,0,3.10051822392401,A
929,1,0,2.27136708076497,A
930,1,0,1.09286068573149,A
931,1,0,2.18643521448218,A
932,1,0,3.15498676164169,A
933,1,0,1.66346840220164,A
934,1,0,0.0718780220680569,A
935,1,0,0.710214902581127,A
936,1,0,1.05938094339578,A
937,1,0,3.58209680667068,A
938,1,0,2.39949441310431,A
939,1,0,1.29071021545077,A
940,1,0,1.32170349997504,A
941,1,0,3.05987740480825,A
942,1,0,2.69138504077302,A
943,1,0,2.76749734778412,A
944,1,0,-0.628300381484443,A
945,1,0,1.77952870768498,A
946,1,0,2.24769596749863,A
947,1,0,1.48056201141561,A
948,1,0,1.64182643872131,A
949,1,0,1.49925026657042,A
950,1,0,2.27519517296897,A
951,1,0,-0.887556150154719,A
952,1,0,1.82091041035631,A
953,1,0,3.45187953916206,A
954,1,0,2.07622896038737,A
955,1,0,2.56898205863014,A
956,1,0,2.42430727650236,A
957,1,0,3.18987416377289,A
958,1,0,0.962725847522328,A
959,1,0,1.26662834593595,A
960,1,0,3.45414898404203,A
961,1,0,4.21020492963751,A
962,1,0,3.4881176054656,A
963,1,0,3.16506502605659,A
964,1,0,0.930371012952599,A
965,1,0,2.47311216156795,A
966,1,0,2.18381454874198,A
967,1,0,1.51429005045044,A
968,1,0,1.69554876122864,A
969,1,0,2.07172141353737,A
970,1,0,4.42571978781352,A
971,1,0,1.43918791417122,A
972,1,0,0.258832950662727,A
973,1,0,1.41402264312331,A
974,1,0,3.30533958586425,A
975,1,0,0.938672033883971,A
976,1,0,0.255708306188687,A
977,1,0,0.339876307088164,A
978,1,0,1.52560889336392,A
979,1,0,3.08418493842694,A
980,1,0,2.24834539871412,A
981,1,0,1.82884983091054,A
982,1,0,0.817095455377564,A
983,1,0,-0.0751391883377838,A
984,1,0,3.36565146835998,A
985,1,0,1.73836969377631,A
986,1,0,1.99861698077729,A
987,1,0,2.62427741707095,A
988,1,0,0.104924927652527,A
989,1,0,1.54781426223072,A
990,1,0,1.14401476962899,A
991,1,0,3.33191319310755,A
992,1,0,-0.057064265455899,A
993,1,0,2.64480389395622,A
994,1,0,1.48757846348397,A
995,1,0,2.5879636718384,A
996,1,0,2.87150758817537,A
997,1,0,2.71154999453755,A
998,1,0,2.32723949413486,A
999,1,0,2.90756346779987,A
1000,1,0,3.70617310253238,A
1001,1,0.994383235927671,3.9711204436869,A
1002,1,1.50870201783255,2.42410624546366,A
1003,1,1.89394281012937,1.53876676869443,A
1004,1,1.00955649046227,2.1374081128843,A
1005,1,2.07316540880129,5.41462716808418,A
1006,1,0.877133394125849,0.197455020876272,A
1007,1,2.00514570204541,3.79238681478897,A
1008,1,1.97891556890681,2.59671659123863,A
1009,1,1.24853473203257,2.76864235266967,A
1010,1,1.42637240886688,2.40787373636729,A
1011,1,1.63532750029117,1.89800338791233,A
1012,1,0.874802968464792,3.07399861390905,A
1013,1,2.41318567749113,2.25774458948758,A
1014,1,1.92061884747818,2.30900603410764,A
1015,1,1.24576111743227,2.78565483893367,A
1016,1,1.50367994979024,1.90733330551562,A
1017,1,0.854605956934393,3.34904521998176,A
1018,1,0.626948896795511,1.12468957048364,A
1019,1,0.924291975796223,3.13654778204423,A
1020,1,0.540680668782443,0.978539439641129,A
1021,1,1.93954399321228,4.16076913308883,A
1022,1,0.721939774695784,3.28444159785068,A
1023,1,1.51278617186472,0.281401729308615,A
1024,1,1.71171136246994,3.94916688875566,A
1025,1,1.32636402267963,1.97912518136928,A
1026,1,0.637722610495985,3.11401870285049,A
1027,1,2.40339113399386,3.18203392663116,A
1028,1,0.60695316363126,2.36718925414187,A
1029,1,2.00172026036307,2.25193091035041,A
1030,1,0.831197828054428,1.77670780549197,A
1031,1,1.66504660667852,2.28837805749369,A
1032,1,1.76183833181858,3.87913900053596,A
1033,1,2.26580835320056,-1.47320132797977,A
1034,1,1.35336819337681,1.59163570033405,A
1035,1,1.54871581634507,4.42880623807802,A
1036,1,1.0495661883615,3.52966572393771,A
1037,1,0.537330536171794,3.87209994290417,A
1038,1,2.35475506167859,4.4139930725874,A
1039,1,1.64487182488665,2.86364270132517,A
1040,1,1.06618992146105,2.67926258957279,A
1041,1,0.890407688450068,4.11041578854223,A
1042,1,0.931315305642784,2.7826933860469,A
1043,1,1.71897457772866,1.11256226228786,A
1044,1,0.748466763179749,2.28146085551508,A
1045,1,2.1834461116232,4.5628856840275,A
1046,1,2.24280060874298,3.68563952005433,A
1047,1,0.928438959643245,3.06095566031204,A
1048,1,1.76084086298943,4.34510900047741,A
1049,1,2.394037601538,1.99142289272079,A
1050,1,2.17659496422857,3.50839595622416,A
1051,1,0.913434395100921,1.59038754248057,A
1052,1,0.62737928936258,1.86835386440946,A
1053,1,1.00696027185768,2.71734013595755,A
1054,1,1.68345694011077,2.68977717450935,A
1055,1,1.36907107708976,1.53637316650253,A
1056,1,0.819341673515737,1.55978130456642,A
1057,1,1.12340000132099,2.32780949293998,A
1058,1,1.73872005287558,2.1359993284351,A
1059,1,1.01683405088261,2.73238027772122,A
1060,1,1.51697687944397,1.56319204926815,A
1061,1,2.22793766204268,2.37200843189393,A
1062,1,2.46337875677273,2.27348645232221,A
1063,1,1.56524982955307,2.56380102527402,A
1064,1,1.87392073916271,4.01849221223608,A
1065,1,1.3358768094331,2.15131891194723,A
1066,1,1.28846477065235,1.78635634588086,A
1067,1,1.54960825666785,4.78545059500901,A
1068,1,1.31434180727229,3.68787568719144,A
1069,1,1.8858210798353,3.38024953804127,A
1070,1,0.970098789315671,3.49056091778333,A
1071,1,0.826918786391616,1.24757508436147,A
1072,1,0.717664004303515,3.78086458605388,A
1073,1,0.622189262416214,2.60730022324111,A
1074,1,1.18256326764822,3.41130889461697,A
1075,1,2.11045349063352,1.81656123661153,A
1076,1,0.786331261973828,2.23107867721311,A
1077,1,1.31391259888187,5.31273835894174,A
1078,1,0.78392219170928,2.45593696561844,A
1079,1,2.13460977608338,4.4507803928193,A
1080,1,0.647788023110479,2.60635938721928,A
1081,1,2.45104581490159,0.485375145943632,A
1082,1,1.88530052779242,2.9730235219797,A
1083,1,1.86811613710597,2.88579419440968,A
1084,1,1.66152286436409,3.06900484668498,A
1085,1,1.96152226347476,2.02809763913694,A
1086,1,2.31383038172498,4.15689606613963,A
1087,1,2.43135175621137,2.41992739519004,A
1088,1,2.03568346286193,5.20204417526735,A
1089,1,1.46156861772761,2.70855407277969,A
1090,1,0.57623368408531,2.85772207027259,A
1091,1,1.93249436607584,1.36137162818253,A
1092,1,2.30981815839186,1.60272261646581,A
1093,1,2.3587234839797,4.32525797365008,A
1094,1,0.60834004310891,1.62133514789517,A
1095,1,1.87921843258664,4.09114274756596,A
1096,1,0.983470604289323,3.95061012901668,A
1097,1,1.44081066735089,2.10814556722401,A
1098,1,2.05852331407368,4.88239227232245,A
1099,1,0.827505077235401,3.72845380386133,A
1100,1,2.10127352876589,2.83469183875331,A
1101,1,2.24885872937739,4.21583926888412,A
1102,1,2.18696342874318,2.13715654869744,A
1103,1,0.626185919158161,1.47426025350069,A
1104,1,1.90941332560033,4.19232130140946,A
1105,1,0.881891759578139,0.983152739167401,A
1106,1,2.07915485789999,6.41179371731866,A
1107,1,1.45834340481088,4.75961889516175,A
1108,1,2.23367604101077,4.47608428313325,A
1109,1,0.504473472479731,2.07923796541224,A
1110,1,1.58023282745853,2.48827029060422,A
1111,1,0.568702839780599,2.63608507074599,A
1112,1,1.93461171677336,4.38989119247688,A
1113,1,2.04602724546567,3.03948569069663,A
1114,1,2.42303851433098,3.10430542449361,A
1115,1,0.626890395767987,1.51217902939816,A
1116,1,1.21036749472842,2.65175254476365,A
1117,1,2.28994022682309,2.89323082451776,A
1118,1,1.19064359040931,1.28857529358469,A
1119,1,0.690177620388567,1.90016070969796,A
1120,1,0.771076110657305,2.59104279002133,A
1121,1,1.82037036214024,3.05606154567109,A
1122,1,0.749710963107646,0.58288606985638,A
1123,1,2.25222740788013,3.68823969230381,A
1124,1,2.18874899530783,1.67351683849979,A
1125,1,1.6840007007122,1.4423473832765,A
1126,1,1.40757531207055,2.9443970127683,A
1127,1,1.83654915774241,2.93946367478243,A
1128,1,1.92028796486557,1.64897952689456,A
1129,1,0.750540420413017,0.709434630269184,A
1130,1,2.20730197662488,4.07623129228928,A
1131,1,0.782906685490161,2.91308934573528,A
1132,1,1.35893410211429,3.48732916449258,A
1133,1,1.62005003448576,3.4584607117968,A
1134,1,1.99774904176593,5.61753614707117,A
1135,1,1.89499266026542,2.25109776382807,A
1136,1,1.60167588479817,3.01328360249603,A
1137,1,1.5362192732282,3.7613377011624,A
1138,1,2.21261094883084,5.21714583789209,A
1139,1,0.770856009796262,3.80772113891745,A
1140,1,2.12626361241564,2.891365844739,A
1141,1,1.61135042551905,2.58808238913609,A
1142,1,0.87681621639058,1.95015265271559,A
1143,1,1.37610560748726,2.72491111011417,A
1144,1,1.43115296773613,1.58270491854662,A
1145,1,0.707134093157947,4.66666420988299,A
1146,1,1.24854370579124,4.5264447392689,A
1147,1,1.0607303394936,1.38999264508238,A
1148,1,1.66578469518572,2.26059318713936,A
1149,1,1.40944436006248,2.58931483952707,A
1150,1,1.34038934670389,3.44868243415674,A
1151,1,1.80508960038424,1.88953707086497,A
1152,1,1.34780299989507,1.9390110272854,A
1153,1,0.964507014956325,3.16619285839399,A
1154,1,2.44192746467888,5.21906317498871,A
1155,1,0.762548853177577,4.26573997910386,A
1156,1,0.734482647385448,5.03701472403067,A
1157,1,0.621464634779841,3.71570572768042,A
1158,1,1.54258403228596,2.16699947701258,A
1159,1,2.38171702343971,1.49876660235955,A
1160,1,0.731985283549875,1.12869933835775,A
1161,1,0.575949357356876,2.020954766339,A
1162,1,2.00077172974125,2.47098939034089,A
1163,1,1.65023056091741,3.72766946562306,A
1164,1,0.538841233123094,3.70713438324897,A
1165,1,1.8273759027943,4.51125946465252,A
1166,1,0.616424913983792,3.84531139027437,A
1167,1,1.60101329395548,1.05105452613245,A
1168,1,1.58495413325727,2.22059138314353,A
1169,1,1.17006404651329,2.40363322716144,A
1170,1,2.16798817273229,2.73545510880007,A
1171,1,1.19941332796589,1.77616536676528,A
1172,1,0.542746920138598,3.5877382458192,A
1173,1,2.483522397466,3.10445637876135,A
1174,1,1.15081511437893,1.05846829734671,A
1175,1,0.591801543720067,4.14766531043423,A
1176,1,2.19765934580937,3.69373874970086,A
1177,1,1.9284517983906,2.35868527694174,A
1178,1,2.29861953295767,3.74102144126726,A
1179,1,2.43085739947855,3.11949493092134,A
1180,1,2.32767304265872,3.01525136584861,A
1181,1,2.11119148368016,0.00504457312613929,A
1182,1,2.11054018232971,3.51748664236557,A
1183,1,1.80568426148966,5.00211026094702,A
1184,1,1.11379285342991,4.71234447848617,A
1185,1,0.983029434923083,1.18229067453849,A
1186,1,1.73680644622073,2.27043233255022,A
1187,1,2.33739324565977,2.89449777806174,A
1188,1,1.24126850860193,2.23690632657364,A
1189,1,1.14547805348411,1.85690799877802,A
1190,1,0.602013896219432,5.05956846956569,A
1191,1,0.96452636923641,4.72757314072606,A
1192,1,1.5834013116546,3.01888585035337,A
1193,1,1.17510044807568,2.2411930790906,A
1194,1,1.50003397325054,1.12725774291455,A
1195,1,2.45993704395369,1.42703071620635,A
1196,1,1.22446034941822,1.67387015105884,A
1197,1,0.757523554842919,3.16443697821813,A
1198,1,1.30954521568492,3.1564443431185,A
1199,1,1.72596768382937,4.5568194377715,A
1200,1,1.16559763252735,2.76241620880765,A
1201,1,1.11219348898157,-0.0899333607587928,A
1202,1,0.624067182186991,3.22403216636016,A
1203,1,1.27193627133966,4.04278293821042,A
1204,1,1.95883107325062,3.43246952963592,A
1205,1,1.47662052931264,0.620637578096035,A
1206,1,0.996492527425289,0.0053989610684424,A
1207,1,0.528280047234148,4.88394568376647,A
1208,1,0.954783275723457,3.35053146462961,A
1209,1,2.31757694622502,2.19512609502572,A
1210,1,0.642195061314851,3.56798033893631,A
1211,1,2.17624264350161,4.39794693554031,A
1212,1,0.667961127124727,2.93056761353653,A
1213,1,1.04215665906668,1.67818989691558,A
1214,1,0.810621010139585,2.54698792253702,A
1215,1,2.31553031830117,3.16803754063103,A
1216,1,2.47052643541247,4.40746738415647,A
1217,1,0.976090871263295,1.80512524109374,A
1218,1,0.59008954744786,1.28121414482976,A
1219,1,0.763133230619133,1.93419780585525,A
1220,1,1.74957641027868,1.03955916783339,A
1221,1,2.24697910249233,3.8950257729932,A
1222,1,1.74483908712864,2.57618521301553,A
1223,1,2.29788334388286,1.42172856908704,A
1224,1,1.39191277092323,4.94035025117988,A
1225,1,1.43184183444828,3.28317090475422,A
1226,1,0.631708316504955,1.85018568346347,A
1227,1,0.530662683304399,1.35125290122569,A
1228,1,1.76006476068869,2.67603287292941,A
1229,1,1.44093416212127,5.11810547901943,A
1230,1,1.99429997522384,2.38996084715236,A
1231,1,2.43781615328044,4.71175541555573,A
1232,1,1.83781227609143,3.86995001524858,A
1233,1,1.86922612041235,2.98821524493656,A
1234,1,1.51187954936177,1.42847936676826,A
1235,1,1.8304883800447,2.40657407885229,A
1236,1,1.90540963038802,3.05399942992895,A
1237,1,1.42536651017144,3.32933169109119,A
1238,1,0.550360372290015,1.56858446664147,A
1239,1,2.46822484117001,3.36316163021901,A
1240,1,1.70970848854631,4.51583819857526,A
1241,1,1.58786470117047,2.61543778916846,A
1242,1,2.3170911455527,3.46135104646623,A
1243,1,1.98957520769909,2.91237072337163,A
1244,1,0.517379635479301,3.51012777861731,A
1245,1,0.649276230949909,1.51113265332073,A
1246,1,1.18139305990189,3.6263870687751,A
1247,1,1.34900404093787,2.4747642723659,A
1248,1,1.0298678628169,1.34350019782002,A
1249,1,0.57678793836385,2.68412716188495,A
1250,1,1.12532900040969,2.91461072060987,A
1251,1,0.975995818153024,1.22491755471187,A
1252,1,0.528717377688736,2.03441749261155,A
1253,1,1.29308252129704,-0.0334706218509124,A
1254,1,1.35834689578041,1.19019971551853,A
1255,1,0.606356021016836,0.841057433400633,A
1256,1,1.59962437255308,1.35899525229471,A
1257,1,1.11204419285059,2.05100787060901,A
1258,1,1.58458439214155,3.01119747974854,A
1259,1,1.73715615831316,3.3893444132258,A
1260,1,2.39605220360681,2.6545406749449,A
1261,1,1.47162784542888,3.11981543088446,A
1262,1,2.26271765306592,4.06824018923549,A
1263,1,2.48977844370529,2.98106252177812,A
1264,1,0.904018615372479,4.46900203296133,A
1265,1,1.70849857665598,2.12928256048393,A
1266,1,0.821620812173933,3.06567319851955,A
1267,1,1.93092832900584,-0.196989966798903,A
1268,1,1.42577223759145,2.1742618287377,A
1269,1,0.9383350382559,2.20414691280897,A
1270,1,0.557385659776628,2.50003389497864,A
1271,1,2.05350555945188,3.48759071143991,A
1272,1,1.11679607816041,1.57814850561597,A
1273,1,0.556789284572005,1.68003751423937,A
1274,1,1.88140190858394,3.0289704443044,A
1275,1,1.37367795780301,2.54619413269833,A
1276,1,2.32867274479941,2.60850536106082,A
1277,1,1.23506264621392,2.83903084922566,A
1278,1,1.62326342472807,4.21687430467219,A
1279,1,0.997358374297619,4.22392395487481,A
1280,1,1.42426865501329,2.37708649062678,A
1281,1,1.83143684128299,3.70313305171844,A
1282,1,2.35527110192925,3.31662606447532,A
1283,1,1.17736522899941,3.48366291298792,A
1284,1,2.03055570833385,4.37865398031162,A
1285,1,0.614165926817805,3.84623598061175,A
1286,1,0.923063303809613,3.23487648863725,A
1287,1,2.18616106500849,3.2267850133902,A
1288,1,2.14100942295045,2.60091238529254,A
1289,1,0.986710397992283,2.8314328630106,A
1290,1,1.85227055614814,3.39195885001809,A
1291,1,1.90335663454607,1.52041058710692,A
1292,1,0.622372121550143,3.54876339134407,A
1293,1,1.03843058552593,1.36195018359903,A
1294,1,0.647973249666393,2.22994203956738,A
1295,1,2.21516914246604,2.27394758176727,A
1296,1,1.95371447550133,3.09044202111088,A
1297,1,1.53363040741533,5.12483518278966,A
1298,1,1.73782332055271,0.945500706646806,A
1299,1,0.590873980429024,1.09994058219173,A
1300,1,1.56628621462733,1.07784951135508,A
1301,1,2.03914971649647,2.42966561941208,A
1302,1,2.35687113925815,3.07720910075482,A
1303,1,0.992004649247974,2.21582112118639,A
1304,1,1.02826164802536,2.87129747964373,A
1305,1,2.32832371536642,2.65044329505243,A
1306,1,0.996447461657226,0.0164413418020362,A
1307,1,1.50690821465105,3.20168047623435,A
1308,1,2.46325723547488,3.87455537483283,A
1309,1,0.934314446058124,3.36032364924288,A
1310,1,2.19344958197325,2.7662217111794,A
1311,1,2.03721126355231,2.46988974236913,A
1312,1,1.35264173708856,2.09689349912629,A
1313,1,2.12705426337197,3.41153363238028,A
1314,1,1.9456349266693,2.92770682834286,A
1315,1,0.793799072038382,2.51217466482386,A
1316,1,1.32179905334488,4.73130826512121,A
1317,1,1.61820408375934,2.02548137765394,A
1318,1,1.24350051535293,2.9060800354611,A
1319,1,1.64735421631485,5.03402600962633,A
1320,1,2.48088676342741,2.99567887472361,A
1321,1,2.35820815479383,3.44017677290395,A
1322,1,2.0958771542646,2.65974475494794,A
1323,1,1.1059365295805,1.85294737266493,A
1324,1,2.19277031626552,1.85130729968692,A
1325,1,2.01549893850461,4.38421606618299,A
1326,1,0.761019475758076,4.72433705279138,A
1327,1,1.83720279671252,2.5660065095581,A
1328,1,0.828563768416643,2.72019830585812,A
1329,1,2.29768207296729,4.05582833109236,A
1330,1,1.1711333678104,1.98411408474777,A
1331,1,1.82949028396979,1.54207455933536,A
1332,1,1.97898971429095,2.82585030652251,A
1333,1,1.79649270186201,2.72971309021027,A
1334,1,1.09282341133803,2.86398227632199,A
1335,1,1.54229000443593,3.38527288859428,A
1336,1,2.1050758655183,2.95189898692768,A
1337,1,0.510077903512865,2.647279993049,A
1338,1,0.744607439730316,0.437485791991885,A
1339,1,1.02198201883584,-1.13483400752049,A
1340,1,2.18898251187056,2.42101178392883,A
1341,1,1.38815363170579,1.75801627805188,A
1342,1,1.66396767506376,1.67487889622063,A
1343,1,1.19681941950694,4.59424783790728,A
1344,1,0.909904640633613,1.20841749265812,A
1345,1,2.22001716354862,1.89349964317122,A
1346,1,0.776089118793607,2.72190904960338,A
1347,1,1.0403841342777,1.1985560761676,A
1348,1,2.24221988813952,3.78997880181819,A
1349,1,2.3873789543286,5.95684731757375,A
1350,1,1.27939940057695,4.23384824187991,A
1351,1,1.33850951818749,1.69695126466733,A
1352,1,0.965987752657384,0.738015220731,A
1353,1,1.79882559692487,1.23200383850212,A
1354,1,0.66558152763173,0.858481993560633,A
1355,1,1.7772924429737,2.21529463670339,A
1356,1,2.46325525082648,3.64395004450355,A
1357,1,1.48713527619839,1.62646009255098,A
1358,1,0.517620472237468,4.17023109050653,A
1359,1,1.13856554077938,2.57463293423822,A
1360,1,1.43839193088934,3.32434804179397,A
1361,1,2.1432001395151,4.44244673806774,A
1362,1,0.974847908131778,0.832031580889835,A
1363,1,1.70344073744491,3.64748868952881,A
1364,1,1.79302315786481,2.99058144479526,A
1365,1,1.82441965024918,4.41163566979005,A
1366,1,2.38438550010324,2.26589751153397,A
1367,1,0.97988800611347,1.17776274521501,A
1368,1,2.10205582017079,3.88569568281632,A
1369,1,1.45584152918309,1.25695089839212,A
1370,1,0.948633251246065,0.48264228693326,A
1371,1,1.08371344348416,5.08901526080524,A
1372,1,1.25061146030203,2.51808596091662,A
1373,1,1.53733476763591,1.37752861504924,A
1374,1,0.733413136564195,3.47193136178254,A
1375,1,1.35604710690677,4.4560692252867,A
1376,1,1.21550310356542,1.68513029698774,A
1377,1,1.82293255114928,4.29744865006805,A
1378,1,2.38541351584718,3.13740632394759,A
1379,1,2.35381313040853,1.96713257969189,A
1380,1,1.38744414784014,2.00385940554265,A
1381,1,1.75252534169704,3.92761094232655,A
1382,1,1.07808593800291,2.5183928092656,A
1383,1,1.21165724331513,2.1270056168622,A
1384,1,1.14873918239027,0.988161164048817,A
1385,1,2.03759896755219,2.07952841745235,A
1386,1,2.2477798294276,2.22372311575087,A
1387,1,1.64731285022572,3.20518735124871,A
1388,1,1.29376963526011,2.19244258689933,A
1389,1,1.63744639605284,2.77474505007624,A
1390,1,0.660562560427934,1.80802068441319,A
1391,1,1.29299977840856,2.79119083842257,A
1392,1,1.0576917026192,4.84090971829858,A
1393,1,1.4553064131178,2.39759226729049,A
1394,1,2.14806114509702,4.36377524677211,A
1395,1,1.78381167678162,3.1722697904514,A
1396,1,2.19125758577138,2.48213178531322,A
1397,1,2.41933702444658,2.96275347785864,A
1398,1,0.77778469864279,2.32592052645057,A
1399,1,1.74918819731101,0.971108745728381,A
1400,1,1.79843176994473,2.84823336787968,A
1401,1,2.18609786732122,5.86787915544097,A
1402,1,2.01742806797847,5.09353291578075,A
1403,1,2.35559544200078,2.22580271883759,A
1404,1,2.19352415017784,1.54377708186052,A
1405,1,1.79580681212246,3.15031989127504,A
1406,1,1.06623015506193,3.54782672409495,A
1407,1,2.28968986216933,3.00731818285196,A
1408,1,2.40239083208144,3.5232259116003,A
1409,1,2.28139888728038,3.30407123681557,A
1410,1,1.30035424279049,3.74081559319188,A
1411,1,1.5320140668191,1.91364346292153,A
1412,1,0.915897931437939,3.79378412362155,A
1413,1,1.47631829790771,2.32453590163382,A
1414,1,1.25233869953081,1.54189330191717,A
1415,1,0.932746401056647,2.41647621053203,A
1416,1,2.3792667244561,3.69976173337769,A
1417,1,1.38562915148214,2.23761744044429,A
1418,1,0.772481787484139,2.63163184483788,A
1419,1,1.91205566329882,3.47609032372653,A
1420,1,1.29548141127452,1.28799938218938,A
1421,1,2.34210355160758,2.5235792461096,A
1422,1,0.88658705400303,1.89297460368157,A
1423,1,2.06124048121274,3.9200100440218,A
1424,1,1.97126921638846,2.85491191691518,A
1425,1,1.42078788671643,3.26144993593646,A
1426,1,0.733451935462654,1.32031179670968,A
1427,1,1.86253783525899,2.99039249121106,A
1428,1,2.2640373641625,4.11727435368546,A
1429,1,1.74191736057401,2.48433993880969,A
1430,1,2.04717656876892,3.1489261894117,A
1431,1,0.537148776929826,4.06171876226193,A
1432,1,0.785227917134762,1.79677604125135,A
1433,1,1.43493841821328,4.22458364706769,A
1434,1,2.1328568267636,3.86290929870417,A
1435,1,1.49450756516308,2.89617965072237,A
1436,1,0.842723290901631,3.03170819815324,A
1437,1,1.18838380277157,2.33851683395738,A
1438,1,1.90751617681235,3.28502098865714,A
1439,1,0.504659254103899,4.00104018952845,A
1440,1,1.62779322871938,3.27634709297438,A
1441,1,1.81040407158434,3.49628427245073,A
1442,1,1.55110459774733,3.75089925824637,A
1443,1,1.12384793814272,1.64920304448848,A
1444,1,1.16198003664613,1.49615473702024,A
1445,1,1.91693496378139,5.39378408237569,A
1446,1,0.757324326317757,3.3509741932593,A
1447,1,1.8388536721468,2.88151400174127,A
1448,1,1.28625295450911,2.66354858331925,A
1449,1,2.01999660953879,4.37297488070895,A
1450,1,2.29496565135196,5.27379241702554,A
1451,1,0.938598256092519,3.5040516355492,A
1452,1,1.15762622794136,1.80777622623851,A
1453,1,1.12776263058186,1.22688510850322,A
1454,1,1.13093293644488,3.40368361887589,A
1455,1,0.960254271049052,2.26210532903266,A
1456,1,0.923797349445522,2.03705352801571,A
1457,1,0.660751153714955,2.83099107459007,A
1458,1,2.31016579829156,2.32173057523685,A
1459,1,1.86771708121523,2.52462346921506,A
1460,1,0.508228356018663,3.26286433840438,A
1461,1,1.23479862418026,2.68061711653694,A
1462,1,2.31195810204372,3.06333723492603,A
1463,1,2.01932909712195,3.45500572360365,A
1464,1,0.778426345437765,1.38490254690432,A
1465,1,2.32381239440292,3.55345073796023,A
1466,1,1.02495425147936,2.35347596509183,A
1467,1,1.23798640631139,2.87853223456552,A
1468,1,0.662974305450916,0.702032762429353,A
1469,1,2.37275719735771,4.8810934018247,A
1470,1,0.588050289079547,3.96181670610757,A
1471,1,2.40238568093628,4.34917679715648,A
1472,1,1.6401363844052,1.98127728917644,A
1473,1,1.19409600179642,3.46991939277823,A
1474,1,1.65418434794992,2.98289651862398,A
1475,1,1.53035201411694,2.61502445458198,A
1476,1,0.854666544590145,0.413997608516057,A
1477,1,2.36978278076276,0.603938093518764,A
1478,1,1.43615725822747,3.36696518048534,A
1479,1,0.7740757050924,1.30774372359661,A
1480,1,1.43460651999339,2.14730198569977,A
1481,1,1.52373919589445,3.47735195118275,A
1482,1,1.10371511010453,1.81489558703896,A
1483,1,2.04946139408275,3.86760047933315,A
1484,1,1.38040695432574,4.2944541042963,A
1485,1,1.07145513873547,1.73692089566858,A
1486,1,0.94275022810325,3.26146128297569,A
1487,1,0.845337530598044,1.84551386205305,A
1488,1,0.670079443138093,2.9748537358907,A
1489,1,0.855520285665989,0.834669641782016,A
1490,1,1.95175383193418,2.14272166079467,A
1491,1,1.03490810049698,2.74898462017271,A
1492,1,2.21306232269853,1.92941240619853,A
1493,1,1.86462329747155,2.76321292561399,A
1494,1,2.07876396737993,4.33799192812198,A
1495,1,2.09078669641167,3.02252984752769,A
1496,1,0.660771935246885,3.8049128910334,A
1497,1,2.09519161237404,3.03916892423931,A
1498,1,1.69925757637247,0.320998717790855,A
1499,1,1.11098466534168,1.64530241341804,A
1500,1,0.960932034533471,1.42445297920183,A
1501,1,2.11746732098982,2.22343848537828,A
1502,1,1.40098678739741,4.42929899634667,A
1503,1,1.79466508468613,2.06837602302007,A
1504,1,1.87705073319376,2.589937459168,A
1505,1,2.01387029001489,3.84307982804663,A
1506,1,2.12780113192275,3.53982721199936,A
1507,1,0.834842120762914,1.00824268836463,A
1508,1,2.3480446850881,3.25773396272491,A
1509,1,0.673152017872781,1.46559264808562,A
1510,1,0.671288024634123,1.94163481368116,A
1511,1,1.42090276349336,2.95966901087636,A
1512,1,2.30053859716281,3.45232119592277,A
1513,1,1.10272620851174,2.71011033057169,A
1514,1,1.3606639332138,2.66633266771747,A
1515,1,0.963555212598294,4.22377810640775,A
1516,1,0.929404720198363,2.42041855216461,A
1517,1,0.957984669134021,2.88690330202778,A
1518,1,1.95466029178351,2.1978942695078,A
1519,1,0.77851952938363,1.20982693408908,A
1520,1,1.13231118116528,1.6632574774594,A
1521,1,0.82353300973773,2.64285744594307,A
1522,1,1.00204550009221,3.07183288236103,A
1523,1,2.47652566432953,1.02618448908205,A
1524,1,1.43203140515834,2.52617269847953,A
1525,1,2.21968816034496,1.73387974489974,A
1526,1,1.05588975176215,2.55305277481797,A
1527,1,1.8261371110566,2.26745792231198,A
1528,1,2.26452436205,3.3559767317512,A
1529,1,1.47831721138209,3.13861931462302,A
1530,1,2.37438387004659,3.44019187876128,A
1531,1,0.947442991193384,2.5990319222789,A
1532,1,1.19879898801446,2.89231232998308,A
1533,1,1.35806851554662,3.45969688105957,A
1534,1,0.926974614616483,1.55169038531493,A
1535,1,2.33035321626812,5.62586461790191,A
1536,1,2.1505917259492,2.98169666113551,A
1537,1,1.64197559934109,2.82965775106268,A
1538,1,2.27519513340667,2.65918424433605,A
1539,1,1.84087850479409,2.58486446535182,A
1540,1,1.1454969975166,3.94343361159325,A
1541,1,0.580932521261275,1.27739484684916,A
1542,1,2.36013824818656,2.0276477002039,A
1543,1,2.47245011571795,3.59253792431644,A
1544,1,2.37552336603403,3.86871330158289,A
1545,1,1.71955081215128,2.54938535168648,A
1546,1,1.67576115624979,3.0166265197547,A
1547,1,1.23809167928994,3.52920376015912,A
1548,1,2.2130827838555,5.47703732077466,A
1549,1,2.33355350978673,2.84949021153747,A
1550,1,1.87339795706794,2.91902799828384,A
1551,1,0.862833540420979,4.01596909212996,A
1552,1,2.08881136775017,3.48286661676442,A
1553,1,1.61889155674726,3.15040781362305,A
1554,1,0.797317195683718,1.77412895247007,A
1555,1,0.651220745872706,3.19041413498916,A
1556,1,1.67725649103522,4.36801126803488,A
1557,1,0.527028721291572,2.67855338064024,A
1558,1,1.59592237649485,3.53810436750801,A
1559,1,0.759871868882328,4.29932307776634,A
1560,1,2.13512676395476,4.21749391064846,A
1561,1,1.77251836517826,3.16209687069339,A
1562,1,2.37074269587174,3.74026663635441,A
1563,1,2.27484282897785,3.4970548973689,A
1564,1,1.18345876038075,3.02498407735868,A
1565,1,1.1923202094622,2.51790269202784,A
1566,1,0.667383129242808,1.64142090120342,A
1567,1,2.42869039205834,3.73776839919403,A
1568,1,1.1494490429759,4.15374454441303,A
1569,1,1.93752023391426,1.81579802696699,A
1570,1,1.74376439163461,1.96056415134615,A
1571,1,1.01802341965958,0.410248652935275,A
1572,1,0.703817202243954,2.67995913910904,A
1573,1,1.36316760350019,3.92403176468865,A
1574,1,0.993794950656593,2.5161942288069,A
1575,1,2.48425778700039,4.18520919751183,A
1576,1,1.64181793993339,4.34398454849166,A
1577,1,2.22939110966399,3.33860218819082,A
1578,1,1.78416974237189,1.87951971902357,A
1579,1,2.09217572212219,2.18325101064869,A
1580,1,1.49411755567417,2.79276288402774,A
1581,1,2.03682664455846,1.88641290240054,A
1582,1,0.72833326458931,2.70929132062327,A
1583,1,2.00775518501177,2.05751774584968,A
1584,1,1.45906626153737,1.35953884492485,A
1585,1,2.16228593792766,1.81659250870115,A
1586,1,2.36340894643217,5.32660337803349,A
1587,1,1.50997389294207,1.96842226007845,A
1588,1,1.87052586721256,3.52974074645075,A
1589,1,1.57617621310055,3.74613163063106,A
1590,1,1.68119124649093,3.50290239248873,A
1591,1,0.848872256465256,1.31584001638984,A
1592,1,1.95308500854298,3.90698408869357,A
1593,1,2.38135845819488,6.09847121147322,A
1594,1,0.943305598571897,1.86051798819475,A
1595,1,1.11464847112075,2.59847906457803,A
1596,1,2.47140200296417,3.51343535286617,A
1597,1,1.1108718579635,1.76112077235063,A
1598,1,1.27325137984008,3.6049875849626,A
1599,1,1.20835234224796,4.35181584983174,A
1600,1,1.35502691008151,3.53378690196962,A
1601,1,1.92780211986974,2.53993342947877,A
1602,1,1.04158072592691,3.1137622587481,A
1603,1,2.37856480060145,4.07524324163383,A
1604,1,1.18989008665085,2.77606317918701,A
1605,1,0.96829424938187,4.32251110841596,A
1606,1,0.94924840470776,2.46132495635822,A
1607,1,1.23581748176366,2.32366106961914,A
1608,1,1.03635654645041,1.53861150537104,A
1609,1,1.24779144255444,2.10222173665824,A
1610,1,1.83504541963339,4.53933830024695,A
1611,1,0.556433542631567,2.96199954587122,A
1612,1,2.16424275422469,3.40877988532709,A
1613,1,2.04964768886566,1.38340391365018,A
1614,1,0.552355214487761,1.04887002368949,A
1615,1,1.5387239032425,2.83292143465651,A
1616,1,1.00767787871882,3.48654995948557,A
1617,1,2.11754581425339,3.47166625515392,A
1618,1,1.84791674744338,1.22762285702964,A
1619,1,1.92298396956176,1.4294927724768,A
1620,1,1.06868812954053,2.28451199853977,A
1621,1,2.23694094410166,2.39705003828232,A
1622,1,0.914536945521832,2.47651148752584,A
1623,1,1.47256589122117,3.23147966266081,A
1624,1,1.52608870016411,3.71113539269146,A
1625,1,2.31965472223237,3.0132732863218,A
1626,1,1.94520467100665,2.16955448200869,A
1627,1,0.918453868944198,1.85030300776743,A
1628,1,1.4903938616626,2.94462216489267,A
1629,1,0.873016357887536,3.58598928876205,A
1630,1,2.32748510316014,6.43460188924528,A
1631,1,0.844350023195148,3.00926895085821,A
1632,1,1.08149772882462,3.36020205214512,A
1633,1,1.08610237156972,4.00523797336602,A
1634,1,1.10494275903329,2.90414392244421,A
1635,1,0.846963095478714,2.52323478818429,A
1636,1,1.19573255861178,3.10777199914711,A
1637,1,1.92608399502933,4.56175599297774,A
1638,1,1.9347418108955,1.30288778397778,A
1639,1,1.22915768157691,3.73682757447403,A
1640,1,2.36110204691067,2.10205608382255,A
1641,1,2.14159276382998,3.6321400031261,A
1642,1,1.78642280306667,3.38353337248801,A
1643,1,1.22904201131314,1.07660666158734,A
1644,1,2.24288317328319,2.57507670197339,A
1645,1,1.21112650260329,3.09892150635425,A
1646,1,1.83997801039368,3.9771734062964,A
1647,1,2.21184509759769,2.15453427270706,A
1648,1,1.66646270919591,3.47019448440641,A
1649,1,1.10501679824665,1.76197008385576,A
1650,1,1.46611380716786,1.00215162662108,A
1651,1,1.74156262958422,2.12686711591735,A
1652,1,1.30766323581338,1.83010001896289,A
1653,1,1.27692833868787,1.25417027339224,A
1654,1,2.31169473053888,2.82111002609054,A
1655,1,1.07600048836321,2.89837210405163,A
1656,1,1.60757212666795,2.25009211020041,A
1657,1,1.06136098690331,2.86220845573229,A
1658,1,0.63886820524931,1.93507509985186,A
1659,1,1.55094904592261,2.29524131124073,A
1660,1,1.13096394436434,4.65142821660282,A
1661,1,0.609859393443912,2.13768555713709,A
1662,1,1.96556153893471,3.24732386293593,A
1663,1,1.35047569824383,4.74447344537783,A
1664,1,1.19803357124329,3.12166383506922,A
1665,1,2.20575118297711,3.04826983855129,A
1666,1,1.6110849911347,2.28848770363511,A
1667,1,1.34912773082033,1.81139438838826,A
1668,1,2.3461665273644,3.62335995923508,A
1669,1,1.03632602095604,3.76441021869205,A
1670,1,1.49279574677348,1.15519142775318,A
1671,1,2.29486114019528,2.24834865628266,A
1672,1,2.39343500137329,3.33929498230145,A
1673,1,1.48073158599436,1.29485069701868,A
1674,1,2.44268811168149,5.28978929790229,A
1675,1,2.44360497128218,4.92483725550834,A
1676,1,2.13293441431597,1.54215295824663,A
1677,1,2.48761523887515,3.92380713837548,A
1678,1,1.87162358639762,3.07366056134362,A
1679,1,1.69623559527099,3.45937082295948,A
1680,1,1.27276019845158,1.41222099496094,A
1681,1,0.723601416684687,2.15276314525749,A
1682,1,1.5188071639277,3.31506967076721,A
1683,1,1.39071305701509,2.00622571363723,A
1684,1,2.13855294324458,4.93298598111499,A
1685,1,1.81404838850722,2.05295941644104,A
1686,1,1.1386167164892,6.06096297944285,A
1687,1,0.848043702077121,1.81259271087517,A
1688,1,2.11093618953601,1.36079304882355,A
1689,1,1.47838996862993,1.71133583792831,A
1690,1,1.82827132195234,4.05646786374922,A
1691,1,2.01295243389905,3.13097313865016,A
1692,1,1.27158752875403,2.23992403653312,A
1693,1,1.52121233614162,1.69455057061728,A
1694,1,0.968690240290016,3.37773588294266,A
1695,1,1.61759500112385,3.0378362611598,A
1696,1,2.08680745773017,2.22621661564153,A
1697,1,2.08321960177273,4.36269507100976,A
1698,1,0.688502232544124,1.82608658006166,A
1699,1,2.40929473843426,4.47236579566887,A
1700,1,1.90397746069357,1.85946768856379,A
1701,1,2.41825187020004,3.59567604528509,A
1702,1,0.755120665766299,0.811972851105296,A
1703,1,1.16127170110121,1.05178574140683,A
1704,1,1.35834393789992,3.33093345673798,A
1705,1,1.78592738462612,1.95471760078665,A
1706,1,0.7990348841995,4.38137621132151,A
1707,1,1.97590556880459,2.30831236346917,A
1708,1,1.18685590522364,3.14331226575365,A
1709,1,2.07194685237482,3.32511205087654,A
1710,1,1.64205338153988,3.14592957197621,A
1711,1,1.9437839188613,2.34314295071359,A
1712,1,2.19866627734154,3.51870911340662,A
1713,1,1.18029108364135,2.11351701921773,A
1714,1,0.947046651039273,4.8730379608717,A
1715,1,2.41760627366602,1.95221059279606,A
1716,1,2.07206372264773,3.50764593638755,A
1717,1,0.985587575938553,2.49026152570485,A
1718,1,2.02013943530619,3.69586967293286,A
1719,1,1.00172565737739,3.41913405143908,A
1720,1,0.706769783049822,0.36908558046399,A
1721,1,1.69903339585289,3.07581660056867,A
1722,1,1.44514193991199,2.48168417175064,A
1723,1,0.900002925656736,3.53079546843975,A
1724,1,1.91039373585954,5.16237375585318,A
1725,1,1.83153817476705,1.87775805783282,A
1726,1,1.13870155438781,2.56114864797257,A
1727,1,1.32040767697617,1.17817079791176,A
1728,1,1.77933362592012,3.87094417753031,A
1729,1,2.20760986814275,1.90544100568268,A
1730,1,0.902206639759243,2.37213741916029,A
1731,1,2.44399724062532,2.84824825115738,A
1732,1,1.46594488061965,4.76563366344686,A
1733,1,1.18676539184526,1.14528132959584,A
1734,1,2.06597550259903,4.66107021438483,A
1735,1,2.46997187752277,3.02765124693067,A
1736,1,1.27695960085839,1.64869873133329,A
1737,1,1.84214419033378,3.62394110045665,A
1738,1,1.19480951642618,3.18224257253975,A
1739,1,1.66523775830865,3.70048567710429,A
1740,1,1.33144490839913,3.36401653432447,A
1741,1,2.30512445932254,1.87467480489257,A
1742,1,1.24759766692296,1.57322286413751,A
1743,1,0.651450716424733,1.039446289638,A
1744,1,1.28083251370117,1.6716291386907,A
1745,1,2.10607193037868,2.4084433092433,A
1746,1,2.06649584043771,4.87605997462573,A
1747,1,1.55165854888037,2.62617282589491,A
1748,1,1.02688128035516,5.29958881405233,A
1749,1,1.60475082835183,1.82438334165725,A
1750,1,0.753444699104875,1.96845882488124,A
1751,1,0.721934864297509,3.07971721251416,A
1752,1,1.18490002024919,3.05751615577196,A
1753,1,1.95067438483238,2.08689380670877,A
1754,1,1.76724048005417,1.12112731697979,A
1755,1,1.54156837565824,3.08132339207064,A
1756,1,2.27484210114926,4.39443261152645,A
1757,1,1.54083871841431,3.30932170876131,A
1758,1,1.85594164719805,2.1831676458592,A
1759,1,2.15096467081457,0.995758690479342,A
1760,1,2.01329187024385,3.85964769385768,A
1761,1,1.23470462625846,1.58099206089397,A
1762,1,1.31852753739804,3.1265002075634,A
1763,1,2.17499947594479,4.04149805480848,A
1764,1,1.81866342900321,4.18414149978766,A
1765,1,0.931213359348476,3.34465278270527,A
1766,1,1.09264418296516,3.35716167551162,A
1767,1,1.92339087463915,3.04329686928458,A
1768,1,1.31526511162519,3.4552472634009,A
1769,1,1.37889973865822,2.10849874340322,A
1770,1,2.15936293266714,0.386754326738343,A
1771,1,0.739329957403243,3.71156262083467,A
1772,1,2.27224425645545,2.13992221937275,A
1773,1,2.00861775362864,2.23741286397308,A
1774,1,1.16099141025916,3.44402768512267,A
1775,1,1.94107635924593,2.72892086279018,A
1776,1,1.4129345677793,-1.07169410674848,A
1777,1,0.86007608147338,2.87813220406435,A
1778,1,0.675038109067828,1.34446369876985,A
1779,1,2.12963649025187,2.06281722775944,A
1780,1,2.30551886698231,2.00117051640728,A
1781,1,0.856362973805517,2.67432619004483,A
1782,1,1.44665663875639,2.81647627376408,A
1783,1,1.57951624877751,2.06004297418247,A
1784,1,2.15672195330262,2.3341754772702,A
1785,1,1.45831964537501,2.90298962067735,A
1786,1,0.515846363734454,1.20235909765205,A
1787,1,2.13649366376922,4.77859280504354,A
1788,1,1.53340669628233,3.41128529175965,A
1789,1,2.33085560798645,4.4056845273271,A
1790,1,1.50526240933687,2.39859463269596,A
1791,1,1.67921128077433,3.67721613043092,A
1792,1,2.35727473255247,5.06887526586282,A
1793,1,2.39386102277786,4.58829049727554,A
1794,1,1.08207161631435,2.9876199497018,A
1795,1,2.00763717154041,3.07504759082496,A
1796,1,0.882974403444678,4.57449112877142,A
1797,1,0.534562428481877,2.73699510741117,A
1798,1,1.25668259663507,0.543712312316441,A
1799,1,2.29656561370939,2.98541683751889,A
1800,1,0.783880488947034,2.69980884602722,A
1801,1,0.529406003188342,0.809310554964273,A
1802,1,0.702392691746354,0.314160506259976,A
1803,1,2.36711466731504,5.21070685522519,A
1804,1,2.04048259975389,4.37797279830023,A
1805,1,2.04862205963582,6.04158096262053,A
1806,1,1.10424896748737,1.33692263825047,A
1807,1,2.08030642801896,3.53944634529126,A
1808,1,1.14309394778684,1.70816411017566,A
1809,1,1.50074120657519,4.103052690431,A
1810,1,0.732989018782973,2.674096015031,A
1811,1,1.42657936736941,1.98998781579625,A
1812,1,0.74931661831215,3.12539388626681,A
1813,1,1.48449515551329,1.78489232340098,A
1814,1,1.80897161690518,2.73695380026,A
1815,1,2.41610734676942,5.51347776941453,A
1816,1,1.66547031374648,0.483937102783467,A
1817,1,0.964881306514144,3.10432175055262,A
1818,1,1.75791059434414,2.63922989730737,A
1819,1,2.1020538629964,3.38608407765279,A
1820,1,1.56887308927253,3.31130898236971,A
1821,1,2.33652908029035,2.59439298513217,A
1822,1,2.38216500729322,3.31436157993061,A
1823,1,1.70644884044305,3.75814016024559,A
1824,1,2.02868556370959,4.03920625611735,A
1825,1,0.903013275004923,3.48080359850913,A
1826,1,1.77441832376644,2.29794474265426,A
1827,1,1.4039880274795,5.77602356028034,A
1828,1,1.19358563655987,2.22999775205693,A
1829,1,2.45647874753922,4.46430131563684,A
1830,1,1.78261480433866,3.16508276663506,A
1831,1,2.13154494017363,3.40105862991024,A
1832,1,2.46746617089957,3.62658979121255,A
1833,1,2.18406729353592,3.29530685350051,A
1834,1,0.545614657923579,2.52235449157185,A
1835,1,0.778956888709217,2.08961997083588,A
1836,1,1.68490305403247,-0.0341575406980346,A
1837,1,0.60183895053342,2.62007869511659,A
1838,1,1.97477900888771,1.0489971273854,A
1839,1,1.934806921985,2.11496348958375,A
1840,1,0.779188658110797,1.01582986162382,A
1841,1,0.741303265094757,0.410008705504762,A
1842,1,2.45759696234018,2.81860169768499,A
1843,1,0.988670528866351,0.717150847666595,A
1844,1,1.89854583609849,3.39022570543202,A
1845,1,1.00100999278948,2.4325377183504,A
1846,1,1.32375292945653,2.45713558788058,A
1847,1,1.97100205859169,2.60215071927362,A
1848,1,1.58263207040727,3.77981812193733,A
1849,1,0.867580783553422,2.13932442125618,A
1850,1,1.55112127633765,3.76779078540364,A
1851,1,1.98105657985434,1.30382346751209,A
1852,1,2.48878235463053,3.71282060537326,A
1853,1,2.21138346102089,1.62091317597709,A
1854,1,0.633540193084627,1.84172746509134,A
1855,1,1.94759121257812,3.17070277703154,A
1856,1,1.86396541958675,2.6759969886942,A
1857,1,0.783982487861067,0.519105479701985,A
1858,1,1.54905593208969,3.99013108289994,A
1859,1,1.51314108818769,2.59752201889178,A
1860,1,0.646277262829244,0.347523223413091,A
1861,1,2.1007010564208,3.34852075013176,A
1862,1,1.18149100057781,2.38241933709311,A
1863,1,1.74731834279373,2.268557529405,A
1864,1,1.94407602027059,5.61121928858681,A
1865,1,2.4619700871408,4.06986872494092,A
1866,1,1.42780486028641,5.25798568135149,A
1867,1,0.993259637150913,1.62396324889902,A
1868,1,2.27616550354287,3.23641817051766,A
1869,1,0.514719281811267,2.49679141428251,A
1870,1,2.02350779436529,1.98825918817754,A
1871,1,1.52352570043877,2.48565861226285,A
1872,1,0.879256317391992,1.8235486056908,A
1873,1,0.813155536539853,1.24183792298249,A
1874,1,0.758858980145305,3.78730861344262,A
1875,1,1.17639487981796,1.51141099007236,A
1876,1,2.15089491382241,2.06562723108678,A
1877,1,2.14781704219058,2.74585034035616,A
1878,1,0.830090291798115,1.74019807659059,A
1879,1,0.995808475650847,2.32418243982058,A
1880,1,1.29542935499921,3.21030964145501,A
1881,1,2.08014091709629,2.79300553072094,A
1882,1,1.77672561584041,4.24493305377634,A
1883,1,0.859071929939091,3.36376373207539,A
1884,1,1.98039563419297,2.33172946875247,A
1885,1,0.540967262350023,3.80008220986793,A
1886,1,0.841608094517142,1.35251967818012,A
1887,1,1.40611203573644,3.71467981582814,A
1888,1,2.0025608278811,4.18727917461683,A
1889,1,1.82479522423819,5.0997255701997,A
1890,1,2.14176315721124,2.94984709712974,A
1891,1,1.01466805581003,1.87885692407437,A
1892,1,0.592880642041564,1.34866402405957,A
1893,1,1.04327518586069,2.97208758311049,A
1894,1,2.16362082352862,4.61712604575017,A
1895,1,1.41970380209386,2.63471662391967,A
1896,1,1.73495772620663,1.80152529960228,A
1897,1,2.1018217545934,3.82390184914369,A
1898,1,1.1123454850167,3.31122518330937,A
1899,1,2.22228418337181,2.93957871438637,A
1900,1,1.82890686392784,3.25875088275255,A
1901,1,0.568572720512748,1.87149373666154,A
1902,1,1.57405985472724,3.08783203791606,A
1903,1,0.988578936550766,2.87727917988217,A
1904,1,0.681367082521319,1.38434456555252,A
1905,1,1.867518320214,1.71400388169248,A
1906,1,1.38961570430547,4.43600599793533,A
1907,1,1.89325575437397,3.2562303402022,A
1908,1,1.13765527820215,2.54986731414455,A
1909,1,2.3963711890392,3.75469073778909,A
1910,1,2.42632209230214,3.23472717844783,A
1911,1,0.988564369734377,1.92929137920092,A
1912,1,1.55077294586226,1.8766098719687,A
1913,1,1.2403120379895,2.13576544028162,A
1914,1,0.978822254575789,3.91716168809073,A
1915,1,1.13159079477191,1.90368931188407,A
1916,1,0.694255411624908,1.57330812031015,A
1917,1,1.5395181956701,2.44269395176003,A
1918,1,2.04548251628876,1.00389596923339,A
1919,1,1.33013594290242,3.42564736465935,A
1920,1,2.37540968926623,4.02517076945367,A
1921,1,2.1871372689493,4.88187755360127,A
1922,1,0.543015994131565,3.05451860823489,A
1923,1,1.40001957910135,4.29860080932307,A
1924,1,0.840988836251199,0.768704441704836,A
1925,1,2.12940955301747,2.08455553890158,A
1926,1,2.09159963112324,3.64917940467872,A
1927,1,0.890500142239034,2.89764244538452,A
1928,1,2.05042016226798,5.31195587771406,A
1929,1,2.30423065507785,3.9881405028094,A
1930,1,2.148759635631,5.37738291572788,A
1931,1,1.44782798923552,3.81247050302919,A
1932,1,1.41173280309886,0.459376429279878,A
1933,1,0.710160437505692,0.34298652290753,A
1934,1,1.26692535774782,2.2173866769401,A
1935,1,2.38996689906344,4.07382176356677,A
1936,1,2.28588973265141,4.33137083058653,A
1937,1,1.21254326310009,4.22810701963941,A
1938,1,1.81733026215807,2.88602758311074,A
1939,1,0.865592244546861,3.54509985012682,A
1940,1,1.0433742874302,2.45731454352179,A
1941,1,1.75000677676871,1.24926195987143,A
1942,1,1.33713814336807,4.30232962121306,A
1943,1,1.58339855074883,1.81834357798737,A
1944,1,2.16273313062266,2.9840230435008,A
1945,1,0.81763151101768,1.89573928531742,A
1946,1,2.21235169982538,4.30311564548619,A
1947,1,1.29041271097958,2.74903571506758,A
1948,1,2.338443050161,2.020215643701,A
1949,1,2.375391560141,3.30448614823982,A
1950,1,1.81863292260095,4.90858472611735,A
1951,1,1.97103402530774,4.15873207313881,A
1952,1,0.996268620714545,2.083900289979,A
1953,1,1.73933145496994,4.12686120619566,A
1954,1,1.92530716396868,2.4384718556186,A
1955,1,1.63276712084189,3.36360064040673,A
1956,1,1.02268310263753,2.51656947956985,A
1957,1,1.389472019393,2.80832798190799,A
1958,1,1.1488447743468,1.84150285812557,A
1959,1,2.26409186376259,3.61893927358336,A
1960,1,0.895560366567224,3.93170803096439,A
1961,1,1.50004138145596,2.70838373535232,A
1962,1,1.21163970697671,2.86086248039757,A
1963,1,1.01584580820054,2.20844004662669,A
1964,1,1.12423379160464,3.43745868048617,A
1965,1,0.795580832287669,3.44880464865789,A
1966,1,0.925845770630985,2.40114327903739,A
1967,1,2.44446121575311,0.967232229438046,A
1968,1,1.13573175109923,3.66400065180136,A
1969,1,1.42616129759699,1.9350955180567,A
1970,1,1.73499412788078,3.20272177600054,A
1971,1,2.08925956487656,4.25218771347498,A
1972,1,2.47797263972461,2.837417921546,A
1973,1,2.25630127219483,3.76974069705207,A
1974,1,1.69851047778502,5.4404977081938,A
1975,1,1.10130308195949,4.91076917152446,A
1976,1,1.26412798836827,1.93278813630938,A
1977,1,0.529063453897834,2.21631772369297,A
1978,1,2.32238918403164,3.07641400060576,A
1979,1,0.780889443121851,2.03525900800772,A
1980,1,2.29168114298955,3.94410991276814,A
1981,1,2.18912243423983,2.414226966273,A
1982,1,1.31169007206336,4.6554842672572,A
1983,1,0.633809105027467,1.94420746704116,A
1984,1,2.05714404350147,2.55392921042491,A
1985,1,0.603268741630018,-0.377571496306208,A
1986,1,1.00445369584486,1.87451566593049,A
1987,1,2.33042027801275,2.70197504396371,A
1988,1,1.79842439573258,3.95110772690501,A
1989,1,2.49210329819471,5.26369054462946,A
1990,1,2.29643108230084,1.37969943265783,A
1991,1,2.32310607424006,4.93049656145907,A
1992,1,1.3990245340392,2.65766673754874,A
1993,1,1.66673506004736,-0.829118637438915,A
1994,1,2.31693324958906,5.18717902395997,A
1995,1,0.924585858359933,3.04651278114874,A
1996,1,1.52332169003785,4.23268288034389,A
1997,1,2.17020259611309,2.28484701129876,A
1998,1,1.8507454241626,1.15838137612559,A
1999,1,1.87696224916726,2.38016572934795,A
2000,1,1.52101832581684,3.31942105275726,A
2001,1,2.35393863590434,0.406613650515347,A
2002,1,1.04339422937483,1.46326469009586,A
2003,1,2.39620153373107,1.82211059798475,A
2004,1,1.42787488270551,3.77874358790617,A
2005,1,1.33776537515223,1.97186860823822,A
2006,1,1.64637428941205,3.92598223744836,A
2007,1,1.73961726902053,4.14467811635112,A
2008,1,2.13264108076692,3.79163495776551,A
2009,1,1.17509949067608,2.20469909907073,A
2010,1,1.48111989395693,2.88314750447075,A
2011,1,1.06295944144949,2.91865382305517,A
2012,1,0.718645456712693,2.28018221493336,A
2013,1,2.41484153689817,2.20840043251752,A
2014,1,1.02839251840487,1.06301660384031,A
2015,1,0.893265640363097,2.59893946734819,A
2016,1,2.35033183218911,3.38714706219067,A
2017,1,1.87849883316085,1.4901018359636,A
2018,1,0.961425591725856,0.579013462043096,A
2019,1,1.10314034949988,1.23806348340812,A
2020,1,1.55268106563017,4.99946768235552,A
2021,1,1.04493046086282,4.15018495628908,A
2022,1,1.37819545343518,2.66854371071222,A
2023,1,1.97582453954965,3.55115668491181,A
2024,1,1.1046097073704,4.1342482501947,A
2025,1,0.995428305584937,2.38757818612782,A
2026,1,2.27382597420365,4.57772943749446,A
2027,1,1.57975971419364,1.60040778735078,A
2028,1,2.14288053102791,3.70578984865872,A
2029,1,2.47251054272056,3.52988217261563,A
2030,1,1.86872997926548,1.68095944340105,A
2031,1,0.881207925267518,2.5330822002339,A
2032,1,0.735964849125594,3.95057015900027,A
2033,1,2.20942435506731,2.99070065881817,A
2034,1,2.08684772718698,3.67469065537514,A
2035,1,1.46852178825066,2.13551028275447,A
2036,1,0.96690835384652,2.13012094962194,A
2037,1,1.94421350210905,3.77460518077242,A
2038,1,2.42374246334657,1.62639146596088,A
2039,1,1.52722423011437,4.13171942090377,A
2040,1,1.38087869388983,3.13272419111949,A
2041,1,1.26199992420152,2.44944253096503,A
2042,1,1.30164310149848,2.81241822881952,A
2043,1,0.962775913067162,3.24081993661029,A
2044,1,1.19522114144638,2.94601049764139,A
2045,1,1.50206124735996,3.77680289083772,A
2046,1,1.56607163464651,1.75405965437588,A
2047,1,1.94826911529526,1.8300001611892,A
2048,1,2.27935923216864,3.11197266133762,A
2049,1,1.58884725067765,3.20697282540062,A
2050,1,2.15579702425748,2.59150466117487,A
2051,1,1.04511531069875,4.79841774475124,A
2052,1,2.27696039574221,3.57803599420781,A
2053,1,1.66460551926866,3.31469329279984,A
2054,1,2.0361982495524,2.24802136721174,A
2055,1,1.70368846878409,2.60662345310785,A
2056,1,1.51547087915242,4.23956224760324,A
2057,1,1.86600833805278,5.41778814361588,A
2058,1,1.51840972388163,4.34251227286321,A
2059,1,2.20003202045336,3.79763246715821,A
2060,1,1.24098375113681,3.91153870740837,A
2061,1,2.05368691682816,2.87611028955892,A
2062,1,1.45030912710354,3.99464406028344,A
2063,1,0.831647532992065,0.847442794329148,A
2064,1,1.48592599947006,3.32285122273595,A
2065,1,2.06514688720927,5.27737031521553,A
2066,1,0.615385602694005,1.41572566180311,A
2067,1,2.24269599374384,4.12102836034239,A
2068,1,0.615148812532425,2.59837592747044,A
2069,1,1.78529532346874,1.96977609665813,A
2070,1,1.44403838319704,1.97433689235344,A
2071,1,1.55122066475451,1.74950769457545,A
2072,1,2.03689122386277,2.97763259816815,A
2073,1,1.62939756643027,1.18896632788677,A
2074,1,2.26187711907551,3.71098351423089,A
2075,1,1.13865376403555,2.53271041127219,A
2076,1,1.0309025044553,3.29309223697834,A
2077,1,1.05839201388881,3.70268003914858,A
2078,1,1.39512981195003,4.75413987656908,A
2079,1,0.607324419543147,0.703162071053329,A
2080,1,0.695421823766083,2.53015753729054,A
2081,1,1.46375174401328,3.44222209612097,A
2082,1,1.53684441652149,4.9905495588341,A
2083,1,1.71833216398954,2.89309772235011,A
2084,1,1.37419321248308,2.21203971517281,A
2085,1,1.2033751080744,2.2932531014557,A
2086,1,2.39828568231314,3.38074780300879,A
2087,1,2.16659723455086,3.65183166646393,A
2088,1,1.45450395112857,2.88872069454698,A
2089,1,2.06969144614413,4.21688633561597,A
2090,1,2.16477952431887,1.81415810756582,A
2091,1,1.74485869053751,3.44443466985524,A
2092,1,1.55975659517571,3.14819742605703,A
2093,1,0.720810934901238,2.30195116618588,A
2094,1,0.919884587172419,4.5082170094379,A
2095,1,1.94199317321181,2.98065072757141,A
2096,1,1.30535412067547,2.93851870677993,A
2097,1,2.10853339964524,3.37343122609367,A
2098,1,0.805874648969621,0.623902513032261,A
2099,1,2.45865448564291,1.73459915413654,A
2100,1,2.22989822272211,4.4490513407318,A
2101,1,0.9445207612589,2.22623935539976,A
2102,1,1.87811399111524,3.67753781690613,A
2103,1,1.67419239040464,3.724196542412,A
2104,1,0.99101319629699,3.30971873128819,A
2105,1,1.2347483150661,3.43580636469037,A
2106,1,1.78212171653286,3.19466582047581,A
2107,1,0.878258327487856,3.00064621607876,A
2108,1,2.29730517417192,3.00548813477789,A
2109,1,0.939257440622896,1.74037753969117,A
2110,1,1.95282315928489,4.05764680061398,A
2111,1,1.04271819861606,3.06529376516036,A
2112,1,2.01779547380283,3.94308671777531,A
2113,1,0.701112743932754,1.52328513786904,A
2114,1,1.44686308456585,2.78459072715685,A
2115,1,1.64953313115984,1.92968685339776,A
2116,1,1.22439029207453,3.01452226436113,A
2117,1,1.43161056004465,3.02588580776229,A
2118,1,1.34176221070811,2.77345737630808,A
2119,1,2.03369783051312,1.41340209258889,A
2120,1,1.19938216451556,2.1493079280018,A
2121,1,2.48649328527972,2.54927240137855,A
2122,1,2.41277618519962,3.8792041043032,A
2123,1,2.33169870031998,3.68962919619131,A
2124,1,1.03295955527574,2.84821631013591,A
2125,1,0.769338419660926,3.29835198364319,A
2126,1,0.636566447094083,2.93407723329449,A
2127,1,2.03201036481187,1.25001339029203,A
2128,1,1.57883708132431,1.15956082929426,A
2129,1,1.19959261128679,2.58909881037428,A
2130,1,0.53011268703267,0.811523439082683,A
2131,1,0.889645133633167,3.13907494342031,A
2132,1,1.91097104735672,2.59816415355152,A
2133,1,1.1426084022969,3.38030252441613,A
2134,1,2.43678154423833,3.14935901487017,A
2135,1,1.48499073926359,4.31781022909325,A
2136,1,0.92192443786189,0.705601253133286,A
2137,1,1.38405974768102,3.66077609435616,A
2138,1,2.29155309312046,3.03329575681786,A
2139,1,2.42563446518034,3.23423689731955,A
2140,1,2.23286766326055,2.44617767107088,A
2141,1,1.38693854026496,2.90885137963284,A
2142,1,1.44408559752628,2.60994949579914,A
2143,1,1.58353929128498,2.147445211208,A
2144,1,2.00365028576925,1.75795637949382,A
2145,1,0.836145675741136,4.37093561495698,A
2146,1,2.22545236069709,4.1334898423558,A
2147,1,2.07142807450145,1.7208167444263,A
2148,1,1.70808535814285,1.80029746329468,A
2149,1,1.76312296232209,3.48727837558707,A
2150,1,1.992847322952,2.04488687086946,A
2151,1,2.11266591772437,0.506642707885024,A
2152,1,0.669894984457642,2.18679860876855,A
2153,1,1.98368305526674,4.96793417118747,A
2154,1,0.695843086112291,2.04765216507304,A
2155,1,0.718199923168868,2.41036600131302,A
2156,1,1.63950341613963,3.98301742126997,A
2157,1,0.871627137996256,2.02994819021704,A
2158,1,2.41749940998852,3.19339859563696,A
2159,1,0.938666272908449,3.42238143444143,A
2160,1,0.667175885289908,3.06135646333559,A
2161,1,0.531105271540582,4.12999833149522,A
2162,1,1.82335018645972,2.37363616561046,A
2163,1,0.506355798337609,2.81820568233821,A
2164,1,2.21136433398351,2.45579306606016,A
2165,1,0.879046665038914,2.70477999820769,A
2166,1,2.49848933517933,0.627791549769235,A
2167,1,0.610262678004801,1.1288354124299,A
2168,1,1.04094943637028,2.01729802848164,A
2169,1,1.89825072605163,2.85701357913922,A
2170,1,1.84320810297504,4.92241322870254,A
2171,1,1.86825341917574,2.19911336597674,A
2172,1,1.13541418965906,3.20438221082974,A
2173,1,1.10378247499466,2.48738039137304,A
2174,1,0.565638789441437,2.62297627603456,A
2175,1,1.52141528436914,2.63742703538621,A
2176,1,1.4443856049329,3.03803359327655,A
2177,1,1.47826783591881,3.25790760071718,A
2178,1,0.519137341994792,0.837776754477813,A
2179,1,2.0502716996707,2.5811296906102,A
2180,1,2.07483273930848,3.27552705730545,A
2181,1,0.770290105137974,2.35727949234774,A
2182,1,2.26459883665666,2.68542313076303,A
2183,1,1.9388453066349,1.05594792427937,A
2184,1,1.99311389168724,2.68879265865837,A
2185,1,0.97349142190069,2.45026238768039,A
2186,1,1.22347912890837,0.406448986646855,A
2187,1,2.44087238516659,5.38289283452617,A
2188,1,1.12980529060587,2.37338772293312,A
2189,1,2.13166200276464,2.61669248208335,A
2190,1,2.42183335870504,4.01111029683363,A
2191,1,1.31145656807348,3.34053030998561,A
2192,1,2.42478475393727,2.30819733642096,A
2193,1,1.95806317264214,3.99241161693265,A
2194,1,2.39349827030674,3.57987651535499,A
2195,1,2.32363930204883,2.02211188251036,A
2196,1,1.21200298238546,2.45704666693666,A
2197,1,1.48286061547697,2.39687519246038,A
2198,1,1.19270379142836,2.21658127641459,A
2199,1,0.932561814785004,1.86012860035648,A
2200,1,0.582718744408339,1.92379208276347,A
2201,1,1.31904092058539,5.00543459420314,A
2202,1,2.41721737617627,4.23644499839089,A
2203,1,1.2459665639326,2.38982530019913,A
2204,1,1.42088491376489,0.429342637969494,A
2205,1,1.53199269482866,2.4791273260119,A
2206,1,1.43949681799859,2.69213418140578,A
2207,1,1.43211217550561,3.15421188003473,A
2208,1,0.51303446944803,3.19687797482928,A
2209,1,0.513775209430605,2.35687308511208,A
2210,1,1.39192867325619,2.49553300408497,A
2211,1,0.711894979700446,1.71667038072016,A
2212,1,2.29116840707138,3.16249738602088,A
2213,1,1.75357788568363,1.25599903466594,A
2214,1,0.748189722187817,3.17526055039465,A
2215,1,0.60755271371454,2.289958339897,A
2216,1,1.8064810661599,2.80544132347236,A
2217,1,1.32246001716703,3.34551652634117,A
2218,1,1.08822255209088,4.0527392209072,A
2219,1,0.50140299089253,1.89440414864087,A
2220,1,0.871907228603959,3.35324557835781,A
2221,1,1.63939352240413,3.84965383544524,A
2222,1,2.21824288181961,5.04549414452828,A
2223,1,1.53738774545491,2.54290192074042,A
2224,1,2.21544489217922,2.48579953374665,A
2225,1,0.983924182131886,1.8275209111608,A
2226,1,2.37677928851917,1.07136747594251,A
2227,1,1.26526462193578,3.83641168114788,A
2228,1,2.2379664410837,4.46175852154334,A
2229,1,2.16472322912887,2.20025473712715,A
2230,1,1.92264887690544,2.98912769628393,A
2231,1,1.52089452976361,1.78992713164658,A
2232,1,1.30223854491487,3.99570597527933,A
2233,1,0.589819668326527,1.91179331367668,A
2234,1,1.93149026995525,5.54392406962155,A
2235,1,0.943854198325425,3.11130116480209,A
2236,1,0.641486690379679,2.92922696748422,A
2237,1,0.781267872545868,1.08948457849199,A
2238,1,1.72245743963867,1.07366297539534,A
2239,1,1.52046621683985,3.14317072055924,A
2240,1,1.87236069701612,1.93102712200284,A
2241,1,1.73276497656479,2.35188399679791,A
2242,1,1.17223525233567,2.70041238105711,A
2243,1,1.12284544436261,1.74333236915645,A
2244,1,1.20746060553938,0.388005034264519,A
2245,1,0.892706350423396,1.79561966444147,A
2246,1,1.54154773196206,3.89433092118208,A
2247,1,2.32551307231188,3.94751491873228,A
2248,1,1.08534601936117,2.29194824172114,A
2249,1,1.00820226455107,1.92221381606161,A
2250,1,2.01006831461564,2.20536024800126,A
2251,1,0.709948035422713,4.12565346494858,A
2252,1,1.6662262850441,2.69949449159029,A
2253,1,1.96591043891385,4.17227804787798,A
2254,1,0.746595471631736,3.68280076208162,A
2255,1,0.761802194174379,3.2664785245429,A
2256,1,1.03924665367231,2.75583225512815,A
2257,1,0.656309361103922,0.878828533642576,A
2258,1,0.652009279467166,3.60755540113048,A
2259,1,2.2607542835176,1.76039613492191,A
2260,1,1.14818266173825,1.5663728208385,A
2261,1,2.09474735381082,3.57159819218211,A
2262,1,1.66577836778015,3.4449182397854,A
2263,1,1.05193504458293,3.10009293352352,A
2264,1,2.44210308091715,4.98919914066367,A
2265,1,1.21455811103806,0.162918719696357,A
2266,1,1.14225346175954,2.58522684607537,A
2267,1,1.92294755624607,2.10618111722969,A
2268,1,2.41156917624176,3.65508132200148,A
2269,1,2.12267830176279,2.80826834127977,A
2270,1,1.29435762763023,3.00282350121577,A
2271,1,1.7570212460123,2.18579422949286,A
2272,1,1.90043735131621,2.3964923697362,A
2273,1,1.3174411104992,3.92252384109337,A
2274,1,1.77574576763436,2.16365012362586,A
2275,1,2.09361238405108,1.70918495743845,A
2276,1,2.01636357512325,2.74138875856524,A
2277,1,0.794688042718917,3.50218444865866,A
2278,1,1.96519007300958,3.75265325283104,A
2279,1,2.0617174054496,3.1973650338469,A
2280,1,2.04460055567324,3.56854167654281,A
2281,1,1.13242208631709,2.8692725183817,A
2282,1,1.38724452629685,3.83394597096978,A
2283,1,2.44186078757048,1.61385556756858,A
2284,1,1.30751710012555,1.48856904832641,A
2285,1,1.7464734739624,3.31768730507435,A
2286,1,2.30415605567396,5.26036495596702,A
2287,1,0.790622163563967,1.87598252752698,A
2288,1,1.2018428160809,1.13396079509109,A
2289,1,1.09792697941884,2.5792744469397,A
2290,1,0.997029671445489,2.68790460254466,A
2291,1,1.34593543456867,2.27560037203496,A
2292,1,2.00579109648243,1.82189590424905,A
2293,1,1.26854410301894,2.90061819468579,A
2294,1,1.20477076712996,0.263118031991505,A
2295,1,0.999883604701608,3.99412209907968,A
2296,1,2.17609920492396,1.62106290192233,A
2297,1,0.838664575014263,0.962521383472013,A
2298,1,1.72231076704338,3.56428203790048,A
2299,1,1.74392325663939,1.64260258491068,A
2300,1,2.36978712957352,4.51919022655247,A
2301,1,0.957949225325137,3.26963980683085,A
2302,1,2.47601736802608,2.03340750885434,A
2303,1,1.35584355005994,1.80062437575939,A
2304,1,0.71248238440603,3.2884966154875,A
2305,1,1.63973745563999,2.64902460367671,A
2306,1,0.84468272421509,2.0628337388906,A
2307,1,2.48839082475752,1.89107605780644,A
2308,1,1.89478627452627,2.58463191368971,A
2309,1,1.4934006491676,1.43144787809272,A
2310,1,2.23439303180203,2.45393735889341,A
2311,1,1.53728463500738,3.3779879943074,A
2312,1,1.13723989669234,2.41903542041504,A
2313,1,0.522616241592914,-0.957676998716998,A
2314,1,1.92102349502966,3.82379569138715,A
2315,1,1.46090078307316,2.94600762156177,A
2316,1,1.81437512021512,1.2855880105657,A
2317,1,0.820023507345468,1.87862829309296,A
2318,1,1.07377992384136,2.82559012237721,A
2319,1,2.47497418895364,4.61743401597238,A
2320,1,0.675112184137106,2.64922355549099,A
2321,1,1.53771475004032,1.41996576615782,A
2322,1,1.60405868804082,4.4649058859679,A
2323,1,0.981903565116227,1.76361639556773,A
2324,1,1.22899058461189,2.47748998498628,A
2325,1,1.42977126780897,2.78678300865427,A
2326,1,2.3229866172187,3.04440587682737,A
2327,1,2.45065089734271,3.52825544465081,A
2328,1,1.43784255720675,3.84159615439996,A
2329,1,1.70978475920856,1.47686336341227,A
2330,1,2.044766924344,2.9360670127686,A
2331,1,1.44374239165336,1.59921087769209,A
2332,1,0.511768179479986,1.93596039927739,A
2333,1,0.734560805372894,2.08741549154785,A
2334,1,2.46785274753347,3.70720603046785,A
2335,1,2.07966547831893,3.48625974399701,A
2336,1,1.27253740793094,0.517732526237894,A
2337,1,1.2347479374148,3.30444495431321,A
2338,1,0.811214903835207,-0.36450163646175,A
2339,1,1.38887389702722,4.13073594176476,A
2340,1,2.04888804769143,1.56362466035823,A
2341,1,1.22908423375338,2.46849308774535,A
2342,1,0.929138631094247,5.03362264933327,A
2343,1,0.778183210641146,2.38533606756547,A
2344,1,0.8375045619905,2.43741911889124,A
2345,1,0.961046498734504,2.73541273167195,A
2346,1,0.758726543746889,1.00194230456673,A
2347,1,1.96483825612813,1.6752536914873,A
2348,1,0.605621299706399,4.18540829579174,A
2349,1,2.45826256927103,2.93907649729098,A
2350,1,1.77131545078009,1.73041619545968,A
2351,1,2.32181836478412,4.00246896577185,A
2352,1,1.60959742125124,4.5954376827292,A
2353,1,1.95619751838967,1.85532091724492,A
2354,1,1.80580163979903,1.94691273304779,A
2355,1,2.41267140209675,4.97275356192776,A
2356,1,1.39653430413455,2.54741985584277,A
2357,1,1.11232289578766,2.38531312919919,A
2358,1,0.807864638511092,2.21651781255298,A
2359,1,0.737323864363134,3.67778150697351,A
2360,1,0.621886613313109,2.48529346178137,A
2361,1,0.718860936351121,4.62067126304908,A
2362,1,0.570530350320041,1.31915897147176,A
2363,1,1.95689878612757,3.46434598338351,A
2364,1,0.601619002409279,1.61557828960968,A
2365,1,1.78975982218981,3.64738770045011,A
2366,1,0.671134168282151,2.11649556451944,A
2367,1,0.917059984058142,4.54771419076823,A
2368,1,2.26843540230766,1.79480091733752,A
2369,1,0.971583906561136,1.44377383675868,A
2370,1,0.637702748645097,1.28158039864467,A
2371,1,0.841608829330653,1.60031845535563,A
2372,1,1.38687012437731,0.421039054926577,A
2373,1,2.47751230793074,4.56641764348414,A
2374,1,2.10876728687435,5.56925484882348,A
2375,1,1.19000379974023,0.100741476907875,A
2376,1,0.65760014904663,-0.355169524611361,A
2377,1,0.720416620839387,3.40837620011416,A
2378,1,1.78261073119938,1.11719110434888,A
2379,1,1.2789046280086,4.35852374878761,A
2380,1,1.14639896061271,2.51789254144622,A
2381,1,1.6476244465448,3.05889596398863,A
2382,1,1.41455498058349,1.94879106007221,A
2383,1,2.01947513688356,4.35043730912017,A
2384,1,1.94231842644513,3.03671387458171,A
2385,1,0.510419177822769,-0.457965834564826,A
2386,1,1.81034460803494,2.97701123025698,A
2387,1,0.672420884948224,4.59952823135438,A
2388,1,1.50877724308521,2.27214276447064,A
2389,1,1.2180738709867,3.37574026640443,A
2390,1,1.14267366193235,1.4560778266219,A
2391,1,0.854188609402627,3.25565985824023,A
2392,1,0.740781784057617,2.52710104415583,A
2393,1,0.581068702507764,3.44300604162661,A
2394,1,1.04400792717934,1.48323048497476,A
2395,1,2.35969647718594,0.588665806825038,A
2396,1,1.14480552030727,2.83707021430432,A
2397,1,1.88093054573983,3.47028601724067,A
2398,1,1.62260671006516,3.23349284407146,A
2399,1,0.75312084518373,4.64193055073489,A
2400,1,0.814977497328073,1.07812878672195,A
2401,1,1.87317696074024,1.5747065030318,A
2402,1,2.07962501281872,1.3490768087025,A
2403,1,0.889080083463341,3.10292969117654,A
2404,1,0.999278517439961,3.94868944324759,A
2405,1,2.28245880175382,2.89980702068613,A
2406,1,2.43455212889239,2.74054501809946,A
2407,1,1.59217388834804,3.05412203549595,A
2408,1,2.02040014229715,3.93928097215707,A
2409,1,1.48476429656148,2.73387916971052,A
2410,1,2.45782666327432,2.62202158834113,A
2411,1,2.47613564459607,4.05493260795596,A
2412,1,1.23323827469721,2.80851415480791,A
2413,1,2.47934288065881,3.38996917250793,A
2414,1,2.24967881664634,2.95307159017915,A
2415,1,1.50314898975194,3.59862519388675,A
2416,1,2.35915428353474,2.22084697613561,A
2417,1,1.54623641539365,4.41039168969395,A
2418,1,2.37038295110688,2.90736084411103,A
2419,1,0.889063015114516,2.86935688107416,A
2420,1,1.70781921735033,1.19375897897604,A
2421,1,2.04079563962296,3.38751692329264,A
2422,1,1.67469591693953,3.58742689902327,A
2423,1,1.10181533591822,2.76259298397393,A
2424,1,1.30826562829316,3.33919402801409,A
2425,1,0.681143488269299,2.6405133727199,A
2426,1,1.58953837351874,1.78405720066014,A
2427,1,1.70958036137745,3.28044548204639,A
2428,1,1.18728322116658,1.16260100785542,A
2429,1,1.29850806994364,4.40412286881887,A
2430,1,1.37819698499516,4.23344345900563,A
2431,1,1.71476326929405,2.91264051662602,A
2432,1,2.17178130429238,3.0820619667776,A
2433,1,2.47815640596673,5.08638354204089,A
2434,1,1.63273555971682,5.03393513570825,A
2435,1,0.563044300768524,-0.11921452386699,A
2436,1,1.31636387202889,4.29415050770113,A
2437,1,1.62013233080506,2.00554291763687,A
2438,1,2.04684635996819,4.27930391395491,A
2439,1,0.59942155983299,0.109200736505617,A
2440,1,2.42270259512588,3.12975893735473,A
2441,1,0.710663835518062,4.06408630251346,A
2442,1,2.41587155964226,2.17291871039962,A
2443,1,1.51915909443051,2.85787099991078,A
2444,1,2.04922199714929,3.01434859303301,A
2445,1,2.0652007162571,4.30308930790768,A
2446,1,1.34995802259073,4.09973528723227,A
2447,1,0.542633031494916,2.28220120798701,A
2448,1,2.47514582658187,2.18065852291376,A
2449,1,1.77441498078406,2.49743061406768,A
2450,1,1.19008295796812,1.67552842112535,A
2451,1,1.44870485085994,2.47010406852101,A
2452,1,0.998794838786125,3.82880033256656,A
2453,1,1.79427195247263,3.41612045745636,A
2454,1,1.86504821013659,3.15092271925024,A
2455,1,2.08058451861143,1.73285542321912,A
2456,1,1.97536808112636,4.63500436255034,A
2457,1,1.36163575202227,2.07413176427491,A
2458,1,1.29915531910956,3.2047242675044,A
2459,1,2.26292678900063,5.45213349463229,A
2460,1,1.52837004465982,3.44228696386567,A
2461,1,1.90281009301543,2.21554095808083,A
2462,1,1.28425009222701,1.80602401989164,A
2463,1,2.45617593452334,3.79339339342614,A
2464,1,2.28450729046017,4.38600767873512,A
2465,1,1.60038500884548,2.79817582495257,A
2466,1,1.60897631617263,4.87193216132519,A
2467,1,1.96705132024363,1.68320670164249,A
2468,1,1.39479732792825,0.267590004392985,A
2469,1,1.53324714489281,2.95662466814126,A
2470,1,0.914988010656089,3.94469320018849,A
2471,1,2.41211107186973,2.48901589642885,A
2472,1,1.23643848579377,2.42240011983769,A
2473,1,0.952655638568103,3.04785726589574,A
2474,1,1.27089699078351,2.93837781883247,A
2475,1,1.81230194261298,2.44450432747355,A
2476,1,2.30653623072431,3.37240838438044,A
2477,1,0.811643338762224,1.31727856205404,A
2478,1,1.54142711870372,3.0010628955558,A
2479,1,1.98825805494562,1.07268664551541,A
2480,1,1.24505005311221,3.44073282617481,A
2481,1,0.876546100247651,4.69988059430331,A
2482,1,2.11437147762626,3.20725184535282,A
2483,1,1.50264507858083,4.29364174139662,A
2484,1,1.32788727385923,1.38405946398242,A
2485,1,0.778841161634773,4.18972112759113,A
2486,1,1.46447441726923,2.59528191494501,A
2487,1,0.536820540204644,3.56019863253038,A
2488,1,2.39141240250319,3.79859835046775,A
2489,1,0.911743777804077,1.33157243063668,A
2490,1,1.2239802191034,1.094478105343,A
2491,1,2.15662913722917,4.01143450607525,A
2492,1,1.72667207103223,4.48795129944915,A
2493,1,2.48195714922622,3.19084116703714,A
2494,1,1.4967589029111,4.60732522448063,A
2495,1,2.20779483160004,4.92614930867125,A
2496,1,1.71435416769236,0.839107799237367,A
2497,1,2.44349911762401,3.37375272262976,A
2498,1,1.07589799026027,2.83723989820472,A
2499,1,1.65591282909736,2.13931848561075,A
2500,1,1.7506814179942,3.10205607960493,A
2501,1,1.13935429276899,3.45497378018265,A
2502,1,1.63392677204683,1.9828348072297,A
2503,1,1.19023516541347,3.67817558843971,A
2504,1,1.77018996188417,2.23197016005945,A
2505,1,1.88695262279361,2.07861537452725,A
2506,1,2.20295002451167,3.4873340373028,A
2507,1,1.98702252982184,1.56133411314383,A
2508,1,2.35102251078934,5.15506541418137,A
2509,1,0.707278312183917,2.5204130999036,A
2510,1,1.96241843653843,3.8071617621032,A
2511,1,2.0109211509116,4.16625207285362,A
2512,1,1.12712841946632,1.94129886042675,A
2513,1,0.919662412721664,2.13165113003197,A
2514,1,1.53574585402384,2.52894237127539,A
2515,1,2.47441014740616,4.47818523863548,A
2516,1,2.18711950490251,3.7907990838192,A
2517,1,1.09524280624464,2.00439590480841,A
2518,1,0.517952134367079,2.92885615458716,A
2519,1,1.05276415124536,3.89491831281881,A
2520,1,1.2204012721777,3.82680340760314,A
2521,1,1.58703829534352,3.96085782847894,A
2522,1,1.3074522074312,2.99141305137341,A
2523,1,0.56175479805097,1.54049691920351,A
2524,1,2.17692109011114,3.39610251272921,A
2525,1,1.53871088288724,4.19420862853129,A
2526,1,2.47438952093944,3.92746177878047,A
2527,1,1.57029365608469,2.83871142290614,A
2528,1,1.66490185959265,2.54745720620642,A
2529,1,2.33313694875687,3.42991873687632,A
2530,1,0.963295113295317,2.20698461618962,A
2531,1,1.91689966013655,3.91460495989375,A
2532,1,2.39589708764106,2.48717114782249,A
2533,1,2.45505415508524,0.178127964849276,A
2534,1,1.20121551398188,2.32457811627237,A
2535,1,1.27130221389234,1.04668059571499,A
2536,1,1.78327516652644,4.56829845555559,A
2537,1,1.55255288816988,0.81608167794679,A
2538,1,1.31765472330153,0.473038948682587,A
2539,1,1.60548450658098,3.26409257879272,A
2540,1,2.35062262136489,3.31498274948434,A
2541,1,1.14508186653256,2.25519029365,A
2542,1,1.39478908991441,3.41978670374474,A
2543,1,0.834228582214564,3.00373584935593,A
2544,1,2.44263505609706,3.06384240604002,A
2545,1,0.656519690062851,2.99898883859897,A
2546,1,2.21369939809665,3.10581488431519,A
2547,1,1.87315505044535,5.17620943883261,A
2548,1,0.998564281500876,5.72858708442368,A
2549,1,0.661111859604716,2.90303653619201,A
2550,1,1.42049747193232,2.64554576564921,A
2551,1,2.47415459388867,1.8439198845742,A
2552,1,1.75756469462067,2.80565363680415,A
2553,1,2.30902604898438,2.17628095019251,A
2554,1,2.17993960203603,3.88310526829512,A
2555,1,1.07589380722493,2.73901906812829,A
2556,1,1.7990187574178,2.70041416012247,A
2557,1,0.776721361558884,3.11688454356064,A
2558,1,1.79449300514534,2.12071662431356,A
2559,1,2.44855084549636,2.08076208652548,A
2560,1,0.682054648175836,2.10944665811906,A
2561,1,1.36645880481228,3.43015346965865,A
2562,1,2.0880502415821,3.97627629144725,A
2563,1,2.00217104749754,2.52644093341632,A
2564,1,0.680914644151926,3.08611433931971,A
2565,1,1.86328458460048,3.60750514509673,A
2566,1,0.546464543323964,4.5686938628437,A
2567,1,0.966230300720781,2.85796126686581,A
2568,1,1.95966708147898,2.71865812173664,A
2569,1,1.50215766672045,2.5706111246474,A
2570,1,1.52938924729824,1.85554602840139,A
2571,1,1.23542456142604,1.98509266671806,A
2572,1,2.08810277050361,4.15947819339653,A
2573,1,0.808062685653567,2.63745784138399,A
2574,1,0.935687411576509,1.67098359389445,A
2575,1,0.522478457540274,2.00768883170769,A
2576,1,2.16982176480815,1.92686284953083,A
2577,1,1.63475443143398,4.02046444412465,A
2578,1,0.868948922492564,0.413164542375611,A
2579,1,0.616719034966081,1.89238854465737,A
2580,1,1.18215162912384,2.08121821798214,A
2581,1,0.566562968771905,4.94668521873821,A
2582,1,1.27392338262871,1.60643048028335,A
2583,1,1.65218079462647,5.07481679188958,A
2584,1,1.60685826325789,1.03743545151105,A
2585,1,2.45841242093593,5.26180066658664,A
2586,1,1.66478930832818,2.78746185467245,A
2587,1,1.06872274307534,2.65803793734503,A
2588,1,2.01474890392274,2.76344780288335,A
2589,1,2.06186267873272,3.83674496994975,A
2590,1,0.509693194646388,3.70304446627771,A
2591,1,2.04503730777651,2.99322928998271,A
2592,1,1.58549496158957,3.60135432860418,A
2593,1,2.49329817295074,5.32592422407139,A
2594,1,1.11858976585791,2.52359859327401,A
2595,1,2.12561549432576,1.97232642641922,A
2596,1,1.13741535693407,4.50680649312801,A
2597,1,0.588115632068366,2.05845107909004,A
2598,1,1.71464032540098,1.50715189442044,A
2599,1,1.48518020706251,2.27451823264752,A
2600,1,2.39864031923935,2.12398900957017,A
2601,1,1.24880861490965,1.3710486424552,A
2602,1,1.72130491072312,2.21542964975076,A
2603,1,2.24641621019691,2.00024241914892,A
2604,1,2.08845067257062,3.5387270954021,A
2605,1,0.693512741476297,2.23145641039199,A
2606,1,1.85233977716416,4.13166195040323,A
2607,1,1.35771652916446,2.87279751803293,A
2608,1,1.54855954321101,1.57801569822021,A
2609,1,2.44284414174035,3.72183979474814,A
2610,1,1.59564986918122,0.226704331442122,A
2611,1,1.36934101162478,2.5179830350069,A
2612,1,1.36910506617278,3.72009586122719,A
2613,1,1.46190193621442,1.69315091993298,A
2614,1,0.906403869390488,2.80898846990183,A
2615,1,1.19512262707576,2.51870713165907,A
2616,1,1.99395703151822,5.4437478039057,A
2617,1,1.69480517180637,4.23590706255875,A
2618,1,1.3881782819517,2.24064243588687,A
2619,1,0.624628374818713,2.40066356801478,A
2620,1,0.54655791958794,2.06840540069946,A
2621,1,2.20830088155344,0.509218152423557,A
2622,1,2.322711662855,3.1295570968516,A
2623,1,1.3752890820615,4.55076252869701,A
2624,1,1.66049793735147,2.98285017812792,A
2625,1,1.54496825579554,3.94637172478306,A
2626,1,1.73802271205932,3.97122229775444,A
2627,1,0.791474675294012,2.98053932507892,A
2628,1,0.911132651381195,2.67769509122643,A
2629,1,2.17376823211089,2.06554677125157,A
2630,1,2.44548788713291,3.2590175489958,A
2631,1,1.35814626188949,3.55498783393135,A
2632,1,2.05468447785825,2.86351563295318,A
2633,1,2.07706594653428,1.5362081836266,A
2634,1,1.18610225245357,1.91654408934752,A
2635,1,2.30854121223092,5.16087209070125,A
2636,1,2.03891038242728,2.56912646454897,A
2637,1,1.76404825691134,2.13188695604574,A
2638,1,1.58078184816986,3.08885413497841,A
2639,1,1.32457047980279,1.7106966451714,A
2640,1,2.02367266872898,1.91598247641971,A
2641,1,0.892006793059409,2.17774140128584,A
2642,1,2.04458895511925,5.37723549143527,A
2643,1,1.74388700537384,3.6802565203983,A
2644,1,0.56531542353332,3.51947428780732,A
2645,1,2.25154859386384,4.49740097901369,A
2646,1,1.38577874610201,1.54184384971158,A
2647,1,0.673489074688405,1.39449657943345,A
2648,1,2.48242736933753,3.5830292333594,A
2649,1,1.70696551352739,3.91063373351171,A
2650,1,1.92139524081722,3.19578845487183,A
2651,1,1.50924655469134,2.48683625591824,A
2652,1,1.85849593160674,1.89980094457475,A
2653,1,1.01115772919729,1.34285819825344,A
2654,1,2.39911925513297,3.6499803621539,A
2655,1,2.04844280565158,2.54884132787004,A
2656,1,1.49460676684976,2.8736689002216,A
2657,1,2.19802053365856,2.73519390574952,A
2658,1,2.30580560024828,4.05593184326033,A
2659,1,0.842355805449188,1.38366221459804,A
2660,1,1.98098593065515,4.90128079621657,A
2661,1,0.936063310597092,3.21636948293299,A
2662,1,1.26451799366623,2.62505312798688,A
2663,1,1.88250889908522,1.39167629809364,A
2664,1,1.68216465786099,3.62111068478108,A
2665,1,1.03475334076211,0.912282858904037,A
2666,1,2.11442104447633,2.96064769026338,A
2667,1,2.43801731709391,3.17242642363268,A
2668,1,0.719658536370844,3.42461176177947,A
2669,1,1.11934589315206,2.28283414239706,A
2670,1,0.864190818741918,3.13312799989023,A
2671,1,2.35801596520469,4.01704704827583,A
2672,1,1.98361768387258,3.70609898888354,A
2673,1,1.39706487162039,4.01822230420695,A
2674,1,2.31043691793457,3.4100309010638,A
2675,1,1.15512119280174,3.10109162747636,A
2676,1,0.965177406556904,2.5928979570462,A
2677,1,2.03652571886778,3.84458328848696,A
2678,1,1.78086026152596,4.75960513334058,A
2679,1,0.861768529284746,2.30970012735471,A
2680,1,1.97780004143715,1.02785563853007,A
2681,1,1.86577659286559,1.34532067985787,A
2682,1,1.67938726814464,2.42832169129422,A
2683,1,2.4059985508211,5.08452880369054,A
2684,1,1.46047972375527,1.74861931607517,A
2685,1,2.0966288568452,2.18618480239257,A
2686,1,0.605299196206033,4.28672736517609,A
2687,1,0.904798910487443,2.53881533549818,A
2688,1,1.09303307300434,2.55485271880524,A
2689,1,1.41328977141529,4.46217002337781,A
2690,1,0.789742012042552,4.50154869862342,A
2691,1,2.13541988749057,2.21705183876252,A
2692,1,0.811136691831052,2.76188451976797,A
2693,1,0.683034577872604,1.98196219580721,A
2694,1,2.21442035026848,2.91450922445424,A
2695,1,1.64237695466727,3.37761192407809,A
2696,1,2.18630918953568,4.27990915611166,A
2697,1,1.46887460304424,1.91021061966774,A
2698,1,2.43040379788727,1.622194683071,A
2699,1,1.34240223607048,2.06240482975367,A
2700,1,1.72864424390718,2.26640687196934,A
2701,1,0.630116014741361,1.89815571876473,A
2702,1,1.13481872715056,2.52932575759916,A
2703,1,1.95187137881294,3.02085656054686,A
2704,1,1.84617752069607,2.42616625643819,A
2705,1,2.36173065565527,2.63065104317406,A
2706,1,1.49283506767824,2.81457552489184,A
2707,1,2.47019978286698,5.37396154201589,A
2708,1,1.51634480711073,2.34734561769906,A
2709,1,0.609251203481108,2.52056588669424,A
2710,1,1.01053778640926,3.09105640465866,A
2711,1,0.744296290446073,4.3251625913928,A
2712,1,0.681303837802261,1.72054298596261,A
2713,1,0.606256027705967,1.92039217449915,A
2714,1,1.71009247144684,1.38086446590461,A
2715,1,2.34833764797077,3.07219869074971,A
2716,1,0.556261360179633,1.24842592339602,A
2717,1,1.25847742380574,2.06016429399707,A
2718,1,1.29518505185843,2.3946606288623,A
2719,1,1.9462541975081,2.61508348727283,A
2720,1,2.39324150141329,0.737147116222775,A
2721,1,1.77667425759137,3.50082809898836,A
2722,1,0.787737934850156,1.34983549105777,A
2723,1,0.861717456486076,1.59504213543407,A
2724,1,0.995226054918021,3.38414430910301,A
2725,1,1.37960189115256,1.47827310272206,A
2726,1,1.20648692687973,1.15071336339396,A
2727,1,1.03120014956221,2.79624684625182,A
2728,1,0.902541019022465,4.83358518606931,A
2729,1,1.22544541675597,1.1321401371031,A
2730,1,0.739983099978417,0.370097583043491,A
2731,1,1.05349895264953,3.82256596725976,A
2732,1,1.25526200886816,1.95425046732365,A
2733,1,1.62890149280429,1.45621988016857,A
2734,1,2.40888680750504,3.25616966059288,A
2735,1,1.6712769116275,2.9937170411457,A
2736,1,0.770766228903085,3.83681056389822,A
2737,1,1.52985500870273,2.803505100497,A
2738,1,1.74243728397414,3.87512480778675,A
2739,1,2.38803917448968,3.96885983503998,A
2740,1,1.58554070116952,5.07210443177418,A
2741,1,2.2761090551503,2.99111624994894,A
2742,1,0.645675329957157,1.34655612391376,A
2743,1,1.54568141279742,1.47815687129541,A
2744,1,1.86289226356894,3.27172635183241,A
2745,1,0.692669935058802,2.3246928164941,A
2746,1,1.8946042326279,2.34787869401833,A
2747,1,1.97279517678544,3.39153169267241,A
2748,1,1.68984902231023,3.78478416917672,A
2749,1,2.05239613493904,2.9876523587365,A
2750,1,0.709275059401989,3.90752073594189,A
2751,1,2.10807100869715,4.46020537083719,A
2752,1,1.90952455066144,2.89432449147038,A
2753,1,1.42566272383556,1.51930076268217,A
2754,1,1.71800574101508,1.60821659087065,A
2755,1,1.39194227522239,3.24796217349723,A
2756,1,1.79489197861403,4.3581353453812,A
2757,1,0.775406209286302,0.98019927717212,A
2758,1,1.66589108901098,3.01371522688949,A
2759,1,1.41621608380228,2.36747961171073,A
2760,1,2.37883684365079,3.37469314461906,A
2761,1,2.08160115499049,2.83898880805076,A
2762,1,2.35943393129855,4.03846067845618,A
2763,1,0.903710198588669,2.55955256541349,A
2764,1,2.40042198309675,2.98000885369937,A
2765,1,1.32847430976108,3.45277438905706,A
2766,1,1.04486642545089,2.15079434433346,A
2767,1,2.40496901795268,4.96327445156028,A
2768,1,0.987233290914446,2.60173985345949,A
2769,1,1.08028340246528,1.20198585884767,A
2770,1,0.57951013604179,3.34242299435312,A
2771,1,2.01406180718914,3.18740866965019,A
2772,1,1.13874148391187,2.83940559910374,A
2773,1,0.864873065147549,3.54361087283193,A
2774,1,0.908148750197142,3.14490324759411,A
2775,1,1.36971953231841,5.23020127906508,A
2776,1,1.76230380544439,1.89591874642235,A
2777,1,0.901717041153461,2.22020584107865,A
2778,1,1.15199521463364,2.77142242875439,A
2779,1,0.799773442558944,4.14393150806784,A
2780,1,1.2553720055148,3.22453821978054,A
2781,1,1.50526177696884,3.94169465639813,A
2782,1,1.88475724495947,3.74239409921964,A
2783,1,1.88899697270244,3.59568585935763,A
2784,1,1.94230797654018,3.77865119705186,A
2785,1,1.70951151009649,2.37141386881668,A
2786,1,1.40643692808226,1.37358333181195,A
2787,1,0.745565824676305,2.60266984496322,A
2788,1,0.901791458018124,4.25371449368246,A
2789,1,2.44867355609313,3.70158703754435,A
2790,1,1.47170551586896,3.80498519873826,A
2791,1,0.823285887949169,2.18071852158167,A
2792,1,1.98731390107423,3.27337628721512,A
2793,1,1.23427214799449,2.04506171019948,A
2794,1,0.902377500198781,0.512923029825149,A
2795,1,2.37961286352947,4.49858762444577,A
2796,1,2.4776415429078,2.61830862125525,A
2797,1,1.03132195258513,3.01403490955226,A
2798,1,1.02461600117385,3.09024942313671,A
2799,1,1.04464711248875,1.53168539127878,A
2800,1,2.49073948618025,2.74140866523489,A
2801,1,1.00318549247459,2.27341813755184,A
2802,1,1.31287285871804,5.30484067237205,A
2803,1,1.70152095844969,2.59529441317691,A
2804,1,1.10547807114199,2.86860540270869,A
2805,1,1.77697017695755,1.21967100106708,A
2806,1,1.43520606262609,1.83276896575526,A
2807,1,1.88968861568719,2.20564805898616,A
2808,1,0.796612481586635,2.67992988791731,A
2809,1,1.81918163597584,1.9037317252735,A
2810,1,1.02973981527612,3.31135517809311,A
2811,1,1.89335720753297,2.66561800765622,A
2812,1,1.99199082423002,3.59508246837974,A
2813,1,0.516721130814403,2.36088708014483,A
2814,1,1.30570085393265,1.39655274094907,A
2815,1,0.754341242369264,2.84953913073244,A
2816,1,2.29855905240402,3.59691433990568,A
2817,1,0.8425501906313,2.67380814001922,A
2818,1,1.02509079687297,0.922799258216041,A
2819,1,2.25016872445121,4.29528126330027,A
2820,1,2.12951301550493,4.34964654359387,A
2821,1,2.42763053905219,1.73547680358895,A
2822,1,1.20624319603667,3.60510540306467,A
2823,1,0.707709582522512,2.04725003973887,A
2824,1,0.751732609700412,1.97137660888521,A
2825,1,0.815361310727894,1.91998155001607,A
2826,1,1.11083221063018,5.29938059950265,A
2827,1,2.21859545493498,2.0393049282108,A
2828,1,0.719097506254911,2.29326363948801,A
2829,1,1.43841898301616,2.82100033363647,A
2830,1,1.80255562439561,0.0383594530048072,A
2831,1,1.73911446891725,1.86488036326197,A
2832,1,1.96881900820881,0.594937078491613,A
2833,1,1.12317114509642,3.02380207007661,A
2834,1,1.1837288714014,0.83613294709761,A
2835,1,1.09559503663331,3.14821270911473,A
2836,1,0.837987828999758,2.84420479308103,A
2837,1,1.36384224332869,3.40662320221832,A
2838,1,1.91270812461153,3.3569364056598,A
2839,1,1.12934603868052,1.79549734421906,A
2840,1,1.35835135029629,2.8671214194257,A
2841,1,1.09705365030095,2.74146812063761,A
2842,1,2.27772482531145,3.32659742874201,A
2843,1,2.24650240177289,1.84160185645757,A
2844,1,1.50253813434392,2.7952488550937,A
2845,1,0.981232910882682,3.23079875977128,A
2846,1,1.17847804166377,3.64373868823327,A
2847,1,0.729483804199845,3.75337913558284,A
2848,1,2.045245943591,2.64507852294371,A
2849,1,2.41122293425724,3.73462226998873,A
2850,1,0.582930424716324,3.54450079988376,A
2851,1,1.0016240440309,1.24728852701424,A
2852,1,2.32647606311366,4.04216148765873,A
2853,1,0.634095943532884,-0.136714998199196,A
2854,1,1.88507844367996,3.31293447599259,A
2855,1,0.606583670713008,1.45512471922529,A
2856,1,1.67840957222506,3.03348388137641,A
2857,1,1.554909018334,3.03604636330428,A
2858,1,2.41090629994869,2.62011724931614,A
2859,1,1.30704101221636,4.12153447484244,A
2860,1,1.44756726827472,2.41303633221895,A
2861,1,2.43706923630089,3.79948510713201,A
2862,1,1.13831786811352,2.00269098698821,A
2863,1,1.30331941787153,3.06481927794149,A
2864,1,0.862346006091684,1.01522789525109,A
2865,1,0.535938345827162,3.30499307519695,A
2866,1,0.761212130542845,2.95453882865382,A
2867,1,1.88486035773531,2.84653118962591,A
2868,1,2.37349965889007,0.835372807578067,A
2869,1,2.20638013258576,4.16971187729777,A
2870,1,1.97342594107613,3.66800956645567,A
2871,1,1.20223946915939,2.41617268903981,A
2872,1,1.13618003996089,2.16608358161513,A
2873,1,1.04875114932656,1.80690942714805,A
2874,1,1.21974779758602,2.69624810692339,A
2875,1,0.50224972050637,0.63282678847279,A
2876,1,0.879923149012029,2.6974303339248,A
2877,1,1.4210182861425,1.88983021176636,A
2878,1,0.845086569432169,2.72473431790301,A
2879,1,1.44221219979227,3.36918297924719,A
2880,1,0.604993095621467,0.796930150929537,A
2881,1,0.951535076834261,3.46719713547566,A
2882,1,1.15286592254415,2.38398817530544,A
2883,1,1.63212887849659,2.38911607826022,A
2884,1,1.1753742210567,3.17472558829463,A
2885,1,0.910359128378332,2.61051603503275,A
2886,1,1.54983586538583,4.96330441715584,A
2887,1,1.10898537468165,3.54567278922201,A
2888,1,2.23514032782987,2.57224416358727,A
2889,1,0.804835524875671,2.49078968543109,A
2890,1,1.10798490885645,2.54482886389559,A
2891,1,0.752826456446201,-0.000262732686839851,A
2892,1,0.929160464555025,2.37209849742102,A
2893,1,0.919135074131191,2.75424003836824,A
2894,1,0.958307100925595,2.88699695337294,A
2895,1,1.99705316824839,3.60528818533879,A
2896,1,0.558047645259649,3.06299154551317,A
2897,1,2.13084139954299,1.72335161317456,A
2898,1,1.79680200619623,1.12849893505732,A
2899,1,0.98386509809643,0.814432855376941,A
2900,1,1.18164904415607,1.34633769376112,A
2901,1,1.21684660296887,2.31147130237332,A
2902,1,1.19008943066001,2.65970948221828,A
2903,1,2.08551016496494,3.79472510619233,A
2904,1,0.647819285281003,2.70998254285092,A
2905,1,1.42667970387265,2.47645364877938,A
2906,1,1.26760310027748,2.55832094873627,A
2907,1,0.70570144476369,1.02033751801201,A
2908,1,1.24744155909866,3.66792235895232,A
2909,1,0.593070102855563,4.19525230574518,A
2910,1,2.2963646822609,3.93865953300515,A
2911,1,2.2377069410868,1.76457487502493,A
2912,1,1.48609058139846,1.72940236535964,A
2913,1,1.54275859473273,3.42303944737017,A
2914,1,1.33153759222478,1.01541003335141,A
2915,1,1.1311714919284,2.44902445184599,A
2916,1,2.33798570698127,4.10050334293099,A
2917,1,0.932733645197004,2.22976678878679,A
2918,1,1.2596893585287,1.67275037966615,A
2919,1,1.41991345770657,4.19043711266592,A
2920,1,2.35275042662397,3.59738546209805,A
2921,1,2.30299402633682,3.47733784174719,A
2922,1,0.705765758175403,2.90814654365042,A
2923,1,0.746141800656915,2.54943719973808,A
2924,1,1.18847059039399,2.22626256211522,A
2925,1,1.29240980418399,1.40293439723048,A
2926,1,2.30702271452174,3.68331121456753,A
2927,1,2.2580277537927,2.54098638793766,A
2928,1,1.54534808080643,3.28959939429073,A
2929,1,0.874927308876067,4.78167494888405,A
2930,1,0.705206750892103,1.4585905444952,A
2931,1,0.675621896516532,-1.26286245437771,A
2932,1,1.31410292116925,2.84561951814006,A
2933,1,2.03385427594185,2.7256341063079,A
2934,1,1.89773280220106,1.27462549139267,A
2935,1,1.32975948043168,2.34614734251591,A
2936,1,1.85237452946603,3.30840345349032,A
2937,1,1.92558698635548,4.04845870156351,A
2938,1,0.914977631531656,3.7379479959778,A
2939,1,2.2075182646513,2.04490176095515,A
2940,1,0.616520196665078,3.18972307856993,A
2941,1,1.51444943482056,2.66069057393305,A
2942,1,0.968929157592356,0.816380219443847,A
2943,1,1.52314770175144,3.01120102383539,A
2944,1,1.51444900035858,2.08144359128684,A
2945,1,2.4157517105341,2.71235791463159,A
2946,1,1.07321529090405,2.99303651107747,A
2947,1,1.85174707463011,3.86639219360322,A
2948,1,1.93795824237168,4.09483105502136,A
2949,1,1.59074196638539,3.09540860297389,A
2950,1,0.529297195374966,2.96548116161949,A
2951,1,0.539451199583709,2.60670955418464,A
2952,1,0.54388876631856,3.26850765479942,A
2953,1,1.96578913461417,3.33913943950885,A
2954,1,2.07079923246056,3.4028677293439,A
2955,1,2.14728616736829,2.75130413901762,A
2956,1,0.567345165181905,0.00573026680447042,A
2957,1,2.41663230024278,4.4404693470369,A
2958,1,1.8625239036046,2.38781651219959,A
2959,1,0.954083250369877,4.55501408782902,A
2960,1,1.10969566646963,2.18280546364644,A
2961,1,0.855916531290859,3.06798389744943,A
2962,1,2.2798480684869,4.05165957489147,A
2963,1,1.2569856713526,2.08660972810839,A
2964,1,2.3096670107916,2.70614609847075,A
2965,1,1.2475896794349,2.86748885284523,A
2966,1,2.46930213551968,0.407272887331866,A
2967,1,1.52593762520701,3.78572178379326,A
2968,1,1.63108932971954,2.48767443605927,A
2969,1,2.23163486272097,4.42787275174786,A
2970,1,1.11204791394994,3.07071034458155,A
2971,1,1.16790066612884,0.0202445925626581,A
2972,1,1.4007565882057,1.85675898587434,A
2973,1,1.56147850072011,4.66639962752515,A
2974,1,1.73462306521833,1.16587441943168,A
2975,1,1.08240620046854,3.14896034204738,A
2976,1,1.71763803390786,3.47572354760985,A
2977,1,0.955221025738865,2.48728253209075,A
2978,1,1.05545534798875,2.60130768969477,A
2979,1,1.22194485319778,2.01999570411461,A
2980,1,0.766815750859678,2.57460354633428,A
2981,1,1.74263587640598,1.08763660463193,A
2982,1,1.43695020675659,4.51321205977238,A
2983,1,1.71674290951341,2.99071122326997,A
2984,1,1.81282847234979,2.52297735268635,A
2985,1,0.523037754464895,4.08929553445802,A
2986,1,2.07048719190061,3.36050735439698,A
2987,1,2.38072111224756,3.57044224601252,A
2988,1,1.72996723232791,5.05913967810019,A
2989,1,2.01461215410382,3.20512174036944,A
2990,1,0.606618393212557,1.3459867074445,A
2991,1,0.746171720791608,3.87724072331252,A
2992,1,0.944568606093526,3.90581869367627,A
2993,1,1.05822982499376,3.94608868887171,A
2994,1,1.94655640004203,3.50002487749359,A
2995,1,2.1278838836588,5.5550719401428,A
2996,1,1.7159420424141,5.33824764090463,A
2997,1,2.19382298411801,1.74918689020583,A
2998,1,0.819712998345494,3.27809769112311,A
2999,1,1.57749468646944,0.703713256121587,A
3000,1,1.16589583875611,2.41886380432184,A
1,2,0,2.81603528134871,A
2,2,0,5.42783372167247,A
3,2,0,3.3717729007844,A
4,2,0,1.87028791756536,A
5,2,0,2.30800527322677,A
6,2,0,3.81669424768403,A
7,2,0,3.06256236785243,A
8,2,0,2.92950746683064,A
9,2,0,4.45521430829975,A
10,2,0,3.00010725644931,A
11,2,0,3.98567833102838,A
12,2,0,1.86285730147037,A
13,2,0,3.70898509123911,A
14,2,0,4.36932664220164,A
15,2,0,2.87589985831637,A
16,2,0,3.90071881313905,A
17,2,0,4.82257254729432,A
18,2,0,2.18119054405108,A
19,2,0,2.94235222511132,A
20,2,0,4.09368310037774,A
21,2,0,2.26338032770082,A
22,2,0,3.9068032363984,A
23,2,0,2.48568835729101,A
24,2,0,3.52376239130759,A
25,2,0,2.79613832756515,A
26,2,0,3.15542460725915,A
27,2,0,2.06687877302123,A
28,2,0,3.24391100720521,A
29,2,0,2.32979048818744,A
30,2,0,4.34088530621186,A
31,2,0,3.43224198410721,A
32,2,0,3.01438971515374,A
33,2,0,4.83668495312061,A
34,2,0,3.39007549424767,A
35,2,0,2.760802586782,A
36,2,0,2.98025099814215,A
37,2,0,3.41878096062849,A
38,2,0,3.78560428523409,A
39,2,0,2.60415865804843,A
40,2,0,3.57950498540793,A
41,2,0,3.35658818965285,A
42,2,0,3.27970765318024,A
43,2,0,2.80524806795247,A
44,2,0,3.30571847546212,A
45,2,0,4.01087333012336,A
46,2,0,2.66842057499217,A
47,2,0,3.06436524001876,A
48,2,0,2.32774336682991,A
49,2,0,2.44377632857175,A
50,2,0,1.30646359652453,A
51,2,0,2.8036674802713,A
52,2,0,1.02932988945586,A
53,2,0,4.05851648141243,A
54,2,0,3.04943651571687,A
55,2,0,3.79013874009594,A
56,2,0,2.63785576147624,A
57,2,0,3.50531345138953,A
58,2,0,4.26922926362964,A
59,2,0,1.55231055395864,A
60,2,0,2.53743379018385,A
61,2,0,1.79362340003074,A
62,2,0,1.6125231816326,A
63,2,0,1.93013288507981,A
64,2,0,3.29871279251836,A
65,2,0,1.99185699957509,A
66,2,0,3.56225382105222,A
67,2,0,4.17457077783533,A
68,2,0,3.06862362591361,A
69,2,0,2.28583770712394,A
70,2,0,3.16767535214143,A
71,2,0,3.75301954802839,A
72,2,0,3.33275952731073,A
73,2,0,2.41307290339093,A
74,2,0,2.70755055172463,A
75,2,0,2.72218585291879,A
76,2,0,4.49939078731699,A
77,2,0,2.99442463386887,A
78,2,0,3.25633223321522,A
79,2,0,1.98076359413443,A
80,2,0,1.41217198837216,A
81,2,0,5.10973931559679,A
82,2,0,1.71682634580924,A
83,2,0,3.00648560275302,A
84,2,0,2.3853349955474,A
85,2,0,4.07003089128501,A
86,2,0,2.23780553379491,A
87,2,0,3.72495817380352,A
88,2,0,3.21110531436486,A
89,2,0,4.34085928392482,A
90,2,0,5.23107761275077,A
91,2,0,1.83056995028886,A
92,2,0,2.96478580032703,A
93,2,0,1.97228938353521,A
94,2,0,2.64814944743631,A
95,2,0,3.18799913578827,A
96,2,0,0.712579285922283,A
97,2,0,2.9615806489814,A
98,2,0,1.31563960553257,A
99,2,0,1.88121395860322,A
100,2,0,2.43932819176908,A
101,2,0,3.35673154795052,A
102,2,0,3.85949785745737,A
103,2,0,1.23614183403021,A
104,2,0,2.06239837232101,A
105,2,0,3.36068521298422,A
106,2,0,1.06776545759876,A
107,2,0,-0.222188602484184,A
108,2,0,3.09973797917033,A
109,2,0,4.32806457036836,A
110,2,0,3.65783214289686,A
111,2,0,2.99750854949345,A
112,2,0,1.05353343669888,A
113,2,0,4.42159657665051,A
114,2,0,1.57867096592596,A
115,2,0,4.36190599337173,A
116,2,0,2.60903935256472,A
117,2,0,1.57525514974737,A
118,2,0,3.19997391548004,A
119,2,0,1.50228046847806,A
120,2,0,3.1650149952397,A
121,2,0,1.19791369771338,A
122,2,0,3.57695253600298,A
123,2,0,3.2934608181951,A
124,2,0,2.52097952468039,A
125,2,0,3.13343819420025,A
126,2,0,2.71794603085173,A
127,2,0,2.57275175835955,A
128,2,0,3.07516574378062,A
129,2,0,3.3024503120898,A
130,2,0,4.78793487352652,A
131,2,0,-0.537499211237376,A
132,2,0,4.7591445602002,A
133,2,0,0.856741868346983,A
134,2,0,1.3513007470838,A
135,2,0,2.48456680730652,A
136,2,0,3.32351132110248,A
137,2,0,3.83662554314521,A
138,2,0,3.02054551872482,A
139,2,0,2.82851917108897,A
140,2,0,4.22783578055434,A
141,2,0,-0.0812310713203166,A
142,2,0,3.65226713131933,A
143,2,0,2.16551933818704,A
144,2,0,1.90374678634789,A
145,2,0,2.85231723001458,A
146,2,0,2.21749947639473,A
147,2,0,3.18287914328367,A
148,2,0,1.41400353809924,A
149,2,0,2.34845547205432,A
150,2,0,3.2947597103915,A
151,2,0,3.51958821933353,A
152,2,0,3.59995694754262,A
153,2,0,2.65588160519892,A
154,2,0,1.30990242737471,A
155,2,0,3.297422499402,A
156,2,0,2.71902601741826,A
157,2,0,2.90682607854211,A
158,2,0,1.99305171750647,A
159,2,0,3.03501622661613,A
160,2,0,5.6062831628205,A
161,2,0,3.56602357743057,A
162,2,0,2.99108391146179,A
163,2,0,2.84272975950817,A
164,2,0,5.47277193265539,A
165,2,0,2.03052735010767,A
166,2,0,2.79397327404412,A
167,2,0,-1.42372363127213,A
168,2,0,3.39538767186475,A
169,2,0,1.74320815884306,A
170,2,0,2.04443281613367,A
171,2,0,4.7453829687813,A
172,2,0,4.28503690785838,A
173,2,0,4.50725800225352,A
174,2,0,4.20432405649702,A
175,2,0,2.03144914206367,A
176,2,0,1.72042326861476,A
177,2,0,3.44716290491056,A
178,2,0,3.99157830284324,A
179,2,0,2.61168975009721,A
180,2,0,4.02324440743136,A
181,2,0,3.1046848498758,A
182,2,0,1.93007878920161,A
183,2,0,2.58138402125716,A
184,2,0,0.912552792260291,A
185,2,0,2.02192706812967,A
186,2,0,2.58117116513762,A
187,2,0,4.30139397584716,A
188,2,0,1.29048545522746,A
189,2,0,3.27967939530894,A
190,2,0,2.87051361141583,A
191,2,0,0.317777525910634,A
192,2,0,1.7907254851214,A
193,2,0,3.91444205218837,A
194,2,0,3.33562658916041,A
195,2,0,2.39763396433296,A
196,2,0,2.50699977721389,A
197,2,0,2.87950681107178,A
198,2,0,1.23633132328468,A
199,2,0,2.37899345413768,A
200,2,0,4.4564252281094,A
201,2,0,4.96211565981185,A
202,2,0,3.09593407206028,A
203,2,0,0.44161968042954,A
204,2,0,1.74992924038441,A
205,2,0,3.75996255709463,A
206,2,0,2.62171201950517,A
207,2,0,2.9397376053982,A
208,2,0,4.42596899721269,A
209,2,0,3.4735609519915,A
210,2,0,1.86068678056058,A
211,2,0,4.95115078029054,A
212,2,0,2.75079809001041,A
213,2,0,4.62000676261985,A
214,2,0,3.14004398252726,A
215,2,0,2.83806421955038,A
216,2,0,1.62756051472514,A
217,2,0,4.52490055809695,A
218,2,0,2.88774590198349,A
219,2,0,2.47472459622288,A
220,2,0,1.31555168870838,A
221,2,0,3.65977865252232,A
222,2,0,0.766085964088117,A
223,2,0,2.91588685239477,A
224,2,0,0.339210506636399,A
225,2,0,2.94384344860066,A
226,2,0,2.54304930179768,A
227,2,0,1.75597155647555,A
228,2,0,3.34254875289041,A
229,2,0,2.52957558996195,A
230,2,0,1.50784707032423,A
231,2,0,2.99950495751527,A
232,2,0,3.61022622518936,A
233,2,0,3.40942775786703,A
234,2,0,4.93133063204363,A
235,2,0,3.3005528831097,A
236,2,0,2.33641135882766,A
237,2,0,1.69670259435313,A
238,2,0,4.27173384302288,A
239,2,0,2.42393603807283,A
240,2,0,2.72192650559992,A
241,2,0,1.75470943467453,A
242,2,0,2.80045413244049,A
243,2,0,4.75591022690116,A
244,2,0,1.26445345768671,A
245,2,0,2.16908776284759,A
246,2,0,3.47458002621806,A
247,2,0,0.758053959622391,A
248,2,0,2.58351191894077,A
249,2,0,2.21065663688581,A
250,2,0,3.11628751818059,A
251,2,0,2.62732318086099,A
252,2,0,3.28457925063871,A
253,2,0,1.28207623534904,A
254,2,0,3.17739155366113,A
255,2,0,1.955289324697,A
256,2,0,3.74208696727042,A
257,2,0,4.33495899274202,A
258,2,0,3.05318379605207,A
259,2,0,3.66039285024671,A
260,2,0,1.69784162758234,A
261,2,0,3.22764024549101,A
262,2,0,3.08561914820198,A
263,2,0,1.11320621029291,A
264,2,0,2.9021164382465,A
265,2,0,4.92892538720467,A
266,2,0,4.32721140577042,A
267,2,0,2.80864334356071,A
268,2,0,4.45872837333982,A
269,2,0,1.53107759631672,A
270,2,0,2.97539448976613,A
271,2,0,3.79869462847275,A
272,2,0,1.73478313397473,A
273,2,0,3.02756927489378,A
274,2,0,4.20219338383268,A
275,2,0,3.96003673781142,A
276,2,0,3.08063358907595,A
277,2,0,2.45427361718857,A
278,2,0,3.20068032214772,A
279,2,0,3.18773982157302,A
280,2,0,5.12151387725713,A
281,2,0,4.64507503765461,A
282,2,0,4.74748459685223,A
283,2,0,1.96806804279207,A
284,2,0,2.66754869112733,A
285,2,0,1.41637374868415,A
286,2,0,3.56809870807282,A
287,2,0,4.39916612963179,A
288,2,0,1.88915368118362,A
289,2,0,2.33818757540023,A
290,2,0,0.985233454398129,A
291,2,0,4.05225606249557,A
292,2,0,2.4403868036453,A
293,2,0,4.29306908903275,A
294,2,0,4.86996791627896,A
295,2,0,2.52284720524429,A
296,2,0,3.38750930479814,A
297,2,0,1.92984742066684,A
298,2,0,2.889398986448,A
299,2,0,3.72980718429175,A
300,2,0,3.60780753244975,A
301,2,0,3.1777664486002,A
302,2,0,3.13466771120353,A
303,2,0,2.49911931330238,A
304,2,0,3.04846738500127,A
305,2,0,4.48861393396566,A
306,2,0,1.83955476209103,A
307,2,0,2.53019256815203,A
308,2,0,3.45005685094836,A
309,2,0,2.88332350007477,A
310,2,0,2.53902985468039,A
311,2,0,4.66650072757206,A
312,2,0,4.94003832909271,A
313,2,0,1.72873812655302,A
314,2,0,2.00247953331633,A
315,2,0,3.33626241411964,A
316,2,0,2.75477309651648,A
317,2,0,3.63657673547516,A
318,2,0,4.00361563271308,A
319,2,0,2.26047262022213,A
320,2,0,2.30804583051249,A
321,2,0,2.38356366206207,A
322,2,0,3.15551552085783,A
323,2,0,2.43784214756512,A
324,2,0,3.96785399578034,A
325,2,0,3.36894346836787,A
326,2,0,3.06882503051261,A
327,2,0,2.39454884179274,A
328,2,0,2.82327778677278,A
329,2,0,2.61573539422595,A
330,2,0,2.12622486005787,A
331,2,0,3.76216164818196,A
332,2,0,4.21554287372068,A
333,2,0,4.20215903039443,A
334,2,0,3.17764512847177,A
335,2,0,2.66877724139265,A
336,2,0,4.59192140678326,A
337,2,0,4.05641120351961,A
338,2,0,3.18456608554922,A
339,2,0,2.29918946750299,A
340,2,0,2.98897464117714,A
341,2,0,3.9734337205465,A
342,2,0,1.12454666227962,A
343,2,0,1.4626867348315,A
344,2,0,0.77276299248936,A
345,2,0,3.98942203737816,A
346,2,0,4.58832722494889,A
347,2,0,2.13029129123929,A
348,2,0,2.03852501174772,A
349,2,0,2.84456463982595,A
350,2,0,1.90708634936826,A
351,2,0,3.33402784680427,A
352,2,0,3.88867070209525,A
353,2,0,2.5861995768057,A
354,2,0,2.11272565436315,A
355,2,0,3.0382917128418,A
356,2,0,3.11950177422972,A
357,2,0,0.378885934306586,A
358,2,0,5.00101594604623,A
359,2,0,3.60839397750351,A
360,2,0,4.69892789342068,A
361,2,0,2.40552253680201,A
362,2,0,3.91264040480201,A
363,2,0,3.05412249949793,A
364,2,0,4.86494747243891,A
365,2,0,2.07757826978591,A
366,2,0,2.98311278939122,A
367,2,0,3.4020179564733,A
368,2,0,4.80082819275965,A
369,2,0,1.34802719011505,A
370,2,0,2.6170024416893,A
371,2,0,3.31816274817016,A
372,2,0,2.6138609478888,A
373,2,0,2.61393503135964,A
374,2,0,1.3277706967807,A
375,2,0,2.4816095481103,A
376,2,0,2.66307619489695,A
377,2,0,5.03312330249714,A
378,2,0,3.45686056240571,A
379,2,0,1.79328428015785,A
380,2,0,2.43331374578765,A
381,2,0,4.27880230630243,A
382,2,0,3.92549640805919,A
383,2,0,3.36806131800792,A
384,2,0,3.88526697317004,A
385,2,0,3.70535005314294,A
386,2,0,1.57063564264692,A
387,2,0,2.42844188751609,A
388,2,0,-0.317358510178211,A
389,2,0,4.82782995242765,A
390,2,0,5.68815698462773,A
391,2,0,3.67042716368517,A
392,2,0,3.62712183644193,A
393,2,0,2.97787134741695,A
394,2,0,2.9934969928491,A
395,2,0,1.72062585297201,A
396,2,0,4.03794704390173,A
397,2,0,3.07490452065134,A
398,2,0,3.56170956380353,A
399,2,0,2.80912579835073,A
400,2,0,1.12420244235623,A
401,2,0,1.52465326105002,A
402,2,0,4.2250998355314,A
403,2,0,3.91176188536988,A
404,2,0,3.4768899838264,A
405,2,0,2.07497050559437,A
406,2,0,3.38652700120826,A
407,2,0,4.72579024019969,A
408,2,0,4.07408604867674,A
409,2,0,2.64852987210025,A
410,2,0,2.0453801793759,A
411,2,0,3.81741644399937,A
412,2,0,1.90646624021673,A
413,2,0,2.19474629981779,A
414,2,0,1.9320303421069,A
415,2,0,2.77746722305487,A
416,2,0,0.14718642313819,A
417,2,0,1.82297701254847,A
418,2,0,1.81047808360158,A
419,2,0,1.5868728794757,A
420,2,0,0.168327983746618,A
421,2,0,2.51632409237051,A
422,2,0,-0.274724888160007,A
423,2,0,2.01904904689697,A
424,2,0,4.63210053262411,A
425,2,0,3.74637917144384,A
426,2,0,0.433723277115566,A
427,2,0,2.70346516358988,A
428,2,0,1.95358863557389,A
429,2,0,3.74116719427563,A
430,2,0,2.83137941103483,A
431,2,0,2.933738533257,A
432,2,0,4.11129648971454,A
433,2,0,3.55263364417188,A
434,2,0,1.66589619384282,A
435,2,0,3.36182742332482,A
436,2,0,2.2061105977951,A
437,2,0,4.15384684328549,A
438,2,0,1.83077831014608,A
439,2,0,3.62920603019594,A
440,2,0,4.92834853523331,A
441,2,0,1.94171427020767,A
442,2,0,3.05145700057039,A
443,2,0,3.54412066989568,A
444,2,0,3.56752347868714,A
445,2,0,3.26458940039938,A
446,2,0,2.03676996346686,A
447,2,0,2.40828449126927,A
448,2,0,3.80739832720378,A
449,2,0,2.67126632980555,A
450,2,0,3.71993015933961,A
451,2,0,0.64090925666105,A
452,2,0,3.84527862794033,A
453,2,0,1.99082733334987,A
454,2,0,1.88918053733836,A
455,2,0,3.89604410430195,A
456,2,0,3.33835377218962,A
457,2,0,1.11858202843419,A
458,2,0,3.69193476330232,A
459,2,0,2.51510575105398,A
460,2,0,3.68323093995705,A
461,2,0,3.49638884320901,A
462,2,0,4.06046157858589,A
463,2,0,1.25085080669172,A
464,2,0,3.69746960963759,A
465,2,0,2.07873564579631,A
466,2,0,2.57249145490995,A
467,2,0,2.06810063408053,A
468,2,0,3.31370474272424,A
469,2,0,3.59011542552915,A
470,2,0,3.86386253971593,A
471,2,0,2.64693187905904,A
472,2,0,4.67974843170597,A
473,2,0,2.8923085767908,A
474,2,0,2.88070087700861,A
475,2,0,2.89256985812967,A
476,2,0,1.22418738523918,A
477,2,0,5.13199993426753,A
478,2,0,2.97322947489517,A
479,2,0,4.24377752132861,A
480,2,0,3.97369142437191,A
481,2,0,3.03600916201994,A
482,2,0,4.76083234649198,A
483,2,0,4.27875129385399,A
484,2,0,3.36440160775311,A
485,2,0,1.21415372129732,A
486,2,0,5.92590584805146,A
487,2,0,4.41715765847814,A
488,2,0,3.67112889287913,A
489,2,0,4.1499781952917,A
490,2,0,3.81643654948664,A
491,2,0,4.39776556617833,A
492,2,0,2.664737809599,A
493,2,0,2.71983499079996,A
494,2,0,3.27621337605152,A
495,2,0,2.18030808144793,A
496,2,0,2.33397890750298,A
497,2,0,3.14273128537632,A
498,2,0,3.83361620804551,A
499,2,0,4.17926900536459,A
500,2,0,1.76219528908615,A
501,2,0,2.97445993041943,A
502,2,0,3.77269993648262,A
503,2,0,1.29236325661836,A
504,2,0,4.77559381341678,A
505,2,0,2.62517447109181,A
506,2,0,2.93805572610798,A
507,2,0,2.58415464842161,A
508,2,0,3.85700367200775,A
509,2,0,2.44626103511722,A
510,2,0,3.81747980528086,A
511,2,0,0.158625283826862,A
512,2,0,3.11588227016205,A
513,2,0,1.22447261514787,A
514,2,0,2.6455423193395,A
515,2,0,2.34412640091902,A
516,2,0,1.85802456409833,A
517,2,0,3.39629077509513,A
518,2,0,3.33274630418634,A
519,2,0,1.61883534187457,A
520,2,0,3.01265200456747,A
521,2,0,0.949118662847053,A
522,2,0,4.59494611034144,A
523,2,0,5.55365439051746,A
524,2,0,4.8704404071837,A
525,2,0,0.199753286379781,A
526,2,0,0.835805133711867,A
527,2,0,1.45234298548075,A
528,2,0,2.8557866686895,A
529,2,0,1.43384045500551,A
530,2,0,4.19989760444242,A
531,2,0,4.01954644391497,A
532,2,0,4.55729524715186,A
533,2,0,3.0297257513486,A
534,2,0,3.5090902963594,A
535,2,0,4.58662801104179,A
536,2,0,3.7503245214768,A
537,2,0,4.12985539071784,A
538,2,0,3.18012337726568,A
539,2,0,1.14679935613353,A
540,2,0,2.62147336034463,A
541,2,0,4.85670846146019,A
542,2,0,3.87464570088712,A
543,2,0,2.85319941742971,A
544,2,0,3.8428431320837,A
545,2,0,3.15574753376471,A
546,2,0,1.78485086486976,A
547,2,0,4.32236605295048,A
548,2,0,5.02466726077356,A
549,2,0,2.16285050549702,A
550,2,0,3.11099283984302,A
551,2,0,5.26933233247419,A
552,2,0,2.39841620599252,A
553,2,0,2.38766289965694,A
554,2,0,1.7142076802774,A
555,2,0,4.05117833827953,A
556,2,0,3.60016017161397,A
557,2,0,3.87681895940051,A
558,2,0,3.33995540352349,A
559,2,0,1.90823856473853,A
560,2,0,3.33361650631612,A
561,2,0,1.64162322388652,A
562,2,0,1.90193326814311,A
563,2,0,3.72217267878772,A
564,2,0,3.69132563502795,A
565,2,0,2.18492723762288,A
566,2,0,3.4762724139317,A
567,2,0,1.71700404913657,A
568,2,0,3.87777528735657,A
569,2,0,1.21758712623361,A
570,2,0,2.88712400689036,A
571,2,0,1.95151568048254,A
572,2,0,3.05582654181955,A
573,2,0,2.45475645654952,A
574,2,0,2.38344980616739,A
575,2,0,3.60577821617652,A
576,2,0,5.44917152577374,A
577,2,0,3.05599826383981,A
578,2,0,2.50778126643782,A
579,2,0,1.9602556738323,A
580,2,0,4.5013093830487,A
581,2,0,2.58571554504395,A
582,2,0,2.79309494597595,A
583,2,0,3.67380875060502,A
584,2,0,0.94045378163144,A
585,2,0,3.40170413679106,A
586,2,0,3.13236859416032,A
587,2,0,2.95041111368915,A
588,2,0,3.77980680804657,A
589,2,0,4.23989423624677,A
590,2,0,2.68789819134158,A
591,2,0,3.97701094902479,A
592,2,0,2.21140027478406,A
593,2,0,3.74823528498706,A
594,2,0,2.48644629369245,A
595,2,0,1.92893410900788,A
596,2,0,4.00219658328069,A
597,2,0,1.8702675102937,A
598,2,0,0.83401083683064,A
599,2,0,4.49802360927397,A
600,2,0,3.45266019448907,A
601,2,0,3.22783537077109,A
602,2,0,3.77808086837281,A
603,2,0,4.00944113637326,A
604,2,0,3.81003569929556,A
605,2,0,1.29318197062938,A
606,2,0,2.65212437784661,A
607,2,0,4.82042332712322,A
608,2,0,2.05064407555634,A
609,2,0,2.08964005195048,A
610,2,0,3.25485440360486,A
611,2,0,2.82247516268445,A
612,2,0,3.72838534222395,A
613,2,0,4.58343937494945,A
614,2,0,2.62379504311574,A
615,2,0,2.73731973146759,A
616,2,0,2.71127385622552,A
617,2,0,3.43453368184381,A
618,2,0,3.24882107922994,A
619,2,0,1.13924558145171,A
620,2,0,2.80818157066429,A
621,2,0,2.46644097937456,A
622,2,0,2.24727374875031,A
623,2,0,3.32944919863112,A
624,2,0,1.01293469412166,A
625,2,0,3.34451184727602,A
626,2,0,4.29507626281777,A
627,2,0,2.30735713717709,A
628,2,0,3.71096250861628,A
629,2,0,4.19688285588475,A
630,2,0,4.54966826863512,A
631,2,0,4.20216097009723,A
632,2,0,3.25203025106557,A
633,2,0,3.75985174929661,A
634,2,0,2.70493132015353,A
635,2,0,3.92172329830832,A
636,2,0,2.85938240831459,A
637,2,0,3.77716091150339,A
638,2,0,2.73147897583801,A
639,2,0,1.87868829375963,A
640,2,0,3.16693404447367,A
641,2,0,3.78231696830154,A
642,2,0,1.3837324186478,A
643,2,0,3.22795608100058,A
644,2,0,1.71970279320112,A
645,2,0,3.46700031697551,A
646,2,0,3.09283410304097,A
647,2,0,3.19730869284813,A
648,2,0,4.31329634880801,A
649,2,0,3.32130920708663,A
650,2,0,2.90769962754296,A
651,2,0,2.77463979173066,A
652,2,0,0.856316966661445,A
653,2,0,3.52177641170994,A
654,2,0,1.66306717957197,A
655,2,0,3.5033597583577,A
656,2,0,4.08443869918602,A
657,2,0,2.53830006574842,A
658,2,0,4.209491634805,A
659,2,0,2.93653774747867,A
660,2,0,2.42449802661153,A
661,2,0,2.27596340303249,A
662,2,0,1.53973332559989,A
663,2,0,3.41542384998031,A
664,2,0,4.55191797285066,A
665,2,0,3.41394292262015,A
666,2,0,3.47843141500805,A
667,2,0,4.2223812264101,A
668,2,0,2.18007640811914,A
669,2,0,1.86716054127965,A
670,2,0,2.58435423995856,A
671,2,0,2.43662097089794,A
672,2,0,3.30146252729981,A
673,2,0,3.34392935430817,A
674,2,0,3.66130759802065,A
675,2,0,2.64156483705056,A
676,2,0,3.95706996703622,A
677,2,0,3.8514218175339,A
678,2,0,2.54754978830693,A
679,2,0,3.09284230999197,A
680,2,0,3.03764506710905,A
681,2,0,1.6586626309919,A
682,2,0,3.77336015709246,A
683,2,0,2.79139279745687,A
684,2,0,3.26745361323567,A
685,2,0,3.41416837958601,A
686,2,0,2.78181728638205,A
687,2,0,2.57641771646589,A
688,2,0,2.96848423960731,A
689,2,0,4.16349865167217,A
690,2,0,3.41352731317237,A
691,2,0,1.3329160276684,A
692,2,0,3.88260816003264,A
693,2,0,2.74992773729689,A
694,2,0,2.94087973314759,A
695,2,0,4.34813060022265,A
696,2,0,4.8239031980895,A
697,2,0,1.53620878492487,A
698,2,0,1.18244454706959,A
699,2,0,2.35139885570058,A
700,2,0,2.43410118744838,A
701,2,0,2.32320735619106,A
702,2,0,4.69478763800469,A
703,2,0,0.822439586237099,A
704,2,0,3.19457839886011,A
705,2,0,2.04311384380346,A
706,2,0,3.81700364284107,A
707,2,0,4.09119430898523,A
708,2,0,1.54582707683896,A
709,2,0,2.42208000538329,A
710,2,0,2.91207868999297,A
711,2,0,1.22856076160487,A
712,2,0,1.7102672976857,A
713,2,0,3.31460144942042,A
714,2,0,3.05886550050729,A
715,2,0,1.48026045018242,A
716,2,0,3.72053674966019,A
717,2,0,-0.116453975530402,A
718,2,0,4.3651524075402,A
719,2,0,1.18037587020088,A
720,2,0,4.7030577252382,A
721,2,0,1.75583885026891,A
722,2,0,2.19989597800873,A
723,2,0,2.35833271813273,A
724,2,0,3.50937432056704,A
725,2,0,2.68731437154186,A
726,2,0,3.5838313609984,A
727,2,0,4.20290808564465,A
728,2,0,3.66859630771092,A
729,2,0,3.84101848914627,A
730,2,0,2.31817972562896,A
731,2,0,2.33688478063842,A
732,2,0,4.00130114279901,A
733,2,0,1.26101002833243,A
734,2,0,2.07625993111227,A
735,2,0,3.19647123325915,A
736,2,0,2.66087452820443,A
737,2,0,2.21502075299166,A
738,2,0,3.58119851964164,A
739,2,0,3.4831307604251,A
740,2,0,3.45841113889844,A
741,2,0,2.61999712736068,A
742,2,0,2.87497136581451,A
743,2,0,1.51548805472138,A
744,2,0,2.11905400976283,A
745,2,0,2.72593121022464,A
746,2,0,2.54991728406576,A
747,2,0,1.88541928533972,A
748,2,0,4.54410395886139,A
749,2,0,2.70221423526498,A
750,2,0,3.09172657023839,A
751,2,0,2.27806169055292,A
752,2,0,3.492553108212,A
753,2,0,0.98778548190142,A
754,2,0,3.55625989244113,A
755,2,0,1.39525363739672,A
756,2,0,2.35219081427887,A
757,2,0,3.64403221141237,A
758,2,0,2.6688822689928,A
759,2,0,3.72161754572329,A
760,2,0,3.42266906560954,A
761,2,0,2.20100799385759,A
762,2,0,2.2824177128138,A
763,2,0,3.53194685170489,A
764,2,0,3.53799334191993,A
765,2,0,5.16614420241582,A
766,2,0,4.1730804461921,A
767,2,0,4.2683071351985,A
768,2,0,3.44881489300624,A
769,2,0,3.40509852805206,A
770,2,0,3.17776186410162,A
771,2,0,3.64502423325896,A
772,2,0,2.7819630691273,A
773,2,0,4.30450865276096,A
774,2,0,2.51074557922947,A
775,2,0,2.76418948490649,A
776,2,0,2.4791861130677,A
777,2,0,4.96487185069679,A
778,2,0,2.16936476830049,A
779,2,0,2.04461251649411,A
780,2,0,2.24374193326089,A
781,2,0,1.42457191040623,A
782,2,0,4.95608158836939,A
783,2,0,5.6744126148206,A
784,2,0,2.6293088961595,A
785,2,0,4.26993360079392,A
786,2,0,2.75785443559985,A
787,2,0,2.33556311422936,A
788,2,0,1.99910367046335,A
789,2,0,4.17951183710035,A
790,2,0,3.00444308570805,A
791,2,0,2.32384574863602,A
792,2,0,3.84519345784591,A
793,2,0,2.59541049950664,A
794,2,0,2.14654121922995,A
795,2,0,2.43168827950486,A
796,2,0,3.47386535510777,A
797,2,0,2.69018750973666,A
798,2,0,3.74223649776427,A
799,2,0,3.88587721267614,A
800,2,0,2.41587214400868,A
801,2,0,3.42068042361294,A
802,2,0,2.23245642744437,A
803,2,0,3.75040907680658,A
804,2,0,2.95864226524709,A
805,2,0,4.59477808059745,A
806,2,0,2.25329997963626,A
807,2,0,3.11500461126214,A
808,2,0,2.4831870382232,A
809,2,0,1.85834586890931,A
810,2,0,4.00272393206669,A
811,2,0,4.77938635326109,A
812,2,0,2.11944129601383,A
813,2,0,2.52151198296563,A
814,2,0,3.79272819951858,A
815,2,0,4.0503009987895,A
816,2,0,2.77112704033232,A
817,2,0,2.41999896174441,A
818,2,0,2.59543960477416,A
819,2,0,2.88429371052476,A
820,2,0,2.66923762924825,A
821,2,0,4.89429754041808,A
822,2,0,4.9336683381877,A
823,2,0,3.49116953822109,A
824,2,0,4.49889768219205,A
825,2,0,2.0298560550688,A
826,2,0,2.10185683483198,A
827,2,0,1.60207178710093,A
828,2,0,3.43716398715007,A
829,2,0,1.41627950366457,A
830,2,0,2.39578411258585,A
831,2,0,3.52828568873024,A
832,2,0,2.83984201339322,A
833,2,0,2.24408320141228,A
834,2,0,3.24103595815147,A
835,2,0,3.64981144649739,A
836,2,0,1.61201702534154,A
837,2,0,3.74445904966707,A
838,2,0,3.18560004712535,A
839,2,0,5.14666040819833,A
840,2,0,1.46827463205893,A
841,2,0,4.27586373040432,A
842,2,0,3.85820292571643,A
843,2,0,2.21862116318611,A
844,2,0,4.93618279057532,A
845,2,0,4.24427209439666,A
846,2,0,2.95965162250239,A
847,2,0,4.59086063541836,A
848,2,0,2.12240042591338,A
849,2,0,3.89669928524133,A
850,2,0,2.18960950361659,A
851,2,0,2.33869031218389,A
852,2,0,2.95106729878748,A
853,2,0,4.23989680528626,A
854,2,0,2.42642096416703,A
855,2,0,0.909943655888365,A
856,2,0,1.56892844720567,A
857,2,0,2.55712908471103,A
858,2,0,4.04250885692237,A
859,2,0,4.05291166572892,A
860,2,0,4.38848404041803,A
861,2,0,3.35864182242256,A
862,2,0,2.35283518005503,A
863,2,0,2.93836834559759,A
864,2,0,3.05865358931193,A
865,2,0,4.4566500108879,A
866,2,0,3.43590457348753,A
867,2,0,1.98389597037391,A
868,2,0,4.3298571131622,A
869,2,0,3.2106310911713,A
870,2,0,2.55347621929293,A
871,2,0,3.48240306896472,A
872,2,0,1.22792409581134,A
873,2,0,3.54494444010035,A
874,2,0,3.77890035502836,A
875,2,0,3.59608888084449,A
876,2,0,5.08980245529935,A
877,2,0,2.86956731117282,A
878,2,0,2.17335047454468,A
879,2,0,1.87557212099224,A
880,2,0,1.22979779443663,A
881,2,0,1.71180798214027,A
882,2,0,4.29373509998394,A
883,2,0,2.68473217276948,A
884,2,0,3.72993505954017,A
885,2,0,4.40883570784743,A
886,2,0,2.15347898686817,A
887,2,0,3.86852934328545,A
888,2,0,3.00813943798708,A
889,2,0,3.29693116240182,A
890,2,0,2.87342564013792,A
891,2,0,3.35814309484063,A
892,2,0,3.02313249773007,A
893,2,0,3.30698793604664,A
894,2,0,1.9419985044841,A
895,2,0,3.45612231682553,A
896,2,0,4.48290964435095,A
897,2,0,1.14116355915228,A
898,2,0,2.44129170844698,A
899,2,0,2.82591093294608,A
900,2,0,3.58052247856249,A
901,2,0,2.11837075774865,A
902,2,0,3.50016741365696,A
903,2,0,0.848268773754806,A
904,2,0,3.73588372953343,A
905,2,0,2.93936875318708,A
906,2,0,3.36507433925553,A
907,2,0,4.42187364263538,A
908,2,0,3.93308100095291,A
909,2,0,3.73788843929504,A
910,2,0,4.46444754907259,A
911,2,0,5.18705970229257,A
912,2,0,3.11096761898672,A
913,2,0,1.41686292908296,A
914,2,0,0.985731180292414,A
915,2,0,0.453331193179101,A
916,2,0,4.02131420684316,A
917,2,0,3.54005364744924,A
918,2,0,3.85541180647723,A
919,2,0,3.64286977897297,A
920,2,0,2.31088856679425,A
921,2,0,1.88047878558217,A
922,2,0,3.64620183861569,A
923,2,0,2.5313877158176,A
924,2,0,4.39544816267651,A
925,2,0,2.97255324155607,A
926,2,0,1.84536517642541,A
927,2,0,2.68153484201618,A
928,2,0,4.64965891622208,A
929,2,0,3.87721237469394,A
930,2,0,3.21270632498375,A
931,2,0,3.40490059027888,A
932,2,0,4.17266282529493,A
933,2,0,2.92129552662507,A
934,2,0,1.08919217949895,A
935,2,0,1.62825461766799,A
936,2,0,1.49810911627581,A
937,2,0,2.95095733306315,A
938,2,0,2.3951855615839,A
939,2,0,3.19835363815033,A
940,2,0,2.35457821273362,A
941,2,0,4.20150264879023,A
942,2,0,4.44712914349299,A
943,2,0,4.2314902638533,A
944,2,0,0.952456781348014,A
945,2,0,2.08289696872715,A
946,2,0,3.74874151167817,A
947,2,0,2.86221886188694,A
948,2,0,2.75338262269965,A
949,2,0,2.61617051106966,A
950,2,0,2.74384575881059,A
951,2,0,0.0808285605726617,A
952,2,0,2.74667684681145,A
953,2,0,3.5293908597741,A
954,2,0,4.61726924066122,A
955,2,0,2.6316536563498,A
956,2,0,3.01783742567618,A
957,2,0,2.92790928015741,A
958,2,0,2.3588468726034,A
959,2,0,2.33668056981156,A
960,2,0,2.75032288345446,A
961,2,0,5.1044628444403,A
962,2,0,4.62459590726677,A
963,2,0,4.52200816410446,A
964,2,0,1.73435226156729,A
965,2,0,3.70793809492953,A
966,2,0,3.64282106144291,A
967,2,0,1.79294632512515,A
968,2,0,1.79469816220015,A
969,2,0,2.54048116631888,A
970,2,0,5.10443445387905,A
971,2,0,3.52045858886847,A
972,2,0,1.22516619462749,A
973,2,0,2.3302708990421,A
974,2,0,3.72976063785368,A
975,2,0,2.90384164546167,A
976,2,0,2.30425853592475,A
977,2,0,1.53335221443898,A
978,2,0,1.99336502060452,A
979,2,0,3.11947056646035,A
980,2,0,3.89057449499962,A
981,2,0,3.65522595163518,A
982,2,0,0.361688426435057,A
983,2,0,2.17054386337676,A
984,2,0,3.94310701879956,A
985,2,0,4.12290883208385,A
986,2,0,3.5926960261557,A
987,2,0,4.38001794062348,A
988,2,0,0.925898313928442,A
989,2,0,2.85141939420283,A
990,2,0,2.4846277309539,A
991,2,0,5.89018109128173,A
992,2,0,2.20555935781529,A
993,2,0,3.65526642480108,A
994,2,0,2.85663601954338,A
995,2,0,2.49338604227764,A
996,2,0,3.23085687130533,A
997,2,0,3.4010058615844,A
998,2,0,3.43997017916926,A
999,2,0,3.45818626930651,A
1000,2,0,3.79279579112892,A
1001,2,0.994383235927671,5.46980195188627,A
1002,2,1.50870201783255,5.41237204352124,A
1003,2,1.89394281012937,4.6609616674027,A
1004,2,1.00955649046227,4.76918907057732,A
1005,2,2.07316540880129,8.73470558845529,A
1006,2,0.877133394125849,2.38929672755009,A
1007,2,2.00514570204541,5.46445293983165,A
1008,2,1.97891556890681,6.48850440155358,A
1009,2,1.24853473203257,6.18612798519118,A
1010,2,1.42637240886688,5.30342571508459,A
1011,2,1.63532750029117,5.31837386514805,A
1012,2,0.874802968464792,5.93446369656055,A
1013,2,2.41318567749113,4.84659426113187,A
1014,2,1.92061884747818,5.17423542433079,A
1015,2,1.24576111743227,5.65189147839649,A
1016,2,1.50367994979024,4.39550987754199,A
1017,2,0.854605956934393,5.15659094332498,A
1018,2,0.626948896795511,2.51118237681544,A
1019,2,0.924291975796223,5.38870577473821,A
1020,2,0.540680668782443,3.26613333837601,A
1021,2,1.93954399321228,6.50432110513084,A
1022,2,0.721939774695784,5.02421642205021,A
1023,2,1.51278617186472,2.20331515387566,A
1024,2,1.71171136246994,7.05551933536493,A
1025,2,1.32636402267963,4.01801607656121,A
1026,2,0.637722610495985,3.99906013825495,A
1027,2,2.40339113399386,6.75279818126519,A
1028,2,0.60695316363126,2.56958237556309,A
1029,2,2.00172026036307,6.44834699152952,A
1030,2,0.831197828054428,3.67061886493672,A
1031,2,1.66504660667852,5.27041420513084,A
1032,2,1.76183833181858,6.52134590708762,A
1033,2,2.26580835320056,2.88356955311032,A
1034,2,1.35336819337681,5.23471117617331,A
1035,2,1.54871581634507,6.88766263281935,A
1036,2,1.0495661883615,4.61773304425544,A
1037,2,0.537330536171794,5.69218380402556,A
1038,2,2.35475506167859,7.26624347390171,A
1039,2,1.64487182488665,5.56474736246483,A
1040,2,1.06618992146105,5.39967545936267,A
1041,2,0.890407688450068,4.81443911637979,A
1042,2,0.931315305642784,4.61964352390286,A
1043,2,1.71897457772866,3.4489006946788,A
1044,2,0.748466763179749,5.12978536690059,A
1045,2,2.1834461116232,8.08555962928702,A
1046,2,2.24280060874298,5.69943459240878,A
1047,2,0.928438959643245,3.50074817260828,A
1048,2,1.76084086298943,6.85352631183014,A
1049,2,2.394037601538,5.99765808919135,A
1050,2,2.17659496422857,5.6992959641213,A
1051,2,0.913434395100921,3.22805057745076,A
1052,2,0.62737928936258,4.1017742145265,A
1053,2,1.00696027185768,4.34315444050297,A
1054,2,1.68345694011077,6.54424566667897,A
1055,2,1.36907107708976,5.18022404511225,A
1056,2,0.819341673515737,3.31656638068606,A
1057,2,1.12340000132099,4.36333916107387,A
1058,2,1.73872005287558,4.58096790368118,A
1059,2,1.01683405088261,5.20806373505187,A
1060,2,1.51697687944397,5.27803764495508,A
1061,2,2.22793766204268,5.17703614027317,A
1062,2,2.46337875677273,5.63699161135199,A
1063,2,1.56524982955307,5.04255121014049,A
1064,2,1.87392073916271,6.42290880226648,A
1065,2,1.3358768094331,5.3766466080894,A
1066,2,1.28846477065235,5.77406196249424,A
1067,2,1.54960825666785,5.52326822032303,A
1068,2,1.31434180727229,7.50292759796655,A
1069,2,1.8858210798353,7.49540829062535,A
1070,2,0.970098789315671,4.58990869291635,A
1071,2,0.826918786391616,3.82055079879984,A
1072,2,0.717664004303515,6.02979745320513,A
1073,2,0.622189262416214,3.69763110947929,A
1074,2,1.18256326764822,5.33141172794905,A
1075,2,2.11045349063352,6.09907213624208,A
1076,2,0.786331261973828,3.67905419706186,A
1077,2,1.31391259888187,8.2392937944652,A
1078,2,0.78392219170928,4.37361770990306,A
1079,2,2.13460977608338,8.0138000170483,A
1080,2,0.647788023110479,4.2942395783544,A
1081,2,2.45104581490159,4.27340857766189,A
1082,2,1.88530052779242,6.68189481041909,A
1083,2,1.86811613710597,5.58095414146048,A
1084,2,1.66152286436409,5.80253766973652,A
1085,2,1.96152226347476,5.17627954775584,A
1086,2,2.31383038172498,6.39423506845283,A
1087,2,2.43135175621137,4.94290019349768,A
1088,2,2.03568346286193,7.33160857382185,A
1089,2,1.46156861772761,4.89062114735169,A
1090,2,0.57623368408531,5.00445561730124,A
1091,2,1.93249436607584,5.97095401112479,A
1092,2,2.30981815839186,4.90156374014557,A
1093,2,2.3587234839797,5.33373375743812,A
1094,2,0.60834004310891,3.53584195116888,A
1095,2,1.87921843258664,4.88732722662377,A
1096,2,0.983470604289323,5.69946434514145,A
1097,2,1.44081066735089,4.68396904731087,A
1098,2,2.05852331407368,7.66758946318243,A
1099,2,0.827505077235401,4.67285126500542,A
1100,2,2.10127352876589,5.78356846285994,A
1101,2,2.24885872937739,6.38843270622479,A
1102,2,2.18696342874318,4.42343216648053,A
1103,2,0.626185919158161,3.04547782499976,A
1104,2,1.90941332560033,5.94755546630652,A
1105,2,0.881891759578139,3.60236872218705,A
1106,2,2.07915485789999,9.29940128944542,A
1107,2,1.45834340481088,6.06786973284416,A
1108,2,2.23367604101077,7.40344754389972,A
1109,2,0.504473472479731,3.44305090706189,A
1110,2,1.58023282745853,4.19324680337737,A
1111,2,0.568702839780599,4.32976887098866,A
1112,2,1.93461171677336,6.99368886660913,A
1113,2,2.04602724546567,4.9782946759083,A
1114,2,2.42303851433098,5.94212043708485,A
1115,2,0.626890395767987,4.02857176219263,A
1116,2,1.21036749472842,4.33815411719273,A
1117,2,2.28994022682309,4.79031081710846,A
1118,2,1.19064359040931,4.44462754309759,A
1119,2,0.690177620388567,3.80022633546455,A
1120,2,0.771076110657305,3.49286477710952,A
1121,2,1.82037036214024,6.32205527782751,A
1122,2,0.749710963107646,2.5637909739756,A
1123,2,2.25222740788013,6.1155604586311,A
1124,2,2.18874899530783,3.91492152513885,A
1125,2,1.6840007007122,4.51931722933129,A
1126,2,1.40757531207055,6.49218898301049,A
1127,2,1.83654915774241,4.62140554639583,A
1128,2,1.92028796486557,4.2625627836124,A
1129,2,0.750540420413017,1.84706039370238,A
1130,2,2.20730197662488,7.19266419870365,A
1131,2,0.782906685490161,5.54011472806269,A
1132,2,1.35893410211429,5.45512826128012,A
1133,2,1.62005003448576,6.00276918720349,A
1134,2,1.99774904176593,7.78676037624191,A
1135,2,1.89499266026542,4.18985246956331,A
1136,2,1.60167588479817,5.89989669307792,A
1137,2,1.5362192732282,6.81769097100272,A
1138,2,2.21261094883084,7.04965259780885,A
1139,2,0.770856009796262,5.41907654727191,A
1140,2,2.12626361241564,5.65144710910147,A
1141,2,1.61135042551905,5.71894533211866,A
1142,2,0.87681621639058,5.08832343991905,A
1143,2,1.37610560748726,4.31472336319824,A
1144,2,1.43115296773613,2.71455853389733,A
1145,2,0.707134093157947,6.6935989725998,A
1146,2,1.24854370579124,7.38548961143802,A
1147,2,1.0607303394936,3.98377457565073,A
1148,2,1.66578469518572,5.83564356272043,A
1149,2,1.40944436006248,3.0769299145807,A
1150,2,1.34038934670389,6.44529422636754,A
1151,2,1.80508960038424,5.2289190774741,A
1152,2,1.34780299989507,4.51868701817607,A
1153,2,0.964507014956325,5.27079297846217,A
1154,2,2.44192746467888,8.21466906259584,A
1155,2,0.762548853177577,5.83910059371208,A
1156,2,0.734482647385448,7.14203412530104,A
1157,2,0.621464634779841,4.89826770287873,A
1158,2,1.54258403228596,3.89120479457212,A
1159,2,2.38171702343971,4.70747282273977,A
1160,2,0.731985283549875,3.67272815394879,A
1161,2,0.575949357356876,3.43080045841387,A
1162,2,2.00077172974125,5.61011094343751,A
1163,2,1.65023056091741,6.31511347268008,A
1164,2,0.538841233123094,5.35385282156095,A
1165,2,1.8273759027943,8.99695279246213,A
1166,2,0.616424913983792,4.36337780795751,A
1167,2,1.60101329395548,3.86286969535667,A
1168,2,1.58495413325727,6.00468481334678,A
1169,2,1.17006404651329,4.62600600008352,A
1170,2,2.16798817273229,6.69023404059044,A
1171,2,1.19941332796589,4.01105206748476,A
1172,2,0.542746920138598,6.59504526518096,A
1173,2,2.483522397466,6.94448300770018,A
1174,2,1.15081511437893,2.74653588092521,A
1175,2,0.591801543720067,5.39764482824684,A
1176,2,2.19765934580937,7.22373691215941,A
1177,2,1.9284517983906,6.0951540190293,A
1178,2,2.29861953295767,7.28314564626146,A
1179,2,2.43085739947855,6.29726334514488,A
1180,2,2.32767304265872,5.38966013878948,A
1181,2,2.11119148368016,3.38427156261207,A
1182,2,2.11054018232971,4.89050854099731,A
1183,2,1.80568426148966,8.7328907905562,A
1184,2,1.11379285342991,6.58717393682457,A
1185,2,0.983029434923083,3.08510131265771,A
1186,2,1.73680644622073,4.72825691092967,A
1187,2,2.33739324565977,5.72244663814653,A
1188,2,1.24126850860193,4.30994875274906,A
1189,2,1.14547805348411,5.32702927409476,A
1190,2,0.602013896219432,6.14383453120672,A
1191,2,0.96452636923641,6.04278333100423,A
1192,2,1.5834013116546,6.1872783778921,A
1193,2,1.17510044807568,4.30624004007816,A
1194,2,1.50003397325054,4.48309978743519,A
1195,2,2.45993704395369,3.59389653408612,A
1196,2,1.22446034941822,5.16335009875486,A
1197,2,0.757523554842919,5.43409544451553,A
1198,2,1.30954521568492,6.78223888004701,A
1199,2,1.72596768382937,7.59585431984549,A
1200,2,1.16559763252735,4.53658955658504,A
1201,2,1.11219348898157,3.43965478334751,A
1202,2,0.624067182186991,5.31656250299045,A
1203,2,1.27193627133966,6.01610581835341,A
1204,2,1.95883107325062,6.57941590155106,A
1205,2,1.47662052931264,3.06185251823308,A
1206,2,0.996492527425289,1.71987740070293,A
1207,2,0.528280047234148,5.2555741533976,A
1208,2,0.954783275723457,5.84238290326593,A
1209,2,2.31757694622502,6.12979216961861,A
1210,2,0.642195061314851,4.52835804323612,A
1211,2,2.17624264350161,5.90262628342926,A
1212,2,0.667961127124727,4.73485798169431,A
1213,2,1.04215665906668,3.85112404189752,A
1214,2,0.810621010139585,4.50122389151802,A
1215,2,2.31553031830117,5.87679028835229,A
1216,2,2.47052643541247,6.89519040523659,A
1217,2,0.976090871263295,4.10365159815955,A
1218,2,0.59008954744786,3.53308157759016,A
1219,2,0.763133230619133,3.46338876990442,A
1220,2,1.74957641027868,4.8587633623295,A
1221,2,2.24697910249233,5.52053479887565,A
1222,2,1.74483908712864,5.30491991913405,A
1223,2,2.29788334388286,4.37065633799109,A
1224,2,1.39191277092323,7.19895325125006,A
1225,2,1.43184183444828,5.88130160940637,A
1226,2,0.631708316504955,4.29446460811629,A
1227,2,0.530662683304399,4.0281339760834,A
1228,2,1.76006476068869,3.97308584816912,A
1229,2,1.44093416212127,7.64743668127089,A
1230,2,1.99429997522384,4.31414577180289,A
1231,2,2.43781615328044,6.7434061052517,A
1232,2,1.83781227609143,7.41371182050054,A
1233,2,1.86922612041235,7.23758708312468,A
1234,2,1.51187954936177,5.86404801499514,A
1235,2,1.8304883800447,5.39366976228953,A
1236,2,1.90540963038802,7.36772012257539,A
1237,2,1.42536651017144,5.12703731909285,A
1238,2,0.550360372290015,3.84900911855934,A
1239,2,2.46822484117001,7.30476443450033,A
1240,2,1.70970848854631,7.23955856035725,A
1241,2,1.58786470117047,4.59676336771112,A
1242,2,2.3170911455527,7.61332658228672,A
1243,2,1.98957520769909,5.87547915007557,A
1244,2,0.517379635479301,4.32882138067978,A
1245,2,0.649276230949909,3.67243286952387,A
1246,2,1.18139305990189,5.02822966209312,A
1247,2,1.34900404093787,5.38532709788559,A
1248,2,1.0298678628169,2.95122016921671,A
1249,2,0.57678793836385,3.89339930249569,A
1250,2,1.12532900040969,3.96354484357139,A
1251,2,0.975995818153024,3.76686864490273,A
1252,2,0.528717377688736,2.948885904982,A
1253,2,1.29308252129704,2.22332686714856,A
1254,2,1.35834689578041,3.11916642805316,A
1255,2,0.606356021016836,1.7318203056606,A
1256,2,1.59962437255308,4.32520183073446,A
1257,2,1.11204419285059,4.62021878173746,A
1258,2,1.58458439214155,5.34596623713764,A
1259,2,1.73715615831316,5.18787433015742,A
1260,2,2.39605220360681,5.52894016359569,A
1261,2,1.47162784542888,5.45623717890574,A
1262,2,2.26271765306592,7.19807656015973,A
1263,2,2.48977844370529,4.25261953586832,A
1264,2,0.904018615372479,6.44800840491437,A
1265,2,1.70849857665598,4.9620956843321,A
1266,2,0.821620812173933,5.19855449914592,A
1267,2,1.93092832900584,3.070512755143,A
1268,2,1.42577223759145,4.55638795100321,A
1269,2,0.9383350382559,3.98839625614801,A
1270,2,0.557385659776628,4.26878375417029,A
1271,2,2.05350555945188,6.33257666575923,A
1272,2,1.11679607816041,3.78055913553487,A
1273,2,0.556789284572005,3.94730137180934,A
1274,2,1.88140190858394,5.72629235846832,A
1275,2,1.37367795780301,5.42275760821484,A
1276,2,2.32867274479941,5.68849240290833,A
1277,2,1.23506264621392,4.69937030367996,A
1278,2,1.62326342472807,7.60988052932678,A
1279,2,0.997358374297619,6.09068707742524,A
1280,2,1.42426865501329,5.91172045277927,A
1281,2,1.83143684128299,5.5468993231948,A
1282,2,2.35527110192925,7.48718571225294,A
1283,2,1.17736522899941,5.9580576235365,A
1284,2,2.03055570833385,7.03444249640446,A
1285,2,0.614165926817805,5.3676958001626,A
1286,2,0.923063303809613,4.88972577260708,A
1287,2,2.18616106500849,5.46203262283481,A
1288,2,2.14100942295045,6.65081601278179,A
1289,2,0.986710397992283,5.73435548713478,A
1290,2,1.85227055614814,6.17475409116212,A
1291,2,1.90335663454607,5.12457327646495,A
1292,2,0.622372121550143,4.64726095514909,A
1293,2,1.03843058552593,3.59465409632064,A
1294,2,0.647973249666393,4.84760402241858,A
1295,2,2.21516914246604,4.81792471244934,A
1296,2,1.95371447550133,5.51807608992426,A
1297,2,1.53363040741533,6.739551377007,A
1298,2,1.73782332055271,3.33194417205293,A
1299,2,0.590873980429024,4.45301203793627,A
1300,2,1.56628621462733,4.64411014336093,A
1301,2,2.03914971649647,4.97055552090251,A
1302,2,2.35687113925815,6.04361770025519,A
1303,2,0.992004649247974,3.91085045315109,A
1304,2,1.02826164802536,5.4049568200948,A
1305,2,2.32832371536642,6.21924660053044,A
1306,2,0.996447461657226,1.92776899090927,A
1307,2,1.50690821465105,4.07799279872818,A
1308,2,2.46325723547488,6.26921281629666,A
1309,2,0.934314446058124,5.64357740026266,A
1310,2,2.19344958197325,4.69792524011309,A
1311,2,2.03721126355231,5.55522912013394,A
1312,2,1.35264173708856,5.40887688006832,A
1313,2,2.12705426337197,7.76507114271674,A
1314,2,1.9456349266693,5.9181837330095,A
1315,2,0.793799072038382,4.70608613549211,A
1316,2,1.32179905334488,6.51968408004611,A
1317,2,1.61820408375934,3.57438974991384,A
1318,2,1.24350051535293,5.25836613914483,A
1319,2,1.64735421631485,6.44209149956767,A
1320,2,2.48088676342741,5.91080201791432,A
1321,2,2.35820815479383,5.65432340379889,A
1322,2,2.0958771542646,5.00623871891791,A
1323,2,1.1059365295805,4.42990775718198,A
1324,2,2.19277031626552,5.61554051227214,A
1325,2,2.01549893850461,6.02294248618024,A
1326,2,0.761019475758076,5.90529722537456,A
1327,2,1.83720279671252,6.16005746198825,A
1328,2,0.828563768416643,5.61853096886136,A
1329,2,2.29768207296729,8.18398340381262,A
1330,2,1.1711333678104,5.44522829489027,A
1331,2,1.82949028396979,4.04097273471102,A
1332,2,1.97898971429095,5.39908638802157,A
1333,2,1.79649270186201,6.24036133656115,A
1334,2,1.09282341133803,5.86766665456956,A
1335,2,1.54229000443593,6.60718483252422,A
1336,2,2.1050758655183,5.93233760467085,A
1337,2,0.510077903512865,5.33389572519518,A
1338,2,0.744607439730316,2.11554004479996,A
1339,2,1.02198201883584,1.47885272304769,A
1340,2,2.18898251187056,4.78499569782665,A
1341,2,1.38815363170579,6.9606170117299,A
1342,2,1.66396767506376,4.21102014198151,A
1343,2,1.19681941950694,5.44164189051354,A
1344,2,0.909904640633613,4.30537588925377,A
1345,2,2.22001716354862,5.91100011077113,A
1346,2,0.776089118793607,4.16242520839853,A
1347,2,1.0403841342777,3.75083856956414,A
1348,2,2.24221988813952,7.13250347625131,A
1349,2,2.3873789543286,8.10446626718519,A
1350,2,1.27939940057695,7.59919904656622,A
1351,2,1.33850951818749,3.2630237141964,A
1352,2,0.965987752657384,2.6194779904576,A
1353,2,1.79882559692487,4.00642839423907,A
1354,2,0.66558152763173,2.70092502227098,A
1355,2,1.7772924429737,3.48740344346736,A
1356,2,2.46325525082648,6.57222570817555,A
1357,2,1.48713527619839,5.07681967076825,A
1358,2,0.517620472237468,5.27773093530891,A
1359,2,1.13856554077938,4.91339634034623,A
1360,2,1.43839193088934,5.38857749046122,A
1361,2,2.1432001395151,8.13052663820787,A
1362,2,0.974847908131778,2.56754101441536,A
1363,2,1.70344073744491,5.99923663100724,A
1364,2,1.79302315786481,4.69103374499387,A
1365,2,1.82441965024918,6.64389105788038,A
1366,2,2.38438550010324,5.43884471733148,A
1367,2,0.97988800611347,4.18646927377188,A
1368,2,2.10205582017079,5.55327859982358,A
1369,2,1.45584152918309,4.12908851949582,A
1370,2,0.948633251246065,2.54059168804994,A
1371,2,1.08371344348416,5.04224902573566,A
1372,2,1.25061146030203,4.4054471722592,A
1373,2,1.53733476763591,3.96737973868272,A
1374,2,0.733413136564195,4.49533283517755,A
1375,2,1.35604710690677,5.94930055382604,A
1376,2,1.21550310356542,5.1933290196315,A
1377,2,1.82293255114928,6.84058876167954,A
1378,2,2.38541351584718,5.44377953856111,A
1379,2,2.35381313040853,3.85089133535134,A
1380,2,1.38744414784014,5.28307930603214,A
1381,2,1.75252534169704,6.29657037529027,A
1382,2,1.07808593800291,4.03793865375916,A
1383,2,1.21165724331513,5.17188244208195,A
1384,2,1.14873918239027,3.82305787795318,A
1385,2,2.03759896755219,5.53423627399564,A
1386,2,2.2477798294276,4.79871962142929,A
1387,2,1.64731285022572,5.87676633412346,A
1388,2,1.29376963526011,4.94050930825733,A
1389,2,1.63744639605284,4.71049746931611,A
1390,2,0.660562560427934,3.58905270370513,A
1391,2,1.29299977840856,5.62217016753581,A
1392,2,1.0576917026192,5.99970728364251,A
1393,2,1.4553064131178,5.14754493370023,A
1394,2,2.14806114509702,8.33840866341743,A
1395,2,1.78381167678162,5.62407443913899,A
1396,2,2.19125758577138,5.08824837408913,A
1397,2,2.41933702444658,7.26056958412486,A
1398,2,0.77778469864279,4.31960887099375,A
1399,2,1.74918819731101,4.46663764402226,A
1400,2,1.79843176994473,6.45017960277508,A
1401,2,2.18609786732122,6.56906322569053,A
1402,2,2.01742806797847,8.09951456938669,A
1403,2,2.35559544200078,5.71071781893464,A
1404,2,2.19352415017784,5.26712613193181,A
1405,2,1.79580681212246,6.28831708756497,A
1406,2,1.06623015506193,6.28980608250836,A
1407,2,2.28968986216933,5.59976308533634,A
1408,2,2.40239083208144,6.16466083995581,A
1409,2,2.28139888728038,6.55052863043379,A
1410,2,1.30035424279049,6.61393837811344,A
1411,2,1.5320140668191,3.55065909428327,A
1412,2,0.915897931437939,4.28308673150226,A
1413,2,1.47631829790771,5.80464156489129,A
1414,2,1.25233869953081,5.2413303179588,A
1415,2,0.932746401056647,4.35164918351307,A
1416,2,2.3792667244561,5.58665500704452,A
1417,2,1.38562915148214,4.41963084376091,A
1418,2,0.772481787484139,4.78198291757335,A
1419,2,1.91205566329882,5.7604395877512,A
1420,2,1.29548141127452,4.12448194220482,A
1421,2,2.34210355160758,5.43947922557642,A
1422,2,0.88658705400303,4.2127257114454,A
1423,2,2.06124048121274,6.96095731352232,A
1424,2,1.97126921638846,4.69442547848272,A
1425,2,1.42078788671643,5.63081651702986,A
1426,2,0.733451935462654,4.353383051479,A
1427,2,1.86253783525899,5.45378001511295,A
1428,2,2.2640373641625,8.17377774083481,A
1429,2,1.74191736057401,5.58705187209231,A
1430,2,2.04717656876892,5.44019826518134,A
1431,2,0.537148776929826,5.5715834483958,A
1432,2,0.785227917134762,4.46295446958146,A
1433,2,1.43493841821328,6.69489747410151,A
1434,2,2.1328568267636,6.76706323155998,A
1435,2,1.49450756516308,5.78094074339184,A
1436,2,0.842723290901631,4.54138138181329,A
1437,2,1.18838380277157,4.87223989748812,A
1438,2,1.90751617681235,6.35147067049486,A
1439,2,0.504659254103899,6.54544831154858,A
1440,2,1.62779322871938,6.20718990086928,A
1441,2,1.81040407158434,6.19775231537575,A
1442,2,1.55110459774733,6.50836540031328,A
1443,2,1.12384793814272,3.73242762674259,A
1444,2,1.16198003664613,4.47698117983418,A
1445,2,1.91693496378139,6.51067236210708,A
1446,2,0.757324326317757,5.53262266172814,A
1447,2,1.8388536721468,5.25269969132401,A
1448,2,1.28625295450911,4.73381795262746,A
1449,2,2.01999660953879,6.15144029301405,A
1450,2,2.29496565135196,7.55370298702193,A
1451,2,0.938598256092519,4.96212086321428,A
1452,2,1.15762622794136,4.42003296994177,A
1453,2,1.12776263058186,4.93703247017725,A
1454,2,1.13093293644488,4.46395099395007,A
1455,2,0.960254271049052,2.69353227095561,A
1456,2,0.923797349445522,5.15678140205484,A
1457,2,0.660751153714955,5.70506179419394,A
1458,2,2.31016579829156,5.8103607422244,A
1459,2,1.86771708121523,5.47806570242588,A
1460,2,0.508228356018663,6.82146584134631,A
1461,2,1.23479862418026,5.56390804551853,A
1462,2,2.31195810204372,6.04576390847549,A
1463,2,2.01932909712195,6.79138318646147,A
1464,2,0.778426345437765,3.38837906072178,A
1465,2,2.32381239440292,5.47406861299373,A
1466,2,1.02495425147936,4.62286409612518,A
1467,2,1.23798640631139,4.95113412856198,A
1468,2,0.662974305450916,3.54211658540237,A
1469,2,2.37275719735771,6.28128598958779,A
1470,2,0.588050289079547,6.36251264935174,A
1471,2,2.40238568093628,6.56072435233322,A
1472,2,1.6401363844052,5.89004482924109,A
1473,2,1.19409600179642,7.20739755192847,A
1474,2,1.65418434794992,5.84890109496204,A
1475,2,1.53035201411694,5.12324560197426,A
1476,2,0.854666544590145,2.86647884953293,A
1477,2,2.36978278076276,3.37264678014318,A
1478,2,1.43615725822747,6.30381568879322,A
1479,2,0.7740757050924,3.88317185667045,A
1480,2,1.43460651999339,5.62782836900815,A
1481,2,1.52373919589445,5.92995557284655,A
1482,2,1.10371511010453,5.04017869619853,A
1483,2,2.04946139408275,6.45311732175951,A
1484,2,1.38040695432574,5.82647513191365,A
1485,2,1.07145513873547,3.80851094861564,A
1486,2,0.94275022810325,5.57296229434603,A
1487,2,0.845337530598044,2.64888316586928,A
1488,2,0.670079443138093,5.71070834270795,A
1489,2,0.855520285665989,3.00792208944466,A
1490,2,1.95175383193418,3.80217276332623,A
1491,2,1.03490810049698,4.39938147614381,A
1492,2,2.21306232269853,4.40267707645227,A
1493,2,1.86462329747155,4.49356434640016,A
1494,2,2.07876396737993,8.02171695239734,A
1495,2,2.09078669641167,4.46682918411307,A
1496,2,0.660771935246885,5.26547682287415,A
1497,2,2.09519161237404,5.47899012355639,A
1498,2,1.69925757637247,3.8745554581736,A
1499,2,1.11098466534168,4.29632272048973,A
1500,2,0.960932034533471,4.5462355063094,A
1501,2,2.11746732098982,5.81940583564311,A
1502,2,1.40098678739741,5.56202290455554,A
1503,2,1.79466508468613,5.20601565969025,A
1504,2,1.87705073319376,6.40231451521921,A
1505,2,2.01387029001489,6.64682682287738,A
1506,2,2.12780113192275,5.5429144876103,A
1507,2,0.834842120762914,2.79962795424909,A
1508,2,2.3480446850881,4.73920051677087,A
1509,2,0.673152017872781,3.83711820137437,A
1510,2,0.671288024634123,4.02432256275611,A
1511,2,1.42090276349336,4.80035087717159,A
1512,2,2.30053859716281,7.06040356824416,A
1513,2,1.10272620851174,5.05836130117722,A
1514,2,1.3606639332138,5.52924245643181,A
1515,2,0.963555212598294,6.58608392257148,A
1516,2,0.929404720198363,5.19951530324875,A
1517,2,0.957984669134021,4.84928734770706,A
1518,2,1.95466029178351,4.78811975389116,A
1519,2,0.77851952938363,3.13994281881688,A
1520,2,1.13231118116528,4.24298786110186,A
1521,2,0.82353300973773,4.36181154075627,A
1522,2,1.00204550009221,5.14017531691336,A
1523,2,2.47652566432953,4.05513480823056,A
1524,2,1.43203140515834,5.15841535052253,A
1525,2,2.21968816034496,3.16933450359436,A
1526,2,1.05588975176215,4.31056479501486,A
1527,2,1.8261371110566,6.04343704435395,A
1528,2,2.26452436205,6.0546446475927,A
1529,2,1.47831721138209,5.35264050635348,A
1530,2,2.37438387004659,7.08479272940729,A
1531,2,0.947442991193384,5.08698324444996,A
1532,2,1.19879898801446,6.15110561295465,A
1533,2,1.35806851554662,6.38951679897758,A
1534,2,0.926974614616483,2.31616155029669,A
1535,2,2.33035321626812,8.42404292214164,A
1536,2,2.1505917259492,5.41584660924046,A
1537,2,1.64197559934109,4.66430899026481,A
1538,2,2.27519513340667,5.0554871954965,A
1539,2,1.84087850479409,7.01707481768917,A
1540,2,1.1454969975166,5.18740044999173,A
1541,2,0.580932521261275,2.84514289494376,A
1542,2,2.36013824818656,4.98820767280744,A
1543,2,2.47245011571795,7.71218531001515,A
1544,2,2.37552336603403,5.05441552331597,A
1545,2,1.71955081215128,5.64355183671196,A
1546,2,1.67576115624979,5.66768715582014,A
1547,2,1.23809167928994,4.08701918097685,A
1548,2,2.2130827838555,8.26039051413905,A
1549,2,2.33355350978673,5.76574658015727,A
1550,2,1.87339795706794,5.98639595342517,A
1551,2,0.862833540420979,4.90855280861514,A
1552,2,2.08881136775017,5.42187015701528,A
1553,2,1.61889155674726,6.33608682678876,A
1554,2,0.797317195683718,3.34021302456567,A
1555,2,0.651220745872706,5.57476232557618,A
1556,2,1.67725649103522,5.91157036433251,A
1557,2,0.527028721291572,4.61530965444161,A
1558,2,1.59592237649485,6.48234982158115,A
1559,2,0.759871868882328,5.46985233258933,A
1560,2,2.13512676395476,7.60856635042174,A
1561,2,1.77251836517826,4.9173755738869,A
1562,2,2.37074269587174,6.19274403681296,A
1563,2,2.27484282897785,5.6764008746852,A
1564,2,1.18345876038075,4.67723484227351,A
1565,2,1.1923202094622,4.53518307441518,A
1566,2,0.667383129242808,3.54695521538499,A
1567,2,2.42869039205834,6.16431418389835,A
1568,2,1.1494490429759,6.53908736460991,A
1569,2,1.93752023391426,5.37049499469907,A
1570,2,1.74376439163461,4.44142315889163,A
1571,2,1.01802341965958,2.9997806356031,A
1572,2,0.703817202243954,3.90276256325765,A
1573,2,1.36316760350019,7.01395367797045,A
1574,2,0.993794950656593,5.55338076910439,A
1575,2,2.48425778700039,6.0998507635485,A
1576,2,1.64181793993339,5.11906420615206,A
1577,2,2.22939110966399,5.90058960436537,A
1578,2,1.78416974237189,4.92245472396067,A
1579,2,2.09217572212219,5.2648630871288,A
1580,2,1.49411755567417,5.29795586443356,A
1581,2,2.03682664455846,5.66292298230419,A
1582,2,0.72833326458931,4.39179605856081,A
1583,2,2.00775518501177,5.38246567512623,A
1584,2,1.45906626153737,4.49597768037484,A
1585,2,2.16228593792766,3.9675524964094,A
1586,2,2.36340894643217,7.19247988102586,A
1587,2,1.50997389294207,4.76077570554509,A
1588,2,1.87052586721256,4.79148327267011,A
1589,2,1.57617621310055,7.51556834427625,A
1590,2,1.68119124649093,5.89535175995464,A
1591,2,0.848872256465256,2.56950381714839,A
1592,2,1.95308500854298,6.3703627374074,A
1593,2,2.38135845819488,6.6877735524169,A
1594,2,0.943305598571897,3.66598915018274,A
1595,2,1.11464847112075,4.97588687275253,A
1596,2,2.47140200296417,6.74645213579327,A
1597,2,1.1108718579635,3.46726159994558,A
1598,2,1.27325137984008,5.4432891003924,A
1599,2,1.20835234224796,4.60233940132094,A
1600,2,1.35502691008151,5.96170990240544,A
1601,2,1.92780211986974,6.43390855929404,A
1602,2,1.04158072592691,5.47959044859791,A
1603,2,2.37856480060145,6.806684208258,A
1604,2,1.18989008665085,5.41367840256882,A
1605,2,0.96829424938187,6.59148587385727,A
1606,2,0.94924840470776,2.59806732254538,A
1607,2,1.23581748176366,5.11236666739385,A
1608,2,1.03635654645041,3.48451586988755,A
1609,2,1.24779144255444,5.60724988419594,A
1610,2,1.83504541963339,8.69104429862546,A
1611,2,0.556433542631567,5.39294365484874,A
1612,2,2.16424275422469,6.1208288909456,A
1613,2,2.04964768886566,5.27401739420652,A
1614,2,0.552355214487761,2.43134284747803,A
1615,2,1.5387239032425,4.90273452557527,A
1616,2,1.00767787871882,5.56144836291569,A
1617,2,2.11754581425339,6.43203282931143,A
1618,2,1.84791674744338,5.17440228305613,A
1619,2,1.92298396956176,4.36585371300859,A
1620,2,1.06868812954053,4.19690447288187,A
1621,2,2.23694094410166,5.96406757108246,A
1622,2,0.914536945521832,4.60197697644852,A
1623,2,1.47256589122117,5.5481939606369,A
1624,2,1.52608870016411,7.42213922466013,A
1625,2,2.31965472223237,5.75506982892931,A
1626,2,1.94520467100665,5.74413057967276,A
1627,2,0.918453868944198,4.69945963862957,A
1628,2,1.4903938616626,5.58505197386682,A
1629,2,0.873016357887536,5.10878221448535,A
1630,2,2.32748510316014,7.84381556836344,A
1631,2,0.844350023195148,4.51858212924092,A
1632,2,1.08149772882462,7.10837013854093,A
1633,2,1.08610237156972,5.88435755547252,A
1634,2,1.10494275903329,4.12697688672419,A
1635,2,0.846963095478714,4.61750733598932,A
1636,2,1.19573255861178,4.14774988389746,A
1637,2,1.92608399502933,6.38180266985948,A
1638,2,1.9347418108955,4.18024658216682,A
1639,2,1.22915768157691,4.5162591933789,A
1640,2,2.36110204691067,6.08873111026713,A
1641,2,2.14159276382998,6.36233537024449,A
1642,2,1.78642280306667,6.09392225425879,A
1643,2,1.22904201131314,4.02064564048903,A
1644,2,2.24288317328319,5.95696933523805,A
1645,2,1.21112650260329,5.65369683174143,A
1646,2,1.83997801039368,6.21170819952428,A
1647,2,2.21184509759769,5.07681449649851,A
1648,2,1.66646270919591,6.90324535089066,A
1649,2,1.10501679824665,4.34644819687798,A
1650,2,1.46611380716786,3.43997153266196,A
1651,2,1.74156262958422,4.81160604288698,A
1652,2,1.30766323581338,4.97923035746054,A
1653,2,1.27692833868787,3.33330659810656,A
1654,2,2.31169473053888,5.13114836029184,A
1655,2,1.07600048836321,3.79513047349186,A
1656,2,1.60757212666795,5.90894046191156,A
1657,2,1.06136098690331,4.45962208495349,A
1658,2,0.63886820524931,4.04692617098994,A
1659,2,1.55094904592261,4.63209389484548,A
1660,2,1.13096394436434,6.82358181943754,A
1661,2,0.609859393443912,4.66152092933514,A
1662,2,1.96556153893471,4.81524891203179,A
1663,2,1.35047569824383,6.88565157069001,A
1664,2,1.19803357124329,6.56319950899804,A
1665,2,2.20575118297711,6.03684437790143,A
1666,2,1.6110849911347,4.67875865878981,A
1667,2,1.34912773082033,4.76229805031425,A
1668,2,2.3461665273644,6.25793097303053,A
1669,2,1.03632602095604,5.12284205063726,A
1670,2,1.49279574677348,3.88973869004274,A
1671,2,2.29486114019528,4.39693239887234,A
1672,2,2.39343500137329,6.70837146031061,A
1673,2,1.48073158599436,2.93605548566651,A
1674,2,2.44268811168149,7.599239493791,A
1675,2,2.44360497128218,7.04011059371819,A
1676,2,2.13293441431597,4.97466817088681,A
1677,2,2.48761523887515,7.28736465866015,A
1678,2,1.87162358639762,4.91528064537935,A
1679,2,1.69623559527099,5.70129775187344,A
1680,2,1.27276019845158,3.3195366248572,A
1681,2,0.723601416684687,4.25547980980978,A
1682,2,1.5188071639277,5.20513423988077,A
1683,2,1.39071305701509,4.94702457466767,A
1684,2,2.13855294324458,8.17031226854381,A
1685,2,1.81404838850722,2.70751426517821,A
1686,2,1.1386167164892,7.87369019647704,A
1687,2,0.848043702077121,3.86905163343115,A
1688,2,2.11093618953601,3.18346742639323,A
1689,2,1.47838996862993,3.78010587515006,A
1690,2,1.82827132195234,6.05477006824568,A
1691,2,2.01295243389905,4.70333779448195,A
1692,2,1.27158752875403,4.08234786485587,A
1693,2,1.52121233614162,5.01740330638377,A
1694,2,0.968690240290016,5.63478501155333,A
1695,2,1.61759500112385,4.58935950402514,A
1696,2,2.08680745773017,3.97975048874092,A
1697,2,2.08321960177273,9.44068356755281,A
1698,2,0.688502232544124,2.09951343120688,A
1699,2,2.40929473843426,7.2426921411878,A
1700,2,1.90397746069357,6.00540276155139,A
1701,2,2.41825187020004,6.26163317562963,A
1702,2,0.755120665766299,2.14778182969555,A
1703,2,1.16127170110121,3.14611958002696,A
1704,2,1.35834393789992,5.41572643957771,A
1705,2,1.78592738462612,6.56500946365374,A
1706,2,0.7990348841995,7.18984857299016,A
1707,2,1.97590556880459,4.13604388230244,A
1708,2,1.18685590522364,5.02274699098329,A
1709,2,2.07194685237482,5.27450655414706,A
1710,2,1.64205338153988,6.12138574766096,A
1711,2,1.9437839188613,5.62825112945987,A
1712,2,2.19866627734154,6.14378526428155,A
1713,2,1.18029108364135,5.8268196188475,A
1714,2,0.947046651039273,6.61264728468992,A
1715,2,2.41760627366602,6.17063449517038,A
1716,2,2.07206372264773,6.34964793291094,A
1717,2,0.985587575938553,4.81653048605576,A
1718,2,2.02013943530619,7.43149756974955,A
1719,2,1.00172565737739,5.14829288121123,A
1720,2,0.706769783049822,2.72820668232838,A
1721,2,1.69903339585289,5.93390750905672,A
1722,2,1.44514193991199,5.03434514067873,A
1723,2,0.900002925656736,6.78960763587944,A
1724,2,1.91039373585954,8.75311030327029,A
1725,2,1.83153817476705,4.05321496231368,A
1726,2,1.13870155438781,4.72345247255288,A
1727,2,1.32040767697617,3.83831611319828,A
1728,2,1.77933362592012,6.14714798391359,A
1729,2,2.20760986814275,4.70887927628797,A
1730,2,0.902206639759243,3.55462601092955,A
1731,2,2.44399724062532,6.25751113628959,A
1732,2,1.46594488061965,8.17806041310972,A
1733,2,1.18676539184526,5.10232460855377,A
1734,2,2.06597550259903,6.44005290358652,A
1735,2,2.46997187752277,5.54877056700334,A
1736,2,1.27695960085839,5.63237605877744,A
1737,2,1.84214419033378,6.53361180262124,A
1738,2,1.19480951642618,5.41388188608443,A
1739,2,1.66523775830865,5.10150384092191,A
1740,2,1.33144490839913,6.83021474735039,A
1741,2,2.30512445932254,5.56944537603499,A
1742,2,1.24759766692296,4.52540407075391,A
1743,2,0.651450716424733,2.3186069745536,A
1744,2,1.28083251370117,5.47676341342304,A
1745,2,2.10607193037868,4.56972759038166,A
1746,2,2.06649584043771,7.92172596700842,A
1747,2,1.55165854888037,5.96289419230052,A
1748,2,1.02688128035516,7.75594320030202,A
1749,2,1.60475082835183,4.80615587959901,A
1750,2,0.753444699104875,4.39752609405504,A
1751,2,0.721934864297509,4.84533115088894,A
1752,2,1.18490002024919,6.08578053709102,A
1753,2,1.95067438483238,4.6737696407924,A
1754,2,1.76724048005417,3.60540898300495,A
1755,2,1.54156837565824,6.33563821414761,A
1756,2,2.27484210114926,7.47472415611538,A
1757,2,1.54083871841431,5.25190995117332,A
1758,2,1.85594164719805,5.19274480817931,A
1759,2,2.15096467081457,4.41212437928914,A
1760,2,2.01329187024385,7.54866092877695,A
1761,2,1.23470462625846,3.69408264929837,A
1762,2,1.31852753739804,6.15535856537738,A
1763,2,2.17499947594479,6.62945481480804,A
1764,2,1.81866342900321,6.33099301988375,A
1765,2,0.931213359348476,5.3380849590399,A
1766,2,1.09264418296516,4.57348606358063,A
1767,2,1.92339087463915,6.09278935100943,A
1768,2,1.31526511162519,6.35707454831994,A
1769,2,1.37889973865822,5.04050686045792,A
1770,2,2.15936293266714,3.56095901592428,A
1771,2,0.739329957403243,5.47438730406786,A
1772,2,2.27224425645545,5.43594346432596,A
1773,2,2.00861775362864,5.11453435931591,A
1774,2,1.16099141025916,3.97690138885541,A
1775,2,1.94107635924593,6.53509602709644,A
1776,2,1.4129345677793,1.55581187272325,A
1777,2,0.86007608147338,3.99046674739038,A
1778,2,0.675038109067828,2.74576014790336,A
1779,2,2.12963649025187,5.62708748467247,A
1780,2,2.30551886698231,4.98962750015847,A
1781,2,0.856362973805517,5.7488949271007,A
1782,2,1.44665663875639,5.51422012533311,A
1783,2,1.57951624877751,5.35064862020728,A
1784,2,2.15672195330262,5.38155116589164,A
1785,2,1.45831964537501,4.80072852872834,A
1786,2,0.515846363734454,2.48030875628976,A
1787,2,2.13649366376922,7.59350366120711,A
1788,2,1.53340669628233,6.21733190527446,A
1789,2,2.33085560798645,7.24029209401372,A
1790,2,1.50526240933687,5.29237504024539,A
1791,2,1.67921128077433,7.32675261304753,A
1792,2,2.35727473255247,8.31242152933567,A
1793,2,2.39386102277786,6.77452057002695,A
1794,2,1.08207161631435,6.15653539923444,A
1795,2,2.00763717154041,5.71524808185138,A
1796,2,0.882974403444678,5.56531242624068,A
1797,2,0.534562428481877,4.99008274842881,A
1798,2,1.25668259663507,3.23578346021752,A
1799,2,2.29656561370939,7.60169143077262,A
1800,2,0.783880488947034,4.05137493833426,A
1801,2,0.529406003188342,3.63874597123079,A
1802,2,0.702392691746354,3.67443159417299,A
1803,2,2.36711466731504,7.78572908389373,A
1804,2,2.04048259975389,5.9354474500944,A
1805,2,2.04862205963582,8.14727726264456,A
1806,2,1.10424896748737,2.98616962010873,A
1807,2,2.08030642801896,5.96276448013492,A
1808,2,1.14309394778684,1.64061096833031,A
1809,2,1.50074120657519,5.92202469530551,A
1810,2,0.732989018782973,2.66848289546223,A
1811,2,1.42657936736941,4.1838806211923,A
1812,2,0.74931661831215,4.81346088087814,A
1813,2,1.48449515551329,4.43300658288771,A
1814,2,1.80897161690518,4.38843690341705,A
1815,2,2.41610734676942,6.70881748940934,A
1816,2,1.66547031374648,3.3789789549873,A
1817,2,0.964881306514144,5.6045478846147,A
1818,2,1.75791059434414,5.46003638601302,A
1819,2,2.1020538629964,5.38586714040625,A
1820,2,1.56887308927253,6.35451414813336,A
1821,2,2.33652908029035,5.96116043103969,A
1822,2,2.38216500729322,5.75073797272623,A
1823,2,1.70644884044305,6.88356602167002,A
1824,2,2.02868556370959,7.1294709374392,A
1825,2,0.903013275004923,4.64954303941199,A
1826,2,1.77441832376644,4.72193736434166,A
1827,2,1.4039880274795,7.90587638289517,A
1828,2,1.19358563655987,4.28414255252419,A
1829,2,2.45647874753922,6.91667805649035,A
1830,2,1.78261480433866,5.82149047021975,A
1831,2,2.13154494017363,6.38300516786051,A
1832,2,2.46746617089957,5.83937079426635,A
1833,2,2.18406729353592,4.45757926068534,A
1834,2,0.545614657923579,4.84622683758218,A
1835,2,0.778956888709217,4.60101781082897,A
1836,2,1.68490305403247,2.88267500041089,A
1837,2,0.60183895053342,5.21049605843125,A
1838,2,1.97477900888771,4.34531502698577,A
1839,2,1.934806921985,5.00000840051932,A
1840,2,0.779188658110797,2.84461983518967,A
1841,2,0.741303265094757,2.15124009628361,A
1842,2,2.45759696234018,5.03825657194646,A
1843,2,0.988670528866351,5.42554898492145,A
1844,2,1.89854583609849,7.16850316934283,A
1845,2,1.00100999278948,3.78327838140291,A
1846,2,1.32375292945653,4.41331671478956,A
1847,2,1.97100205859169,5.21190528095092,A
1848,2,1.58263207040727,5.78366701868175,A
1849,2,0.867580783553422,3.79289222091634,A
1850,2,1.55112127633765,7.00107164051769,A
1851,2,1.98105657985434,3.62850943662564,A
1852,2,2.48878235463053,4.93656617120601,A
1853,2,2.21138346102089,4.31881520483726,A
1854,2,0.633540193084627,3.23263191180723,A
1855,2,1.94759121257812,6.09427552301016,A
1856,2,1.86396541958675,4.2560002828246,A
1857,2,0.783982487861067,2.51624384569382,A
1858,2,1.54905593208969,6.8601736593504,A
1859,2,1.51314108818769,6.0975196341514,A
1860,2,0.646277262829244,2.88882313159481,A
1861,2,2.1007010564208,6.49571784961594,A
1862,2,1.18149100057781,4.95511644514245,A
1863,2,1.74731834279373,4.65541689647748,A
1864,2,1.94407602027059,6.58766649184067,A
1865,2,2.4619700871408,6.15647198799489,A
1866,2,1.42780486028641,6.36289338226432,A
1867,2,0.993259637150913,4.88768224919187,A
1868,2,2.27616550354287,6.11926907933128,A
1869,2,0.514719281811267,3.69573894147279,A
1870,2,2.02350779436529,5.66417075768704,A
1871,2,1.52352570043877,4.73665213939603,A
1872,2,0.879256317391992,3.77437126970625,A
1873,2,0.813155536539853,3.90758205135561,A
1874,2,0.758858980145305,5.5419397464654,A
1875,2,1.17639487981796,3.298613356937,A
1876,2,2.15089491382241,5.20921322812417,A
1877,2,2.14781704219058,4.75296840870543,A
1878,2,0.830090291798115,3.05650832204648,A
1879,2,0.995808475650847,4.70471547102772,A
1880,2,1.29542935499921,5.45630479300194,A
1881,2,2.08014091709629,6.82823501604886,A
1882,2,1.77672561584041,7.19858596389207,A
1883,2,0.859071929939091,4.82568692861176,A
1884,2,1.98039563419297,5.60148203833404,A
1885,2,0.540967262350023,4.53981824451662,A
1886,2,0.841608094517142,3.34248984395371,A
1887,2,1.40611203573644,6.69975394857661,A
1888,2,2.0025608278811,7.88225795496517,A
1889,2,1.82479522423819,9.04583810771044,A
1890,2,2.14176315721124,4.46249817216465,A
1891,2,1.01466805581003,5.70393306442542,A
1892,2,0.592880642041564,3.83735390610502,A
1893,2,1.04327518586069,5.38123672670022,A
1894,2,2.16362082352862,5.765396208546,A
1895,2,1.41970380209386,3.62442277144959,A
1896,2,1.73495772620663,5.0576019696643,A
1897,2,2.1018217545934,5.92586677335579,A
1898,2,1.1123454850167,4.99372583533176,A
1899,2,2.22228418337181,5.4959259886385,A
1900,2,1.82890686392784,6.37120703221847,A
1901,2,0.568572720512748,4.33428553920349,A
1902,2,1.57405985472724,6.15311384782442,A
1903,2,0.988578936550766,6.68772738403415,A
1904,2,0.681367082521319,3.35237159549699,A
1905,2,1.867518320214,5.71327411841997,A
1906,2,1.38961570430547,6.24679186222868,A
1907,2,1.89325575437397,6.51017488204008,A
1908,2,1.13765527820215,4.48027362966191,A
1909,2,2.3963711890392,6.7626615465548,A
1910,2,2.42632209230214,7.08645205071893,A
1911,2,0.988564369734377,3.55872664361667,A
1912,2,1.55077294586226,6.0437448332698,A
1913,2,1.2403120379895,4.6574747562135,A
1914,2,0.978822254575789,7.17094112455269,A
1915,2,1.13159079477191,4.14604223508978,A
1916,2,0.694255411624908,4.18302962471417,A
1917,2,1.5395181956701,3.97488056823458,A
1918,2,2.04548251628876,4.54625254663684,A
1919,2,1.33013594290242,6.83286102448463,A
1920,2,2.37540968926623,6.91345363789552,A
1921,2,2.1871372689493,6.31754444399136,A
1922,2,0.543015994131565,4.36560853482092,A
1923,2,1.40001957910135,6.63742599021971,A
1924,2,0.840988836251199,3.30690743875168,A
1925,2,2.12940955301747,6.08917725899585,A
1926,2,2.09159963112324,6.66056755287346,A
1927,2,0.890500142239034,5.39368959991012,A
1928,2,2.05042016226798,8.31600828113929,A
1929,2,2.30423065507785,7.43790856255199,A
1930,2,2.148759635631,7.87786639597916,A
1931,2,1.44782798923552,5.85495921774323,A
1932,2,1.41173280309886,4.36363970580784,A
1933,2,0.710160437505692,2.36856797280781,A
1934,2,1.26692535774782,5.31163768620213,A
1935,2,2.38996689906344,5.68451876925382,A
1936,2,2.28588973265141,6.44251082793009,A
1937,2,1.21254326310009,8.05242903650971,A
1938,2,1.81733026215807,5.15719621099359,A
1939,2,0.865592244546861,6.55322512520717,A
1940,2,1.0433742874302,4.16546829309379,A
1941,2,1.75000677676871,4.42866890782685,A
1942,2,1.33713814336807,6.29078579534417,A
1943,2,1.58339855074883,5.05566830102044,A
1944,2,2.16273313062266,4.31004275020553,A
1945,2,0.81763151101768,2.54097772822704,A
1946,2,2.21235169982538,6.20049090870568,A
1947,2,1.29041271097958,5.04711566285299,A
1948,2,2.338443050161,5.69433121254764,A
1949,2,2.375391560141,5.18766715490067,A
1950,2,1.81863292260095,7.95766259931026,A
1951,2,1.97103402530774,7.55165396716067,A
1952,2,0.996268620714545,4.79374095311914,A
1953,2,1.73933145496994,5.93527016001378,A
1954,2,1.92530716396868,4.65492913446292,A
1955,2,1.63276712084189,6.75965540391926,A
1956,2,1.02268310263753,5.00208405792349,A
1957,2,1.389472019393,5.86930515860292,A
1958,2,1.1488447743468,4.62518545206276,A
1959,2,2.26409186376259,8.54941681111083,A
1960,2,0.895560366567224,4.54753491588471,A
1961,2,1.50004138145596,6.21326300898548,A
1962,2,1.21163970697671,3.82161046308023,A
1963,2,1.01584580820054,4.18391042861846,A
1964,2,1.12423379160464,6.61562580241626,A
1965,2,0.795580832287669,4.99072925356445,A
1966,2,0.925845770630985,3.80561804099387,A
1967,2,2.44446121575311,4.99265286065215,A
1968,2,1.13573175109923,5.69910992883068,A
1969,2,1.42616129759699,4.94048564766917,A
1970,2,1.73499412788078,5.33213235214359,A
1971,2,2.08925956487656,6.35929603915637,A
1972,2,2.47797263972461,5.93768418614791,A
1973,2,2.25630127219483,7.46879819645444,A
1974,2,1.69851047778502,6.54161957969996,A
1975,2,1.10130308195949,7.08339601473879,A
1976,2,1.26412798836827,5.00749291881262,A
1977,2,0.529063453897834,6.66080458713517,A
1978,2,2.32238918403164,6.52428817899993,A
1979,2,0.780889443121851,4.84314130515699,A
1980,2,2.29168114298955,8.47223905354909,A
1981,2,2.18912243423983,3.84804802106684,A
1982,2,1.31169007206336,7.04032457867915,A
1983,2,0.633809105027467,4.00772141823336,A
1984,2,2.05714404350147,6.90889626789465,A
1985,2,0.603268741630018,1.05488771704959,A
1986,2,1.00445369584486,4.18988769219736,A
1987,2,2.33042027801275,6.10331256082728,A
1988,2,1.79842439573258,7.21496800798672,A
1989,2,2.49210329819471,7.15259968992637,A
1990,2,2.29643108230084,3.92406886073084,A
1991,2,2.32310607424006,9.28125451773513,A
1992,2,1.3990245340392,3.50806602892701,A
1993,2,1.66673506004736,2.49151999893305,A
1994,2,2.31693324958906,7.39043729153236,A
1995,2,0.924585858359933,5.80988581262126,A
1996,2,1.52332169003785,6.29735917138829,A
1997,2,2.17020259611309,5.21306527935764,A
1998,2,1.8507454241626,3.56583761772379,A
1999,2,1.87696224916726,5.03832774901619,A
2000,2,1.52101832581684,5.43269393993919,A
2001,2,2.35393863590434,4.67254699065534,A
2002,2,1.04339422937483,4.00671495535678,A
2003,2,2.39620153373107,5.8590542602611,A
2004,2,1.42787488270551,5.7859521271413,A
2005,2,1.33776537515223,4.28788784896198,A
2006,2,1.64637428941205,7.55003966399907,A
2007,2,1.73961726902053,7.70681635585326,A
2008,2,2.13264108076692,7.65836921707988,A
2009,2,1.17509949067608,5.73850137647871,A
2010,2,1.48111989395693,6.08546434218046,A
2011,2,1.06295944144949,5.75206198317005,A
2012,2,0.718645456712693,4.56483114458892,A
2013,2,2.41484153689817,6.13207214892978,A
2014,2,1.02839251840487,3.70806520556406,A
2015,2,0.893265640363097,3.10596767274081,A
2016,2,2.35033183218911,5.92093160654025,A
2017,2,1.87849883316085,3.55422646288344,A
2018,2,0.961425591725856,4.27926402868494,A
2019,2,1.10314034949988,3.74476851625689,A
2020,2,1.55268106563017,7.93727708975313,A
2021,2,1.04493046086282,5.67896168549016,A
2022,2,1.37819545343518,5.17410844931261,A
2023,2,1.97582453954965,6.25260279113862,A
2024,2,1.1046097073704,6.08539011534386,A
2025,2,0.995428305584937,4.23764937668942,A
2026,2,2.27382597420365,7.32177197939866,A
2027,2,1.57975971419364,5.02702065876434,A
2028,2,2.14288053102791,8.02019373333464,A
2029,2,2.47251054272056,6.79036189843163,A
2030,2,1.86872997926548,3.84223805201427,A
2031,2,0.881207925267518,4.16763581705036,A
2032,2,0.735964849125594,5.21150331500462,A
2033,2,2.20942435506731,7.34097953236597,A
2034,2,2.08684772718698,5.7128697451658,A
2035,2,1.46852178825066,4.91712734807703,A
2036,2,0.96690835384652,3.68317614105337,A
2037,2,1.94421350210905,6.2835137355151,A
2038,2,2.42374246334657,5.21137690757223,A
2039,2,1.52722423011437,7.12301248375127,A
2040,2,1.38087869388983,6.2473916275527,A
2041,2,1.26199992420152,5.25191156260998,A
2042,2,1.30164310149848,5.17688470808984,A
2043,2,0.962775913067162,4.4979582280504,A
2044,2,1.19522114144638,4.38481544031004,A
2045,2,1.50206124735996,6.98100859660629,A
2046,2,1.56607163464651,4.46890255518999,A
2047,2,1.94826911529526,3.959202767831,A
2048,2,2.27935923216864,5.50449803383323,A
2049,2,1.58884725067765,5.70746252554735,A
2050,2,2.15579702425748,4.53958010477495,A
2051,2,1.04511531069875,6.32738627800433,A
2052,2,2.27696039574221,5.09274674033613,A
2053,2,1.66460551926866,6.05239913895246,A
2054,2,2.0361982495524,5.18693936174921,A
2055,2,1.70368846878409,6.25747419259902,A
2056,2,1.51547087915242,8.33382262613506,A
2057,2,1.86600833805278,7.70003715536479,A
2058,2,1.51840972388163,6.92483325493516,A
2059,2,2.20003202045336,5.60162223455107,A
2060,2,1.24098375113681,5.26387787751079,A
2061,2,2.05368691682816,6.89467326031136,A
2062,2,1.45030912710354,7.79822064968433,A
2063,2,0.831647532992065,3.40764430213741,A
2064,2,1.48592599947006,5.76752037985004,A
2065,2,2.06514688720927,8.21235897101373,A
2066,2,0.615385602694005,4.20725611660184,A
2067,2,2.24269599374384,6.62550770699722,A
2068,2,0.615148812532425,4.24569325311564,A
2069,2,1.78529532346874,4.27006657940424,A
2070,2,1.44403838319704,6.17509534356674,A
2071,2,1.55122066475451,5.56145332326033,A
2072,2,2.03689122386277,5.64277647050593,A
2073,2,1.62939756643027,3.02785970407753,A
2074,2,2.26187711907551,5.3528838360474,A
2075,2,1.13865376403555,5.57115794919781,A
2076,2,1.0309025044553,3.58360355408146,A
2077,2,1.05839201388881,5.87608745556842,A
2078,2,1.39512981195003,6.53687629526719,A
2079,2,0.607324419543147,4.50425352563306,A
2080,2,0.695421823766083,5.06940194913305,A
2081,2,1.46375174401328,6.40832919248419,A
2082,2,1.53684441652149,7.56075098034358,A
2083,2,1.71833216398954,6.22841189223825,A
2084,2,1.37419321248308,4.58190797301611,A
2085,2,1.2033751080744,4.523513917586,A
2086,2,2.39828568231314,4.58505912187495,A
2087,2,2.16659723455086,4.65276002010291,A
2088,2,1.45450395112857,4.57991579625317,A
2089,2,2.06969144614413,7.66040459799226,A
2090,2,2.16477952431887,6.51878671162145,A
2091,2,1.74485869053751,4.96058263672797,A
2092,2,1.55975659517571,5.78184953122775,A
2093,2,0.720810934901238,3.19990177742623,A
2094,2,0.919884587172419,7.0901362638631,A
2095,2,1.94199317321181,5.61388358368764,A
2096,2,1.30535412067547,5.43177904668139,A
2097,2,2.10853339964524,5.1644050585275,A
2098,2,0.805874648969621,3.96445371888336,A
2099,2,2.45865448564291,5.01970561151965,A
2100,2,2.22989822272211,6.72312025616674,A
2101,2,0.9445207612589,4.4927917653618,A
2102,2,1.87811399111524,5.33440718577133,A
2103,2,1.67419239040464,7.1541009985948,A
2104,2,0.99101319629699,4.00440853065766,A
2105,2,1.2347483150661,5.33260058504088,A
2106,2,1.78212171653286,4.87149795955077,A
2107,2,0.878258327487856,4.76645491627077,A
2108,2,2.29730517417192,5.80263170341521,A
2109,2,0.939257440622896,3.93401381553152,A
2110,2,1.95282315928489,6.14514378507623,A
2111,2,1.04271819861606,5.31820191458582,A
2112,2,2.01779547380283,7.09118474092788,A
2113,2,0.701112743932754,3.25465849357418,A
2114,2,1.44686308456585,5.86876781964331,A
2115,2,1.64953313115984,5.29330237493636,A
2116,2,1.22439029207453,5.1084640365071,A
2117,2,1.43161056004465,5.72741742570027,A
2118,2,1.34176221070811,4.46527425518841,A
2119,2,2.03369783051312,3.66300135315363,A
2120,2,1.19938216451556,4.41076587074432,A
2121,2,2.48649328527972,5.70829941705381,A
2122,2,2.41277618519962,7.75581872397303,A
2123,2,2.33169870031998,6.52033180308366,A
2124,2,1.03295955527574,3.92627364469708,A
2125,2,0.769338419660926,5.73354829481194,A
2126,2,0.636566447094083,3.95084940702033,A
2127,2,2.03201036481187,4.73835987013917,A
2128,2,1.57883708132431,4.48979431456488,A
2129,2,1.19959261128679,4.9297818340544,A
2130,2,0.53011268703267,2.70861112866646,A
2131,2,0.889645133633167,5.83183068169116,A
2132,2,1.91097104735672,5.88951605103458,A
2133,2,1.1426084022969,7.11084281224897,A
2134,2,2.43678154423833,6.70134820392436,A
2135,2,1.48499073926359,7.62003402783283,A
2136,2,0.92192443786189,2.58003759963042,A
2137,2,1.38405974768102,5.06961016016022,A
2138,2,2.29155309312046,4.79727134336924,A
2139,2,2.42563446518034,7.46437654762297,A
2140,2,2.23286766326055,4.80054775467011,A
2141,2,1.38693854026496,5.89762258829713,A
2142,2,1.44408559752628,5.66829840512481,A
2143,2,1.58353929128498,3.95510230234613,A
2144,2,2.00365028576925,5.47151589421409,A
2145,2,0.836145675741136,5.07449464395359,A
2146,2,2.22545236069709,5.19928161834083,A
2147,2,2.07142807450145,4.43300156719882,A
2148,2,1.70808535814285,3.87834724589151,A
2149,2,1.76312296232209,6.14001307877805,A
2150,2,1.992847322952,4.73553413357011,A
2151,2,2.11266591772437,4.49866734914856,A
2152,2,0.669894984457642,4.09508760062308,A
2153,2,1.98368305526674,7.37638635050635,A
2154,2,0.695843086112291,4.00097631411259,A
2155,2,0.718199923168868,3.87140346900032,A
2156,2,1.63950341613963,6.53887955245039,A
2157,2,0.871627137996256,5.104455677403,A
2158,2,2.41749940998852,5.54190670873216,A
2159,2,0.938666272908449,5.15820382183239,A
2160,2,0.667175885289908,5.65566117626698,A
2161,2,0.531105271540582,4.12874751185413,A
2162,2,1.82335018645972,5.75130628900802,A
2163,2,0.506355798337609,4.19686009985229,A
2164,2,2.21136433398351,5.50391557860936,A
2165,2,0.879046665038914,5.18043016475708,A
2166,2,2.49848933517933,4.88566270929597,A
2167,2,0.610262678004801,2.88040277819169,A
2168,2,1.04094943637028,5.00704208266619,A
2169,2,1.89825072605163,4.97978609718192,A
2170,2,1.84320810297504,7.68747636780871,A
2171,2,1.86825341917574,4.81749531000976,A
2172,2,1.13541418965906,5.23352565699525,A
2173,2,1.10378247499466,4.65523355580157,A
2174,2,0.565638789441437,4.35715641448468,A
2175,2,1.52141528436914,5.74330514448864,A
2176,2,1.4443856049329,5.01685080676891,A
2177,2,1.47826783591881,4.81619353607086,A
2178,2,0.519137341994792,2.92499038983422,A
2179,2,2.0502716996707,5.7211583022638,A
2180,2,2.07483273930848,6.0091544662369,A
2181,2,0.770290105137974,4.26373772327672,A
2182,2,2.26459883665666,3.23812256621584,A
2183,2,1.9388453066349,4.70447000292241,A
2184,2,1.99311389168724,5.58081349132513,A
2185,2,0.97349142190069,5.41545508045168,A
2186,2,1.22347912890837,2.81618609760226,A
2187,2,2.44087238516659,8.86230823091098,A
2188,2,1.12980529060587,5.0241674203382,A
2189,2,2.13166200276464,6.43028987265574,A
2190,2,2.42183335870504,6.89972963543919,A
2191,2,1.31145656807348,4.79060017231807,A
2192,2,2.42478475393727,6.17488288438033,A
2193,2,1.95806317264214,6.99868614894626,A
2194,2,2.39349827030674,5.43846836765812,A
2195,2,2.32363930204883,4.9122939655503,A
2196,2,1.21200298238546,5.47251295104855,A
2197,2,1.48286061547697,5.84235911397509,A
2198,2,1.19270379142836,4.89450627899672,A
2199,2,0.932561814785004,4.29109467453122,A
2200,2,0.582718744408339,3.5685573607489,A
2201,2,1.31904092058539,7.04562097437321,A
2202,2,2.41721737617627,5.93586990178946,A
2203,2,1.2459665639326,5.24713181193794,A
2204,2,1.42088491376489,4.57425098449851,A
2205,2,1.53199269482866,5.68526230022717,A
2206,2,1.43949681799859,3.49032642973336,A
2207,2,1.43211217550561,5.40139734492139,A
2208,2,0.51303446944803,4.70397704163308,A
2209,2,0.513775209430605,3.72445824556756,A
2210,2,1.39192867325619,5.15359048620196,A
2211,2,0.711894979700446,3.54535647043298,A
2212,2,2.29116840707138,5.83103094771335,A
2213,2,1.75357788568363,3.53466487902089,A
2214,2,0.748189722187817,5.58629695486143,A
2215,2,0.60755271371454,3.32682907705739,A
2216,2,1.8064810661599,6.40548966868376,A
2217,2,1.32246001716703,5.73185024882565,A
2218,2,1.08822255209088,4.30211851947222,A
2219,2,0.50140299089253,5.0456527814525,A
2220,2,0.871907228603959,5.01011618894201,A
2221,2,1.63939352240413,7.94887491239714,A
2222,2,2.21824288181961,7.57917461074165,A
2223,2,1.53738774545491,5.14949567303461,A
2224,2,2.21544489217922,5.16602779917355,A
2225,2,0.983924182131886,3.22511936523076,A
2226,2,2.37677928851917,4.19219449881723,A
2227,2,1.26526462193578,5.96354708620197,A
2228,2,2.2379664410837,6.88655142732533,A
2229,2,2.16472322912887,4.53691066862716,A
2230,2,1.92264887690544,6.23166202833664,A
2231,2,1.52089452976361,3.89693765605347,A
2232,2,1.30223854491487,5.95110826257646,A
2233,2,0.589819668326527,5.06815092689999,A
2234,2,1.93149026995525,8.89021154562047,A
2235,2,0.943854198325425,4.98005308121497,A
2236,2,0.641486690379679,4.72954117617085,A
2237,2,0.781267872545868,2.88228383227154,A
2238,2,1.72245743963867,3.24829681181073,A
2239,2,1.52046621683985,5.98712119145047,A
2240,2,1.87236069701612,5.16028907656448,A
2241,2,1.73276497656479,3.43674054045797,A
2242,2,1.17223525233567,5.2865512961504,A
2243,2,1.12284544436261,4.6086298641111,A
2244,2,1.20746060553938,3.50116661322831,A
2245,2,0.892706350423396,3.39888862648234,A
2246,2,1.54154773196206,6.13407998784812,A
2247,2,2.32551307231188,7.6274432800421,A
2248,2,1.08534601936117,4.18717896349441,A
2249,2,1.00820226455107,5.17086108704118,A
2250,2,2.01006831461564,4.82216776692715,A
2251,2,0.709948035422713,4.74941648244061,A
2252,2,1.6662262850441,5.41525795641367,A
2253,2,1.96591043891385,7.89779361389959,A
2254,2,0.746595471631736,6.21908100063048,A
2255,2,0.761802194174379,5.5914181683925,A
2256,2,1.03924665367231,5.28115730044296,A
2257,2,0.656309361103922,3.4709333429322,A
2258,2,0.652009279467166,4.41917808782268,A
2259,2,2.2607542835176,5.16286540458065,A
2260,2,1.14818266173825,4.35030059830051,A
2261,2,2.09474735381082,6.31425153855672,A
2262,2,1.66577836778015,6.01867725151968,A
2263,2,1.05193504458293,5.34486243856635,A
2264,2,2.44210308091715,7.68175476566219,A
2265,2,1.21455811103806,3.70005860537635,A
2266,2,1.14225346175954,5.06008212194958,A
2267,2,1.92294755624607,5.48180557315569,A
2268,2,2.41156917624176,6.3096432724617,A
2269,2,2.12267830176279,5.60918284377332,A
2270,2,1.29435762763023,4.75967165041434,A
2271,2,1.7570212460123,5.16007442148445,A
2272,2,1.90043735131621,5.08371745383046,A
2273,2,1.3174411104992,6.65296121470275,A
2274,2,1.77574576763436,4.7924993427129,A
2275,2,2.09361238405108,3.35642576463223,A
2276,2,2.01636357512325,4.97076475921509,A
2277,2,0.794688042718917,4.13309276263015,A
2278,2,1.96519007300958,6.70647300738606,A
2279,2,2.0617174054496,6.02796525619004,A
2280,2,2.04460055567324,6.79120868143859,A
2281,2,1.13242208631709,4.50011747999081,A
2282,2,1.38724452629685,6.87121965871449,A
2283,2,2.44186078757048,5.45381969776872,A
2284,2,1.30751710012555,4.41248801068009,A
2285,2,1.7464734739624,5.05378577538831,A
2286,2,2.30415605567396,7.71548856593941,A
2287,2,0.790622163563967,4.48674170396114,A
2288,2,1.2018428160809,4.11599690222839,A
2289,2,1.09792697941884,2.92497809188026,A
2290,2,0.997029671445489,5.77437687463103,A
2291,2,1.34593543456867,5.45095285562014,A
2292,2,2.00579109648243,5.71768796647096,A
2293,2,1.26854410301894,4.75819047937109,A
2294,2,1.20477076712996,4.24497688708445,A
2295,2,0.999883604701608,4.31953622598499,A
2296,2,2.17609920492396,5.12098180479514,A
2297,2,0.838664575014263,4.48943380679455,A
2298,2,1.72231076704338,6.70790242910862,A
2299,2,1.74392325663939,5.00362507916305,A
2300,2,2.36978712957352,5.01507969969739,A
2301,2,0.957949225325137,5.92855845335794,A
2302,2,2.47601736802608,4.94506050528848,A
2303,2,1.35584355005994,4.03074436110121,A
2304,2,0.71248238440603,4.94226142510871,A
2305,2,1.63973745563999,5.7212374340639,A
2306,2,0.84468272421509,3.24464182845395,A
2307,2,2.48839082475752,5.93771773975351,A
2308,2,1.89478627452627,4.78837094748434,A
2309,2,1.4934006491676,3.37209726945752,A
2310,2,2.23439303180203,4.45505038205833,A
2311,2,1.53728463500738,5.38746921390709,A
2312,2,1.13723989669234,4.65960647840076,A
2313,2,0.522616241592914,1.52569505642594,A
2314,2,1.92102349502966,5.89219717405187,A
2315,2,1.46090078307316,5.70498697854448,A
2316,2,1.81437512021512,3.94875826899166,A
2317,2,0.820023507345468,3.79002963496174,A
2318,2,1.07377992384136,3.61688242604812,A
2319,2,2.47497418895364,5.89221412386349,A
2320,2,0.675112184137106,5.37328517189342,A
2321,2,1.53771475004032,4.20644274821106,A
2322,2,1.60405868804082,6.48667072661186,A
2323,2,0.981903565116227,3.37025295171865,A
2324,2,1.22899058461189,3.65665874949588,A
2325,2,1.42977126780897,4.70739772570074,A
2326,2,2.3229866172187,5.21445528153266,A
2327,2,2.45065089734271,7.64671965146255,A
2328,2,1.43784255720675,5.65701885050418,A
2329,2,1.70978475920856,4.16155046465869,A
2330,2,2.044766924344,4.77291282980249,A
2331,2,1.44374239165336,5.54308406703803,A
2332,2,0.511768179479986,3.71696823987964,A
2333,2,0.734560805372894,2.73877444213963,A
2334,2,2.46785274753347,7.29400154713144,A
2335,2,2.07966547831893,4.91193923367518,A
2336,2,1.27253740793094,3.5250759238103,A
2337,2,1.2347479374148,5.63347877484867,A
2338,2,0.811214903835207,2.58971348097859,A
2339,2,1.38887389702722,6.16403778913163,A
2340,2,2.04888804769143,4.93801084800848,A
2341,2,1.22908423375338,5.99549195788614,A
2342,2,0.929138631094247,6.87285023906155,A
2343,2,0.778183210641146,4.28031434481533,A
2344,2,0.8375045619905,3.98748464382576,A
2345,2,0.961046498734504,3.9402400787899,A
2346,2,0.758726543746889,3.227952390558,A
2347,2,1.96483825612813,4.68768597365439,A
2348,2,0.605621299706399,5.93177790218524,A
2349,2,2.45826256927103,6.93212565611888,A
2350,2,1.77131545078009,5.87428466708359,A
2351,2,2.32181836478412,5.80757442894798,A
2352,2,1.60959742125124,6.45469795442387,A
2353,2,1.95619751838967,3.80481499547249,A
2354,2,1.80580163979903,5.16738604197191,A
2355,2,2.41267140209675,7.18425179357186,A
2356,2,1.39653430413455,4.44921940000103,A
2357,2,1.11232289578766,4.41710951908155,A
2358,2,0.807864638511092,5.10824033112442,A
2359,2,0.737323864363134,6.5772670386315,A
2360,2,0.621886613313109,3.39043843856641,A
2361,2,0.718860936351121,6.22292933097497,A
2362,2,0.570530350320041,1.58805915662682,A
2363,2,1.95689878612757,4.8435715890645,A
2364,2,0.601619002409279,4.41080246538527,A
2365,2,1.78975982218981,5.46358925658379,A
2366,2,0.671134168282151,3.38492441170576,A
2367,2,0.917059984058142,5.09933683467482,A
2368,2,2.26843540230766,3.11266595568646,A
2369,2,0.971583906561136,3.761811507799,A
2370,2,0.637702748645097,4.25900140932177,A
2371,2,0.841608829330653,3.01220193088327,A
2372,2,1.38687012437731,3.32652614186437,A
2373,2,2.47751230793074,6.5617816909698,A
2374,2,2.10876728687435,9.39365864375752,A
2375,2,1.19000379974023,3.69958373551142,A
2376,2,0.65760014904663,1.21567304187167,A
2377,2,0.720416620839387,5.31622695702409,A
2378,2,1.78261073119938,4.23078157649766,A
2379,2,1.2789046280086,7.18781495603859,A
2380,2,1.14639896061271,4.02041104980931,A
2381,2,1.6476244465448,4.64441086169606,A
2382,2,1.41455498058349,5.04339916184025,A
2383,2,2.01947513688356,6.2390437818431,A
2384,2,1.94231842644513,5.85421455783586,A
2385,2,0.510419177822769,1.99418756610679,A
2386,2,1.81034460803494,7.49837112893137,A
2387,2,0.672420884948224,6.55046566544744,A
2388,2,1.50877724308521,5.59278110080024,A
2389,2,1.2180738709867,5.98213971126866,A
2390,2,1.14267366193235,5.13955166670496,A
2391,2,0.854188609402627,6.01625625058712,A
2392,2,0.740781784057617,4.18355821604321,A
2393,2,0.581068702507764,5.71507130556713,A
2394,2,1.04400792717934,3.94123847381688,A
2395,2,2.35969647718594,4.29106171241494,A
2396,2,1.14480552030727,4.60382651674964,A
2397,2,1.88093054573983,5.98676532092751,A
2398,2,1.62260671006516,5.83216459648003,A
2399,2,0.75312084518373,6.08233041169774,A
2400,2,0.814977497328073,2.29403205061313,A
2401,2,1.87317696074024,5.57888688849381,A
2402,2,2.07962501281872,4.73850751976199,A
2403,2,0.889080083463341,6.00995391893994,A
2404,2,0.999278517439961,5.9132751498812,A
2405,2,2.28245880175382,5.81223695612445,A
2406,2,2.43455212889239,7.1361824674285,A
2407,2,1.59217388834804,5.4249214025414,A
2408,2,2.02040014229715,5.74437382127843,A
2409,2,1.48476429656148,5.48238927057049,A
2410,2,2.45782666327432,4.96914247459457,A
2411,2,2.47613564459607,5.98093767503222,A
2412,2,1.23323827469721,4.00494144824214,A
2413,2,2.47934288065881,6.47837342389532,A
2414,2,2.24967881664634,4.71734944655194,A
2415,2,1.50314898975194,5.89184070622226,A
2416,2,2.35915428353474,3.71904103100807,A
2417,2,1.54623641539365,6.70812462519542,A
2418,2,2.37038295110688,6.79678563069495,A
2419,2,0.889063015114516,5.65011682805459,A
2420,2,1.70781921735033,4.26393778877356,A
2421,2,2.04079563962296,5.50750523409884,A
2422,2,1.67469591693953,6.60818679540534,A
2423,2,1.10181533591822,4.48911056739399,A
2424,2,1.30826562829316,5.90826303040954,A
2425,2,0.681143488269299,3.85086069599674,A
2426,2,1.58953837351874,4.30861575239203,A
2427,2,1.70958036137745,6.34253690583398,A
2428,2,1.18728322116658,3.67942211485211,A
2429,2,1.29850806994364,5.61483675211028,A
2430,2,1.37819698499516,6.21526472094473,A
2431,2,1.71476326929405,5.92828902409916,A
2432,2,2.17178130429238,7.00751330935475,A
2433,2,2.47815640596673,7.17833111981242,A
2434,2,1.63273555971682,6.82292978156995,A
2435,2,0.563044300768524,2.16244062742015,A
2436,2,1.31636387202889,6.18092317614903,A
2437,2,1.62013233080506,5.42649667085358,A
2438,2,2.04684635996819,5.41954120407468,A
2439,2,0.59942155983299,3.25542501777896,A
2440,2,2.42270259512588,5.87896752238735,A
2441,2,0.710663835518062,5.33511105345285,A
2442,2,2.41587155964226,3.96016333267709,A
2443,2,1.51915909443051,5.58603985233588,A
2444,2,2.04922199714929,5.56297863256443,A
2445,2,2.0652007162571,6.89739363569462,A
2446,2,1.34995802259073,5.54253542778792,A
2447,2,0.542633031494916,3.15120200661029,A
2448,2,2.47514582658187,5.2162441514196,A
2449,2,1.77441498078406,4.78627609135705,A
2450,2,1.19008295796812,4.70055416013567,A
2451,2,1.44870485085994,4.99900464248059,A
2452,2,0.998794838786125,5.55113582103437,A
2453,2,1.79427195247263,5.83703623564166,A
2454,2,1.86504821013659,6.92946656051671,A
2455,2,2.08058451861143,5.4331480198265,A
2456,2,1.97536808112636,7.15313626478932,A
2457,2,1.36163575202227,4.33006099365081,A
2458,2,1.29915531910956,6.74464040766796,A
2459,2,2.26292678900063,7.45983054670339,A
2460,2,1.52837004465982,5.17887431529754,A
2461,2,1.90281009301543,5.65384640270954,A
2462,2,1.28425009222701,4.32883350141868,A
2463,2,2.45617593452334,7.21642289577053,A
2464,2,2.28450729046017,6.25474323445277,A
2465,2,1.60038500884548,5.53169959416394,A
2466,2,1.60897631617263,7.25611817800958,A
2467,2,1.96705132024363,4.26121183155357,A
2468,2,1.39479732792825,3.19215013483393,A
2469,2,1.53324714489281,5.58082383635617,A
2470,2,0.914988010656089,5.19637932662129,A
2471,2,2.41211107186973,4.97249993045616,A
2472,2,1.23643848579377,5.24029804140524,A
2473,2,0.952655638568103,6.83645446621011,A
2474,2,1.27089699078351,5.41267738124568,A
2475,2,1.81230194261298,5.22830685839224,A
2476,2,2.30653623072431,7.01528022864347,A
2477,2,0.811643338762224,2.61197753173797,A
2478,2,1.54142711870372,5.30513296567645,A
2479,2,1.98825805494562,3.72452558135955,A
2480,2,1.24505005311221,4.87747696278322,A
2481,2,0.876546100247651,7.44806709645036,A
2482,2,2.11437147762626,6.96304036556991,A
2483,2,1.50264507858083,6.38017902519359,A
2484,2,1.32788727385923,4.2116155572855,A
2485,2,0.778841161634773,5.68419379379449,A
2486,2,1.46447441726923,6.26380208524737,A
2487,2,0.536820540204644,5.6540183878603,A
2488,2,2.39141240250319,6.80869327684094,A
2489,2,0.911743777804077,2.65557129988502,A
2490,2,1.2239802191034,2.71909749766672,A
2491,2,2.15662913722917,6.99677961551487,A
2492,2,1.72667207103223,5.89363152667878,A
2493,2,2.48195714922622,4.98681193420199,A
2494,2,1.4967589029111,7.81121009084222,A
2495,2,2.20779483160004,7.51891456160509,A
2496,2,1.71435416769236,3.68750667711168,A
2497,2,2.44349911762401,6.82187468222875,A
2498,2,1.07589799026027,3.75068990555451,A
2499,2,1.65591282909736,5.0358628497968,A
2500,2,1.7506814179942,6.40528104869038,A
2501,2,1.13935429276899,5.40882742495918,A
2502,2,1.63392677204683,4.32475425594771,A
2503,2,1.19023516541347,7.4236353701077,A
2504,2,1.77018996188417,4.37023395087862,A
2505,2,1.88695262279361,4.69083301441067,A
2506,2,2.20295002451167,6.59876928641137,A
2507,2,1.98702252982184,3.88189913464506,A
2508,2,2.35102251078934,7.72571045146964,A
2509,2,0.707278312183917,4.5852257638796,A
2510,2,1.96241843653843,6.63628391738366,A
2511,2,2.0109211509116,5.92700120960837,A
2512,2,1.12712841946632,4.47771490463657,A
2513,2,0.919662412721664,4.60935438918984,A
2514,2,1.53574585402384,4.88199303457523,A
2515,2,2.47441014740616,6.20103503943096,A
2516,2,2.18711950490251,6.7559121299149,A
2517,2,1.09524280624464,3.62745185593085,A
2518,2,0.517952134367079,4.47556128714491,A
2519,2,1.05276415124536,5.30480520335945,A
2520,2,1.2204012721777,6.69431384041581,A
2521,2,1.58703829534352,7.37527108806151,A
2522,2,1.3074522074312,5.25149157018466,A
2523,2,0.56175479805097,2.35870373712515,A
2524,2,2.17692109011114,5.6916379295297,A
2525,2,1.53871088288724,7.29299559607745,A
2526,2,2.47438952093944,7.12203113111649,A
2527,2,1.57029365608469,5.52838019936093,A
2528,2,1.66490185959265,4.35041410963807,A
2529,2,2.33313694875687,7.2410644458646,A
2530,2,0.963295113295317,5.09691796608559,A
2531,2,1.91689966013655,5.66323891045192,A
2532,2,2.39589708764106,4.39318373980061,A
2533,2,2.45505415508524,3.75607927551602,A
2534,2,1.20121551398188,5.87867471907401,A
2535,2,1.27130221389234,4.08410935907908,A
2536,2,1.78327516652644,7.31566358344811,A
2537,2,1.55255288816988,4.67723208599021,A
2538,2,1.31765472330153,3.49664525057779,A
2539,2,1.60548450658098,5.75549748124109,A
2540,2,2.35062262136489,6.62290158922603,A
2541,2,1.14508186653256,4.1617123715087,A
2542,2,1.39478908991441,5.70902499327193,A
2543,2,0.834228582214564,4.99714997983311,A
2544,2,2.44263505609706,4.84955074775366,A
2545,2,0.656519690062851,3.77489094701775,A
2546,2,2.21369939809665,6.19386515398017,A
2547,2,1.87315505044535,8.67347559727758,A
2548,2,0.998564281500876,5.9325689026362,A
2549,2,0.661111859604716,5.26838023364704,A
2550,2,1.42049747193232,5.79424084964917,A
2551,2,2.47415459388867,5.01065266175467,A
2552,2,1.75756469462067,5.73837407500283,A
2553,2,2.30902604898438,5.28188684747244,A
2554,2,2.17993960203603,5.21826375418652,A
2555,2,1.07589380722493,4.58077417686983,A
2556,2,1.7990187574178,5.6042245819714,A
2557,2,0.776721361558884,5.79364019596029,A
2558,2,1.79449300514534,4.34582156252361,A
2559,2,2.44855084549636,6.50858535327606,A
2560,2,0.682054648175836,3.75522986312424,A
2561,2,1.36645880481228,6.21582756194716,A
2562,2,2.0880502415821,4.6631516258249,A
2563,2,2.00217104749754,4.35301013510592,A
2564,2,0.680914644151926,5.27573444901866,A
2565,2,1.86328458460048,5.57173174257709,A
2566,2,0.546464543323964,5.53535807970478,A
2567,2,0.966230300720781,5.0654412482926,A
2568,2,1.95966708147898,6.90285186909754,A
2569,2,1.50215766672045,6.55510525184933,A
2570,2,1.52938924729824,4.39734804582757,A
2571,2,1.23542456142604,4.13058327480993,A
2572,2,2.08810277050361,6.29160285862202,A
2573,2,0.808062685653567,4.51008288325021,A
2574,2,0.935687411576509,4.03495309298715,A
2575,2,0.522478457540274,4.27094564151079,A
2576,2,2.16982176480815,4.85379568734575,A
2577,2,1.63475443143398,5.53023963086188,A
2578,2,0.868948922492564,3.49108658396652,A
2579,2,0.616719034966081,4.59903927141689,A
2580,2,1.18215162912384,5.5096396484286,A
2581,2,0.566562968771905,4.45040550304152,A
2582,2,1.27392338262871,4.32780327048107,A
2583,2,1.65218079462647,5.65084050035289,A
2584,2,1.60685826325789,2.73077944704407,A
2585,2,2.45841242093593,7.74016684850174,A
2586,2,1.66478930832818,5.77215687740896,A
2587,2,1.06872274307534,5.96995082037797,A
2588,2,2.01474890392274,5.77078342613764,A
2589,2,2.06186267873272,7.7255330352409,A
2590,2,0.509693194646388,5.17314911821966,A
2591,2,2.04503730777651,6.24867488007227,A
2592,2,1.58549496158957,5.46708162403801,A
2593,2,2.49329817295074,6.80541711161629,A
2594,2,1.11858976585791,5.97667267478927,A
2595,2,2.12561549432576,5.32701182323128,A
2596,2,1.13741535693407,5.39371386951668,A
2597,2,0.588115632068366,3.98908506194021,A
2598,2,1.71464032540098,2.44773002506538,A
2599,2,1.48518020706251,5.32826128472184,A
2600,2,2.39864031923935,5.05425128917278,A
2601,2,1.24880861490965,2.81388867073748,A
2602,2,1.72130491072312,4.88642571757561,A
2603,2,2.24641621019691,4.9632173215857,A
2604,2,2.08845067257062,6.87068436399928,A
2605,2,0.693512741476297,4.38331679811401,A
2606,2,1.85233977716416,7.40022516880112,A
2607,2,1.35771652916446,4.8649709531694,A
2608,2,1.54855954321101,4.04585549153016,A
2609,2,2.44284414174035,7.320210229728,A
2610,2,1.59564986918122,3.2903055787859,A
2611,2,1.36934101162478,6.66729420569644,A
2612,2,1.36910506617278,5.65976361750909,A
2613,2,1.46190193621442,3.83811106810745,A
2614,2,0.906403869390488,6.06170231116858,A
2615,2,1.19512262707576,5.45239318313129,A
2616,2,1.99395703151822,7.55346126950054,A
2617,2,1.69480517180637,5.97864377380976,A
2618,2,1.3881782819517,4.92007945277034,A
2619,2,0.624628374818713,3.6766001706351,A
2620,2,0.54655791958794,3.26441149629285,A
2621,2,2.20830088155344,3.61525773197396,A
2622,2,2.322711662855,5.89655796149477,A
2623,2,1.3752890820615,7.12263204007484,A
2624,2,1.66049793735147,6.53106499210902,A
2625,2,1.54496825579554,6.1896981815458,A
2626,2,1.73802271205932,5.78245521483756,A
2627,2,0.791474675294012,4.74183063837783,A
2628,2,0.911132651381195,3.74592315816163,A
2629,2,2.17376823211089,4.40591061790143,A
2630,2,2.44548788713291,5.88406342842069,A
2631,2,1.35814626188949,6.18871780809176,A
2632,2,2.05468447785825,6.81024852316012,A
2633,2,2.07706594653428,3.84777904173106,A
2634,2,1.18610225245357,5.36793937605656,A
2635,2,2.30854121223092,8.62451571508386,A
2636,2,2.03891038242728,7.20904860783402,A
2637,2,1.76404825691134,5.55071574126292,A
2638,2,1.58078184816986,5.47175753925337,A
2639,2,1.32457047980279,3.63030953313079,A
2640,2,2.02367266872898,5.52704708001642,A
2641,2,0.892006793059409,3.47468811113066,A
2642,2,2.04458895511925,7.29348728799167,A
2643,2,1.74388700537384,5.92707394986346,A
2644,2,0.56531542353332,5.86276602976872,A
2645,2,2.25154859386384,6.97496376425963,A
2646,2,1.38577874610201,3.73577433070373,A
2647,2,0.673489074688405,2.88107780370288,A
2648,2,2.48242736933753,7.51003315033627,A
2649,2,1.70696551352739,6.96517537010209,A
2650,2,1.92139524081722,4.84301558376156,A
2651,2,1.50924655469134,6.21438189295724,A
2652,2,1.85849593160674,5.13182856043671,A
2653,2,1.01115772919729,2.85560007541133,A
2654,2,2.39911925513297,7.02791809123529,A
2655,2,2.04844280565158,4.9984555471187,A
2656,2,1.49460676684976,6.00365766308149,A
2657,2,2.19802053365856,6.66221737691451,A
2658,2,2.30580560024828,7.0252119417696,A
2659,2,0.842355805449188,4.35831298779954,A
2660,2,1.98098593065515,7.14299363604938,A
2661,2,0.936063310597092,4.69536671187065,A
2662,2,1.26451799366623,4.91279556313522,A
2663,2,1.88250889908522,4.5178697324666,A
2664,2,1.68216465786099,4.30090769029412,A
2665,2,1.03475334076211,4.50662995319352,A
2666,2,2.11442104447633,5.69439447062809,A
2667,2,2.43801731709391,5.48158199724389,A
2668,2,0.719658536370844,5.49954527155164,A
2669,2,1.11934589315206,4.52572370951162,A
2670,2,0.864190818741918,4.41811208062414,A
2671,2,2.35801596520469,5.78051121370673,A
2672,2,1.98361768387258,6.62685556485312,A
2673,2,1.39706487162039,5.96595541067706,A
2674,2,2.31043691793457,6.07682148645498,A
2675,2,1.15512119280174,4.49989770829158,A
2676,2,0.965177406556904,4.08726165649174,A
2677,2,2.03652571886778,5.65992951957306,A
2678,2,1.78086026152596,7.15201088859487,A
2679,2,0.861768529284746,4.23776531121832,A
2680,2,1.97780004143715,5.24407313086722,A
2681,2,1.86577659286559,4.6338346857614,A
2682,2,1.67938726814464,4.77705150029822,A
2683,2,2.4059985508211,7.15240374922356,A
2684,2,1.46047972375527,4.67972896520254,A
2685,2,2.0966288568452,6.03152084222483,A
2686,2,0.605299196206033,6.71056700228814,A
2687,2,0.904798910487443,4.33389254120244,A
2688,2,1.09303307300434,4.80860171755604,A
2689,2,1.41328977141529,6.05193270786834,A
2690,2,0.789742012042552,6.69022585573061,A
2691,2,2.13541988749057,3.59438577465802,A
2692,2,0.811136691831052,4.99774723474378,A
2693,2,0.683034577872604,2.79689013947449,A
2694,2,2.21442035026848,4.90761579304805,A
2695,2,1.64237695466727,5.95076644948734,A
2696,2,2.18630918953568,7.91292676653001,A
2697,2,1.46887460304424,5.30771500281191,A
2698,2,2.43040379788727,5.65454438134391,A
2699,2,1.34240223607048,4.736757545516,A
2700,2,1.72864424390718,5.27566197174107,A
2701,2,0.630116014741361,4.76137902843269,A
2702,2,1.13481872715056,3.89441781360015,A
2703,2,1.95187137881294,5.27067436582765,A
2704,2,1.84617752069607,6.21250946192926,A
2705,2,2.36173065565527,5.28278837271152,A
2706,2,1.49283506767824,5.57243008318248,A
2707,2,2.47019978286698,7.79309814352135,A
2708,2,1.51634480711073,4.53491843726079,A
2709,2,0.609251203481108,3.44759250095699,A
2710,2,1.01053778640926,4.16057413062805,A
2711,2,0.744296290446073,4.76504151098567,A
2712,2,0.681303837802261,3.66220649461194,A
2713,2,0.606256027705967,3.86758715884363,A
2714,2,1.71009247144684,4.47551392797176,A
2715,2,2.34833764797077,5.19349373191027,A
2716,2,0.556261360179633,3.49092441672126,A
2717,2,1.25847742380574,4.87702057342831,A
2718,2,1.29518505185843,5.18195045672585,A
2719,2,1.9462541975081,4.76737762693897,A
2720,2,2.39324150141329,5.53454800737553,A
2721,2,1.77667425759137,4.52853723698606,A
2722,2,0.787737934850156,2.73170321026496,A
2723,2,0.861717456486076,4.76754033252286,A
2724,2,0.995226054918021,6.09455580886541,A
2725,2,1.37960189115256,4.94756666559124,A
2726,2,1.20648692687973,4.06073062636528,A
2727,2,1.03120014956221,4.13916694234075,A
2728,2,0.902541019022465,6.85379977125882,A
2729,2,1.22544541675597,3.53689657002158,A
2730,2,0.739983099978417,3.17110295718703,A
2731,2,1.05349895264953,3.51043337045531,A
2732,2,1.25526200886816,3.93533010591236,A
2733,2,1.62890149280429,5.49274966484572,A
2734,2,2.40888680750504,5.68523085736489,A
2735,2,1.6712769116275,5.4215411154053,A
2736,2,0.770766228903085,5.63621761606049,A
2737,2,1.52985500870273,6.18733711966035,A
2738,2,1.74243728397414,6.08792947348191,A
2739,2,2.38803917448968,7.16571816475923,A
2740,2,1.58554070116952,6.42666632422713,A
2741,2,2.2761090551503,5.30760331451227,A
2742,2,0.645675329957157,3.14819968475036,A
2743,2,1.54568141279742,4.04992587809324,A
2744,2,1.86289226356894,5.97094969813159,A
2745,2,0.692669935058802,3.87376312156672,A
2746,2,1.8946042326279,4.2459645103981,A
2747,2,1.97279517678544,7.24213992679786,A
2748,2,1.68984902231023,5.49511130815545,A
2749,2,2.05239613493904,6.11515381756578,A
2750,2,0.709275059401989,6.17495259282906,A
2751,2,2.10807100869715,7.36564804315849,A
2752,2,1.90952455066144,6.16271686659472,A
2753,2,1.42566272383556,4.25910277463001,A
2754,2,1.71800574101508,4.22918251800605,A
2755,2,1.39194227522239,6.09283027112441,A
2756,2,1.79489197861403,6.36620415737484,A
2757,2,0.775406209286302,3.7068088637203,A
2758,2,1.66589108901098,4.82768106885948,A
2759,2,1.41621608380228,4.19882496639211,A
2760,2,2.37883684365079,6.80616780685377,A
2761,2,2.08160115499049,6.36153000991483,A
2762,2,2.35943393129855,7.44149840439435,A
2763,2,0.903710198588669,3.76534674816627,A
2764,2,2.40042198309675,5.80588228802007,A
2765,2,1.32847430976108,5.67846774702956,A
2766,2,1.04486642545089,5.54254042542184,A
2767,2,2.40496901795268,7.05895577607965,A
2768,2,0.987233290914446,4.94271617283554,A
2769,2,1.08028340246528,4.13005633504085,A
2770,2,0.57951013604179,4.29745248562612,A
2771,2,2.01406180718914,6.49412305043657,A
2772,2,1.13874148391187,5.56655082293628,A
2773,2,0.864873065147549,6.36475998615248,A
2774,2,0.908148750197142,6.51898585545849,A
2775,2,1.36971953231841,7.37347100613565,A
2776,2,1.76230380544439,5.44547070941311,A
2777,2,0.901717041153461,3.44853031548076,A
2778,2,1.15199521463364,4.9261315443367,A
2779,2,0.799773442558944,5.46288246929395,A
2780,2,1.2553720055148,5.00665579271847,A
2781,2,1.50526177696884,4.99396644926312,A
2782,2,1.88475724495947,6.14256528785022,A
2783,2,1.88899697270244,6.89262097870769,A
2784,2,1.94230797654018,6.40363296476008,A
2785,2,1.70951151009649,5.8101812490709,A
2786,2,1.40643692808226,2.90396030550531,A
2787,2,0.745565824676305,3.790892322535,A
2788,2,0.901791458018124,6.62902720513751,A
2789,2,2.44867355609313,6.59069200428787,A
2790,2,1.47170551586896,6.2061396318451,A
2791,2,0.823285887949169,4.77528549107573,A
2792,2,1.98731390107423,6.70723368365288,A
2793,2,1.23427214799449,4.48311056457277,A
2794,2,0.902377500198781,3.48288518741799,A
2795,2,2.37961286352947,6.23879618646472,A
2796,2,2.4776415429078,5.41789321107662,A
2797,2,1.03132195258513,5.71465129551202,A
2798,2,1.02461600117385,4.86191940405935,A
2799,2,1.04464711248875,3.86268350139081,A
2800,2,2.49073948618025,4.47698758317823,A
2801,2,1.00318549247459,2.93826356474949,A
2802,2,1.31287285871804,7.5678131845059,A
2803,2,1.70152095844969,4.98716386236871,A
2804,2,1.10547807114199,5.73564427830082,A
2805,2,1.77697017695755,3.77568515107876,A
2806,2,1.43520606262609,3.84560983755113,A
2807,2,1.88968861568719,4.17269299406157,A
2808,2,0.796612481586635,3.57851756847376,A
2809,2,1.81918163597584,4.45257411818958,A
2810,2,1.02973981527612,4.37626270213185,A
2811,2,1.89335720753297,5.59523094844169,A
2812,2,1.99199082423002,5.63105636660902,A
2813,2,0.516721130814403,2.65691575876634,A
2814,2,1.30570085393265,2.51082439212963,A
2815,2,0.754341242369264,5.45500575934153,A
2816,2,2.29855905240402,5.74416402282534,A
2817,2,0.8425501906313,4.89035082688393,A
2818,2,1.02509079687297,3.14880706900773,A
2819,2,2.25016872445121,6.27318617484387,A
2820,2,2.12951301550493,6.75362021222767,A
2821,2,2.42763053905219,4.4724058108197,A
2822,2,1.20624319603667,8.1451691574173,A
2823,2,0.707709582522512,3.76865373356054,A
2824,2,0.751732609700412,3.23159873051062,A
2825,2,0.815361310727894,4.58181555329131,A
2826,2,1.11083221063018,7.7960230276178,A
2827,2,2.21859545493498,5.8800965719307,A
2828,2,0.719097506254911,4.29539797421395,A
2829,2,1.43841898301616,4.4866278261667,A
2830,2,1.80255562439561,3.41030141132591,A
2831,2,1.73911446891725,3.93001327981768,A
2832,2,1.96881900820881,4.15115910427226,A
2833,2,1.12317114509642,4.80260644773923,A
2834,2,1.1837288714014,3.38740536182505,A
2835,2,1.09559503663331,5.57712662054145,A
2836,2,0.837987828999758,4.59335808486504,A
2837,2,1.36384224332869,7.06816187814726,A
2838,2,1.91270812461153,5.12606490832197,A
2839,2,1.12934603868052,3.32533871872701,A
2840,2,1.35835135029629,5.75735732517213,A
2841,2,1.09705365030095,5.23571014837553,A
2842,2,2.27772482531145,5.46262170124125,A
2843,2,2.24650240177289,5.86397161062923,A
2844,2,1.50253813434392,5.4918309411188,A
2845,2,0.981232910882682,5.69534452084885,A
2846,2,1.17847804166377,4.21233968005863,A
2847,2,0.729483804199845,4.5952087423884,A
2848,2,2.045245943591,5.41352218363269,A
2849,2,2.41122293425724,7.65627308414905,A
2850,2,0.582930424716324,5.92070646231601,A
2851,2,1.0016240440309,5.15398790616987,A
2852,2,2.32647606311366,5.89043903697923,A
2853,2,0.634095943532884,1.45219167447892,A
2854,2,1.88507844367996,6.22474429706449,A
2855,2,0.606583670713008,3.79062279561734,A
2856,2,1.67840957222506,5.45749076244761,A
2857,2,1.554909018334,5.86767827560546,A
2858,2,2.41090629994869,5.24165578545138,A
2859,2,1.30704101221636,5.54027703101334,A
2860,2,1.44756726827472,4.84564234032233,A
2861,2,2.43706923630089,6.32694705141756,A
2862,2,1.13831786811352,4.63143781750951,A
2863,2,1.30331941787153,5.76999827345265,A
2864,2,0.862346006091684,4.01271984586657,A
2865,2,0.535938345827162,6.21565634086263,A
2866,2,0.761212130542845,4.33705215362727,A
2867,2,1.88486035773531,4.96033692965997,A
2868,2,2.37349965889007,4.21339738078612,A
2869,2,2.20638013258576,7.05593944968682,A
2870,2,1.97342594107613,5.08710946856319,A
2871,2,1.20223946915939,5.25018746768827,A
2872,2,1.13618003996089,4.58381630840819,A
2873,2,1.04875114932656,5.04136821491892,A
2874,2,1.21974779758602,4.96088334503071,A
2875,2,0.50224972050637,3.15311143293427,A
2876,2,0.879923149012029,6.48420191026605,A
2877,2,1.4210182861425,2.02368542763294,A
2878,2,0.845086569432169,4.3483341084309,A
2879,2,1.44221219979227,6.07210505771118,A
2880,2,0.604993095621467,1.91227595653791,A
2881,2,0.951535076834261,5.25772108619077,A
2882,2,1.15286592254415,3.6492850224895,A
2883,2,1.63212887849659,5.67494470676654,A
2884,2,1.1753742210567,5.34904093178936,A
2885,2,0.910359128378332,4.10022945141522,A
2886,2,1.54983586538583,8.95297468355965,A
2887,2,1.10898537468165,5.16140142504994,A
2888,2,2.23514032782987,5.46838579786858,A
2889,2,0.804835524875671,4.85246048357864,A
2890,2,1.10798490885645,3.96571753690904,A
2891,2,0.752826456446201,2.26280301668243,A
2892,2,0.929160464555025,4.27756893539578,A
2893,2,0.919135074131191,5.42554421278657,A
2894,2,0.958307100925595,4.94452274330982,A
2895,2,1.99705316824839,5.62102536309063,A
2896,2,0.558047645259649,5.00356029724894,A
2897,2,2.13084139954299,5.54626031280474,A
2898,2,1.79680200619623,3.40094723841478,A
2899,2,0.98386509809643,3.29074756033707,A
2900,2,1.18164904415607,4.90862082355997,A
2901,2,1.21684660296887,5.39093456988265,A
2902,2,1.19008943066001,4.05214128557204,A
2903,2,2.08551016496494,5.60188642739806,A
2904,2,0.647819285281003,3.67514050525447,A
2905,2,1.42667970387265,5.34312887606435,A
2906,2,1.26760310027748,3.71562307694546,A
2907,2,0.70570144476369,3.66374611865018,A
2908,2,1.24744155909866,5.84027463388651,A
2909,2,0.593070102855563,4.79164449595291,A
2910,2,2.2963646822609,6.88210375422814,A
2911,2,2.2377069410868,4.88495949358072,A
2912,2,1.48609058139846,3.92722466072832,A
2913,2,1.54275859473273,6.30321479251784,A
2914,2,1.33153759222478,4.85790867161483,A
2915,2,1.1311714919284,4.94765638139479,A
2916,2,2.33798570698127,6.43170200741472,A
2917,2,0.932733645197004,4.70595893579562,A
2918,2,1.2596893585287,5.74320548471232,A
2919,2,1.41991345770657,6.84124380787767,A
2920,2,2.35275042662397,7.13929914270787,A
2921,2,2.30299402633682,6.47665899806329,A
2922,2,0.705765758175403,4.60327093644454,A
2923,2,0.746141800656915,4.2106084283545,A
2924,2,1.18847059039399,4.19610726324369,A
2925,2,1.29240980418399,4.04086964111297,A
2926,2,2.30702271452174,7.15459076862259,A
2927,2,2.2580277537927,6.19358435086722,A
2928,2,1.54534808080643,5.94038418564051,A
2929,2,0.874927308876067,6.91820378244094,A
2930,2,0.705206750892103,2.56241734563452,A
2931,2,0.675621896516532,2.36927442742306,A
2932,2,1.31410292116925,5.68489576445026,A
2933,2,2.03385427594185,4.81725812384012,A
2934,2,1.89773280220106,4.80245954847713,A
2935,2,1.32975948043168,6.04344768235053,A
2936,2,1.85237452946603,4.50355135051544,A
2937,2,1.92558698635548,6.37671408689043,A
2938,2,0.914977631531656,6.45455658523199,A
2939,2,2.2075182646513,6.34409880827344,A
2940,2,0.616520196665078,4.47520473510301,A
2941,2,1.51444943482056,4.58584520983716,A
2942,2,0.968929157592356,3.57856494486297,A
2943,2,1.52314770175144,6.01374149281619,A
2944,2,1.51444900035858,4.52147537425145,A
2945,2,2.4157517105341,4.13908678345746,A
2946,2,1.07321529090405,5.06212263369715,A
2947,2,1.85174707463011,7.61498676187728,A
2948,2,1.93795824237168,7.97696150241036,A
2949,2,1.59074196638539,5.67803347266514,A
2950,2,0.529297195374966,4.66477796594362,A
2951,2,0.539451199583709,3.09278277039355,A
2952,2,0.54388876631856,4.76232437585231,A
2953,2,1.96578913461417,6.28524794115239,A
2954,2,2.07079923246056,5.76557019510708,A
2955,2,2.14728616736829,7.00150487219995,A
2956,2,0.567345165181905,2.50726353568654,A
2957,2,2.41663230024278,7.34233555025347,A
2958,2,1.8625239036046,4.38575098244215,A
2959,2,0.954083250369877,7.30214904769079,A
2960,2,1.10969566646963,4.39713429637198,A
2961,2,0.855916531290859,4.80546709891035,A
2962,2,2.2798480684869,6.44004326158985,A
2963,2,1.2569856713526,3.85380492301396,A
2964,2,2.3096670107916,5.96328904299504,A
2965,2,1.2475896794349,4.36768154609943,A
2966,2,2.46930213551968,4.0079432771102,A
2967,2,1.52593762520701,6.06717581146247,A
2968,2,1.63108932971954,5.66738064057124,A
2969,2,2.23163486272097,7.18096670811797,A
2970,2,1.11204791394994,5.12732648525868,A
2971,2,1.16790066612884,1.76015450456472,A
2972,2,1.4007565882057,2.25314543673478,A
2973,2,1.56147850072011,7.0493127506345,A
2974,2,1.73462306521833,3.74788832897334,A
2975,2,1.08240620046854,6.7729559401825,A
2976,2,1.71763803390786,4.49921396614983,A
2977,2,0.955221025738865,3.25912708388983,A
2978,2,1.05545534798875,3.87312559805744,A
2979,2,1.22194485319778,4.42951048323463,A
2980,2,0.766815750859678,4.02851165197586,A
2981,2,1.74263587640598,5.92723419205611,A
2982,2,1.43695020675659,7.01428978423003,A
2983,2,1.71674290951341,5.8002159879072,A
2984,2,1.81282847234979,6.0610667288353,A
2985,2,0.523037754464895,4.33272477594218,A
2986,2,2.07048719190061,6.48492486417887,A
2987,2,2.38072111224756,5.72223000648561,A
2988,2,1.72996723232791,6.91075002123731,A
2989,2,2.01461215410382,6.74949836437913,A
2990,2,0.606618393212557,3.88182485703339,A
2991,2,0.746171720791608,5.65321733034623,A
2992,2,0.944568606093526,6.06676906406517,A
2993,2,1.05822982499376,5.89813568262502,A
2994,2,1.94655640004203,6.10653931366811,A
2995,2,2.1278838836588,8.5035445244044,A
2996,2,1.7159420424141,7.25263813924428,A
2997,2,2.19382298411801,5.26830883412567,A
2998,2,0.819712998345494,5.0905890757482,A
2999,2,1.57749468646944,2.7041627746808,A
3000,2,1.16589583875611,5.59639924017261,A
1,1,0,1.96331383139218,B
2,1,0,3.62513443202852,B
3,1,0,1.63257822130767,B
4,1,0,0.929415285196474,B
5,1,0,1.85340992067003,B
6,1,0,1.49231881277256,B
7,1,0,2.11600534087116,B
8,1,0,1.86117496887335,B
9,1,0,1.75452610613121,B
10,1,0,2.15648879859789,B
11,1,0,2.98110968776954,B
12,1,0,0.811676919351702,B
13,1,0,1.57295680123919,B
14,1,0,3.14828945445597,B
15,1,0,1.44729385628102,B
16,1,0,2.63650562069512,B
17,1,0,2.632188170451,B
18,1,0,1.10790730572331,B
19,1,0,1.06847524494013,B
20,1,0,2.56627651379549,B
21,1,0,0.432918295940771,B
22,1,0,3.63956626999509,B
23,1,0,1.22166553114305,B
24,1,0,2.30815958314942,B
25,1,0,1.45331569212248,B
26,1,0,3.51570261589705,B
27,1,0,0.808316204656366,B
28,1,0,2.52889121175669,B
29,1,0,2.1969530111917,B
30,1,0,3.60336645827644,B
31,1,0,2.39995618877499,B
32,1,0,1.03514245874852,B
33,1,0,2.71526344755951,B
34,1,0,2.20729596126278,B
35,1,0,2.22733284230263,B
36,1,0,2.87973300972072,B
37,1,0,2.94451726184552,B
38,1,0,2.10252622304405,B
39,1,0,1.69333874436025,B
40,1,0,2.15898064105557,B
41,1,0,2.22515492228895,B
42,1,0,2.53317105385378,B
43,1,0,1.50061540438403,B
44,1,0,2.95764306341688,B
45,1,0,3.02465371048125,B
46,1,0,2.3400632057644,B
47,1,0,1.29028239361859,B
48,1,0,1.26432638066255,B
49,1,0,1.65627680150207,B
50,1,0,0.663440956429344,B
51,1,0,3.25347827051979,B
52,1,0,0.771528220168707,B
53,1,0,2.7755508872567,B
54,1,0,1.45562504662971,B
55,1,0,3.57940222330865,B
56,1,0,1.40343675689722,B
57,1,0,3.80446596168589,B
58,1,0,2.01054354691119,B
59,1,0,0.822837204912902,B
60,1,0,1.17646789449105,B
61,1,0,1.8421352828859,B
62,1,0,0.722392114069493,B
63,1,0,1.61637789875255,B
64,1,0,2.32982919418875,B
65,1,0,1.69389127057479,B
66,1,0,2.7756291843982,B
67,1,0,3.20270306868056,B
68,1,0,2.29599917324831,B
69,1,0,2.33747984465417,B
70,1,0,2.7118054986263,B
71,1,0,3.02763412634145,B
72,1,0,1.98417567782065,B
73,1,0,1.14782025061393,B
74,1,0,1.84098056760541,B
75,1,0,1.46673696490137,B
76,1,0,3.72976486143473,B
77,1,0,2.15597326494509,B
78,1,0,1.7953243122372,B
79,1,0,1.28749631626252,B
80,1,0,1.08767500302082,B
81,1,0,3.7183335107791,B
82,1,0,1.01498341061801,B
83,1,0,1.64898642647991,B
84,1,0,1.41695045174955,B
85,1,0,1.66071494407324,B
86,1,0,1.74823123071864,B
87,1,0,2.10768735157975,B
88,1,0,1.60639046013786,B
89,1,0,3.35562538355313,B
90,1,0,3.44292564717824,B
91,1,0,1.55018519598148,B
92,1,0,2.34438407627992,B
93,1,0,0.191329741114503,B
94,1,0,1.16958058883629,B
95,1,0,2.27356898151316,B
96,1,0,-0.747227858594451,B
97,1,0,1.53481586660074,B
98,1,0,1.30630518485123,B
99,1,0,1.09866022572817,B
100,1,0,1.83257411920741,B
101,1,0,2.60980945860467,B
102,1,0,2.04121557705702,B
103,1,0,-0.461416824472574,B
104,1,0,2.08487864111394,B
105,1,0,1.02862411600983,B
106,1,0,0.98554219894573,B
107,1,0,-0.774054360909167,B
108,1,0,1.90119652414851,B
109,1,0,2.84198111889668,B
110,1,0,2.61483629378492,B
111,1,0,1.31729023923495,B
112,1,0,1.09393284046945,B
113,1,0,3.89268599272397,B
114,1,0,1.29285404016168,B
115,1,0,3.31366240932069,B
116,1,0,2.09068302945466,B
117,1,0,0.447277614710047,B
118,1,0,2.05635417101912,B
119,1,0,0.763472713954298,B
120,1,0,2.37635091066547,B
121,1,0,0.272377975634683,B
122,1,0,3.35428974759298,B
123,1,0,2.18097001268289,B
124,1,0,1.74552156287825,B
125,1,0,2.52092811794676,B
126,1,0,1.18386406988908,B
127,1,0,1.70322746597005,B
128,1,0,2.17836983601674,B
129,1,0,2.45903904923086,B
130,1,0,3.53633288514484,B
131,1,0,-0.942944654157776,B
132,1,0,4.00814116816395,B
133,1,0,-1.04362288764103,B
134,1,0,0.31728473759199,B
135,1,0,2.39429999145612,B
136,1,0,2.39188957685397,B
137,1,0,3.42359715388804,B
138,1,0,2.44101796019461,B
139,1,0,0.0749071762297814,B
140,1,0,3.3864280305602,B
141,1,0,-0.115589557487768,B
142,1,0,2.02531726994196,B
143,1,0,1.53598079377748,B
144,1,0,0.7595444874923,B
145,1,0,1.50077163418407,B
146,1,0,2.61639322455298,B
147,1,0,1.83290296397437,B
148,1,0,1.11396506741762,B
149,1,0,0.982022188133538,B
150,1,0,1.33596315262753,B
151,1,0,2.7916878310365,B
152,1,0,3.91535390304711,B
153,1,0,2.03150872888533,B
154,1,0,-0.370121552933541,B
155,1,0,2.50123064400996,B
156,1,0,0.987887314185572,B
157,1,0,2.36626870677296,B
158,1,0,1.56578857916359,B
159,1,0,1.79213813504353,B
160,1,0,3.13699647749143,B
161,1,0,2.25590561973889,B
162,1,0,0.86297179630222,B
163,1,0,1.98490051562671,B
164,1,0,4.50520833185291,B
165,1,0,0.171800660758427,B
166,1,0,0.709423881798105,B
167,1,0,-0.89262164031058,B
168,1,0,3.68061264717012,B
169,1,0,0.517293712483552,B
170,1,0,0.750416814281141,B
171,1,0,4.27539918240217,B
172,1,0,2.67313725223109,B
173,1,0,3.62765664894949,B
174,1,0,1.87407135121897,B
175,1,0,1.24195018307409,B
176,1,0,1.7257656675397,B
177,1,0,2.70867361913927,B
178,1,0,2.55074957550434,B
179,1,0,2.01340802392735,B
180,1,0,2.7261288382935,B
181,1,0,1.29516737252573,B
182,1,0,0.709782120332665,B
183,1,0,1.89325694008252,B
184,1,0,0.919166667467047,B
185,1,0,2.76421037696588,B
186,1,0,2.09354413240378,B
187,1,0,4.33801907203589,B
188,1,0,0.699324387394048,B
189,1,0,2.15815270503533,B
190,1,0,1.93932748926515,B
191,1,0,-0.170725778830656,B
192,1,0,1.18008690842772,B
193,1,0,2.8936588153956,B
194,1,0,1.70278001136293,B
195,1,0,1.41165024543317,B
196,1,0,2.37626388810174,B
197,1,0,3.02709785773522,B
198,1,0,0.746016075598585,B
199,1,0,1.93637761234477,B
200,1,0,2.244948245855,B
201,1,0,4.21572357281087,B
202,1,0,2.36557642690754,B
203,1,0,-0.344713662022402,B
204,1,0,0.469380790136637,B
205,1,0,3.82123737498275,B
206,1,0,2.48304616503826,B
207,1,0,1.60264936788594,B
208,1,0,2.34560568912884,B
209,1,0,2.40532669586744,B
210,1,0,0.807045910238825,B
211,1,0,3.7404815822426,B
212,1,0,1.99043060022051,B
213,1,0,3.0714841103104,B
214,1,0,2.14924068809491,B
215,1,0,1.550760391571,B
216,1,0,-0.838163285282995,B
217,1,0,4.10928016960867,B
218,1,0,0.283273163669503,B
219,1,0,1.1163328505747,B
220,1,0,0.518935584053043,B
221,1,0,2.30250562794597,B
222,1,0,-0.0794070303687717,B
223,1,0,1.15382394355615,B
224,1,0,-0.865920755479509,B
225,1,0,1.19216231903597,B
226,1,0,0.107282629523024,B
227,1,0,0.939993538871879,B
228,1,0,1.89027457441401,B
229,1,0,0.704398631772604,B
230,1,0,0.763964663085532,B
231,1,0,2.51428471033409,B
232,1,0,3.10322956062761,B
233,1,0,2.48707212113322,B
234,1,0,4.18016926511279,B
235,1,0,2.48180562093924,B
236,1,0,2.62621778437801,B
237,1,0,1.00277853575989,B
238,1,0,2.82270924519279,B
239,1,0,3.3738441229185,B
240,1,0,1.26551426469467,B
241,1,0,2.32591368117515,B
242,1,0,2.42211718210237,B
243,1,0,2.42515209956206,B
244,1,0,0.929858892860637,B
245,1,0,2.76063584568476,B
246,1,0,1.43101762729413,B
247,1,0,0.12146660741496,B
248,1,0,2.10093643141357,B
249,1,0,1.56925186325662,B
250,1,0,2.14782677515222,B
251,1,0,1.59489398102455,B
252,1,0,2.19511302324814,B
253,1,0,0.862084909213788,B
254,1,0,2.04937036841609,B
255,1,0,0.977329931375667,B
256,1,0,1.36774577820487,B
257,1,0,3.80583350468398,B
258,1,0,2.83621309246509,B
259,1,0,2.67930752952055,B
260,1,0,1.5627418490492,B
261,1,0,1.84852044353809,B
262,1,0,3.3475413518754,B
263,1,0,1.07549077121828,B
264,1,0,2.1603508455271,B
265,1,0,3.32844372522248,B
266,1,0,2.47985961305961,B
267,1,0,0.145444653100156,B
268,1,0,3.10676511259809,B
269,1,0,0.324679250139504,B
270,1,0,3.24612526180277,B
271,1,0,2.9679875808627,B
272,1,0,0.320944073662099,B
273,1,0,2.34445351660118,B
274,1,0,2.99836081872832,B
275,1,0,2.55427156532494,B
276,1,0,2.77839038252676,B
277,1,0,0.114407259783621,B
278,1,0,2.17445949107639,B
279,1,0,1.94665130549537,B
280,1,0,3.12008464228073,B
281,1,0,3.29881782151652,B
282,1,0,2.56051163682647,B
283,1,0,1.10944828727644,B
284,1,0,2.87753256796969,B
285,1,0,0.940547129705021,B
286,1,0,2.3946686572292,B
287,1,0,2.89013146468373,B
288,1,0,1.4463393794083,B
289,1,0,1.2193583312255,B
290,1,0,0.651229077403151,B
291,1,0,1.54729629626251,B
292,1,0,1.43607243503118,B
293,1,0,3.55437396195523,B
294,1,0,3.86422449320541,B
295,1,0,0.3702555022155,B
296,1,0,2.95434536804873,B
297,1,0,0.61464951854632,B
298,1,0,1.64223586728354,B
299,1,0,3.12361231383389,B
300,1,0,3.52786673881453,B
301,1,0,3.33425669567688,B
302,1,0,3.0570743157559,B
303,1,0,-0.0114368651673358,B
304,1,0,2.65546161970785,B
305,1,0,2.75624691996358,B
306,1,0,2.24995685764385,B
307,1,0,1.15245201767323,B
308,1,0,2.57153332245087,B
309,1,0,1.36488333251515,B
310,1,0,1.81246636103395,B
311,1,0,3.28773640827722,B
312,1,0,3.41002707499551,B
313,1,0,0.23953096206953,B
314,1,0,0.483236286564316,B
315,1,0,2.5767632499326,B
316,1,0,2.22031272612249,B
317,1,0,2.50726540027116,B
318,1,0,2.04858439848911,B
319,1,0,1.94701401409843,B
320,1,0,2.95811912708065,B
321,1,0,2.78636127194016,B
322,1,0,1.59618363216388,B
323,1,0,1.65505665298581,B
324,1,0,3.80630899297517,B
325,1,0,1.33320988143967,B
326,1,0,1.38085653681084,B
327,1,0,1.99383184372957,B
328,1,0,1.44627519707952,B
329,1,0,2.36384056253998,B
330,1,0,1.37099215505306,B
331,1,0,4.11682225324824,B
332,1,0,2.82340359097145,B
333,1,0,3.75762864664463,B
334,1,0,1.81238384031472,B
335,1,0,1.50823242368255,B
336,1,0,3.17585382877286,B
337,1,0,3.06412607849482,B
338,1,0,2.52699010037065,B
339,1,0,2.4241647754789,B
340,1,0,1.72579237473095,B
341,1,0,2.79836589610125,B
342,1,0,0.361844142372439,B
343,1,0,1.50732072132304,B
344,1,0,1.80469439612475,B
345,1,0,3.6696463697796,B
346,1,0,2.42488818719394,B
347,1,0,0.836145805375631,B
348,1,0,0.566544930248522,B
349,1,0,1.1798158807658,B
350,1,0,1.43025729231282,B
351,1,0,2.75075360571451,B
352,1,0,2.92413756527748,B
353,1,0,1.9514497002576,B
354,1,0,2.32298263386364,B
355,1,0,2.00194702424384,B
356,1,0,3.49083378581004,B
357,1,0,0.208882905024202,B
358,1,0,3.11896951682142,B
359,1,0,3.51009635987322,B
360,1,0,4.40987066053131,B
361,1,0,2.76904137080718,B
362,1,0,2.52056994969597,B
363,1,0,2.35415665578525,B
364,1,0,3.74994822021627,B
365,1,0,1.58760715598679,B
366,1,0,1.80934122874785,B
367,1,0,2.00160109004156,B
368,1,0,2.4100784974672,B
369,1,0,0.715798572653882,B
370,1,0,1.15270644608395,B
371,1,0,3.15727859430527,B
372,1,0,1.8648088310486,B
373,1,0,0.803811730926484,B
374,1,0,0.694065880748221,B
375,1,0,0.579417016321862,B
376,1,0,1.62947655477045,B
377,1,0,3.01927092677871,B
378,1,0,2.84706799740618,B
379,1,0,1.55409447485593,B
380,1,0,1.48280817334962,B
381,1,0,2.42684666675599,B
382,1,0,2.63018491759981,B
383,1,0,2.75617811701204,B
384,1,0,1.23673504894186,B
385,1,0,2.07999923508077,B
386,1,0,0.430237284403073,B
387,1,0,1.1603478372734,B
388,1,0,-0.279278513667041,B
389,1,0,3.41116808045783,B
390,1,0,4.87474295231252,B
391,1,0,2.98629643083371,B
392,1,0,2.92426986975293,B
393,1,0,2.00984421828023,B
394,1,0,1.74985125643353,B
395,1,0,1.08314550812988,B
396,1,0,3.51449642792094,B
397,1,0,1.9454326359395,B
398,1,0,1.52442479908452,B
399,1,0,1.26926568934313,B
400,1,0,0.598928487496165,B
401,1,0,0.0894773325518603,B
402,1,0,2.41942874510879,B
403,1,0,2.13254281259166,B
404,1,0,3.00527469680209,B
405,1,0,1.6557794832693,B
406,1,0,2.89858393999708,B
407,1,0,4.10623018801578,B
408,1,0,2.9862320580384,B
409,1,0,2.30601330295114,B
410,1,0,1.458792931196,B
411,1,0,3.72928592381852,B
412,1,0,1.65749292845506,B
413,1,0,0.258678419773336,B
414,1,0,1.65173414355605,B
415,1,0,1.89393108507262,B
416,1,0,-0.718307068911461,B
417,1,0,1.08146571361392,B
418,1,0,0.867939396472837,B
419,1,0,-0.509016067804013,B
420,1,0,-0.900483492027667,B
421,1,0,1.90395466600793,B
422,1,0,-1.9466121477151,B
423,1,0,0.359730756448639,B
424,1,0,3.22380239370534,B
425,1,0,3.36234498488395,B
426,1,0,-0.598132586175063,B
427,1,0,0.890104621142313,B
428,1,0,0.79608676014035,B
429,1,0,2.87494140262104,B
430,1,0,2.66508855312092,B
431,1,0,2.95058071418271,B
432,1,0,3.1633926544069,B
433,1,0,2.30532462962516,B
434,1,0,0.613489990966112,B
435,1,0,2.8846879741557,B
436,1,0,1.77525035013769,B
437,1,0,2.51851015391862,B
438,1,0,1.15293861810983,B
439,1,0,2.77157995185812,B
440,1,0,4.68848917743755,B
441,1,0,1.11190974506896,B
442,1,0,2.02663573182124,B
443,1,0,1.68581545088836,B
444,1,0,1.43775949332356,B
445,1,0,3.37298877394966,B
446,1,0,0.266530850162825,B
447,1,0,1.85651308227608,B
448,1,0,3.42767025337909,B
449,1,0,0.919641605734107,B
450,1,0,3.24255179433959,B
451,1,0,0.166980265479572,B
452,1,0,2.19406297493009,B
453,1,0,2.20471960156603,B
454,1,0,1.26344694067732,B
455,1,0,3.52636358820085,B
456,1,0,1.66887104774975,B
457,1,0,-0.201042825836406,B
458,1,0,2.46489766198604,B
459,1,0,1.80115450253169,B
460,1,0,1.79814737086687,B
461,1,0,1.06461704438871,B
462,1,0,1.78254884630988,B
463,1,0,0.432307427842175,B
464,1,0,1.76147143095844,B
465,1,0,1.68472413330179,B
466,1,0,2.64991590858558,B
467,1,0,1.67947458236055,B
468,1,0,2.00402534715169,B
469,1,0,3.72248486635685,B
470,1,0,4.01025001848823,B
471,1,0,1.3186657758151,B
472,1,0,3.65559811278051,B
473,1,0,2.3875074819355,B
474,1,0,2.40823446576404,B
475,1,0,2.70467172250593,B
476,1,0,0.713458729630468,B
477,1,0,4.03617285803887,B
478,1,0,2.1010661183024,B
479,1,0,3.62594340527256,B
480,1,0,3.71355737329532,B
481,1,0,3.22933210364401,B
482,1,0,4.01331090650219,B
483,1,0,3.10934054376104,B
484,1,0,2.59658196348361,B
485,1,0,0.122619386250007,B
486,1,0,5.11257730473236,B
487,1,0,3.3931570994179,B
488,1,0,3.65736047852716,B
489,1,0,2.37722419192754,B
490,1,0,2.0412791349301,B
491,1,0,4.11647781831446,B
492,1,0,1.74597332124106,B
493,1,0,1.70831025128686,B
494,1,0,2.55230452765768,B
495,1,0,0.622225723196897,B
496,1,0,0.807377459012308,B
497,1,0,2.43321245946697,B
498,1,0,2.97556697484825,B
499,1,0,3.40382613276895,B
500,1,0,1.01515378373253,B
501,1,0,2.01895008850611,B
502,1,0,1.88774219018221,B
503,1,0,0.0446150521591548,B
504,1,0,3.31714748667716,B
505,1,0,2.00686179116365,B
506,1,0,2.15282847399693,B
507,1,0,0.83892961306744,B
508,1,0,2.94683241883317,B
509,1,0,1.50378752220033,B
510,1,0,2.39483549563826,B
511,1,0,0.618259722023889,B
512,1,0,2.7353425566607,B
513,1,0,1.16491950624087,B
514,1,0,1.85523376310784,B
515,1,0,1.41952775936882,B
516,1,0,0.597132055418828,B
517,1,0,3.1197489966503,B
518,1,0,1.82491218059297,B
519,1,0,1.1265086739154,B
520,1,0,2.01745237520506,B
521,1,0,-0.21981013840025,B
522,1,0,3.90951147946214,B
523,1,0,4.16189088427652,B
524,1,0,2.67322366949182,B
525,1,0,0.467666098277553,B
526,1,0,0.723376083016128,B
527,1,0,0.751810704961964,B
528,1,0,2.37150563589715,B
529,1,0,-0.398113506903621,B
530,1,0,3.71660685430695,B
531,1,0,2.19887190946812,B
532,1,0,3.46732171959022,B
533,1,0,2.1029092772782,B
534,1,0,1.96089497506667,B
535,1,0,3.27556398366564,B
536,1,0,3.52463525439414,B
537,1,0,3.4396691606993,B
538,1,0,3.03123900814731,B
539,1,0,-0.12355238494936,B
540,1,0,1.57615516891048,B
541,1,0,3.91624688556258,B
542,1,0,3.6831034050588,B
543,1,0,2.36815047006905,B
544,1,0,2.50224667669703,B
545,1,0,2.8131413088289,B
546,1,0,1.36786777918208,B
547,1,0,3.06704161347153,B
548,1,0,2.08532572935579,B
549,1,0,0.958152181915558,B
550,1,0,1.97855036370704,B
551,1,0,3.55449467209669,B
552,1,0,1.12446894867132,B
553,1,0,2.39071399325669,B
554,1,0,2.1432187617098,B
555,1,0,2.4274788874001,B
556,1,0,2.27218012605885,B
557,1,0,2.3352068738704,B
558,1,0,2.59200830634819,B
559,1,0,0.458817033821401,B
560,1,0,1.78952277149065,B
561,1,0,0.125712737973456,B
562,1,0,1.28217386960494,B
563,1,0,2.72611328270082,B
564,1,0,2.71560401554836,B
565,1,0,1.14023953003323,B
566,1,0,2.17469816159557,B
567,1,0,0.522264173150531,B
568,1,0,3.36550206679567,B
569,1,0,0.213553322292653,B
570,1,0,2.14272122415721,B
571,1,0,1.0152576158073,B
572,1,0,1.70065346061261,B
573,1,0,1.53665041663412,B
574,1,0,1.96566096464476,B
575,1,0,1.97192399634722,B
576,1,0,4.56490050392717,B
577,1,0,1.06496100230028,B
578,1,0,0.92148684557401,B
579,1,0,1.14456614643652,B
580,1,0,3.04593960714468,B
581,1,0,1.26556239082171,B
582,1,0,2.30657089018148,B
583,1,0,3.27845796055964,B
584,1,0,0.920093651635425,B
585,1,0,2.06416263730538,B
586,1,0,2.45355668366124,B
587,1,0,2.85583829192555,B
588,1,0,2.88689072251814,B
589,1,0,3.14378689990531,B
590,1,0,1.37676855956281,B
591,1,0,1.66250926931151,B
592,1,0,0.553691261722101,B
593,1,0,3.18828963907249,B
594,1,0,1.8401403945832,B
595,1,0,0.774511678923224,B
596,1,0,2.09793021535263,B
597,1,0,1.21814535058513,B
598,1,0,0.0549902871284225,B
599,1,0,3.00687634714915,B
600,1,0,1.10801089926244,B
601,1,0,2.90993153747977,B
602,1,0,2.4436856391402,B
603,1,0,3.28191575014668,B
604,1,0,2.5210213612988,B
605,1,0,-0.02904570568715,B
606,1,0,1.66892954381659,B
607,1,0,3.32345780637486,B
608,1,0,1.4165479245641,B
609,1,0,2.11679241118451,B
610,1,0,1.98953771250583,B
611,1,0,1.40601946542203,B
612,1,0,3.4065939668584,B
613,1,0,3.23279172019045,B
614,1,0,0.75471172124499,B
615,1,0,1.00266491533363,B
616,1,0,2.67390728224802,B
617,1,0,2.55344557604286,B
618,1,0,2.81538516180936,B
619,1,0,-0.0107218416979194,B
620,1,0,1.23591126211825,B
621,1,0,0.669498860251483,B
622,1,0,0.989381576823775,B
623,1,0,0.996315625106768,B
624,1,0,1.31179285649877,B
625,1,0,2.98492874087217,B
626,1,0,2.34478715226016,B
627,1,0,0.647312256906223,B
628,1,0,3.39700686287376,B
629,1,0,3.61222984299441,B
630,1,0,2.32056825507419,B
631,1,0,2.83292731845754,B
632,1,0,1.26961576751415,B
633,1,0,3.15649550171273,B
634,1,0,1.00904137967266,B
635,1,0,3.17502100014665,B
636,1,0,1.68302298941253,B
637,1,0,2.05972003436252,B
638,1,0,1.5882650311528,B
639,1,0,2.06506395002835,B
640,1,0,2.82924148296189,B
641,1,0,3.23936421830429,B
642,1,0,0.0951929658075477,B
643,1,0,2.57213157281438,B
644,1,0,0.0812178174314648,B
645,1,0,2.97414543131363,B
646,1,0,1.1506193395161,B
647,1,0,2.08554565242369,B
648,1,0,2.70849161960342,B
649,1,0,0.273711941611712,B
650,1,0,1.57013338517768,B
651,1,0,2.46307867657335,B
652,1,0,0.15913609913511,B
653,1,0,2.05457449878545,B
654,1,0,0.563381638728833,B
655,1,0,3.77241312141147,B
656,1,0,2.11950329969197,B
657,1,0,1.74014849659061,B
658,1,0,2.59622046989237,B
659,1,0,1.88476359904976,B
660,1,0,1.08193877838235,B
661,1,0,2.31068649731364,B
662,1,0,0.702964084368675,B
663,1,0,2.14732377911761,B
664,1,0,3.72493620306511,B
665,1,0,2.30080900171587,B
666,1,0,2.08408012133449,B
667,1,0,2.93837630238975,B
668,1,0,1.68915304656839,B
669,1,0,0.953098712517374,B
670,1,0,0.0825618772338379,B
671,1,0,1.62161173317519,B
672,1,0,1.4112429565641,B
673,1,0,1.54259056429761,B
674,1,0,2.75949597637476,B
675,1,0,3.06666217777609,B
676,1,0,2.73968310043956,B
677,1,0,3.32948753118687,B
678,1,0,1.61843050991548,B
679,1,0,2.4912315389536,B
680,1,0,1.27520456069894,B
681,1,0,1.04982420390782,B
682,1,0,1.98010355234159,B
683,1,0,1.2954999905741,B
684,1,0,2.99876477101624,B
685,1,0,1.8666124144104,B
686,1,0,1.18110246694714,B
687,1,0,2.91092218845869,B
688,1,0,1.47783961962593,B
689,1,0,2.65463596263852,B
690,1,0,1.22512677082343,B
691,1,0,0.305740536767841,B
692,1,0,3.05139212619965,B
693,1,0,2.48986945917993,B
694,1,0,2.4740961546301,B
695,1,0,3.08173743320989,B
696,1,0,3.91682279938928,B
697,1,0,1.7154198196679,B
698,1,0,0.0251142263735335,B
699,1,0,0.927523033767001,B
700,1,0,1.47786513670154,B
701,1,0,0.972986934759597,B
702,1,0,3.463438738862,B
703,1,0,-1.27551837139467,B
704,1,0,1.71164969320231,B
705,1,0,1.31515310723429,B
706,1,0,2.45068686353482,B
707,1,0,4.8027948625119,B
708,1,0,0.895101627114305,B
709,1,0,1.49258063764215,B
710,1,0,2.75961640543156,B
711,1,0,-0.0604974092370443,B
712,1,0,0.992955690182449,B
713,1,0,3.26566662891307,B
714,1,0,2.3709227442637,B
715,1,0,0.876445869860012,B
716,1,0,2.59222090789578,B
717,1,0,-0.388928662483675,B
718,1,0,4.50842149843421,B
719,1,0,-0.529545347853011,B
720,1,0,2.19701112797928,B
721,1,0,1.4058006278753,B
722,1,0,1.20333430152931,B
723,1,0,1.80947953896496,B
724,1,0,2.43023012584102,B
725,1,0,3.01322015713457,B
726,1,0,2.93663862500775,B
727,1,0,3.17870168168459,B
728,1,0,2.9720837397915,B
729,1,0,3.86208286129639,B
730,1,0,1.58464176679462,B
731,1,0,0.844220124935412,B
732,1,0,2.10977762663452,B
733,1,0,1.11125123956706,B
734,1,0,1.45625367516594,B
735,1,0,1.68002083521003,B
736,1,0,1.39619030194191,B
737,1,0,0.0655857562820497,B
738,1,0,2.37993766652435,B
739,1,0,2.14517068279232,B
740,1,0,3.05742509623673,B
741,1,0,2.42325408772534,B
742,1,0,1.7101395505306,B
743,1,0,0.621286938606976,B
744,1,0,0.986870353716344,B
745,1,0,2.01850446012512,B
746,1,0,0.828861353760725,B
747,1,0,2.02278170076607,B
748,1,0,3.61520335348475,B
749,1,0,1.52326555739005,B
750,1,0,2.58336119141824,B
751,1,0,1.33465299733706,B
752,1,0,3.39374854030288,B
753,1,0,0.013063560376282,B
754,1,0,2.67138473888065,B
755,1,0,-0.0225809951380569,B
756,1,0,0.147011159679659,B
757,1,0,2.99151750808636,B
758,1,0,0.69786580251121,B
759,1,0,1.69924783699937,B
760,1,0,2.90000715499504,B
761,1,0,1.43041880960517,B
762,1,0,1.84696445321484,B
763,1,0,3.78592997622289,B
764,1,0,0.790504610594723,B
765,1,0,3.10632710660656,B
766,1,0,3.32543441418306,B
767,1,0,3.23485187612063,B
768,1,0,2.82827818976282,B
769,1,0,1.54096384207584,B
770,1,0,3.7237644979497,B
771,1,0,3.0942750302528,B
772,1,0,1.74614710362453,B
773,1,0,1.25361774992606,B
774,1,0,1.57641454378297,B
775,1,0,1.87470660670196,B
776,1,0,1.47064931305133,B
777,1,0,3.94935382642764,B
778,1,0,0.484378698114395,B
779,1,0,0.941974411839766,B
780,1,0,1.18517221967277,B
781,1,0,0.772702196578432,B
782,1,0,3.71246956792469,B
783,1,0,4.3325501103519,B
784,1,0,2.07589635608531,B
785,1,0,3.7519430449926,B
786,1,0,2.14488250501741,B
787,1,0,1.43116906336716,B
788,1,0,1.25204347527545,B
789,1,0,3.69936931082794,B
790,1,0,3.03190459919022,B
791,1,0,1.32503976812989,B
792,1,0,2.95198458800138,B
793,1,0,1.57311749208327,B
794,1,0,1.78551474507594,B
795,1,0,1.72726774814239,B
796,1,0,2.68309295579295,B
797,1,0,0.800147903895572,B
798,1,0,2.30926583225107,B
799,1,0,2.41408842769132,B
800,1,0,1.39130578886175,B
801,1,0,2.53196579447007,B
802,1,0,1.49055947848059,B
803,1,0,2.43087106806403,B
804,1,0,2.28350212892988,B
805,1,0,3.2158728061131,B
806,1,0,1.70576139779678,B
807,1,0,1.80886100983943,B
808,1,0,1.12701082154695,B
809,1,0,1.990172914601,B
810,1,0,3.20695685859423,B
811,1,0,3.12384295373125,B
812,1,0,0.678062357697395,B
813,1,0,2.02539176089691,B
814,1,0,3.40285960393166,B
815,1,0,2.09187295537206,B
816,1,0,2.37057509104273,B
817,1,0,1.28538931917058,B
818,1,0,2.60500244570645,B
819,1,0,1.90991194860327,B
820,1,0,1.88799314495324,B
821,1,0,3.86723183799366,B
822,1,0,3.1998562993566,B
823,1,0,2.57290714889022,B
824,1,0,2.99331903045195,B
825,1,0,0.669403207748626,B
826,1,0,1.12180260259366,B
827,1,0,2.92512365852236,B
828,1,0,1.16697233618853,B
829,1,0,-0.407990572749635,B
830,1,0,2.23455377610222,B
831,1,0,2.23422113148882,B
832,1,0,1.50682852690008,B
833,1,0,1.5251078174519,B
834,1,0,1.56624886806802,B
835,1,0,2.41570261471531,B
836,1,0,0.441710085339109,B
837,1,0,2.19346987774206,B
838,1,0,1.33411815577366,B
839,1,0,3.57546688867314,B
840,1,0,0.466577232868167,B
841,1,0,2.59223171284734,B
842,1,0,4.01393776261679,B
843,1,0,1.86686032118141,B
844,1,0,3.94143721669757,B
845,1,0,3.70769885404859,B
846,1,0,1.83648756896508,B
847,1,0,3.02104015706343,B
848,1,0,1.44649100304299,B
849,1,0,2.66525464868196,B
850,1,0,1.43715550983666,B
851,1,0,1.44269614816179,B
852,1,0,1.98655453437981,B
853,1,0,3.97768162085844,B
854,1,0,1.93310250952709,B
855,1,0,-0.0317366274002174,B
856,1,0,0.241864624876024,B
857,1,0,1.93770985453327,B
858,1,0,2.91463131621246,B
859,1,0,3.35057848503515,B
860,1,0,2.85877121741126,B
861,1,0,2.02411271472671,B
862,1,0,0.910313729688436,B
863,1,0,2.74582496294983,B
864,1,0,2.36186032760778,B
865,1,0,1.93563395525665,B
866,1,0,2.32344881518422,B
867,1,0,-0.484914531670292,B
868,1,0,2.85921076682127,B
869,1,0,2.68775954505514,B
870,1,0,2.43077720769472,B
871,1,0,3.12675615933896,B
872,1,0,-0.0834969791610486,B
873,1,0,3.2173982749887,B
874,1,0,1.30832127688296,B
875,1,0,2.91069807559125,B
876,1,0,3.66092497871335,B
877,1,0,1.0924215396726,B
878,1,0,1.24496535655088,B
879,1,0,0.976958409491321,B
880,1,0,0.256907884750685,B
881,1,0,-0.00842347325055215,B
882,1,0,1.61574049464776,B
883,1,0,1.97437802328253,B
884,1,0,2.10547880280679,B
885,1,0,2.19088297312397,B
886,1,0,1.74374615179529,B
887,1,0,3.0538713709489,B
888,1,0,2.80123361971608,B
889,1,0,2.7125914942514,B
890,1,0,2.3175684582892,B
891,1,0,2.6992351006026,B
892,1,0,2.86254093538652,B
893,1,0,2.97887595218878,B
894,1,0,1.8126012230986,B
895,1,0,1.71620949185286,B
896,1,0,3.20254548738276,B
897,1,0,0.00113085888642342,B
898,1,0,1.40303437076351,B
899,1,0,1.24416620149591,B
900,1,0,1.64825214869305,B
901,1,0,1.67274882427363,B
902,1,0,4.09996352634726,B
903,1,0,1.14106238321654,B
904,1,0,2.24984704110905,B
905,1,0,2.22715858673809,B
906,1,0,2.08064136313671,B
907,1,0,3.7289848136041,B
908,1,0,2.62854559906325,B
909,1,0,1.96078271640756,B
910,1,0,3.44414140180161,B
911,1,0,3.94307528878845,B
912,1,0,2.65218542444609,B
913,1,0,1.024512100644,B
914,1,0,0.027974899595265,B
915,1,0,0.0507093936933302,B
916,1,0,2.38108989516521,B
917,1,0,3.81511554980949,B
918,1,0,2.7004592325276,B
919,1,0,3.0676858412323,B
920,1,0,1.36951893955445,B
921,1,0,1.50917882924281,B
922,1,0,1.19777625465263,B
923,1,0,0.552000528485374,B
924,1,0,3.68524358820572,B
925,1,0,2.48274739423088,B
926,1,0,1.11814553014,B
927,1,0,2.30064104629521,B
928,1,0,3.10051822392401,B
929,1,0,2.27136708076497,B
930,1,0,1.09286068573149,B
931,1,0,2.18643521448218,B
932,1,0,3.15498676164169,B
933,1,0,1.66346840220164,B
934,1,0,0.0718780220680569,B
935,1,0,0.710214902581127,B
936,1,0,1.05938094339578,B
937,1,0,3.58209680667068,B
938,1,0,2.39949441310431,B
939,1,0,1.29071021545077,B
940,1,0,1.32170349997504,B
941,1,0,3.05987740480825,B
942,1,0,2.69138504077302,B
943,1,0,2.76749734778412,B
944,1,0,-0.628300381484443,B
945,1,0,1.77952870768498,B
946,1,0,2.24769596749863,B
947,1,0,1.48056201141561,B
948,1,0,1.64182643872131,B
949,1,0,1.49925026657042,B
950,1,0,2.27519517296897,B
951,1,0,-0.887556150154719,B
952,1,0,1.82091041035631,B
953,1,0,3.45187953916206,B
954,1,0,2.07622896038737,B
955,1,0,2.56898205863014,B
956,1,0,2.42430727650236,B
957,1,0,3.18987416377289,B
958,1,0,0.962725847522328,B
959,1,0,1.26662834593595,B
960,1,0,3.45414898404203,B
961,1,0,4.21020492963751,B
962,1,0,3.4881176054656,B
963,1,0,3.16506502605659,B
964,1,0,0.930371012952599,B
965,1,0,2.47311216156795,B
966,1,0,2.18381454874198,B
967,1,0,1.51429005045044,B
968,1,0,1.69554876122864,B
969,1,0,2.07172141353737,B
970,1,0,4.42571978781352,B
971,1,0,1.43918791417122,B
972,1,0,0.258832950662727,B
973,1,0,1.41402264312331,B
974,1,0,3.30533958586425,B
975,1,0,0.938672033883971,B
976,1,0,0.255708306188687,B
977,1,0,0.339876307088164,B
978,1,0,1.52560889336392,B
979,1,0,3.08418493842694,B
980,1,0,2.24834539871412,B
981,1,0,1.82884983091054,B
982,1,0,0.817095455377564,B
983,1,0,-0.0751391883377838,B
984,1,0,3.36565146835998,B
985,1,0,1.73836969377631,B
986,1,0,1.99861698077729,B
987,1,0,2.62427741707095,B
988,1,0,0.104924927652527,B
989,1,0,1.54781426223072,B
990,1,0,1.14401476962899,B
991,1,0,3.33191319310755,B
992,1,0,-0.057064265455899,B
993,1,0,2.64480389395622,B
994,1,0,1.48757846348397,B
995,1,0,2.5879636718384,B
996,1,0,2.87150758817537,B
997,1,0,2.71154999453755,B
998,1,0,2.32723949413486,B
999,1,0,2.90756346779987,B
1000,1,0,3.70617310253238,B
1001,1,0.994383235927671,3.9711204436869,B
1002,1,1.50870201783255,2.42410624546366,B
1003,1,1.89394281012937,1.53876676869443,B
1004,1,1.00955649046227,2.1374081128843,B
1005,1,2.07316540880129,5.41462716808418,B
1006,1,0.877133394125849,0.197455020876272,B
1007,1,2.00514570204541,3.79238681478897,B
1008,1,1.97891556890681,2.59671659123863,B
1009,1,1.24853473203257,2.76864235266967,B
1010,1,1.42637240886688,2.40787373636729,B
1011,1,1.63532750029117,1.89800338791233,B
1012,1,0.874802968464792,3.07399861390905,B
1013,1,2.41318567749113,2.25774458948758,B
1014,1,1.92061884747818,2.30900603410764,B
1015,1,1.24576111743227,2.78565483893367,B
1016,1,1.50367994979024,1.90733330551562,B
1017,1,0.854605956934393,3.34904521998176,B
1018,1,0.626948896795511,1.12468957048364,B
1019,1,0.924291975796223,3.13654778204423,B
1020,1,0.540680668782443,0.978539439641129,B
1021,1,1.93954399321228,4.16076913308883,B
1022,1,0.721939774695784,3.28444159785068,B
1023,1,1.51278617186472,0.281401729308615,B
1024,1,1.71171136246994,3.94916688875566,B
1025,1,1.32636402267963,1.97912518136928,B
1026,1,0.637722610495985,3.11401870285049,B
1027,1,2.40339113399386,3.18203392663116,B
1028,1,0.60695316363126,2.36718925414187,B
1029,1,2.00172026036307,2.25193091035041,B
1030,1,0.831197828054428,1.77670780549197,B
1031,1,1.66504660667852,2.28837805749369,B
1032,1,1.76183833181858,3.87913900053596,B
1033,1,2.26580835320056,-1.47320132797977,B
1034,1,1.35336819337681,1.59163570033405,B
1035,1,1.54871581634507,4.42880623807802,B
1036,1,1.0495661883615,3.52966572393771,B
1037,1,0.537330536171794,3.87209994290417,B
1038,1,2.35475506167859,4.4139930725874,B
1039,1,1.64487182488665,2.86364270132517,B
1040,1,1.06618992146105,2.67926258957279,B
1041,1,0.890407688450068,4.11041578854223,B
1042,1,0.931315305642784,2.7826933860469,B
1043,1,1.71897457772866,1.11256226228786,B
1044,1,0.748466763179749,2.28146085551508,B
1045,1,2.1834461116232,4.5628856840275,B
1046,1,2.24280060874298,3.68563952005433,B
1047,1,0.928438959643245,3.06095566031204,B
1048,1,1.76084086298943,4.34510900047741,B
1049,1,2.394037601538,1.99142289272079,B
1050,1,2.17659496422857,3.50839595622416,B
1051,1,0.913434395100921,1.59038754248057,B
1052,1,0.62737928936258,1.86835386440946,B
1053,1,1.00696027185768,2.71734013595755,B
1054,1,1.68345694011077,2.68977717450935,B
1055,1,1.36907107708976,1.53637316650253,B
1056,1,0.819341673515737,1.55978130456642,B
1057,1,1.12340000132099,2.32780949293998,B
1058,1,1.73872005287558,2.1359993284351,B
1059,1,1.01683405088261,2.73238027772122,B
1060,1,1.51697687944397,1.56319204926815,B
1061,1,2.22793766204268,2.37200843189393,B
1062,1,2.46337875677273,2.27348645232221,B
1063,1,1.56524982955307,2.56380102527402,B
1064,1,1.87392073916271,4.01849221223608,B
1065,1,1.3358768094331,2.15131891194723,B
1066,1,1.28846477065235,1.78635634588086,B
1067,1,1.54960825666785,4.78545059500901,B
1068,1,1.31434180727229,3.68787568719144,B
1069,1,1.8858210798353,3.38024953804127,B
1070,1,0.970098789315671,3.49056091778333,B
1071,1,0.826918786391616,1.24757508436147,B
1072,1,0.717664004303515,3.78086458605388,B
1073,1,0.622189262416214,2.60730022324111,B
1074,1,1.18256326764822,3.41130889461697,B
1075,1,2.11045349063352,1.81656123661153,B
1076,1,0.786331261973828,2.23107867721311,B
1077,1,1.31391259888187,5.31273835894174,B
1078,1,0.78392219170928,2.45593696561844,B
1079,1,2.13460977608338,4.4507803928193,B
1080,1,0.647788023110479,2.60635938721928,B
1081,1,2.45104581490159,0.485375145943632,B
1082,1,1.88530052779242,2.9730235219797,B
1083,1,1.86811613710597,2.88579419440968,B
1084,1,1.66152286436409,3.06900484668498,B
1085,1,1.96152226347476,2.02809763913694,B
1086,1,2.31383038172498,4.15689606613963,B
1087,1,2.43135175621137,2.41992739519004,B
1088,1,2.03568346286193,5.20204417526735,B
1089,1,1.46156861772761,2.70855407277969,B
1090,1,0.57623368408531,2.85772207027259,B
1091,1,1.93249436607584,1.36137162818253,B
1092,1,2.30981815839186,1.60272261646581,B
1093,1,2.3587234839797,4.32525797365008,B
1094,1,0.60834004310891,1.62133514789517,B
1095,1,1.87921843258664,4.09114274756596,B
1096,1,0.983470604289323,3.95061012901668,B
1097,1,1.44081066735089,2.10814556722401,B
1098,1,2.05852331407368,4.88239227232245,B
1099,1,0.827505077235401,3.72845380386133,B
1100,1,2.10127352876589,2.83469183875331,B
1101,1,2.24885872937739,4.21583926888412,B
1102,1,2.18696342874318,2.13715654869744,B
1103,1,0.626185919158161,1.47426025350069,B
1104,1,1.90941332560033,4.19232130140946,B
1105,1,0.881891759578139,0.983152739167401,B
1106,1,2.07915485789999,6.41179371731866,B
1107,1,1.45834340481088,4.75961889516175,B
1108,1,2.23367604101077,4.47608428313325,B
1109,1,0.504473472479731,2.07923796541224,B
1110,1,1.58023282745853,2.48827029060422,B
1111,1,0.568702839780599,2.63608507074599,B
1112,1,1.93461171677336,4.38989119247688,B
1113,1,2.04602724546567,3.03948569069663,B
1114,1,2.42303851433098,3.10430542449361,B
1115,1,0.626890395767987,1.51217902939816,B
1116,1,1.21036749472842,2.65175254476365,B
1117,1,2.28994022682309,2.89323082451776,B
1118,1,1.19064359040931,1.28857529358469,B
1119,1,0.690177620388567,1.90016070969796,B
1120,1,0.771076110657305,2.59104279002133,B
1121,1,1.82037036214024,3.05606154567109,B
1122,1,0.749710963107646,0.58288606985638,B
1123,1,2.25222740788013,3.68823969230381,B
1124,1,2.18874899530783,1.67351683849979,B
1125,1,1.6840007007122,1.4423473832765,B
1126,1,1.40757531207055,2.9443970127683,B
1127,1,1.83654915774241,2.93946367478243,B
1128,1,1.92028796486557,1.64897952689456,B
1129,1,0.750540420413017,0.709434630269184,B
1130,1,2.20730197662488,4.07623129228928,B
1131,1,0.782906685490161,2.91308934573528,B
1132,1,1.35893410211429,3.48732916449258,B
1133,1,1.62005003448576,3.4584607117968,B
1134,1,1.99774904176593,5.61753614707117,B
1135,1,1.89499266026542,2.25109776382807,B
1136,1,1.60167588479817,3.01328360249603,B
1137,1,1.5362192732282,3.7613377011624,B
1138,1,2.21261094883084,5.21714583789209,B
1139,1,0.770856009796262,3.80772113891745,B
1140,1,2.12626361241564,2.891365844739,B
1141,1,1.61135042551905,2.58808238913609,B
1142,1,0.87681621639058,1.95015265271559,B
1143,1,1.37610560748726,2.72491111011417,B
1144,1,1.43115296773613,1.58270491854662,B
1145,1,0.707134093157947,4.66666420988299,B
1146,1,1.24854370579124,4.5264447392689,B
1147,1,1.0607303394936,1.38999264508238,B
1148,1,1.66578469518572,2.26059318713936,B
1149,1,1.40944436006248,2.58931483952707,B
1150,1,1.34038934670389,3.44868243415674,B
1151,1,1.80508960038424,1.88953707086497,B
1152,1,1.34780299989507,1.9390110272854,B
1153,1,0.964507014956325,3.16619285839399,B
1154,1,2.44192746467888,5.21906317498871,B
1155,1,0.762548853177577,4.26573997910386,B
1156,1,0.734482647385448,5.03701472403067,B
1157,1,0.621464634779841,3.71570572768042,B
1158,1,1.54258403228596,2.16699947701258,B
1159,1,2.38171702343971,1.49876660235955,B
1160,1,0.731985283549875,1.12869933835775,B
1161,1,0.575949357356876,2.020954766339,B
1162,1,2.00077172974125,2.47098939034089,B
1163,1,1.65023056091741,3.72766946562306,B
1164,1,0.538841233123094,3.70713438324897,B
1165,1,1.8273759027943,4.51125946465252,B
1166,1,0.616424913983792,3.84531139027437,B
1167,1,1.60101329395548,1.05105452613245,B
1168,1,1.58495413325727,2.22059138314353,B
1169,1,1.17006404651329,2.40363322716144,B
1170,1,2.16798817273229,2.73545510880007,B
1171,1,1.19941332796589,1.77616536676528,B
1172,1,0.542746920138598,3.5877382458192,B
1173,1,2.483522397466,3.10445637876135,B
1174,1,1.15081511437893,1.05846829734671,B
1175,1,0.591801543720067,4.14766531043423,B
1176,1,2.19765934580937,3.69373874970086,B
1177,1,1.9284517983906,2.35868527694174,B
1178,1,2.29861953295767,3.74102144126726,B
1179,1,2.43085739947855,3.11949493092134,B
1180,1,2.32767304265872,3.01525136584861,B
1181,1,2.11119148368016,0.00504457312613929,B
1182,1,2.11054018232971,3.51748664236557,B
1183,1,1.80568426148966,5.00211026094702,B
1184,1,1.11379285342991,4.71234447848617,B
1185,1,0.983029434923083,1.18229067453849,B
1186,1,1.73680644622073,2.27043233255022,B
1187,1,2.33739324565977,2.89449777806174,B
1188,1,1.24126850860193,2.23690632657364,B
1189,1,1.14547805348411,1.85690799877802,B
1190,1,0.602013896219432,5.05956846956569,B
1191,1,0.96452636923641,4.72757314072606,B
1192,1,1.5834013116546,3.01888585035337,B
1193,1,1.17510044807568,2.2411930790906,B
1194,1,1.50003397325054,1.12725774291455,B
1195,1,2.45993704395369,1.42703071620635,B
1196,1,1.22446034941822,1.67387015105884,B
1197,1,0.757523554842919,3.16443697821813,B
1198,1,1.30954521568492,3.1564443431185,B
1199,1,1.72596768382937,4.5568194377715,B
1200,1,1.16559763252735,2.76241620880765,B
1201,1,1.11219348898157,-0.0899333607587928,B
1202,1,0.624067182186991,3.22403216636016,B
1203,1,1.27193627133966,4.04278293821042,B
1204,1,1.95883107325062,3.43246952963592,B
1205,1,1.47662052931264,0.620637578096035,B
1206,1,0.996492527425289,0.0053989610684424,B
1207,1,0.528280047234148,4.88394568376647,B
1208,1,0.954783275723457,3.35053146462961,B
1209,1,2.31757694622502,2.19512609502572,B
1210,1,0.642195061314851,3.56798033893631,B
1211,1,2.17624264350161,4.39794693554031,B
1212,1,0.667961127124727,2.93056761353653,B
1213,1,1.04215665906668,1.67818989691558,B
1214,1,0.810621010139585,2.54698792253702,B
1215,1,2.31553031830117,3.16803754063103,B
1216,1,2.47052643541247,4.40746738415647,B
1217,1,0.976090871263295,1.80512524109374,B
1218,1,0.59008954744786,1.28121414482976,B
1219,1,0.763133230619133,1.93419780585525,B
1220,1,1.74957641027868,1.03955916783339,B
1221,1,2.24697910249233,3.8950257729932,B
1222,1,1.74483908712864,2.57618521301553,B
1223,1,2.29788334388286,1.42172856908704,B
1224,1,1.39191277092323,4.94035025117988,B
1225,1,1.43184183444828,3.28317090475422,B
1226,1,0.631708316504955,1.85018568346347,B
1227,1,0.530662683304399,1.35125290122569,B
1228,1,1.76006476068869,2.67603287292941,B
1229,1,1.44093416212127,5.11810547901943,B
1230,1,1.99429997522384,2.38996084715236,B
1231,1,2.43781615328044,4.71175541555573,B
1232,1,1.83781227609143,3.86995001524858,B
1233,1,1.86922612041235,2.98821524493656,B
1234,1,1.51187954936177,1.42847936676826,B
1235,1,1.8304883800447,2.40657407885229,B
1236,1,1.90540963038802,3.05399942992895,B
1237,1,1.42536651017144,3.32933169109119,B
1238,1,0.550360372290015,1.56858446664147,B
1239,1,2.46822484117001,3.36316163021901,B
1240,1,1.70970848854631,4.51583819857526,B
1241,1,1.58786470117047,2.61543778916846,B
1242,1,2.3170911455527,3.46135104646623,B
1243,1,1.98957520769909,2.91237072337163,B
1244,1,0.517379635479301,3.51012777861731,B
1245,1,0.649276230949909,1.51113265332073,B
1246,1,1.18139305990189,3.6263870687751,B
1247,1,1.34900404093787,2.4747642723659,B
1248,1,1.0298678628169,1.34350019782002,B
1249,1,0.57678793836385,2.68412716188495,B
1250,1,1.12532900040969,2.91461072060987,B
1251,1,0.975995818153024,1.22491755471187,B
1252,1,0.528717377688736,2.03441749261155,B
1253,1,1.29308252129704,-0.0334706218509124,B
1254,1,1.35834689578041,1.19019971551853,B
1255,1,0.606356021016836,0.841057433400633,B
1256,1,1.59962437255308,1.35899525229471,B
1257,1,1.11204419285059,2.05100787060901,B
1258,1,1.58458439214155,3.01119747974854,B
1259,1,1.73715615831316,3.3893444132258,B
1260,1,2.39605220360681,2.6545406749449,B
1261,1,1.47162784542888,3.11981543088446,B
1262,1,2.26271765306592,4.06824018923549,B
1263,1,2.48977844370529,2.98106252177812,B
1264,1,0.904018615372479,4.46900203296133,B
1265,1,1.70849857665598,2.12928256048393,B
1266,1,0.821620812173933,3.06567319851955,B
1267,1,1.93092832900584,-0.196989966798903,B
1268,1,1.42577223759145,2.1742618287377,B
1269,1,0.9383350382559,2.20414691280897,B
1270,1,0.557385659776628,2.50003389497864,B
1271,1,2.05350555945188,3.48759071143991,B
1272,1,1.11679607816041,1.57814850561597,B
1273,1,0.556789284572005,1.68003751423937,B
1274,1,1.88140190858394,3.0289704443044,B
1275,1,1.37367795780301,2.54619413269833,B
1276,1,2.32867274479941,2.60850536106082,B
1277,1,1.23506264621392,2.83903084922566,B
1278,1,1.62326342472807,4.21687430467219,B
1279,1,0.997358374297619,4.22392395487481,B
1280,1,1.42426865501329,2.37708649062678,B
1281,1,1.83143684128299,3.70313305171844,B
1282,1,2.35527110192925,3.31662606447532,B
1283,1,1.17736522899941,3.48366291298792,B
1284,1,2.03055570833385,4.37865398031162,B
1285,1,0.614165926817805,3.84623598061175,B
1286,1,0.923063303809613,3.23487648863725,B
1287,1,2.18616106500849,3.2267850133902,B
1288,1,2.14100942295045,2.60091238529254,B
1289,1,0.986710397992283,2.8314328630106,B
1290,1,1.85227055614814,3.39195885001809,B
1291,1,1.90335663454607,1.52041058710692,B
1292,1,0.622372121550143,3.54876339134407,B
1293,1,1.03843058552593,1.36195018359903,B
1294,1,0.647973249666393,2.22994203956738,B
1295,1,2.21516914246604,2.27394758176727,B
1296,1,1.95371447550133,3.09044202111088,B
1297,1,1.53363040741533,5.12483518278966,B
1298,1,1.73782332055271,0.945500706646806,B
1299,1,0.590873980429024,1.09994058219173,B
1300,1,1.56628621462733,1.07784951135508,B
1301,1,2.03914971649647,2.42966561941208,B
1302,1,2.35687113925815,3.07720910075482,B
1303,1,0.992004649247974,2.21582112118639,B
1304,1,1.02826164802536,2.87129747964373,B
1305,1,2.32832371536642,2.65044329505243,B
1306,1,0.996447461657226,0.0164413418020362,B
1307,1,1.50690821465105,3.20168047623435,B
1308,1,2.46325723547488,3.87455537483283,B
1309,1,0.934314446058124,3.36032364924288,B
1310,1,2.19344958197325,2.7662217111794,B
1311,1,2.03721126355231,2.46988974236913,B
1312,1,1.35264173708856,2.09689349912629,B
1313,1,2.12705426337197,3.41153363238028,B
1314,1,1.9456349266693,2.92770682834286,B
1315,1,0.793799072038382,2.51217466482386,B
1316,1,1.32179905334488,4.73130826512121,B
1317,1,1.61820408375934,2.02548137765394,B
1318,1,1.24350051535293,2.9060800354611,B
1319,1,1.64735421631485,5.03402600962633,B
1320,1,2.48088676342741,2.99567887472361,B
1321,1,2.35820815479383,3.44017677290395,B
1322,1,2.0958771542646,2.65974475494794,B
1323,1,1.1059365295805,1.85294737266493,B
1324,1,2.19277031626552,1.85130729968692,B
1325,1,2.01549893850461,4.38421606618299,B
1326,1,0.761019475758076,4.72433705279138,B
1327,1,1.83720279671252,2.5660065095581,B
1328,1,0.828563768416643,2.72019830585812,B
1329,1,2.29768207296729,4.05582833109236,B
1330,1,1.1711333678104,1.98411408474777,B
1331,1,1.82949028396979,1.54207455933536,B
1332,1,1.97898971429095,2.82585030652251,B
1333,1,1.79649270186201,2.72971309021027,B
1334,1,1.09282341133803,2.86398227632199,B
1335,1,1.54229000443593,3.38527288859428,B
1336,1,2.1050758655183,2.95189898692768,B
1337,1,0.510077903512865,2.647279993049,B
1338,1,0.744607439730316,0.437485791991885,B
1339,1,1.02198201883584,-1.13483400752049,B
1340,1,2.18898251187056,2.42101178392883,B
1341,1,1.38815363170579,1.75801627805188,B
1342,1,1.66396767506376,1.67487889622063,B
1343,1,1.19681941950694,4.59424783790728,B
1344,1,0.909904640633613,1.20841749265812,B
1345,1,2.22001716354862,1.89349964317122,B
1346,1,0.776089118793607,2.72190904960338,B
1347,1,1.0403841342777,1.1985560761676,B
1348,1,2.24221988813952,3.78997880181819,B
1349,1,2.3873789543286,5.95684731757375,B
1350,1,1.27939940057695,4.23384824187991,B
1351,1,1.33850951818749,1.69695126466733,B
1352,1,0.965987752657384,0.738015220731,B
1353,1,1.79882559692487,1.23200383850212,B
1354,1,0.66558152763173,0.858481993560633,B
1355,1,1.7772924429737,2.21529463670339,B
1356,1,2.46325525082648,3.64395004450355,B
1357,1,1.48713527619839,1.62646009255098,B
1358,1,0.517620472237468,4.17023109050653,B
1359,1,1.13856554077938,2.57463293423822,B
1360,1,1.43839193088934,3.32434804179397,B
1361,1,2.1432001395151,4.44244673806774,B
1362,1,0.974847908131778,0.832031580889835,B
1363,1,1.70344073744491,3.64748868952881,B
1364,1,1.79302315786481,2.99058144479526,B
1365,1,1.82441965024918,4.41163566979005,B
1366,1,2.38438550010324,2.26589751153397,B
1367,1,0.97988800611347,1.17776274521501,B
1368,1,2.10205582017079,3.88569568281632,B
1369,1,1.45584152918309,1.25695089839212,B
1370,1,0.948633251246065,0.48264228693326,B
1371,1,1.08371344348416,5.08901526080524,B
1372,1,1.25061146030203,2.51808596091662,B
1373,1,1.53733476763591,1.37752861504924,B
1374,1,0.733413136564195,3.47193136178254,B
1375,1,1.35604710690677,4.4560692252867,B
1376,1,1.21550310356542,1.68513029698774,B
1377,1,1.82293255114928,4.29744865006805,B
1378,1,2.38541351584718,3.13740632394759,B
1379,1,2.35381313040853,1.96713257969189,B
1380,1,1.38744414784014,2.00385940554265,B
1381,1,1.75252534169704,3.92761094232655,B
1382,1,1.07808593800291,2.5183928092656,B
1383,1,1.21165724331513,2.1270056168622,B
1384,1,1.14873918239027,0.988161164048817,B
1385,1,2.03759896755219,2.07952841745235,B
1386,1,2.2477798294276,2.22372311575087,B
1387,1,1.64731285022572,3.20518735124871,B
1388,1,1.29376963526011,2.19244258689933,B
1389,1,1.63744639605284,2.77474505007624,B
1390,1,0.660562560427934,1.80802068441319,B
1391,1,1.29299977840856,2.79119083842257,B
1392,1,1.0576917026192,4.84090971829858,B
1393,1,1.4553064131178,2.39759226729049,B
1394,1,2.14806114509702,4.36377524677211,B
1395,1,1.78381167678162,3.1722697904514,B
1396,1,2.19125758577138,2.48213178531322,B
1397,1,2.41933702444658,2.96275347785864,B
1398,1,0.77778469864279,2.32592052645057,B
1399,1,1.74918819731101,0.971108745728381,B
1400,1,1.79843176994473,2.84823336787968,B
1401,1,2.18609786732122,5.86787915544097,B
1402,1,2.01742806797847,5.09353291578075,B
1403,1,2.35559544200078,2.22580271883759,B
1404,1,2.19352415017784,1.54377708186052,B
1405,1,1.79580681212246,3.15031989127504,B
1406,1,1.06623015506193,3.54782672409495,B
1407,1,2.28968986216933,3.00731818285196,B
1408,1,2.40239083208144,3.5232259116003,B
1409,1,2.28139888728038,3.30407123681557,B
1410,1,1.30035424279049,3.74081559319188,B
1411,1,1.5320140668191,1.91364346292153,B
1412,1,0.915897931437939,3.79378412362155,B
1413,1,1.47631829790771,2.32453590163382,B
1414,1,1.25233869953081,1.54189330191717,B
1415,1,0.932746401056647,2.41647621053203,B
1416,1,2.3792667244561,3.69976173337769,B
1417,1,1.38562915148214,2.23761744044429,B
1418,1,0.772481787484139,2.63163184483788,B
1419,1,1.91205566329882,3.47609032372653,B
1420,1,1.29548141127452,1.28799938218938,B
1421,1,2.34210355160758,2.5235792461096,B
1422,1,0.88658705400303,1.89297460368157,B
1423,1,2.06124048121274,3.9200100440218,B
1424,1,1.97126921638846,2.85491191691518,B
1425,1,1.42078788671643,3.26144993593646,B
1426,1,0.733451935462654,1.32031179670968,B
1427,1,1.86253783525899,2.99039249121106,B
1428,1,2.2640373641625,4.11727435368546,B
1429,1,1.74191736057401,2.48433993880969,B
1430,1,2.04717656876892,3.1489261894117,B
1431,1,0.537148776929826,4.06171876226193,B
1432,1,0.785227917134762,1.79677604125135,B
1433,1,1.43493841821328,4.22458364706769,B
1434,1,2.1328568267636,3.86290929870417,B
1435,1,1.49450756516308,2.89617965072237,B
1436,1,0.842723290901631,3.03170819815324,B
1437,1,1.18838380277157,2.33851683395738,B
1438,1,1.90751617681235,3.28502098865714,B
1439,1,0.504659254103899,4.00104018952845,B
1440,1,1.62779322871938,3.27634709297438,B
1441,1,1.81040407158434,3.49628427245073,B
1442,1,1.55110459774733,3.75089925824637,B
1443,1,1.12384793814272,1.64920304448848,B
1444,1,1.16198003664613,1.49615473702024,B
1445,1,1.91693496378139,5.39378408237569,B
1446,1,0.757324326317757,3.3509741932593,B
1447,1,1.8388536721468,2.88151400174127,B
1448,1,1.28625295450911,2.66354858331925,B
1449,1,2.01999660953879,4.37297488070895,B
1450,1,2.29496565135196,5.27379241702554,B
1451,1,0.938598256092519,3.5040516355492,B
1452,1,1.15762622794136,1.80777622623851,B
1453,1,1.12776263058186,1.22688510850322,B
1454,1,1.13093293644488,3.40368361887589,B
1455,1,0.960254271049052,2.26210532903266,B
1456,1,0.923797349445522,2.03705352801571,B
1457,1,0.660751153714955,2.83099107459007,B
1458,1,2.31016579829156,2.32173057523685,B
1459,1,1.86771708121523,2.52462346921506,B
1460,1,0.508228356018663,3.26286433840438,B
1461,1,1.23479862418026,2.68061711653694,B
1462,1,2.31195810204372,3.06333723492603,B
1463,1,2.01932909712195,3.45500572360365,B
1464,1,0.778426345437765,1.38490254690432,B
1465,1,2.32381239440292,3.55345073796023,B
1466,1,1.02495425147936,2.35347596509183,B
1467,1,1.23798640631139,2.87853223456552,B
1468,1,0.662974305450916,0.702032762429353,B
1469,1,2.37275719735771,4.8810934018247,B
1470,1,0.588050289079547,3.96181670610757,B
1471,1,2.40238568093628,4.34917679715648,B
1472,1,1.6401363844052,1.98127728917644,B
1473,1,1.19409600179642,3.46991939277823,B
1474,1,1.65418434794992,2.98289651862398,B
1475,1,1.53035201411694,2.61502445458198,B
1476,1,0.854666544590145,0.413997608516057,B
1477,1,2.36978278076276,0.603938093518764,B
1478,1,1.43615725822747,3.36696518048534,B
1479,1,0.7740757050924,1.30774372359661,B
1480,1,1.43460651999339,2.14730198569977,B
1481,1,1.52373919589445,3.47735195118275,B
1482,1,1.10371511010453,1.81489558703896,B
1483,1,2.04946139408275,3.86760047933315,B
1484,1,1.38040695432574,4.2944541042963,B
1485,1,1.07145513873547,1.73692089566858,B
1486,1,0.94275022810325,3.26146128297569,B
1487,1,0.845337530598044,1.84551386205305,B
1488,1,0.670079443138093,2.9748537358907,B
1489,1,0.855520285665989,0.834669641782016,B
1490,1,1.95175383193418,2.14272166079467,B
1491,1,1.03490810049698,2.74898462017271,B
1492,1,2.21306232269853,1.92941240619853,B
1493,1,1.86462329747155,2.76321292561399,B
1494,1,2.07876396737993,4.33799192812198,B
1495,1,2.09078669641167,3.02252984752769,B
1496,1,0.660771935246885,3.8049128910334,B
1497,1,2.09519161237404,3.03916892423931,B
1498,1,1.69925757637247,0.320998717790855,B
1499,1,1.11098466534168,1.64530241341804,B
1500,1,0.960932034533471,1.42445297920183,B
1501,1,2.11746732098982,2.22343848537828,B
1502,1,1.40098678739741,4.42929899634667,B
1503,1,1.79466508468613,2.06837602302007,B
1504,1,1.87705073319376,2.589937459168,B
1505,1,2.01387029001489,3.84307982804663,B
1506,1,2.12780113192275,3.53982721199936,B
1507,1,0.834842120762914,1.00824268836463,B
1508,1,2.3480446850881,3.25773396272491,B
1509,1,0.673152017872781,1.46559264808562,B
1510,1,0.671288024634123,1.94163481368116,B
1511,1,1.42090276349336,2.95966901087636,B
1512,1,2.30053859716281,3.45232119592277,B
1513,1,1.10272620851174,2.71011033057169,B
1514,1,1.3606639332138,2.66633266771747,B
1515,1,0.963555212598294,4.22377810640775,B
1516,1,0.929404720198363,2.42041855216461,B
1517,1,0.957984669134021,2.88690330202778,B
1518,1,1.95466029178351,2.1978942695078,B
1519,1,0.77851952938363,1.20982693408908,B
1520,1,1.13231118116528,1.6632574774594,B
1521,1,0.82353300973773,2.64285744594307,B
1522,1,1.00204550009221,3.07183288236103,B
1523,1,2.47652566432953,1.02618448908205,B
1524,1,1.43203140515834,2.52617269847953,B
1525,1,2.21968816034496,1.73387974489974,B
1526,1,1.05588975176215,2.55305277481797,B
1527,1,1.8261371110566,2.26745792231198,B
1528,1,2.26452436205,3.3559767317512,B
1529,1,1.47831721138209,3.13861931462302,B
1530,1,2.37438387004659,3.44019187876128,B
1531,1,0.947442991193384,2.5990319222789,B
1532,1,1.19879898801446,2.89231232998308,B
1533,1,1.35806851554662,3.45969688105957,B
1534,1,0.926974614616483,1.55169038531493,B
1535,1,2.33035321626812,5.62586461790191,B
1536,1,2.1505917259492,2.98169666113551,B
1537,1,1.64197559934109,2.82965775106268,B
1538,1,2.27519513340667,2.65918424433605,B
1539,1,1.84087850479409,2.58486446535182,B
1540,1,1.1454969975166,3.94343361159325,B
1541,1,0.580932521261275,1.27739484684916,B
1542,1,2.36013824818656,2.0276477002039,B
1543,1,2.47245011571795,3.59253792431644,B
1544,1,2.37552336603403,3.86871330158289,B
1545,1,1.71955081215128,2.54938535168648,B
1546,1,1.67576115624979,3.0166265197547,B
1547,1,1.23809167928994,3.52920376015912,B
1548,1,2.2130827838555,5.47703732077466,B
1549,1,2.33355350978673,2.84949021153747,B
1550,1,1.87339795706794,2.91902799828384,B
1551,1,0.862833540420979,4.01596909212996,B
1552,1,2.08881136775017,3.48286661676442,B
1553,1,1.61889155674726,3.15040781362305,B
1554,1,0.797317195683718,1.77412895247007,B
1555,1,0.651220745872706,3.19041413498916,B
1556,1,1.67725649103522,4.36801126803488,B
1557,1,0.527028721291572,2.67855338064024,B
1558,1,1.59592237649485,3.53810436750801,B
1559,1,0.759871868882328,4.29932307776634,B
1560,1,2.13512676395476,4.21749391064846,B
1561,1,1.77251836517826,3.16209687069339,B
1562,1,2.37074269587174,3.74026663635441,B
1563,1,2.27484282897785,3.4970548973689,B
1564,1,1.18345876038075,3.02498407735868,B
1565,1,1.1923202094622,2.51790269202784,B
1566,1,0.667383129242808,1.64142090120342,B
1567,1,2.42869039205834,3.73776839919403,B
1568,1,1.1494490429759,4.15374454441303,B
1569,1,1.93752023391426,1.81579802696699,B
1570,1,1.74376439163461,1.96056415134615,B
1571,1,1.01802341965958,0.410248652935275,B
1572,1,0.703817202243954,2.67995913910904,B
1573,1,1.36316760350019,3.92403176468865,B
1574,1,0.993794950656593,2.5161942288069,B
1575,1,2.48425778700039,4.18520919751183,B
1576,1,1.64181793993339,4.34398454849166,B
1577,1,2.22939110966399,3.33860218819082,B
1578,1,1.78416974237189,1.87951971902357,B
1579,1,2.09217572212219,2.18325101064869,B
1580,1,1.49411755567417,2.79276288402774,B
1581,1,2.03682664455846,1.88641290240054,B
1582,1,0.72833326458931,2.70929132062327,B
1583,1,2.00775518501177,2.05751774584968,B
1584,1,1.45906626153737,1.35953884492485,B
1585,1,2.16228593792766,1.81659250870115,B
1586,1,2.36340894643217,5.32660337803349,B
1587,1,1.50997389294207,1.96842226007845,B
1588,1,1.87052586721256,3.52974074645075,B
1589,1,1.57617621310055,3.74613163063106,B
1590,1,1.68119124649093,3.50290239248873,B
1591,1,0.848872256465256,1.31584001638984,B
1592,1,1.95308500854298,3.90698408869357,B
1593,1,2.38135845819488,6.09847121147322,B
1594,1,0.943305598571897,1.86051798819475,B
1595,1,1.11464847112075,2.59847906457803,B
1596,1,2.47140200296417,3.51343535286617,B
1597,1,1.1108718579635,1.76112077235063,B
1598,1,1.27325137984008,3.6049875849626,B
1599,1,1.20835234224796,4.35181584983174,B
1600,1,1.35502691008151,3.53378690196962,B
1601,1,1.92780211986974,2.53993342947877,B
1602,1,1.04158072592691,3.1137622587481,B
1603,1,2.37856480060145,4.07524324163383,B
1604,1,1.18989008665085,2.77606317918701,B
1605,1,0.96829424938187,4.32251110841596,B
1606,1,0.94924840470776,2.46132495635822,B
1607,1,1.23581748176366,2.32366106961914,B
1608,1,1.03635654645041,1.53861150537104,B
1609,1,1.24779144255444,2.10222173665824,B
1610,1,1.83504541963339,4.53933830024695,B
1611,1,0.556433542631567,2.96199954587122,B
1612,1,2.16424275422469,3.40877988532709,B
1613,1,2.04964768886566,1.38340391365018,B
1614,1,0.552355214487761,1.04887002368949,B
1615,1,1.5387239032425,2.83292143465651,B
1616,1,1.00767787871882,3.48654995948557,B
1617,1,2.11754581425339,3.47166625515392,B
1618,1,1.84791674744338,1.22762285702964,B
1619,1,1.92298396956176,1.4294927724768,B
1620,1,1.06868812954053,2.28451199853977,B
1621,1,2.23694094410166,2.39705003828232,B
1622,1,0.914536945521832,2.47651148752584,B
1623,1,1.47256589122117,3.23147966266081,B
1624,1,1.52608870016411,3.71113539269146,B
1625,1,2.31965472223237,3.0132732863218,B
1626,1,1.94520467100665,2.16955448200869,B
1627,1,0.918453868944198,1.85030300776743,B
1628,1,1.4903938616626,2.94462216489267,B
1629,1,0.873016357887536,3.58598928876205,B
1630,1,2.32748510316014,6.43460188924528,B
1631,1,0.844350023195148,3.00926895085821,B
1632,1,1.08149772882462,3.36020205214512,B
1633,1,1.08610237156972,4.00523797336602,B
1634,1,1.10494275903329,2.90414392244421,B
1635,1,0.846963095478714,2.52323478818429,B
1636,1,1.19573255861178,3.10777199914711,B
1637,1,1.92608399502933,4.56175599297774,B
1638,1,1.9347418108955,1.30288778397778,B
1639,1,1.22915768157691,3.73682757447403,B
1640,1,2.36110204691067,2.10205608382255,B
1641,1,2.14159276382998,3.6321400031261,B
1642,1,1.78642280306667,3.38353337248801,B
1643,1,1.22904201131314,1.07660666158734,B
1644,1,2.24288317328319,2.57507670197339,B
1645,1,1.21112650260329,3.09892150635425,B
1646,1,1.83997801039368,3.9771734062964,B
1647,1,2.21184509759769,2.15453427270706,B
1648,1,1.66646270919591,3.47019448440641,B
1649,1,1.10501679824665,1.76197008385576,B
1650,1,1.46611380716786,1.00215162662108,B
1651,1,1.74156262958422,2.12686711591735,B
1652,1,1.30766323581338,1.83010001896289,B
1653,1,1.27692833868787,1.25417027339224,B
1654,1,2.31169473053888,2.82111002609054,B
1655,1,1.07600048836321,2.89837210405163,B
1656,1,1.60757212666795,2.25009211020041,B
1657,1,1.06136098690331,2.86220845573229,B
1658,1,0.63886820524931,1.93507509985186,B
1659,1,1.55094904592261,2.29524131124073,B
1660,1,1.13096394436434,4.65142821660282,B
1661,1,0.609859393443912,2.13768555713709,B
1662,1,1.96556153893471,3.24732386293593,B
1663,1,1.35047569824383,4.74447344537783,B
1664,1,1.19803357124329,3.12166383506922,B
1665,1,2.20575118297711,3.04826983855129,B
1666,1,1.6110849911347,2.28848770363511,B
1667,1,1.34912773082033,1.81139438838826,B
1668,1,2.3461665273644,3.62335995923508,B
1669,1,1.03632602095604,3.76441021869205,B
1670,1,1.49279574677348,1.15519142775318,B
1671,1,2.29486114019528,2.24834865628266,B
1672,1,2.39343500137329,3.33929498230145,B
1673,1,1.48073158599436,1.29485069701868,B
1674,1,2.44268811168149,5.28978929790229,B
1675,1,2.44360497128218,4.92483725550834,B
1676,1,2.13293441431597,1.54215295824663,B
1677,1,2.48761523887515,3.92380713837548,B
1678,1,1.87162358639762,3.07366056134362,B
1679,1,1.69623559527099,3.45937082295948,B
1680,1,1.27276019845158,1.41222099496094,B
1681,1,0.723601416684687,2.15276314525749,B
1682,1,1.5188071639277,3.31506967076721,B
1683,1,1.39071305701509,2.00622571363723,B
1684,1,2.13855294324458,4.93298598111499,B
1685,1,1.81404838850722,2.05295941644104,B
1686,1,1.1386167164892,6.06096297944285,B
1687,1,0.848043702077121,1.81259271087517,B
1688,1,2.11093618953601,1.36079304882355,B
1689,1,1.47838996862993,1.71133583792831,B
1690,1,1.82827132195234,4.05646786374922,B
1691,1,2.01295243389905,3.13097313865016,B
1692,1,1.27158752875403,2.23992403653312,B
1693,1,1.52121233614162,1.69455057061728,B
1694,1,0.968690240290016,3.37773588294266,B
1695,1,1.61759500112385,3.0378362611598,B
1696,1,2.08680745773017,2.22621661564153,B
1697,1,2.08321960177273,4.36269507100976,B
1698,1,0.688502232544124,1.82608658006166,B
1699,1,2.40929473843426,4.47236579566887,B
1700,1,1.90397746069357,1.85946768856379,B
1701,1,2.41825187020004,3.59567604528509,B
1702,1,0.755120665766299,0.811972851105296,B
1703,1,1.16127170110121,1.05178574140683,B
1704,1,1.35834393789992,3.33093345673798,B
1705,1,1.78592738462612,1.95471760078665,B
1706,1,0.7990348841995,4.38137621132151,B
1707,1,1.97590556880459,2.30831236346917,B
1708,1,1.18685590522364,3.14331226575365,B
1709,1,2.07194685237482,3.32511205087654,B
1710,1,1.64205338153988,3.14592957197621,B
1711,1,1.9437839188613,2.34314295071359,B
1712,1,2.19866627734154,3.51870911340662,B
1713,1,1.18029108364135,2.11351701921773,B
1714,1,0.947046651039273,4.8730379608717,B
1715,1,2.41760627366602,1.95221059279606,B
1716,1,2.07206372264773,3.50764593638755,B
1717,1,0.985587575938553,2.49026152570485,B
1718,1,2.02013943530619,3.69586967293286,B
1719,1,1.00172565737739,3.41913405143908,B
1720,1,0.706769783049822,0.36908558046399,B
1721,1,1.69903339585289,3.07581660056867,B
1722,1,1.44514193991199,2.48168417175064,B
1723,1,0.900002925656736,3.53079546843975,B
1724,1,1.91039373585954,5.16237375585318,B
1725,1,1.83153817476705,1.87775805783282,B
1726,1,1.13870155438781,2.56114864797257,B
1727,1,1.32040767697617,1.17817079791176,B
1728,1,1.77933362592012,3.87094417753031,B
1729,1,2.20760986814275,1.90544100568268,B
1730,1,0.902206639759243,2.37213741916029,B
1731,1,2.44399724062532,2.84824825115738,B
1732,1,1.46594488061965,4.76563366344686,B
1733,1,1.18676539184526,1.14528132959584,B
1734,1,2.06597550259903,4.66107021438483,B
1735,1,2.46997187752277,3.02765124693067,B
1736,1,1.27695960085839,1.64869873133329,B
1737,1,1.84214419033378,3.62394110045665,B
1738,1,1.19480951642618,3.18224257253975,B
1739,1,1.66523775830865,3.70048567710429,B
1740,1,1.33144490839913,3.36401653432447,B
1741,1,2.30512445932254,1.87467480489257,B
1742,1,1.24759766692296,1.57322286413751,B
1743,1,0.651450716424733,1.039446289638,B
1744,1,1.28083251370117,1.6716291386907,B
1745,1,2.10607193037868,2.4084433092433,B
1746,1,2.06649584043771,4.87605997462573,B
1747,1,1.55165854888037,2.62617282589491,B
1748,1,1.02688128035516,5.29958881405233,B
1749,1,1.60475082835183,1.82438334165725,B
1750,1,0.753444699104875,1.96845882488124,B
1751,1,0.721934864297509,3.07971721251416,B
1752,1,1.18490002024919,3.05751615577196,B
1753,1,1.95067438483238,2.08689380670877,B
1754,1,1.76724048005417,1.12112731697979,B
1755,1,1.54156837565824,3.08132339207064,B
1756,1,2.27484210114926,4.39443261152645,B
1757,1,1.54083871841431,3.30932170876131,B
1758,1,1.85594164719805,2.1831676458592,B
1759,1,2.15096467081457,0.995758690479342,B
1760,1,2.01329187024385,3.85964769385768,B
1761,1,1.23470462625846,1.58099206089397,B
1762,1,1.31852753739804,3.1265002075634,B
1763,1,2.17499947594479,4.04149805480848,B
1764,1,1.81866342900321,4.18414149978766,B
1765,1,0.931213359348476,3.34465278270527,B
1766,1,1.09264418296516,3.35716167551162,B
1767,1,1.92339087463915,3.04329686928458,B
1768,1,1.31526511162519,3.4552472634009,B
1769,1,1.37889973865822,2.10849874340322,B
1770,1,2.15936293266714,0.386754326738343,B
1771,1,0.739329957403243,3.71156262083467,B
1772,1,2.27224425645545,2.13992221937275,B
1773,1,2.00861775362864,2.23741286397308,B
1774,1,1.16099141025916,3.44402768512267,B
1775,1,1.94107635924593,2.72892086279018,B
1776,1,1.4129345677793,-1.07169410674848,B
1777,1,0.86007608147338,2.87813220406435,B
1778,1,0.675038109067828,1.34446369876985,B
1779,1,2.12963649025187,2.06281722775944,B
1780,1,2.30551886698231,2.00117051640728,B
1781,1,0.856362973805517,2.67432619004483,B
1782,1,1.44665663875639,2.81647627376408,B
1783,1,1.57951624877751,2.06004297418247,B
1784,1,2.15672195330262,2.3341754772702,B
1785,1,1.45831964537501,2.90298962067735,B
1786,1,0.515846363734454,1.20235909765205,B
1787,1,2.13649366376922,4.77859280504354,B
1788,1,1.53340669628233,3.41128529175965,B
1789,1,2.33085560798645,4.4056845273271,B
1790,1,1.50526240933687,2.39859463269596,B
1791,1,1.67921128077433,3.67721613043092,B
1792,1,2.35727473255247,5.06887526586282,B
1793,1,2.39386102277786,4.58829049727554,B
1794,1,1.08207161631435,2.9876199497018,B
1795,1,2.00763717154041,3.07504759082496,B
1796,1,0.882974403444678,4.57449112877142,B
1797,1,0.534562428481877,2.73699510741117,B
1798,1,1.25668259663507,0.543712312316441,B
1799,1,2.29656561370939,2.98541683751889,B
1800,1,0.783880488947034,2.69980884602722,B
1801,1,0.529406003188342,0.809310554964273,B
1802,1,0.702392691746354,0.314160506259976,B
1803,1,2.36711466731504,5.21070685522519,B
1804,1,2.04048259975389,4.37797279830023,B
1805,1,2.04862205963582,6.04158096262053,B
1806,1,1.10424896748737,1.33692263825047,B
1807,1,2.08030642801896,3.53944634529126,B
1808,1,1.14309394778684,1.70816411017566,B
1809,1,1.50074120657519,4.103052690431,B
1810,1,0.732989018782973,2.674096015031,B
1811,1,1.42657936736941,1.98998781579625,B
1812,1,0.74931661831215,3.12539388626681,B
1813,1,1.48449515551329,1.78489232340098,B
1814,1,1.80897161690518,2.73695380026,B
1815,1,2.41610734676942,5.51347776941453,B
1816,1,1.66547031374648,0.483937102783467,B
1817,1,0.964881306514144,3.10432175055262,B
1818,1,1.75791059434414,2.63922989730737,B
1819,1,2.1020538629964,3.38608407765279,B
1820,1,1.56887308927253,3.31130898236971,B
1821,1,2.33652908029035,2.59439298513217,B
1822,1,2.38216500729322,3.31436157993061,B
1823,1,1.70644884044305,3.75814016024559,B
1824,1,2.02868556370959,4.03920625611735,B
1825,1,0.903013275004923,3.48080359850913,B
1826,1,1.77441832376644,2.29794474265426,B
1827,1,1.4039880274795,5.77602356028034,B
1828,1,1.19358563655987,2.22999775205693,B
1829,1,2.45647874753922,4.46430131563684,B
1830,1,1.78261480433866,3.16508276663506,B
1831,1,2.13154494017363,3.40105862991024,B
1832,1,2.46746617089957,3.62658979121255,B
1833,1,2.18406729353592,3.29530685350051,B
1834,1,0.545614657923579,2.52235449157185,B
1835,1,0.778956888709217,2.08961997083588,B
1836,1,1.68490305403247,-0.0341575406980346,B
1837,1,0.60183895053342,2.62007869511659,B
1838,1,1.97477900888771,1.0489971273854,B
1839,1,1.934806921985,2.11496348958375,B
1840,1,0.779188658110797,1.01582986162382,B
1841,1,0.741303265094757,0.410008705504762,B
1842,1,2.45759696234018,2.81860169768499,B
1843,1,0.988670528866351,0.717150847666595,B
1844,1,1.89854583609849,3.39022570543202,B
1845,1,1.00100999278948,2.4325377183504,B
1846,1,1.32375292945653,2.45713558788058,B
1847,1,1.97100205859169,2.60215071927362,B
1848,1,1.58263207040727,3.77981812193733,B
1849,1,0.867580783553422,2.13932442125618,B
1850,1,1.55112127633765,3.76779078540364,B
1851,1,1.98105657985434,1.30382346751209,B
1852,1,2.48878235463053,3.71282060537326,B
1853,1,2.21138346102089,1.62091317597709,B
1854,1,0.633540193084627,1.84172746509134,B
1855,1,1.94759121257812,3.17070277703154,B
1856,1,1.86396541958675,2.6759969886942,B
1857,1,0.783982487861067,0.519105479701985,B
1858,1,1.54905593208969,3.99013108289994,B
1859,1,1.51314108818769,2.59752201889178,B
1860,1,0.646277262829244,0.347523223413091,B
1861,1,2.1007010564208,3.34852075013176,B
1862,1,1.18149100057781,2.38241933709311,B
1863,1,1.74731834279373,2.268557529405,B
1864,1,1.94407602027059,5.61121928858681,B
1865,1,2.4619700871408,4.06986872494092,B
1866,1,1.42780486028641,5.25798568135149,B
1867,1,0.993259637150913,1.62396324889902,B
1868,1,2.27616550354287,3.23641817051766,B
1869,1,0.514719281811267,2.49679141428251,B
1870,1,2.02350779436529,1.98825918817754,B
1871,1,1.52352570043877,2.48565861226285,B
1872,1,0.879256317391992,1.8235486056908,B
1873,1,0.813155536539853,1.24183792298249,B
1874,1,0.758858980145305,3.78730861344262,B
1875,1,1.17639487981796,1.51141099007236,B
1876,1,2.15089491382241,2.06562723108678,B
1877,1,2.14781704219058,2.74585034035616,B
1878,1,0.830090291798115,1.74019807659059,B
1879,1,0.995808475650847,2.32418243982058,B
1880,1,1.29542935499921,3.21030964145501,B
1881,1,2.08014091709629,2.79300553072094,B
1882,1,1.77672561584041,4.24493305377634,B
1883,1,0.859071929939091,3.36376373207539,B
1884,1,1.98039563419297,2.33172946875247,B
1885,1,0.540967262350023,3.80008220986793,B
1886,1,0.841608094517142,1.35251967818012,B
1887,1,1.40611203573644,3.71467981582814,B
1888,1,2.0025608278811,4.18727917461683,B
1889,1,1.82479522423819,5.0997255701997,B
1890,1,2.14176315721124,2.94984709712974,B
1891,1,1.01466805581003,1.87885692407437,B
1892,1,0.592880642041564,1.34866402405957,B
1893,1,1.04327518586069,2.97208758311049,B
1894,1,2.16362082352862,4.61712604575017,B
1895,1,1.41970380209386,2.63471662391967,B
1896,1,1.73495772620663,1.80152529960228,B
1897,1,2.1018217545934,3.82390184914369,B
1898,1,1.1123454850167,3.31122518330937,B
1899,1,2.22228418337181,2.93957871438637,B
1900,1,1.82890686392784,3.25875088275255,B
1901,1,0.568572720512748,1.87149373666154,B
1902,1,1.57405985472724,3.08783203791606,B
1903,1,0.988578936550766,2.87727917988217,B
1904,1,0.681367082521319,1.38434456555252,B
1905,1,1.867518320214,1.71400388169248,B
1906,1,1.38961570430547,4.43600599793533,B
1907,1,1.89325575437397,3.2562303402022,B
1908,1,1.13765527820215,2.54986731414455,B
1909,1,2.3963711890392,3.75469073778909,B
1910,1,2.42632209230214,3.23472717844783,B
1911,1,0.988564369734377,1.92929137920092,B
1912,1,1.55077294586226,1.8766098719687,B
1913,1,1.2403120379895,2.13576544028162,B
1914,1,0.978822254575789,3.91716168809073,B
1915,1,1.13159079477191,1.90368931188407,B
1916,1,0.694255411624908,1.57330812031015,B
1917,1,1.5395181956701,2.44269395176003,B
1918,1,2.04548251628876,1.00389596923339,B
1919,1,1.33013594290242,3.42564736465935,B
1920,1,2.37540968926623,4.02517076945367,B
1921,1,2.1871372689493,4.88187755360127,B
1922,1,0.543015994131565,3.05451860823489,B
1923,1,1.40001957910135,4.29860080932307,B
1924,1,0.840988836251199,0.768704441704836,B
1925,1,2.12940955301747,2.08455553890158,B
1926,1,2.09159963112324,3.64917940467872,B
1927,1,0.890500142239034,2.89764244538452,B
1928,1,2.05042016226798,5.31195587771406,B
1929,1,2.30423065507785,3.9881405028094,B
1930,1,2.148759635631,5.37738291572788,B
1931,1,1.44782798923552,3.81247050302919,B
1932,1,1.41173280309886,0.459376429279878,B
1933,1,0.710160437505692,0.34298652290753,B
1934,1,1.26692535774782,2.2173866769401,B
1935,1,2.38996689906344,4.07382176356677,B
1936,1,2.28588973265141,4.33137083058653,B
1937,1,1.21254326310009,4.22810701963941,B
1938,1,1.81733026215807,2.88602758311074,B
1939,1,0.865592244546861,3.54509985012682,B
1940,1,1.0433742874302,2.45731454352179,B
1941,1,1.75000677676871,1.24926195987143,B
1942,1,1.33713814336807,4.30232962121306,B
1943,1,1.58339855074883,1.81834357798737,B
1944,1,2.16273313062266,2.9840230435008,B
1945,1,0.81763151101768,1.89573928531742,B
1946,1,2.21235169982538,4.30311564548619,B
1947,1,1.29041271097958,2.74903571506758,B
1948,1,2.338443050161,2.020215643701,B
1949,1,2.375391560141,3.30448614823982,B
1950,1,1.81863292260095,4.90858472611735,B
1951,1,1.97103402530774,4.15873207313881,B
1952,1,0.996268620714545,2.083900289979,B
1953,1,1.73933145496994,4.12686120619566,B
1954,1,1.92530716396868,2.4384718556186,B
1955,1,1.63276712084189,3.36360064040673,B
1956,1,1.02268310263753,2.51656947956985,B
1957,1,1.389472019393,2.80832798190799,B
1958,1,1.1488447743468,1.84150285812557,B
1959,1,2.26409186376259,3.61893927358336,B
1960,1,0.895560366567224,3.93170803096439,B
1961,1,1.50004138145596,2.70838373535232,B
1962,1,1.21163970697671,2.86086248039757,B
1963,1,1.01584580820054,2.20844004662669,B
1964,1,1.12423379160464,3.43745868048617,B
1965,1,0.795580832287669,3.44880464865789,B
1966,1,0.925845770630985,2.40114327903739,B
1967,1,2.44446121575311,0.967232229438046,B
1968,1,1.13573175109923,3.66400065180136,B
1969,1,1.42616129759699,1.9350955180567,B
1970,1,1.73499412788078,3.20272177600054,B
1971,1,2.08925956487656,4.25218771347498,B
1972,1,2.47797263972461,2.837417921546,B
1973,1,2.25630127219483,3.76974069705207,B
1974,1,1.69851047778502,5.4404977081938,B
1975,1,1.10130308195949,4.91076917152446,B
1976,1,1.26412798836827,1.93278813630938,B
1977,1,0.529063453897834,2.21631772369297,B
1978,1,2.32238918403164,3.07641400060576,B
1979,1,0.780889443121851,2.03525900800772,B
1980,1,2.29168114298955,3.94410991276814,B
1981,1,2.18912243423983,2.414226966273,B
1982,1,1.31169007206336,4.6554842672572,B
1983,1,0.633809105027467,1.94420746704116,B
1984,1,2.05714404350147,2.55392921042491,B
1985,1,0.603268741630018,-0.377571496306208,B
1986,1,1.00445369584486,1.87451566593049,B
1987,1,2.33042027801275,2.70197504396371,B
1988,1,1.79842439573258,3.95110772690501,B
1989,1,2.49210329819471,5.26369054462946,B
1990,1,2.29643108230084,1.37969943265783,B
1991,1,2.32310607424006,4.93049656145907,B
1992,1,1.3990245340392,2.65766673754874,B
1993,1,1.66673506004736,-0.829118637438915,B
1994,1,2.31693324958906,5.18717902395997,B
1995,1,0.924585858359933,3.04651278114874,B
1996,1,1.52332169003785,4.23268288034389,B
1997,1,2.17020259611309,2.28484701129876,B
1998,1,1.8507454241626,1.15838137612559,B
1999,1,1.87696224916726,2.38016572934795,B
2000,1,1.52101832581684,3.31942105275726,B
2001,1,2.35393863590434,0.406613650515347,B
2002,1,1.04339422937483,1.46326469009586,B
2003,1,2.39620153373107,1.82211059798475,B
2004,1,1.42787488270551,3.77874358790617,B
2005,1,1.33776537515223,1.97186860823822,B
2006,1,1.64637428941205,3.92598223744836,B
2007,1,1.73961726902053,4.14467811635112,B
2008,1,2.13264108076692,3.79163495776551,B
2009,1,1.17509949067608,2.20469909907073,B
2010,1,1.48111989395693,2.88314750447075,B
2011,1,1.06295944144949,2.91865382305517,B
2012,1,0.718645456712693,2.28018221493336,B
2013,1,2.41484153689817,2.20840043251752,B
2014,1,1.02839251840487,1.06301660384031,B
2015,1,0.893265640363097,2.59893946734819,B
2016,1,2.35033183218911,3.38714706219067,B
2017,1,1.87849883316085,1.4901018359636,B
2018,1,0.961425591725856,0.579013462043096,B
2019,1,1.10314034949988,1.23806348340812,B
2020,1,1.55268106563017,4.99946768235552,B
2021,1,1.04493046086282,4.15018495628908,B
2022,1,1.37819545343518,2.66854371071222,B
2023,1,1.97582453954965,3.55115668491181,B
2024,1,1.1046097073704,4.1342482501947,B
2025,1,0.995428305584937,2.38757818612782,B
2026,1,2.27382597420365,4.57772943749446,B
2027,1,1.57975971419364,1.60040778735078,B
2028,1,2.14288053102791,3.70578984865872,B
2029,1,2.47251054272056,3.52988217261563,B
2030,1,1.86872997926548,1.68095944340105,B
2031,1,0.881207925267518,2.5330822002339,B
2032,1,0.735964849125594,3.95057015900027,B
2033,1,2.20942435506731,2.99070065881817,B
2034,1,2.08684772718698,3.67469065537514,B
2035,1,1.46852178825066,2.13551028275447,B
2036,1,0.96690835384652,2.13012094962194,B
2037,1,1.94421350210905,3.77460518077242,B
2038,1,2.42374246334657,1.62639146596088,B
2039,1,1.52722423011437,4.13171942090377,B
2040,1,1.38087869388983,3.13272419111949,B
2041,1,1.26199992420152,2.44944253096503,B
2042,1,1.30164310149848,2.81241822881952,B
2043,1,0.962775913067162,3.24081993661029,B
2044,1,1.19522114144638,2.94601049764139,B
2045,1,1.50206124735996,3.77680289083772,B
2046,1,1.56607163464651,1.75405965437588,B
2047,1,1.94826911529526,1.8300001611892,B
2048,1,2.27935923216864,3.11197266133762,B
2049,1,1.58884725067765,3.20697282540062,B
2050,1,2.15579702425748,2.59150466117487,B
2051,1,1.04511531069875,4.79841774475124,B
2052,1,2.27696039574221,3.57803599420781,B
2053,1,1.66460551926866,3.31469329279984,B
2054,1,2.0361982495524,2.24802136721174,B
2055,1,1.70368846878409,2.60662345310785,B
2056,1,1.51547087915242,4.23956224760324,B
2057,1,1.86600833805278,5.41778814361588,B
2058,1,1.51840972388163,4.34251227286321,B
2059,1,2.20003202045336,3.79763246715821,B
2060,1,1.24098375113681,3.91153870740837,B
2061,1,2.05368691682816,2.87611028955892,B
2062,1,1.45030912710354,3.99464406028344,B
2063,1,0.831647532992065,0.847442794329148,B
2064,1,1.48592599947006,3.32285122273595,B
2065,1,2.06514688720927,5.27737031521553,B
2066,1,0.615385602694005,1.41572566180311,B
2067,1,2.24269599374384,4.12102836034239,B
2068,1,0.615148812532425,2.59837592747044,B
2069,1,1.78529532346874,1.96977609665813,B
2070,1,1.44403838319704,1.97433689235344,B
2071,1,1.55122066475451,1.74950769457545,B
2072,1,2.03689122386277,2.97763259816815,B
2073,1,1.62939756643027,1.18896632788677,B
2074,1,2.26187711907551,3.71098351423089,B
2075,1,1.13865376403555,2.53271041127219,B
2076,1,1.0309025044553,3.29309223697834,B
2077,1,1.05839201388881,3.70268003914858,B
2078,1,1.39512981195003,4.75413987656908,B
2079,1,0.607324419543147,0.703162071053329,B
2080,1,0.695421823766083,2.53015753729054,B
2081,1,1.46375174401328,3.44222209612097,B
2082,1,1.53684441652149,4.9905495588341,B
2083,1,1.71833216398954,2.89309772235011,B
2084,1,1.37419321248308,2.21203971517281,B
2085,1,1.2033751080744,2.2932531014557,B
2086,1,2.39828568231314,3.38074780300879,B
2087,1,2.16659723455086,3.65183166646393,B
2088,1,1.45450395112857,2.88872069454698,B
2089,1,2.06969144614413,4.21688633561597,B
2090,1,2.16477952431887,1.81415810756582,B
2091,1,1.74485869053751,3.44443466985524,B
2092,1,1.55975659517571,3.14819742605703,B
2093,1,0.720810934901238,2.30195116618588,B
2094,1,0.919884587172419,4.5082170094379,B
2095,1,1.94199317321181,2.98065072757141,B
2096,1,1.30535412067547,2.93851870677993,B
2097,1,2.10853339964524,3.37343122609367,B
2098,1,0.805874648969621,0.623902513032261,B
2099,1,2.45865448564291,1.73459915413654,B
2100,1,2.22989822272211,4.4490513407318,B
2101,1,0.9445207612589,2.22623935539976,B
2102,1,1.87811399111524,3.67753781690613,B
2103,1,1.67419239040464,3.724196542412,B
2104,1,0.99101319629699,3.30971873128819,B
2105,1,1.2347483150661,3.43580636469037,B
2106,1,1.78212171653286,3.19466582047581,B
2107,1,0.878258327487856,3.00064621607876,B
2108,1,2.29730517417192,3.00548813477789,B
2109,1,0.939257440622896,1.74037753969117,B
2110,1,1.95282315928489,4.05764680061398,B
2111,1,1.04271819861606,3.06529376516036,B
2112,1,2.01779547380283,3.94308671777531,B
2113,1,0.701112743932754,1.52328513786904,B
2114,1,1.44686308456585,2.78459072715685,B
2115,1,1.64953313115984,1.92968685339776,B
2116,1,1.22439029207453,3.01452226436113,B
2117,1,1.43161056004465,3.02588580776229,B
2118,1,1.34176221070811,2.77345737630808,B
2119,1,2.03369783051312,1.41340209258889,B
2120,1,1.19938216451556,2.1493079280018,B
2121,1,2.48649328527972,2.54927240137855,B
2122,1,2.41277618519962,3.8792041043032,B
2123,1,2.33169870031998,3.68962919619131,B
2124,1,1.03295955527574,2.84821631013591,B
2125,1,0.769338419660926,3.29835198364319,B
2126,1,0.636566447094083,2.93407723329449,B
2127,1,2.03201036481187,1.25001339029203,B
2128,1,1.57883708132431,1.15956082929426,B
2129,1,1.19959261128679,2.58909881037428,B
2130,1,0.53011268703267,0.811523439082683,B
2131,1,0.889645133633167,3.13907494342031,B
2132,1,1.91097104735672,2.59816415355152,B
2133,1,1.1426084022969,3.38030252441613,B
2134,1,2.43678154423833,3.14935901487017,B
2135,1,1.48499073926359,4.31781022909325,B
2136,1,0.92192443786189,0.705601253133286,B
2137,1,1.38405974768102,3.66077609435616,B
2138,1,2.29155309312046,3.03329575681786,B
2139,1,2.42563446518034,3.23423689731955,B
2140,1,2.23286766326055,2.44617767107088,B
2141,1,1.38693854026496,2.90885137963284,B
2142,1,1.44408559752628,2.60994949579914,B
2143,1,1.58353929128498,2.147445211208,B
2144,1,2.00365028576925,1.75795637949382,B
2145,1,0.836145675741136,4.37093561495698,B
2146,1,2.22545236069709,4.1334898423558,B
2147,1,2.07142807450145,1.7208167444263,B
2148,1,1.70808535814285,1.80029746329468,B
2149,1,1.76312296232209,3.48727837558707,B
2150,1,1.992847322952,2.04488687086946,B
2151,1,2.11266591772437,0.506642707885024,B
2152,1,0.669894984457642,2.18679860876855,B
2153,1,1.98368305526674,4.96793417118747,B
2154,1,0.695843086112291,2.04765216507304,B
2155,1,0.718199923168868,2.41036600131302,B
2156,1,1.63950341613963,3.98301742126997,B
2157,1,0.871627137996256,2.02994819021704,B
2158,1,2.41749940998852,3.19339859563696,B
2159,1,0.938666272908449,3.42238143444143,B
2160,1,0.667175885289908,3.06135646333559,B
2161,1,0.531105271540582,4.12999833149522,B
2162,1,1.82335018645972,2.37363616561046,B
2163,1,0.506355798337609,2.81820568233821,B
2164,1,2.21136433398351,2.45579306606016,B
2165,1,0.879046665038914,2.70477999820769,B
2166,1,2.49848933517933,0.627791549769235,B
2167,1,0.610262678004801,1.1288354124299,B
2168,1,1.04094943637028,2.01729802848164,B
2169,1,1.89825072605163,2.85701357913922,B
2170,1,1.84320810297504,4.92241322870254,B
2171,1,1.86825341917574,2.19911336597674,B
2172,1,1.13541418965906,3.20438221082974,B
2173,1,1.10378247499466,2.48738039137304,B
2174,1,0.565638789441437,2.62297627603456,B
2175,1,1.52141528436914,2.63742703538621,B
2176,1,1.4443856049329,3.03803359327655,B
2177,1,1.47826783591881,3.25790760071718,B
2178,1,0.519137341994792,0.837776754477813,B
2179,1,2.0502716996707,2.5811296906102,B
2180,1,2.07483273930848,3.27552705730545,B
2181,1,0.770290105137974,2.35727949234774,B
2182,1,2.26459883665666,2.68542313076303,B
2183,1,1.9388453066349,1.05594792427937,B
2184,1,1.99311389168724,2.68879265865837,B
2185,1,0.97349142190069,2.45026238768039,B
2186,1,1.22347912890837,0.406448986646855,B
2187,1,2.44087238516659,5.38289283452617,B
2188,1,1.12980529060587,2.37338772293312,B
2189,1,2.13166200276464,2.61669248208335,B
2190,1,2.42183335870504,4.01111029683363,B
2191,1,1.31145656807348,3.34053030998561,B
2192,1,2.42478475393727,2.30819733642096,B
2193,1,1.95806317264214,3.99241161693265,B
2194,1,2.39349827030674,3.57987651535499,B
2195,1,2.32363930204883,2.02211188251036,B
2196,1,1.21200298238546,2.45704666693666,B
2197,1,1.48286061547697,2.39687519246038,B
2198,1,1.19270379142836,2.21658127641459,B
2199,1,0.932561814785004,1.86012860035648,B
2200,1,0.582718744408339,1.92379208276347,B
2201,1,1.31904092058539,5.00543459420314,B
2202,1,2.41721737617627,4.23644499839089,B
2203,1,1.2459665639326,2.38982530019913,B
2204,1,1.42088491376489,0.429342637969494,B
2205,1,1.53199269482866,2.4791273260119,B
2206,1,1.43949681799859,2.69213418140578,B
2207,1,1.43211217550561,3.15421188003473,B
2208,1,0.51303446944803,3.19687797482928,B
2209,1,0.513775209430605,2.35687308511208,B
2210,1,1.39192867325619,2.49553300408497,B
2211,1,0.711894979700446,1.71667038072016,B
2212,1,2.29116840707138,3.16249738602088,B
2213,1,1.75357788568363,1.25599903466594,B
2214,1,0.748189722187817,3.17526055039465,B
2215,1,0.60755271371454,2.289958339897,B
2216,1,1.8064810661599,2.80544132347236,B
2217,1,1.32246001716703,3.34551652634117,B
2218,1,1.08822255209088,4.0527392209072,B
2219,1,0.50140299089253,1.89440414864087,B
2220,1,0.871907228603959,3.35324557835781,B
2221,1,1.63939352240413,3.84965383544524,B
2222,1,2.21824288181961,5.04549414452828,B
2223,1,1.53738774545491,2.54290192074042,B
2224,1,2.21544489217922,2.48579953374665,B
2225,1,0.983924182131886,1.8275209111608,B
2226,1,2.37677928851917,1.07136747594251,B
2227,1,1.26526462193578,3.83641168114788,B
2228,1,2.2379664410837,4.46175852154334,B
2229,1,2.16472322912887,2.20025473712715,B
2230,1,1.92264887690544,2.98912769628393,B
2231,1,1.52089452976361,1.78992713164658,B
2232,1,1.30223854491487,3.99570597527933,B
2233,1,0.589819668326527,1.91179331367668,B
2234,1,1.93149026995525,5.54392406962155,B
2235,1,0.943854198325425,3.11130116480209,B
2236,1,0.641486690379679,2.92922696748422,B
2237,1,0.781267872545868,1.08948457849199,B
2238,1,1.72245743963867,1.07366297539534,B
2239,1,1.52046621683985,3.14317072055924,B
2240,1,1.87236069701612,1.93102712200284,B
2241,1,1.73276497656479,2.35188399679791,B
2242,1,1.17223525233567,2.70041238105711,B
2243,1,1.12284544436261,1.74333236915645,B
2244,1,1.20746060553938,0.388005034264519,B
2245,1,0.892706350423396,1.79561966444147,B
2246,1,1.54154773196206,3.89433092118208,B
2247,1,2.32551307231188,3.94751491873228,B
2248,1,1.08534601936117,2.29194824172114,B
2249,1,1.00820226455107,1.92221381606161,B
2250,1,2.01006831461564,2.20536024800126,B
2251,1,0.709948035422713,4.12565346494858,B
2252,1,1.6662262850441,2.69949449159029,B
2253,1,1.96591043891385,4.17227804787798,B
2254,1,0.746595471631736,3.68280076208162,B
2255,1,0.761802194174379,3.2664785245429,B
2256,1,1.03924665367231,2.75583225512815,B
2257,1,0.656309361103922,0.878828533642576,B
2258,1,0.652009279467166,3.60755540113048,B
2259,1,2.2607542835176,1.76039613492191,B
2260,1,1.14818266173825,1.5663728208385,B
2261,1,2.09474735381082,3.57159819218211,B
2262,1,1.66577836778015,3.4449182397854,B
2263,1,1.05193504458293,3.10009293352352,B
2264,1,2.44210308091715,4.98919914066367,B
2265,1,1.21455811103806,0.162918719696357,B
2266,1,1.14225346175954,2.58522684607537,B
2267,1,1.92294755624607,2.10618111722969,B
2268,1,2.41156917624176,3.65508132200148,B
2269,1,2.12267830176279,2.80826834127977,B
2270,1,1.29435762763023,3.00282350121577,B
2271,1,1.7570212460123,2.18579422949286,B
2272,1,1.90043735131621,2.3964923697362,B
2273,1,1.3174411104992,3.92252384109337,B
2274,1,1.77574576763436,2.16365012362586,B
2275,1,2.09361238405108,1.70918495743845,B
2276,1,2.01636357512325,2.74138875856524,B
2277,1,0.794688042718917,3.50218444865866,B
2278,1,1.96519007300958,3.75265325283104,B
2279,1,2.0617174054496,3.1973650338469,B
2280,1,2.04460055567324,3.56854167654281,B
2281,1,1.13242208631709,2.8692725183817,B
2282,1,1.38724452629685,3.83394597096978,B
2283,1,2.44186078757048,1.61385556756858,B
2284,1,1.30751710012555,1.48856904832641,B
2285,1,1.7464734739624,3.31768730507435,B
2286,1,2.30415605567396,5.26036495596702,B
2287,1,0.790622163563967,1.87598252752698,B
2288,1,1.2018428160809,1.13396079509109,B
2289,1,1.09792697941884,2.5792744469397,B
2290,1,0.997029671445489,2.68790460254466,B
2291,1,1.34593543456867,2.27560037203496,B
2292,1,2.00579109648243,1.82189590424905,B
2293,1,1.26854410301894,2.90061819468579,B
2294,1,1.20477076712996,0.263118031991505,B
2295,1,0.999883604701608,3.99412209907968,B
2296,1,2.17609920492396,1.62106290192233,B
2297,1,0.838664575014263,0.962521383472013,B
2298,1,1.72231076704338,3.56428203790048,B
2299,1,1.74392325663939,1.64260258491068,B
2300,1,2.36978712957352,4.51919022655247,B
2301,1,0.957949225325137,3.26963980683085,B
2302,1,2.47601736802608,2.03340750885434,B
2303,1,1.35584355005994,1.80062437575939,B
2304,1,0.71248238440603,3.2884966154875,B
2305,1,1.63973745563999,2.64902460367671,B
2306,1,0.84468272421509,2.0628337388906,B
2307,1,2.48839082475752,1.89107605780644,B
2308,1,1.89478627452627,2.58463191368971,B
2309,1,1.4934006491676,1.43144787809272,B
2310,1,2.23439303180203,2.45393735889341,B
2311,1,1.53728463500738,3.3779879943074,B
2312,1,1.13723989669234,2.41903542041504,B
2313,1,0.522616241592914,-0.957676998716998,B
2314,1,1.92102349502966,3.82379569138715,B
2315,1,1.46090078307316,2.94600762156177,B
2316,1,1.81437512021512,1.2855880105657,B
2317,1,0.820023507345468,1.87862829309296,B
2318,1,1.07377992384136,2.82559012237721,B
2319,1,2.47497418895364,4.61743401597238,B
2320,1,0.675112184137106,2.64922355549099,B
2321,1,1.53771475004032,1.41996576615782,B
2322,1,1.60405868804082,4.4649058859679,B
2323,1,0.981903565116227,1.76361639556773,B
2324,1,1.22899058461189,2.47748998498628,B
2325,1,1.42977126780897,2.78678300865427,B
2326,1,2.3229866172187,3.04440587682737,B
2327,1,2.45065089734271,3.52825544465081,B
2328,1,1.43784255720675,3.84159615439996,B
2329,1,1.70978475920856,1.47686336341227,B
2330,1,2.044766924344,2.9360670127686,B
2331,1,1.44374239165336,1.59921087769209,B
2332,1,0.511768179479986,1.93596039927739,B
2333,1,0.734560805372894,2.08741549154785,B
2334,1,2.46785274753347,3.70720603046785,B
2335,1,2.07966547831893,3.48625974399701,B
2336,1,1.27253740793094,0.517732526237894,B
2337,1,1.2347479374148,3.30444495431321,B
2338,1,0.811214903835207,-0.36450163646175,B
2339,1,1.38887389702722,4.13073594176476,B
2340,1,2.04888804769143,1.56362466035823,B
2341,1,1.22908423375338,2.46849308774535,B
2342,1,0.929138631094247,5.03362264933327,B
2343,1,0.778183210641146,2.38533606756547,B
2344,1,0.8375045619905,2.43741911889124,B
2345,1,0.961046498734504,2.73541273167195,B
2346,1,0.758726543746889,1.00194230456673,B
2347,1,1.96483825612813,1.6752536914873,B
2348,1,0.605621299706399,4.18540829579174,B
2349,1,2.45826256927103,2.93907649729098,B
2350,1,1.77131545078009,1.73041619545968,B
2351,1,2.32181836478412,4.00246896577185,B
2352,1,1.60959742125124,4.5954376827292,B
2353,1,1.95619751838967,1.85532091724492,B
2354,1,1.80580163979903,1.94691273304779,B
2355,1,2.41267140209675,4.97275356192776,B
2356,1,1.39653430413455,2.54741985584277,B
2357,1,1.11232289578766,2.38531312919919,B
2358,1,0.807864638511092,2.21651781255298,B
2359,1,0.737323864363134,3.67778150697351,B
2360,1,0.621886613313109,2.48529346178137,B
2361,1,0.718860936351121,4.62067126304908,B
2362,1,0.570530350320041,1.31915897147176,B
2363,1,1.95689878612757,3.46434598338351,B
2364,1,0.601619002409279,1.61557828960968,B
2365,1,1.78975982218981,3.64738770045011,B
2366,1,0.671134168282151,2.11649556451944,B
2367,1,0.917059984058142,4.54771419076823,B
2368,1,2.26843540230766,1.79480091733752,B
2369,1,0.971583906561136,1.44377383675868,B
2370,1,0.637702748645097,1.28158039864467,B
2371,1,0.841608829330653,1.60031845535563,B
2372,1,1.38687012437731,0.421039054926577,B
2373,1,2.47751230793074,4.56641764348414,B
2374,1,2.10876728687435,5.56925484882348,B
2375,1,1.19000379974023,0.100741476907875,B
2376,1,0.65760014904663,-0.355169524611361,B
2377,1,0.720416620839387,3.40837620011416,B
2378,1,1.78261073119938,1.11719110434888,B
2379,1,1.2789046280086,4.35852374878761,B
2380,1,1.14639896061271,2.51789254144622,B
2381,1,1.6476244465448,3.05889596398863,B
2382,1,1.41455498058349,1.94879106007221,B
2383,1,2.01947513688356,4.35043730912017,B
2384,1,1.94231842644513,3.03671387458171,B
2385,1,0.510419177822769,-0.457965834564826,B
2386,1,1.81034460803494,2.97701123025698,B
2387,1,0.672420884948224,4.59952823135438,B
2388,1,1.50877724308521,2.27214276447064,B
2389,1,1.2180738709867,3.37574026640443,B
2390,1,1.14267366193235,1.4560778266219,B
2391,1,0.854188609402627,3.25565985824023,B
2392,1,0.740781784057617,2.52710104415583,B
2393,1,0.581068702507764,3.44300604162661,B
2394,1,1.04400792717934,1.48323048497476,B
2395,1,2.35969647718594,0.588665806825038,B
2396,1,1.14480552030727,2.83707021430432,B
2397,1,1.88093054573983,3.47028601724067,B
2398,1,1.62260671006516,3.23349284407146,B
2399,1,0.75312084518373,4.64193055073489,B
2400,1,0.814977497328073,1.07812878672195,B
2401,1,1.87317696074024,1.5747065030318,B
2402,1,2.07962501281872,1.3490768087025,B
2403,1,0.889080083463341,3.10292969117654,B
2404,1,0.999278517439961,3.94868944324759,B
2405,1,2.28245880175382,2.89980702068613,B
2406,1,2.43455212889239,2.74054501809946,B
2407,1,1.59217388834804,3.05412203549595,B
2408,1,2.02040014229715,3.93928097215707,B
2409,1,1.48476429656148,2.73387916971052,B
2410,1,2.45782666327432,2.62202158834113,B
2411,1,2.47613564459607,4.05493260795596,B
2412,1,1.23323827469721,2.80851415480791,B
2413,1,2.47934288065881,3.38996917250793,B
2414,1,2.24967881664634,2.95307159017915,B
2415,1,1.50314898975194,3.59862519388675,B
2416,1,2.35915428353474,2.22084697613561,B
2417,1,1.54623641539365,4.41039168969395,B
2418,1,2.37038295110688,2.90736084411103,B
2419,1,0.889063015114516,2.86935688107416,B
2420,1,1.70781921735033,1.19375897897604,B
2421,1,2.04079563962296,3.38751692329264,B
2422,1,1.67469591693953,3.58742689902327,B
2423,1,1.10181533591822,2.76259298397393,B
2424,1,1.30826562829316,3.33919402801409,B
2425,1,0.681143488269299,2.6405133727199,B
2426,1,1.58953837351874,1.78405720066014,B
2427,1,1.70958036137745,3.28044548204639,B
2428,1,1.18728322116658,1.16260100785542,B
2429,1,1.29850806994364,4.40412286881887,B
2430,1,1.37819698499516,4.23344345900563,B
2431,1,1.71476326929405,2.91264051662602,B
2432,1,2.17178130429238,3.0820619667776,B
2433,1,2.47815640596673,5.08638354204089,B
2434,1,1.63273555971682,5.03393513570825,B
2435,1,0.563044300768524,-0.11921452386699,B
2436,1,1.31636387202889,4.29415050770113,B
2437,1,1.62013233080506,2.00554291763687,B
2438,1,2.04684635996819,4.27930391395491,B
2439,1,0.59942155983299,0.109200736505617,B
2440,1,2.42270259512588,3.12975893735473,B
2441,1,0.710663835518062,4.06408630251346,B
2442,1,2.41587155964226,2.17291871039962,B
2443,1,1.51915909443051,2.85787099991078,B
2444,1,2.04922199714929,3.01434859303301,B
2445,1,2.0652007162571,4.30308930790768,B
2446,1,1.34995802259073,4.09973528723227,B
2447,1,0.542633031494916,2.28220120798701,B
2448,1,2.47514582658187,2.18065852291376,B
2449,1,1.77441498078406,2.49743061406768,B
2450,1,1.19008295796812,1.67552842112535,B
2451,1,1.44870485085994,2.47010406852101,B
2452,1,0.998794838786125,3.82880033256656,B
2453,1,1.79427195247263,3.41612045745636,B
2454,1,1.86504821013659,3.15092271925024,B
2455,1,2.08058451861143,1.73285542321912,B
2456,1,1.97536808112636,4.63500436255034,B
2457,1,1.36163575202227,2.07413176427491,B
2458,1,1.29915531910956,3.2047242675044,B
2459,1,2.26292678900063,5.45213349463229,B
2460,1,1.52837004465982,3.44228696386567,B
2461,1,1.90281009301543,2.21554095808083,B
2462,1,1.28425009222701,1.80602401989164,B
2463,1,2.45617593452334,3.79339339342614,B
2464,1,2.28450729046017,4.38600767873512,B
2465,1,1.60038500884548,2.79817582495257,B
2466,1,1.60897631617263,4.87193216132519,B
2467,1,1.96705132024363,1.68320670164249,B
2468,1,1.39479732792825,0.267590004392985,B
2469,1,1.53324714489281,2.95662466814126,B
2470,1,0.914988010656089,3.94469320018849,B
2471,1,2.41211107186973,2.48901589642885,B
2472,1,1.23643848579377,2.42240011983769,B
2473,1,0.952655638568103,3.04785726589574,B
2474,1,1.27089699078351,2.93837781883247,B
2475,1,1.81230194261298,2.44450432747355,B
2476,1,2.30653623072431,3.37240838438044,B
2477,1,0.811643338762224,1.31727856205404,B
2478,1,1.54142711870372,3.0010628955558,B
2479,1,1.98825805494562,1.07268664551541,B
2480,1,1.24505005311221,3.44073282617481,B
2481,1,0.876546100247651,4.69988059430331,B
2482,1,2.11437147762626,3.20725184535282,B
2483,1,1.50264507858083,4.29364174139662,B
2484,1,1.32788727385923,1.38405946398242,B
2485,1,0.778841161634773,4.18972112759113,B
2486,1,1.46447441726923,2.59528191494501,B
2487,1,0.536820540204644,3.56019863253038,B
2488,1,2.39141240250319,3.79859835046775,B
2489,1,0.911743777804077,1.33157243063668,B
2490,1,1.2239802191034,1.094478105343,B
2491,1,2.15662913722917,4.01143450607525,B
2492,1,1.72667207103223,4.48795129944915,B
2493,1,2.48195714922622,3.19084116703714,B
2494,1,1.4967589029111,4.60732522448063,B
2495,1,2.20779483160004,4.92614930867125,B
2496,1,1.71435416769236,0.839107799237367,B
2497,1,2.44349911762401,3.37375272262976,B
2498,1,1.07589799026027,2.83723989820472,B
2499,1,1.65591282909736,2.13931848561075,B
2500,1,1.7506814179942,3.10205607960493,B
2501,1,1.13935429276899,3.45497378018265,B
2502,1,1.63392677204683,1.9828348072297,B
2503,1,1.19023516541347,3.67817558843971,B
2504,1,1.77018996188417,2.23197016005945,B
2505,1,1.88695262279361,2.07861537452725,B
2506,1,2.20295002451167,3.4873340373028,B
2507,1,1.98702252982184,1.56133411314383,B
2508,1,2.35102251078934,5.15506541418137,B
2509,1,0.707278312183917,2.5204130999036,B
2510,1,1.96241843653843,3.8071617621032,B
2511,1,2.0109211509116,4.16625207285362,B
2512,1,1.12712841946632,1.94129886042675,B
2513,1,0.919662412721664,2.13165113003197,B
2514,1,1.53574585402384,2.52894237127539,B
2515,1,2.47441014740616,4.47818523863548,B
2516,1,2.18711950490251,3.7907990838192,B
2517,1,1.09524280624464,2.00439590480841,B
2518,1,0.517952134367079,2.92885615458716,B
2519,1,1.05276415124536,3.89491831281881,B
2520,1,1.2204012721777,3.82680340760314,B
2521,1,1.58703829534352,3.96085782847894,B
2522,1,1.3074522074312,2.99141305137341,B
2523,1,0.56175479805097,1.54049691920351,B
2524,1,2.17692109011114,3.39610251272921,B
2525,1,1.53871088288724,4.19420862853129,B
2526,1,2.47438952093944,3.92746177878047,B
2527,1,1.57029365608469,2.83871142290614,B
2528,1,1.66490185959265,2.54745720620642,B
2529,1,2.33313694875687,3.42991873687632,B
2530,1,0.963295113295317,2.20698461618962,B
2531,1,1.91689966013655,3.91460495989375,B
2532,1,2.39589708764106,2.48717114782249,B
2533,1,2.45505415508524,0.178127964849276,B
2534,1,1.20121551398188,2.32457811627237,B
2535,1,1.27130221389234,1.04668059571499,B
2536,1,1.78327516652644,4.56829845555559,B
2537,1,1.55255288816988,0.81608167794679,B
2538,1,1.31765472330153,0.473038948682587,B
2539,1,1.60548450658098,3.26409257879272,B
2540,1,2.35062262136489,3.31498274948434,B
2541,1,1.14508186653256,2.25519029365,B
2542,1,1.39478908991441,3.41978670374474,B
2543,1,0.834228582214564,3.00373584935593,B
2544,1,2.44263505609706,3.06384240604002,B
2545,1,0.656519690062851,2.99898883859897,B
2546,1,2.21369939809665,3.10581488431519,B
2547,1,1.87315505044535,5.17620943883261,B
2548,1,0.998564281500876,5.72858708442368,B
2549,1,0.661111859604716,2.90303653619201,B
2550,1,1.42049747193232,2.64554576564921,B
2551,1,2.47415459388867,1.8439198845742,B
2552,1,1.75756469462067,2.80565363680415,B
2553,1,2.30902604898438,2.17628095019251,B
2554,1,2.17993960203603,3.88310526829512,B
2555,1,1.07589380722493,2.73901906812829,B
2556,1,1.7990187574178,2.70041416012247,B
2557,1,0.776721361558884,3.11688454356064,B
2558,1,1.79449300514534,2.12071662431356,B
2559,1,2.44855084549636,2.08076208652548,B
2560,1,0.682054648175836,2.10944665811906,B
2561,1,1.36645880481228,3.43015346965865,B
2562,1,2.0880502415821,3.97627629144725,B
2563,1,2.00217104749754,2.52644093341632,B
2564,1,0.680914644151926,3.08611433931971,B
2565,1,1.86328458460048,3.60750514509673,B
2566,1,0.546464543323964,4.5686938628437,B
2567,1,0.966230300720781,2.85796126686581,B
2568,1,1.95966708147898,2.71865812173664,B
2569,1,1.50215766672045,2.5706111246474,B
2570,1,1.52938924729824,1.85554602840139,B
2571,1,1.23542456142604,1.98509266671806,B
2572,1,2.08810277050361,4.15947819339653,B
2573,1,0.808062685653567,2.63745784138399,B
2574,1,0.935687411576509,1.67098359389445,B
2575,1,0.522478457540274,2.00768883170769,B
2576,1,2.16982176480815,1.92686284953083,B
2577,1,1.63475443143398,4.02046444412465,B
2578,1,0.868948922492564,0.413164542375611,B
2579,1,0.616719034966081,1.89238854465737,B
2580,1,1.18215162912384,2.08121821798214,B
2581,1,0.566562968771905,4.94668521873821,B
2582,1,1.27392338262871,1.60643048028335,B
2583,1,1.65218079462647,5.07481679188958,B
2584,1,1.60685826325789,1.03743545151105,B
2585,1,2.45841242093593,5.26180066658664,B
2586,1,1.66478930832818,2.78746185467245,B
2587,1,1.06872274307534,2.65803793734503,B
2588,1,2.01474890392274,2.76344780288335,B
2589,1,2.06186267873272,3.83674496994975,B
2590,1,0.509693194646388,3.70304446627771,B
2591,1,2.04503730777651,2.99322928998271,B
2592,1,1.58549496158957,3.60135432860418,B
2593,1,2.49329817295074,5.32592422407139,B
2594,1,1.11858976585791,2.52359859327401,B
2595,1,2.12561549432576,1.97232642641922,B
2596,1,1.13741535693407,4.50680649312801,B
2597,1,0.588115632068366,2.05845107909004,B
2598,1,1.71464032540098,1.50715189442044,B
2599,1,1.48518020706251,2.27451823264752,B
2600,1,2.39864031923935,2.12398900957017,B
2601,1,1.24880861490965,1.3710486424552,B
2602,1,1.72130491072312,2.21542964975076,B
2603,1,2.24641621019691,2.00024241914892,B
2604,1,2.08845067257062,3.5387270954021,B
2605,1,0.693512741476297,2.23145641039199,B
2606,1,1.85233977716416,4.13166195040323,B
2607,1,1.35771652916446,2.87279751803293,B
2608,1,1.54855954321101,1.57801569822021,B
2609,1,2.44284414174035,3.72183979474814,B
2610,1,1.59564986918122,0.226704331442122,B
2611,1,1.36934101162478,2.5179830350069,B
2612,1,1.36910506617278,3.72009586122719,B
2613,1,1.46190193621442,1.69315091993298,B
2614,1,0.906403869390488,2.80898846990183,B
2615,1,1.19512262707576,2.51870713165907,B
2616,1,1.99395703151822,5.4437478039057,B
2617,1,1.69480517180637,4.23590706255875,B
2618,1,1.3881782819517,2.24064243588687,B
2619,1,0.624628374818713,2.40066356801478,B
2620,1,0.54655791958794,2.06840540069946,B
2621,1,2.20830088155344,0.509218152423557,B
2622,1,2.322711662855,3.1295570968516,B
2623,1,1.3752890820615,4.55076252869701,B
2624,1,1.66049793735147,2.98285017812792,B
2625,1,1.54496825579554,3.94637172478306,B
2626,1,1.73802271205932,3.97122229775444,B
2627,1,0.791474675294012,2.98053932507892,B
2628,1,0.911132651381195,2.67769509122643,B
2629,1,2.17376823211089,2.06554677125157,B
2630,1,2.44548788713291,3.2590175489958,B
2631,1,1.35814626188949,3.55498783393135,B
2632,1,2.05468447785825,2.86351563295318,B
2633,1,2.07706594653428,1.5362081836266,B
2634,1,1.18610225245357,1.91654408934752,B
2635,1,2.30854121223092,5.16087209070125,B
2636,1,2.03891038242728,2.56912646454897,B
2637,1,1.76404825691134,2.13188695604574,B
2638,1,1.58078184816986,3.08885413497841,B
2639,1,1.32457047980279,1.7106966451714,B
2640,1,2.02367266872898,1.91598247641971,B
2641,1,0.892006793059409,2.17774140128584,B
2642,1,2.04458895511925,5.37723549143527,B
2643,1,1.74388700537384,3.6802565203983,B
2644,1,0.56531542353332,3.51947428780732,B
2645,1,2.25154859386384,4.49740097901369,B
2646,1,1.38577874610201,1.54184384971158,B
2647,1,0.673489074688405,1.39449657943345,B
2648,1,2.48242736933753,3.5830292333594,B
2649,1,1.70696551352739,3.91063373351171,B
2650,1,1.92139524081722,3.19578845487183,B
2651,1,1.50924655469134,2.48683625591824,B
2652,1,1.85849593160674,1.89980094457475,B
2653,1,1.01115772919729,1.34285819825344,B
2654,1,2.39911925513297,3.6499803621539,B
2655,1,2.04844280565158,2.54884132787004,B
2656,1,1.49460676684976,2.8736689002216,B
2657,1,2.19802053365856,2.73519390574952,B
2658,1,2.30580560024828,4.05593184326033,B
2659,1,0.842355805449188,1.38366221459804,B
2660,1,1.98098593065515,4.90128079621657,B
2661,1,0.936063310597092,3.21636948293299,B
2662,1,1.26451799366623,2.62505312798688,B
2663,1,1.88250889908522,1.39167629809364,B
2664,1,1.68216465786099,3.62111068478108,B
2665,1,1.03475334076211,0.912282858904037,B
2666,1,2.11442104447633,2.96064769026338,B
2667,1,2.43801731709391,3.17242642363268,B
2668,1,0.719658536370844,3.42461176177947,B
2669,1,1.11934589315206,2.28283414239706,B
2670,1,0.864190818741918,3.13312799989023,B
2671,1,2.35801596520469,4.01704704827583,B
2672,1,1.98361768387258,3.70609898888354,B
2673,1,1.39706487162039,4.01822230420695,B
2674,1,2.31043691793457,3.4100309010638,B
2675,1,1.15512119280174,3.10109162747636,B
2676,1,0.965177406556904,2.5928979570462,B
2677,1,2.03652571886778,3.84458328848696,B
2678,1,1.78086026152596,4.75960513334058,B
2679,1,0.861768529284746,2.30970012735471,B
2680,1,1.97780004143715,1.02785563853007,B
2681,1,1.86577659286559,1.34532067985787,B
2682,1,1.67938726814464,2.42832169129422,B
2683,1,2.4059985508211,5.08452880369054,B
2684,1,1.46047972375527,1.74861931607517,B
2685,1,2.0966288568452,2.18618480239257,B
2686,1,0.605299196206033,4.28672736517609,B
2687,1,0.904798910487443,2.53881533549818,B
2688,1,1.09303307300434,2.55485271880524,B
2689,1,1.41328977141529,4.46217002337781,B
2690,1,0.789742012042552,4.50154869862342,B
2691,1,2.13541988749057,2.21705183876252,B
2692,1,0.811136691831052,2.76188451976797,B
2693,1,0.683034577872604,1.98196219580721,B
2694,1,2.21442035026848,2.91450922445424,B
2695,1,1.64237695466727,3.37761192407809,B
2696,1,2.18630918953568,4.27990915611166,B
2697,1,1.46887460304424,1.91021061966774,B
2698,1,2.43040379788727,1.622194683071,B
2699,1,1.34240223607048,2.06240482975367,B
2700,1,1.72864424390718,2.26640687196934,B
2701,1,0.630116014741361,1.89815571876473,B
2702,1,1.13481872715056,2.52932575759916,B
2703,1,1.95187137881294,3.02085656054686,B
2704,1,1.84617752069607,2.42616625643819,B
2705,1,2.36173065565527,2.63065104317406,B
2706,1,1.49283506767824,2.81457552489184,B
2707,1,2.47019978286698,5.37396154201589,B
2708,1,1.51634480711073,2.34734561769906,B
2709,1,0.609251203481108,2.52056588669424,B
2710,1,1.01053778640926,3.09105640465866,B
2711,1,0.744296290446073,4.3251625913928,B
2712,1,0.681303837802261,1.72054298596261,B
2713,1,0.606256027705967,1.92039217449915,B
2714,1,1.71009247144684,1.38086446590461,B
2715,1,2.34833764797077,3.07219869074971,B
2716,1,0.556261360179633,1.24842592339602,B
2717,1,1.25847742380574,2.06016429399707,B
2718,1,1.29518505185843,2.3946606288623,B
2719,1,1.9462541975081,2.61508348727283,B
2720,1,2.39324150141329,0.737147116222775,B
2721,1,1.77667425759137,3.50082809898836,B
2722,1,0.787737934850156,1.34983549105777,B
2723,1,0.861717456486076,1.59504213543407,B
2724,1,0.995226054918021,3.38414430910301,B
2725,1,1.37960189115256,1.47827310272206,B
2726,1,1.20648692687973,1.15071336339396,B
2727,1,1.03120014956221,2.79624684625182,B
2728,1,0.902541019022465,4.83358518606931,B
2729,1,1.22544541675597,1.1321401371031,B
2730,1,0.739983099978417,0.370097583043491,B
2731,1,1.05349895264953,3.82256596725976,B
2732,1,1.25526200886816,1.95425046732365,B
2733,1,1.62890149280429,1.45621988016857,B
2734,1,2.40888680750504,3.25616966059288,B
2735,1,1.6712769116275,2.9937170411457,B
2736,1,0.770766228903085,3.83681056389822,B
2737,1,1.52985500870273,2.803505100497,B
2738,1,1.74243728397414,3.87512480778675,B
2739,1,2.38803917448968,3.96885983503998,B
2740,1,1.58554070116952,5.07210443177418,B
2741,1,2.2761090551503,2.99111624994894,B
2742,1,0.645675329957157,1.34655612391376,B
2743,1,1.54568141279742,1.47815687129541,B
2744,1,1.86289226356894,3.27172635183241,B
2745,1,0.692669935058802,2.3246928164941,B
2746,1,1.8946042326279,2.34787869401833,B
2747,1,1.97279517678544,3.39153169267241,B
2748,1,1.68984902231023,3.78478416917672,B
2749,1,2.05239613493904,2.9876523587365,B
2750,1,0.709275059401989,3.90752073594189,B
2751,1,2.10807100869715,4.46020537083719,B
2752,1,1.90952455066144,2.89432449147038,B
2753,1,1.42566272383556,1.51930076268217,B
2754,1,1.71800574101508,1.60821659087065,B
2755,1,1.39194227522239,3.24796217349723,B
2756,1,1.79489197861403,4.3581353453812,B
2757,1,0.775406209286302,0.98019927717212,B
2758,1,1.66589108901098,3.01371522688949,B
2759,1,1.41621608380228,2.36747961171073,B
2760,1,2.37883684365079,3.37469314461906,B
2761,1,2.08160115499049,2.83898880805076,B
2762,1,2.35943393129855,4.03846067845618,B
2763,1,0.903710198588669,2.55955256541349,B
2764,1,2.40042198309675,2.98000885369937,B
2765,1,1.32847430976108,3.45277438905706,B
2766,1,1.04486642545089,2.15079434433346,B
2767,1,2.40496901795268,4.96327445156028,B
2768,1,0.987233290914446,2.60173985345949,B
2769,1,1.08028340246528,1.20198585884767,B
2770,1,0.57951013604179,3.34242299435312,B
2771,1,2.01406180718914,3.18740866965019,B
2772,1,1.13874148391187,2.83940559910374,B
2773,1,0.864873065147549,3.54361087283193,B
2774,1,0.908148750197142,3.14490324759411,B
2775,1,1.36971953231841,5.23020127906508,B
2776,1,1.76230380544439,1.89591874642235,B
2777,1,0.901717041153461,2.22020584107865,B
2778,1,1.15199521463364,2.77142242875439,B
2779,1,0.799773442558944,4.14393150806784,B
2780,1,1.2553720055148,3.22453821978054,B
2781,1,1.50526177696884,3.94169465639813,B
2782,1,1.88475724495947,3.74239409921964,B
2783,1,1.88899697270244,3.59568585935763,B
2784,1,1.94230797654018,3.77865119705186,B
2785,1,1.70951151009649,2.37141386881668,B
2786,1,1.40643692808226,1.37358333181195,B
2787,1,0.745565824676305,2.60266984496322,B
2788,1,0.901791458018124,4.25371449368246,B
2789,1,2.44867355609313,3.70158703754435,B
2790,1,1.47170551586896,3.80498519873826,B
2791,1,0.823285887949169,2.18071852158167,B
2792,1,1.98731390107423,3.27337628721512,B
2793,1,1.23427214799449,2.04506171019948,B
2794,1,0.902377500198781,0.512923029825149,B
2795,1,2.37961286352947,4.49858762444577,B
2796,1,2.4776415429078,2.61830862125525,B
2797,1,1.03132195258513,3.01403490955226,B
2798,1,1.02461600117385,3.09024942313671,B
2799,1,1.04464711248875,1.53168539127878,B
2800,1,2.49073948618025,2.74140866523489,B
2801,1,1.00318549247459,2.27341813755184,B
2802,1,1.31287285871804,5.30484067237205,B
2803,1,1.70152095844969,2.59529441317691,B
2804,1,1.10547807114199,2.86860540270869,B
2805,1,1.77697017695755,1.21967100106708,B
2806,1,1.43520606262609,1.83276896575526,B
2807,1,1.88968861568719,2.20564805898616,B
2808,1,0.796612481586635,2.67992988791731,B
2809,1,1.81918163597584,1.9037317252735,B
2810,1,1.02973981527612,3.31135517809311,B
2811,1,1.89335720753297,2.66561800765622,B
2812,1,1.99199082423002,3.59508246837974,B
2813,1,0.516721130814403,2.36088708014483,B
2814,1,1.30570085393265,1.39655274094907,B
2815,1,0.754341242369264,2.84953913073244,B
2816,1,2.29855905240402,3.59691433990568,B
2817,1,0.8425501906313,2.67380814001922,B
2818,1,1.02509079687297,0.922799258216041,B
2819,1,2.25016872445121,4.29528126330027,B
2820,1,2.12951301550493,4.34964654359387,B
2821,1,2.42763053905219,1.73547680358895,B
2822,1,1.20624319603667,3.60510540306467,B
2823,1,0.707709582522512,2.04725003973887,B
2824,1,0.751732609700412,1.97137660888521,B
2825,1,0.815361310727894,1.91998155001607,B
2826,1,1.11083221063018,5.29938059950265,B
2827,1,2.21859545493498,2.0393049282108,B
2828,1,0.719097506254911,2.29326363948801,B
2829,1,1.43841898301616,2.82100033363647,B
2830,1,1.80255562439561,0.0383594530048072,B
2831,1,1.73911446891725,1.86488036326197,B
2832,1,1.96881900820881,0.594937078491613,B
2833,1,1.12317114509642,3.02380207007661,B
2834,1,1.1837288714014,0.83613294709761,B
2835,1,1.09559503663331,3.14821270911473,B
2836,1,0.837987828999758,2.84420479308103,B
2837,1,1.36384224332869,3.40662320221832,B
2838,1,1.91270812461153,3.3569364056598,B
2839,1,1.12934603868052,1.79549734421906,B
2840,1,1.35835135029629,2.8671214194257,B
2841,1,1.09705365030095,2.74146812063761,B
2842,1,2.27772482531145,3.32659742874201,B
2843,1,2.24650240177289,1.84160185645757,B
2844,1,1.50253813434392,2.7952488550937,B
2845,1,0.981232910882682,3.23079875977128,B
2846,1,1.17847804166377,3.64373868823327,B
2847,1,0.729483804199845,3.75337913558284,B
2848,1,2.045245943591,2.64507852294371,B
2849,1,2.41122293425724,3.73462226998873,B
2850,1,0.582930424716324,3.54450079988376,B
2851,1,1.0016240440309,1.24728852701424,B
2852,1,2.32647606311366,4.04216148765873,B
2853,1,0.634095943532884,-0.136714998199196,B
2854,1,1.88507844367996,3.31293447599259,B
2855,1,0.606583670713008,1.45512471922529,B
2856,1,1.67840957222506,3.03348388137641,B
2857,1,1.554909018334,3.03604636330428,B
2858,1,2.41090629994869,2.62011724931614,B
2859,1,1.30704101221636,4.12153447484244,B
2860,1,1.44756726827472,2.41303633221895,B
2861,1,2.43706923630089,3.79948510713201,B
2862,1,1.13831786811352,2.00269098698821,B
2863,1,1.30331941787153,3.06481927794149,B
2864,1,0.862346006091684,1.01522789525109,B
2865,1,0.535938345827162,3.30499307519695,B
2866,1,0.761212130542845,2.95453882865382,B
2867,1,1.88486035773531,2.84653118962591,B
2868,1,2.37349965889007,0.835372807578067,B
2869,1,2.20638013258576,4.16971187729777,B
2870,1,1.97342594107613,3.66800956645567,B
2871,1,1.20223946915939,2.41617268903981,B
2872,1,1.13618003996089,2.16608358161513,B
2873,1,1.04875114932656,1.80690942714805,B
2874,1,1.21974779758602,2.69624810692339,B
2875,1,0.50224972050637,0.63282678847279,B
2876,1,0.879923149012029,2.6974303339248,B
2877,1,1.4210182861425,1.88983021176636,B
2878,1,0.845086569432169,2.72473431790301,B
2879,1,1.44221219979227,3.36918297924719,B
2880,1,0.604993095621467,0.796930150929537,B
2881,1,0.951535076834261,3.46719713547566,B
2882,1,1.15286592254415,2.38398817530544,B
2883,1,1.63212887849659,2.38911607826022,B
2884,1,1.1753742210567,3.17472558829463,B
2885,1,0.910359128378332,2.61051603503275,B
2886,1,1.54983586538583,4.96330441715584,B
2887,1,1.10898537468165,3.54567278922201,B
2888,1,2.23514032782987,2.57224416358727,B
2889,1,0.804835524875671,2.49078968543109,B
2890,1,1.10798490885645,2.54482886389559,B
2891,1,0.752826456446201,-0.000262732686839851,B
2892,1,0.929160464555025,2.37209849742102,B
2893,1,0.919135074131191,2.75424003836824,B
2894,1,0.958307100925595,2.88699695337294,B
2895,1,1.99705316824839,3.60528818533879,B
2896,1,0.558047645259649,3.06299154551317,B
2897,1,2.13084139954299,1.72335161317456,B
2898,1,1.79680200619623,1.12849893505732,B
2899,1,0.98386509809643,0.814432855376941,B
2900,1,1.18164904415607,1.34633769376112,B
2901,1,1.21684660296887,2.31147130237332,B
2902,1,1.19008943066001,2.65970948221828,B
2903,1,2.08551016496494,3.79472510619233,B
2904,1,0.647819285281003,2.70998254285092,B
2905,1,1.42667970387265,2.47645364877938,B
2906,1,1.26760310027748,2.55832094873627,B
2907,1,0.70570144476369,1.02033751801201,B
2908,1,1.24744155909866,3.66792235895232,B
2909,1,0.593070102855563,4.19525230574518,B
2910,1,2.2963646822609,3.93865953300515,B
2911,1,2.2377069410868,1.76457487502493,B
2912,1,1.48609058139846,1.72940236535964,B
2913,1,1.54275859473273,3.42303944737017,B
2914,1,1.33153759222478,1.01541003335141,B
2915,1,1.1311714919284,2.44902445184599,B
2916,1,2.33798570698127,4.10050334293099,B
2917,1,0.932733645197004,2.22976678878679,B
2918,1,1.2596893585287,1.67275037966615,B
2919,1,1.41991345770657,4.19043711266592,B
2920,1,2.35275042662397,3.59738546209805,B
2921,1,2.30299402633682,3.47733784174719,B
2922,1,0.705765758175403,2.90814654365042,B
2923,1,0.746141800656915,2.54943719973808,B
2924,1,1.18847059039399,2.22626256211522,B
2925,1,1.29240980418399,1.40293439723048,B
2926,1,2.30702271452174,3.68331121456753,B
2927,1,2.2580277537927,2.54098638793766,B
2928,1,1.54534808080643,3.28959939429073,B
2929,1,0.874927308876067,4.78167494888405,B
2930,1,0.705206750892103,1.4585905444952,B
2931,1,0.675621896516532,-1.26286245437771,B
2932,1,1.31410292116925,2.84561951814006,B
2933,1,2.03385427594185,2.7256341063079,B
2934,1,1.89773280220106,1.27462549139267,B
2935,1,1.32975948043168,2.34614734251591,B
2936,1,1.85237452946603,3.30840345349032,B
2937,1,1.92558698635548,4.04845870156351,B
2938,1,0.914977631531656,3.7379479959778,B
2939,1,2.2075182646513,2.04490176095515,B
2940,1,0.616520196665078,3.18972307856993,B
2941,1,1.51444943482056,2.66069057393305,B
2942,1,0.968929157592356,0.816380219443847,B
2943,1,1.52314770175144,3.01120102383539,B
2944,1,1.51444900035858,2.08144359128684,B
2945,1,2.4157517105341,2.71235791463159,B
2946,1,1.07321529090405,2.99303651107747,B
2947,1,1.85174707463011,3.86639219360322,B
2948,1,1.93795824237168,4.09483105502136,B
2949,1,1.59074196638539,3.09540860297389,B
2950,1,0.529297195374966,2.96548116161949,B
2951,1,0.539451199583709,2.60670955418464,B
2952,1,0.54388876631856,3.26850765479942,B
2953,1,1.96578913461417,3.33913943950885,B
2954,1,2.07079923246056,3.4028677293439,B
2955,1,2.14728616736829,2.75130413901762,B
2956,1,0.567345165181905,0.00573026680447042,B
2957,1,2.41663230024278,4.4404693470369,B
2958,1,1.8625239036046,2.38781651219959,B
2959,1,0.954083250369877,4.55501408782902,B
2960,1,1.10969566646963,2.18280546364644,B
2961,1,0.855916531290859,3.06798389744943,B
2962,1,2.2798480684869,4.05165957489147,B
2963,1,1.2569856713526,2.08660972810839,B
2964,1,2.3096670107916,2.70614609847075,B
2965,1,1.2475896794349,2.86748885284523,B
2966,1,2.46930213551968,0.407272887331866,B
2967,1,1.52593762520701,3.78572178379326,B
2968,1,1.63108932971954,2.48767443605927,B
2969,1,2.23163486272097,4.42787275174786,B
2970,1,1.11204791394994,3.07071034458155,B
2971,1,1.16790066612884,0.0202445925626581,B
2972,1,1.4007565882057,1.85675898587434,B
2973,1,1.56147850072011,4.66639962752515,B
2974,1,1.73462306521833,1.16587441943168,B
2975,1,1.08240620046854,3.14896034204738,B
2976,1,1.71763803390786,3.47572354760985,B
2977,1,0.955221025738865,2.48728253209075,B
2978,1,1.05545534798875,2.60130768969477,B
2979,1,1.22194485319778,2.01999570411461,B
2980,1,0.766815750859678,2.57460354633428,B
2981,1,1.74263587640598,1.08763660463193,B
2982,1,1.43695020675659,4.51321205977238,B
2983,1,1.71674290951341,2.99071122326997,B
2984,1,1.81282847234979,2.52297735268635,B
2985,1,0.523037754464895,4.08929553445802,B
2986,1,2.07048719190061,3.36050735439698,B
2987,1,2.38072111224756,3.57044224601252,B
2988,1,1.72996723232791,5.05913967810019,B
2989,1,2.01461215410382,3.20512174036944,B
2990,1,0.606618393212557,1.3459867074445,B
2991,1,0.746171720791608,3.87724072331252,B
2992,1,0.944568606093526,3.90581869367627,B
2993,1,1.05822982499376,3.94608868887171,B
2994,1,1.94655640004203,3.50002487749359,B
2995,1,2.1278838836588,5.5550719401428,B
2996,1,1.7159420424141,5.33824764090463,B
2997,1,2.19382298411801,1.74918689020583,B
2998,1,0.819712998345494,3.27809769112311,B
2999,1,1.57749468646944,0.703713256121587,B
3000,1,1.16589583875611,2.41886380432184,B
1,2,0,2.81603528134871,B
2,2,0,5.42783372167247,B
3,2,0,3.3717729007844,B
4,2,0,1.87028791756536,B
5,2,0,2.30800527322677,B
6,2,0,3.81669424768403,B
7,2,0,3.06256236785243,B
8,2,0,2.92950746683064,B
9,2,0,4.45521430829975,B
10,2,0,3.00010725644931,B
11,2,0,3.98567833102838,B
12,2,0,1.86285730147037,B
13,2,0,3.70898509123911,B
14,2,0,4.36932664220164,B
15,2,0,2.87589985831637,B
16,2,0,3.90071881313905,B
17,2,0,4.82257254729432,B
18,2,0,2.18119054405108,B
19,2,0,2.94235222511132,B
20,2,0,4.09368310037774,B
21,2,0,2.26338032770082,B
22,2,0,3.9068032363984,B
23,2,0,2.48568835729101,B
24,2,0,3.52376239130759,B
25,2,0,2.79613832756515,B
26,2,0,3.15542460725915,B
27,2,0,2.06687877302123,B
28,2,0,3.24391100720521,B
29,2,0,2.32979048818744,B
30,2,0,4.34088530621186,B
31,2,0,3.43224198410721,B
32,2,0,3.01438971515374,B
33,2,0,4.83668495312061,B
34,2,0,3.39007549424767,B
35,2,0,2.760802586782,B
36,2,0,2.98025099814215,B
37,2,0,3.41878096062849,B
38,2,0,3.78560428523409,B
39,2,0,2.60415865804843,B
40,2,0,3.57950498540793,B
41,2,0,3.35658818965285,B
42,2,0,3.27970765318024,B
43,2,0,2.80524806795247,B
44,2,0,3.30571847546212,B
45,2,0,4.01087333012336,B
46,2,0,2.66842057499217,B
47,2,0,3.06436524001876,B
48,2,0,2.32774336682991,B
49,2,0,2.44377632857175,B
50,2,0,1.30646359652453,B
51,2,0,2.8036674802713,B
52,2,0,1.02932988945586,B
53,2,0,4.05851648141243,B
54,2,0,3.04943651571687,B
55,2,0,3.79013874009594,B
56,2,0,2.63785576147624,B
57,2,0,3.50531345138953,B
58,2,0,4.26922926362964,B
59,2,0,1.55231055395864,B
60,2,0,2.53743379018385,B
61,2,0,1.79362340003074,B
62,2,0,1.6125231816326,B
63,2,0,1.93013288507981,B
64,2,0,3.29871279251836,B
65,2,0,1.99185699957509,B
66,2,0,3.56225382105222,B
67,2,0,4.17457077783533,B
68,2,0,3.06862362591361,B
69,2,0,2.28583770712394,B
70,2,0,3.16767535214143,B
71,2,0,3.75301954802839,B
72,2,0,3.33275952731073,B
73,2,0,2.41307290339093,B
74,2,0,2.70755055172463,B
75,2,0,2.72218585291879,B
76,2,0,4.49939078731699,B
77,2,0,2.99442463386887,B
78,2,0,3.25633223321522,B
79,2,0,1.98076359413443,B
80,2,0,1.41217198837216,B
81,2,0,5.10973931559679,B
82,2,0,1.71682634580924,B
83,2,0,3.00648560275302,B
84,2,0,2.3853349955474,B
85,2,0,4.07003089128501,B
86,2,0,2.23780553379491,B
87,2,0,3.72495817380352,B
88,2,0,3.21110531436486,B
89,2,0,4.34085928392482,B
90,2,0,5.23107761275077,B
91,2,0,1.83056995028886,B
92,2,0,2.96478580032703,B
93,2,0,1.97228938353521,B
94,2,0,2.64814944743631,B
95,2,0,3.18799913578827,B
96,2,0,0.712579285922283,B
97,2,0,2.9615806489814,B
98,2,0,1.31563960553257,B
99,2,0,1.88121395860322,B
100,2,0,2.43932819176908,B
101,2,0,3.35673154795052,B
102,2,0,3.85949785745737,B
103,2,0,1.23614183403021,B
104,2,0,2.06239837232101,B
105,2,0,3.36068521298422,B
106,2,0,1.06776545759876,B
107,2,0,-0.222188602484184,B
108,2,0,3.09973797917033,B
109,2,0,4.32806457036836,B
110,2,0,3.65783214289686,B
111,2,0,2.99750854949345,B
112,2,0,1.05353343669888,B
113,2,0,4.42159657665051,B
114,2,0,1.57867096592596,B
115,2,0,4.36190599337173,B
116,2,0,2.60903935256472,B
117,2,0,1.57525514974737,B
118,2,0,3.19997391548004,B
119,2,0,1.50228046847806,B
120,2,0,3.1650149952397,B
121,2,0,1.19791369771338,B
122,2,0,3.57695253600298,B
123,2,0,3.2934608181951,B
124,2,0,2.52097952468039,B
125,2,0,3.13343819420025,B
126,2,0,2.71794603085173,B
127,2,0,2.57275175835955,B
128,2,0,3.07516574378062,B
129,2,0,3.3024503120898,B
130,2,0,4.78793487352652,B
131,2,0,-0.537499211237376,B
132,2,0,4.7591445602002,B
133,2,0,0.856741868346983,B
134,2,0,1.3513007470838,B
135,2,0,2.48456680730652,B
136,2,0,3.32351132110248,B
137,2,0,3.83662554314521,B
138,2,0,3.02054551872482,B
139,2,0,2.82851917108897,B
140,2,0,4.22783578055434,B
141,2,0,-0.0812310713203166,B
142,2,0,3.65226713131933,B
143,2,0,2.16551933818704,B
144,2,0,1.90374678634789,B
145,2,0,2.85231723001458,B
146,2,0,2.21749947639473,B
147,2,0,3.18287914328367,B
148,2,0,1.41400353809924,B
149,2,0,2.34845547205432,B
150,2,0,3.2947597103915,B
151,2,0,3.51958821933353,B
152,2,0,3.59995694754262,B
153,2,0,2.65588160519892,B
154,2,0,1.30990242737471,B
155,2,0,3.297422499402,B
156,2,0,2.71902601741826,B
157,2,0,2.90682607854211,B
158,2,0,1.99305171750647,B
159,2,0,3.03501622661613,B
160,2,0,5.6062831628205,B
161,2,0,3.56602357743057,B
162,2,0,2.99108391146179,B
163,2,0,2.84272975950817,B
164,2,0,5.47277193265539,B
165,2,0,2.03052735010767,B
166,2,0,2.79397327404412,B
167,2,0,-1.42372363127213,B
168,2,0,3.39538767186475,B
169,2,0,1.74320815884306,B
170,2,0,2.04443281613367,B
171,2,0,4.7453829687813,B
172,2,0,4.28503690785838,B
173,2,0,4.50725800225352,B
174,2,0,4.20432405649702,B
175,2,0,2.03144914206367,B
176,2,0,1.72042326861476,B
177,2,0,3.44716290491056,B
178,2,0,3.99157830284324,B
179,2,0,2.61168975009721,B
180,2,0,4.02324440743136,B
181,2,0,3.1046848498758,B
182,2,0,1.93007878920161,B
183,2,0,2.58138402125716,B
184,2,0,0.912552792260291,B
185,2,0,2.02192706812967,B
186,2,0,2.58117116513762,B
187,2,0,4.30139397584716,B
188,2,0,1.29048545522746,B
189,2,0,3.27967939530894,B
190,2,0,2.87051361141583,B
191,2,0,0.317777525910634,B
192,2,0,1.7907254851214,B
193,2,0,3.91444205218837,B
194,2,0,3.33562658916041,B
195,2,0,2.39763396433296,B
196,2,0,2.50699977721389,B
197,2,0,2.87950681107178,B
198,2,0,1.23633132328468,B
199,2,0,2.37899345413768,B
200,2,0,4.4564252281094,B
201,2,0,4.96211565981185,B
202,2,0,3.09593407206028,B
203,2,0,0.44161968042954,B
204,2,0,1.74992924038441,B
205,2,0,3.75996255709463,B
206,2,0,2.62171201950517,B
207,2,0,2.9397376053982,B
208,2,0,4.42596899721269,B
209,2,0,3.4735609519915,B
210,2,0,1.86068678056058,B
211,2,0,4.95115078029054,B
212,2,0,2.75079809001041,B
213,2,0,4.62000676261985,B
214,2,0,3.14004398252726,B
215,2,0,2.83806421955038,B
216,2,0,1.62756051472514,B
217,2,0,4.52490055809695,B
218,2,0,2.88774590198349,B
219,2,0,2.47472459622288,B
220,2,0,1.31555168870838,B
221,2,0,3.65977865252232,B
222,2,0,0.766085964088117,B
223,2,0,2.91588685239477,B
224,2,0,0.339210506636399,B
225,2,0,2.94384344860066,B
226,2,0,2.54304930179768,B
227,2,0,1.75597155647555,B
228,2,0,3.34254875289041,B
229,2,0,2.52957558996195,B
230,2,0,1.50784707032423,B
231,2,0,2.99950495751527,B
232,2,0,3.61022622518936,B
233,2,0,3.40942775786703,B
234,2,0,4.93133063204363,B
235,2,0,3.3005528831097,B
236,2,0,2.33641135882766,B
237,2,0,1.69670259435313,B
238,2,0,4.27173384302288,B
239,2,0,2.42393603807283,B
240,2,0,2.72192650559992,B
241,2,0,1.75470943467453,B
242,2,0,2.80045413244049,B
243,2,0,4.75591022690116,B
244,2,0,1.26445345768671,B
245,2,0,2.16908776284759,B
246,2,0,3.47458002621806,B
247,2,0,0.758053959622391,B
248,2,0,2.58351191894077,B
249,2,0,2.21065663688581,B
250,2,0,3.11628751818059,B
251,2,0,2.62732318086099,B
252,2,0,3.28457925063871,B
253,2,0,1.28207623534904,B
254,2,0,3.17739155366113,B
255,2,0,1.955289324697,B
256,2,0,3.74208696727042,B
257,2,0,4.33495899274202,B
258,2,0,3.05318379605207,B
259,2,0,3.66039285024671,B
260,2,0,1.69784162758234,B
261,2,0,3.22764024549101,B
262,2,0,3.08561914820198,B
263,2,0,1.11320621029291,B
264,2,0,2.9021164382465,B
265,2,0,4.92892538720467,B
266,2,0,4.32721140577042,B
267,2,0,2.80864334356071,B
268,2,0,4.45872837333982,B
269,2,0,1.53107759631672,B
270,2,0,2.97539448976613,B
271,2,0,3.79869462847275,B
272,2,0,1.73478313397473,B
273,2,0,3.02756927489378,B
274,2,0,4.20219338383268,B
275,2,0,3.96003673781142,B
276,2,0,3.08063358907595,B
277,2,0,2.45427361718857,B
278,2,0,3.20068032214772,B
279,2,0,3.18773982157302,B
280,2,0,5.12151387725713,B
281,2,0,4.64507503765461,B
282,2,0,4.74748459685223,B
283,2,0,1.96806804279207,B
284,2,0,2.66754869112733,B
285,2,0,1.41637374868415,B
286,2,0,3.56809870807282,B
287,2,0,4.39916612963179,B
288,2,0,1.88915368118362,B
289,2,0,2.33818757540023,B
290,2,0,0.985233454398129,B
291,2,0,4.05225606249557,B
292,2,0,2.4403868036453,B
293,2,0,4.29306908903275,B
294,2,0,4.86996791627896,B
295,2,0,2.52284720524429,B
296,2,0,3.38750930479814,B
297,2,0,1.92984742066684,B
298,2,0,2.889398986448,B
299,2,0,3.72980718429175,B
300,2,0,3.60780753244975,B
301,2,0,3.1777664486002,B
302,2,0,3.13466771120353,B
303,2,0,2.49911931330238,B
304,2,0,3.04846738500127,B
305,2,0,4.48861393396566,B
306,2,0,1.83955476209103,B
307,2,0,2.53019256815203,B
308,2,0,3.45005685094836,B
309,2,0,2.88332350007477,B
310,2,0,2.53902985468039,B
311,2,0,4.66650072757206,B
312,2,0,4.94003832909271,B
313,2,0,1.72873812655302,B
314,2,0,2.00247953331633,B
315,2,0,3.33626241411964,B
316,2,0,2.75477309651648,B
317,2,0,3.63657673547516,B
318,2,0,4.00361563271308,B
319,2,0,2.26047262022213,B
320,2,0,2.30804583051249,B
321,2,0,2.38356366206207,B
322,2,0,3.15551552085783,B
323,2,0,2.43784214756512,B
324,2,0,3.96785399578034,B
325,2,0,3.36894346836787,B
326,2,0,3.06882503051261,B
327,2,0,2.39454884179274,B
328,2,0,2.82327778677278,B
329,2,0,2.61573539422595,B
330,2,0,2.12622486005787,B
331,2,0,3.76216164818196,B
332,2,0,4.21554287372068,B
333,2,0,4.20215903039443,B
334,2,0,3.17764512847177,B
335,2,0,2.66877724139265,B
336,2,0,4.59192140678326,B
337,2,0,4.05641120351961,B
338,2,0,3.18456608554922,B
339,2,0,2.29918946750299,B
340,2,0,2.98897464117714,B
341,2,0,3.9734337205465,B
342,2,0,1.12454666227962,B
343,2,0,1.4626867348315,B
344,2,0,0.77276299248936,B
345,2,0,3.98942203737816,B
346,2,0,4.58832722494889,B
347,2,0,2.13029129123929,B
348,2,0,2.03852501174772,B
349,2,0,2.84456463982595,B
350,2,0,1.90708634936826,B
351,2,0,3.33402784680427,B
352,2,0,3.88867070209525,B
353,2,0,2.5861995768057,B
354,2,0,2.11272565436315,B
355,2,0,3.0382917128418,B
356,2,0,3.11950177422972,B
357,2,0,0.378885934306586,B
358,2,0,5.00101594604623,B
359,2,0,3.60839397750351,B
360,2,0,4.69892789342068,B
361,2,0,2.40552253680201,B
362,2,0,3.91264040480201,B
363,2,0,3.05412249949793,B
364,2,0,4.86494747243891,B
365,2,0,2.07757826978591,B
366,2,0,2.98311278939122,B
367,2,0,3.4020179564733,B
368,2,0,4.80082819275965,B
369,2,0,1.34802719011505,B
370,2,0,2.6170024416893,B
371,2,0,3.31816274817016,B
372,2,0,2.6138609478888,B
373,2,0,2.61393503135964,B
374,2,0,1.3277706967807,B
375,2,0,2.4816095481103,B
376,2,0,2.66307619489695,B
377,2,0,5.03312330249714,B
378,2,0,3.45686056240571,B
379,2,0,1.79328428015785,B
380,2,0,2.43331374578765,B
381,2,0,4.27880230630243,B
382,2,0,3.92549640805919,B
383,2,0,3.36806131800792,B
384,2,0,3.88526697317004,B
385,2,0,3.70535005314294,B
386,2,0,1.57063564264692,B
387,2,0,2.42844188751609,B
388,2,0,-0.317358510178211,B
389,2,0,4.82782995242765,B
390,2,0,5.68815698462773,B
391,2,0,3.67042716368517,B
392,2,0,3.62712183644193,B
393,2,0,2.97787134741695,B
394,2,0,2.9934969928491,B
395,2,0,1.72062585297201,B
396,2,0,4.03794704390173,B
397,2,0,3.07490452065134,B
398,2,0,3.56170956380353,B
399,2,0,2.80912579835073,B
400,2,0,1.12420244235623,B
401,2,0,1.52465326105002,B
402,2,0,4.2250998355314,B
403,2,0,3.91176188536988,B
404,2,0,3.4768899838264,B
405,2,0,2.07497050559437,B
406,2,0,3.38652700120826,B
407,2,0,4.72579024019969,B
408,2,0,4.07408604867674,B
409,2,0,2.64852987210025,B
410,2,0,2.0453801793759,B
411,2,0,3.81741644399937,B
412,2,0,1.90646624021673,B
413,2,0,2.19474629981779,B
414,2,0,1.9320303421069,B
415,2,0,2.77746722305487,B
416,2,0,0.14718642313819,B
417,2,0,1.82297701254847,B
418,2,0,1.81047808360158,B
419,2,0,1.5868728794757,B
420,2,0,0.168327983746618,B
421,2,0,2.51632409237051,B
422,2,0,-0.274724888160007,B
423,2,0,2.01904904689697,B
424,2,0,4.63210053262411,B
425,2,0,3.74637917144384,B
426,2,0,0.433723277115566,B
427,2,0,2.70346516358988,B
428,2,0,1.95358863557389,B
429,2,0,3.74116719427563,B
430,2,0,2.83137941103483,B
431,2,0,2.933738533257,B
432,2,0,4.11129648971454,B
433,2,0,3.55263364417188,B
434,2,0,1.66589619384282,B
435,2,0,3.36182742332482,B
436,2,0,2.2061105977951,B
437,2,0,4.15384684328549,B
438,2,0,1.83077831014608,B
439,2,0,3.62920603019594,B
440,2,0,4.92834853523331,B
441,2,0,1.94171427020767,B
442,2,0,3.05145700057039,B
443,2,0,3.54412066989568,B
444,2,0,3.56752347868714,B
445,2,0,3.26458940039938,B
446,2,0,2.03676996346686,B
447,2,0,2.40828449126927,B
448,2,0,3.80739832720378,B
449,2,0,2.67126632980555,B
450,2,0,3.71993015933961,B
451,2,0,0.64090925666105,B
452,2,0,3.84527862794033,B
453,2,0,1.99082733334987,B
454,2,0,1.88918053733836,B
455,2,0,3.89604410430195,B
456,2,0,3.33835377218962,B
457,2,0,1.11858202843419,B
458,2,0,3.69193476330232,B
459,2,0,2.51510575105398,B
460,2,0,3.68323093995705,B
461,2,0,3.49638884320901,B
462,2,0,4.06046157858589,B
463,2,0,1.25085080669172,B
464,2,0,3.69746960963759,B
465,2,0,2.07873564579631,B
466,2,0,2.57249145490995,B
467,2,0,2.06810063408053,B
468,2,0,3.31370474272424,B
469,2,0,3.59011542552915,B
470,2,0,3.86386253971593,B
471,2,0,2.64693187905904,B
472,2,0,4.67974843170597,B
473,2,0,2.8923085767908,B
474,2,0,2.88070087700861,B
475,2,0,2.89256985812967,B
476,2,0,1.22418738523918,B
477,2,0,5.13199993426753,B
478,2,0,2.97322947489517,B
479,2,0,4.24377752132861,B
480,2,0,3.97369142437191,B
481,2,0,3.03600916201994,B
482,2,0,4.76083234649198,B
483,2,0,4.27875129385399,B
484,2,0,3.36440160775311,B
485,2,0,1.21415372129732,B
486,2,0,5.92590584805146,B
487,2,0,4.41715765847814,B
488,2,0,3.67112889287913,B
489,2,0,4.1499781952917,B
490,2,0,3.81643654948664,B
491,2,0,4.39776556617833,B
492,2,0,2.664737809599,B
493,2,0,2.71983499079996,B
494,2,0,3.27621337605152,B
495,2,0,2.18030808144793,B
496,2,0,2.33397890750298,B
497,2,0,3.14273128537632,B
498,2,0,3.83361620804551,B
499,2,0,4.17926900536459,B
500,2,0,1.76219528908615,B
501,2,0,2.97445993041943,B
502,2,0,3.77269993648262,B
503,2,0,1.29236325661836,B
504,2,0,4.77559381341678,B
505,2,0,2.62517447109181,B
506,2,0,2.93805572610798,B
507,2,0,2.58415464842161,B
508,2,0,3.85700367200775,B
509,2,0,2.44626103511722,B
510,2,0,3.81747980528086,B
511,2,0,0.158625283826862,B
512,2,0,3.11588227016205,B
513,2,0,1.22447261514787,B
514,2,0,2.6455423193395,B
515,2,0,2.34412640091902,B
516,2,0,1.85802456409833,B
517,2,0,3.39629077509513,B
518,2,0,3.33274630418634,B
519,2,0,1.61883534187457,B
520,2,0,3.01265200456747,B
521,2,0,0.949118662847053,B
522,2,0,4.59494611034144,B
523,2,0,5.55365439051746,B
524,2,0,4.8704404071837,B
525,2,0,0.199753286379781,B
526,2,0,0.835805133711867,B
527,2,0,1.45234298548075,B
528,2,0,2.8557866686895,B
529,2,0,1.43384045500551,B
530,2,0,4.19989760444242,B
531,2,0,4.01954644391497,B
532,2,0,4.55729524715186,B
533,2,0,3.0297257513486,B
534,2,0,3.5090902963594,B
535,2,0,4.58662801104179,B
536,2,0,3.7503245214768,B
537,2,0,4.12985539071784,B
538,2,0,3.18012337726568,B
539,2,0,1.14679935613353,B
540,2,0,2.62147336034463,B
541,2,0,4.85670846146019,B
542,2,0,3.87464570088712,B
543,2,0,2.85319941742971,B
544,2,0,3.8428431320837,B
545,2,0,3.15574753376471,B
546,2,0,1.78485086486976,B
547,2,0,4.32236605295048,B
548,2,0,5.02466726077356,B
549,2,0,2.16285050549702,B
550,2,0,3.11099283984302,B
551,2,0,5.26933233247419,B
552,2,0,2.39841620599252,B
553,2,0,2.38766289965694,B
554,2,0,1.7142076802774,B
555,2,0,4.05117833827953,B
556,2,0,3.60016017161397,B
557,2,0,3.87681895940051,B
558,2,0,3.33995540352349,B
559,2,0,1.90823856473853,B
560,2,0,3.33361650631612,B
561,2,0,1.64162322388652,B
562,2,0,1.90193326814311,B
563,2,0,3.72217267878772,B
564,2,0,3.69132563502795,B
565,2,0,2.18492723762288,B
566,2,0,3.4762724139317,B
567,2,0,1.71700404913657,B
568,2,0,3.87777528735657,B
569,2,0,1.21758712623361,B
570,2,0,2.88712400689036,B
571,2,0,1.95151568048254,B
572,2,0,3.05582654181955,B
573,2,0,2.45475645654952,B
574,2,0,2.38344980616739,B
575,2,0,3.60577821617652,B
576,2,0,5.44917152577374,B
577,2,0,3.05599826383981,B
578,2,0,2.50778126643782,B
579,2,0,1.9602556738323,B
580,2,0,4.5013093830487,B
581,2,0,2.58571554504395,B
582,2,0,2.79309494597595,B
583,2,0,3.67380875060502,B
584,2,0,0.94045378163144,B
585,2,0,3.40170413679106,B
586,2,0,3.13236859416032,B
587,2,0,2.95041111368915,B
588,2,0,3.77980680804657,B
589,2,0,4.23989423624677,B
590,2,0,2.68789819134158,B
591,2,0,3.97701094902479,B
592,2,0,2.21140027478406,B
593,2,0,3.74823528498706,B
594,2,0,2.48644629369245,B
595,2,0,1.92893410900788,B
596,2,0,4.00219658328069,B
597,2,0,1.8702675102937,B
598,2,0,0.83401083683064,B
599,2,0,4.49802360927397,B
600,2,0,3.45266019448907,B
601,2,0,3.22783537077109,B
602,2,0,3.77808086837281,B
603,2,0,4.00944113637326,B
604,2,0,3.81003569929556,B
605,2,0,1.29318197062938,B
606,2,0,2.65212437784661,B
607,2,0,4.82042332712322,B
608,2,0,2.05064407555634,B
609,2,0,2.08964005195048,B
610,2,0,3.25485440360486,B
611,2,0,2.82247516268445,B
612,2,0,3.72838534222395,B
613,2,0,4.58343937494945,B
614,2,0,2.62379504311574,B
615,2,0,2.73731973146759,B
616,2,0,2.71127385622552,B
617,2,0,3.43453368184381,B
618,2,0,3.24882107922994,B
619,2,0,1.13924558145171,B
620,2,0,2.80818157066429,B
621,2,0,2.46644097937456,B
622,2,0,2.24727374875031,B
623,2,0,3.32944919863112,B
624,2,0,1.01293469412166,B
625,2,0,3.34451184727602,B
626,2,0,4.29507626281777,B
627,2,0,2.30735713717709,B
628,2,0,3.71096250861628,B
629,2,0,4.19688285588475,B
630,2,0,4.54966826863512,B
631,2,0,4.20216097009723,B
632,2,0,3.25203025106557,B
633,2,0,3.75985174929661,B
634,2,0,2.70493132015353,B
635,2,0,3.92172329830832,B
636,2,0,2.85938240831459,B
637,2,0,3.77716091150339,B
638,2,0,2.73147897583801,B
639,2,0,1.87868829375963,B
640,2,0,3.16693404447367,B
641,2,0,3.78231696830154,B
642,2,0,1.3837324186478,B
643,2,0,3.22795608100058,B
644,2,0,1.71970279320112,B
645,2,0,3.46700031697551,B
646,2,0,3.09283410304097,B
647,2,0,3.19730869284813,B
648,2,0,4.31329634880801,B
649,2,0,3.32130920708663,B
650,2,0,2.90769962754296,B
651,2,0,2.77463979173066,B
652,2,0,0.856316966661445,B
653,2,0,3.52177641170994,B
654,2,0,1.66306717957197,B
655,2,0,3.5033597583577,B
656,2,0,4.08443869918602,B
657,2,0,2.53830006574842,B
658,2,0,4.209491634805,B
659,2,0,2.93653774747867,B
660,2,0,2.42449802661153,B
661,2,0,2.27596340303249,B
662,2,0,1.53973332559989,B
663,2,0,3.41542384998031,B
664,2,0,4.55191797285066,B
665,2,0,3.41394292262015,B
666,2,0,3.47843141500805,B
667,2,0,4.2223812264101,B
668,2,0,2.18007640811914,B
669,2,0,1.86716054127965,B
670,2,0,2.58435423995856,B
671,2,0,2.43662097089794,B
672,2,0,3.30146252729981,B
673,2,0,3.34392935430817,B
674,2,0,3.66130759802065,B
675,2,0,2.64156483705056,B
676,2,0,3.95706996703622,B
677,2,0,3.8514218175339,B
678,2,0,2.54754978830693,B
679,2,0,3.09284230999197,B
680,2,0,3.03764506710905,B
681,2,0,1.6586626309919,B
682,2,0,3.77336015709246,B
683,2,0,2.79139279745687,B
684,2,0,3.26745361323567,B
685,2,0,3.41416837958601,B
686,2,0,2.78181728638205,B
687,2,0,2.57641771646589,B
688,2,0,2.96848423960731,B
689,2,0,4.16349865167217,B
690,2,0,3.41352731317237,B
691,2,0,1.3329160276684,B
692,2,0,3.88260816003264,B
693,2,0,2.74992773729689,B
694,2,0,2.94087973314759,B
695,2,0,4.34813060022265,B
696,2,0,4.8239031980895,B
697,2,0,1.53620878492487,B
698,2,0,1.18244454706959,B
699,2,0,2.35139885570058,B
700,2,0,2.43410118744838,B
701,2,0,2.32320735619106,B
702,2,0,4.69478763800469,B
703,2,0,0.822439586237099,B
704,2,0,3.19457839886011,B
705,2,0,2.04311384380346,B
706,2,0,3.81700364284107,B
707,2,0,4.09119430898523,B
708,2,0,1.54582707683896,B
709,2,0,2.42208000538329,B
710,2,0,2.91207868999297,B
711,2,0,1.22856076160487,B
712,2,0,1.7102672976857,B
713,2,0,3.31460144942042,B
714,2,0,3.05886550050729,B
715,2,0,1.48026045018242,B
716,2,0,3.72053674966019,B
717,2,0,-0.116453975530402,B
718,2,0,4.3651524075402,B
719,2,0,1.18037587020088,B
720,2,0,4.7030577252382,B
721,2,0,1.75583885026891,B
722,2,0,2.19989597800873,B
723,2,0,2.35833271813273,B
724,2,0,3.50937432056704,B
725,2,0,2.68731437154186,B
726,2,0,3.5838313609984,B
727,2,0,4.20290808564465,B
728,2,0,3.66859630771092,B
729,2,0,3.84101848914627,B
730,2,0,2.31817972562896,B
731,2,0,2.33688478063842,B
732,2,0,4.00130114279901,B
733,2,0,1.26101002833243,B
734,2,0,2.07625993111227,B
735,2,0,3.19647123325915,B
736,2,0,2.66087452820443,B
737,2,0,2.21502075299166,B
738,2,0,3.58119851964164,B
739,2,0,3.4831307604251,B
740,2,0,3.45841113889844,B
741,2,0,2.61999712736068,B
742,2,0,2.87497136581451,B
743,2,0,1.51548805472138,B
744,2,0,2.11905400976283,B
745,2,0,2.72593121022464,B
746,2,0,2.54991728406576,B
747,2,0,1.88541928533972,B
748,2,0,4.54410395886139,B
749,2,0,2.70221423526498,B
750,2,0,3.09172657023839,B
751,2,0,2.27806169055292,B
752,2,0,3.492553108212,B
753,2,0,0.98778548190142,B
754,2,0,3.55625989244113,B
755,2,0,1.39525363739672,B
756,2,0,2.35219081427887,B
757,2,0,3.64403221141237,B
758,2,0,2.6688822689928,B
759,2,0,3.72161754572329,B
760,2,0,3.42266906560954,B
761,2,0,2.20100799385759,B
762,2,0,2.2824177128138,B
763,2,0,3.53194685170489,B
764,2,0,3.53799334191993,B
765,2,0,5.16614420241582,B
766,2,0,4.1730804461921,B
767,2,0,4.2683071351985,B
768,2,0,3.44881489300624,B
769,2,0,3.40509852805206,B
770,2,0,3.17776186410162,B
771,2,0,3.64502423325896,B
772,2,0,2.7819630691273,B
773,2,0,4.30450865276096,B
774,2,0,2.51074557922947,B
775,2,0,2.76418948490649,B
776,2,0,2.4791861130677,B
777,2,0,4.96487185069679,B
778,2,0,2.16936476830049,B
779,2,0,2.04461251649411,B
780,2,0,2.24374193326089,B
781,2,0,1.42457191040623,B
782,2,0,4.95608158836939,B
783,2,0,5.6744126148206,B
784,2,0,2.6293088961595,B
785,2,0,4.26993360079392,B
786,2,0,2.75785443559985,B
787,2,0,2.33556311422936,B
788,2,0,1.99910367046335,B
789,2,0,4.17951183710035,B
790,2,0,3.00444308570805,B
791,2,0,2.32384574863602,B
792,2,0,3.84519345784591,B
793,2,0,2.59541049950664,B
794,2,0,2.14654121922995,B
795,2,0,2.43168827950486,B
796,2,0,3.47386535510777,B
797,2,0,2.69018750973666,B
798,2,0,3.74223649776427,B
799,2,0,3.88587721267614,B
800,2,0,2.41587214400868,B
801,2,0,3.42068042361294,B
802,2,0,2.23245642744437,B
803,2,0,3.75040907680658,B
804,2,0,2.95864226524709,B
805,2,0,4.59477808059745,B
806,2,0,2.25329997963626,B
807,2,0,3.11500461126214,B
808,2,0,2.4831870382232,B
809,2,0,1.85834586890931,B
810,2,0,4.00272393206669,B
811,2,0,4.77938635326109,B
812,2,0,2.11944129601383,B
813,2,0,2.52151198296563,B
814,2,0,3.79272819951858,B
815,2,0,4.0503009987895,B
816,2,0,2.77112704033232,B
817,2,0,2.41999896174441,B
818,2,0,2.59543960477416,B
819,2,0,2.88429371052476,B
820,2,0,2.66923762924825,B
821,2,0,4.89429754041808,B
822,2,0,4.9336683381877,B
823,2,0,3.49116953822109,B
824,2,0,4.49889768219205,B
825,2,0,2.0298560550688,B
826,2,0,2.10185683483198,B
827,2,0,1.60207178710093,B
828,2,0,3.43716398715007,B
829,2,0,1.41627950366457,B
830,2,0,2.39578411258585,B
831,2,0,3.52828568873024,B
832,2,0,2.83984201339322,B
833,2,0,2.24408320141228,B
834,2,0,3.24103595815147,B
835,2,0,3.64981144649739,B
836,2,0,1.61201702534154,B
837,2,0,3.74445904966707,B
838,2,0,3.18560004712535,B
839,2,0,5.14666040819833,B
840,2,0,1.46827463205893,B
841,2,0,4.27586373040432,B
842,2,0,3.85820292571643,B
843,2,0,2.21862116318611,B
844,2,0,4.93618279057532,B
845,2,0,4.24427209439666,B
846,2,0,2.95965162250239,B
847,2,0,4.59086063541836,B
848,2,0,2.12240042591338,B
849,2,0,3.89669928524133,B
850,2,0,2.18960950361659,B
851,2,0,2.33869031218389,B
852,2,0,2.95106729878748,B
853,2,0,4.23989680528626,B
854,2,0,2.42642096416703,B
855,2,0,0.909943655888365,B
856,2,0,1.56892844720567,B
857,2,0,2.55712908471103,B
858,2,0,4.04250885692237,B
859,2,0,4.05291166572892,B
860,2,0,4.38848404041803,B
861,2,0,3.35864182242256,B
862,2,0,2.35283518005503,B
863,2,0,2.93836834559759,B
864,2,0,3.05865358931193,B
865,2,0,4.4566500108879,B
866,2,0,3.43590457348753,B
867,2,0,1.98389597037391,B
868,2,0,4.3298571131622,B
869,2,0,3.2106310911713,B
870,2,0,2.55347621929293,B
871,2,0,3.48240306896472,B
872,2,0,1.22792409581134,B
873,2,0,3.54494444010035,B
874,2,0,3.77890035502836,B
875,2,0,3.59608888084449,B
876,2,0,5.08980245529935,B
877,2,0,2.86956731117282,B
878,2,0,2.17335047454468,B
879,2,0,1.87557212099224,B
880,2,0,1.22979779443663,B
881,2,0,1.71180798214027,B
882,2,0,4.29373509998394,B
883,2,0,2.68473217276948,B
884,2,0,3.72993505954017,B
885,2,0,4.40883570784743,B
886,2,0,2.15347898686817,B
887,2,0,3.86852934328545,B
888,2,0,3.00813943798708,B
889,2,0,3.29693116240182,B
890,2,0,2.87342564013792,B
891,2,0,3.35814309484063,B
892,2,0,3.02313249773007,B
893,2,0,3.30698793604664,B
894,2,0,1.9419985044841,B
895,2,0,3.45612231682553,B
896,2,0,4.48290964435095,B
897,2,0,1.14116355915228,B
898,2,0,2.44129170844698,B
899,2,0,2.82591093294608,B
900,2,0,3.58052247856249,B
901,2,0,2.11837075774865,B
902,2,0,3.50016741365696,B
903,2,0,0.848268773754806,B
904,2,0,3.73588372953343,B
905,2,0,2.93936875318708,B
906,2,0,3.36507433925553,B
907,2,0,4.42187364263538,B
908,2,0,3.93308100095291,B
909,2,0,3.73788843929504,B
910,2,0,4.46444754907259,B
911,2,0,5.18705970229257,B
912,2,0,3.11096761898672,B
913,2,0,1.41686292908296,B
914,2,0,0.985731180292414,B
915,2,0,0.453331193179101,B
916,2,0,4.02131420684316,B
917,2,0,3.54005364744924,B
918,2,0,3.85541180647723,B
919,2,0,3.64286977897297,B
920,2,0,2.31088856679425,B
921,2,0,1.88047878558217,B
922,2,0,3.64620183861569,B
923,2,0,2.5313877158176,B
924,2,0,4.39544816267651,B
925,2,0,2.97255324155607,B
926,2,0,1.84536517642541,B
927,2,0,2.68153484201618,B
928,2,0,4.64965891622208,B
929,2,0,3.87721237469394,B
930,2,0,3.21270632498375,B
931,2,0,3.40490059027888,B
932,2,0,4.17266282529493,B
933,2,0,2.92129552662507,B
934,2,0,1.08919217949895,B
935,2,0,1.62825461766799,B
936,2,0,1.49810911627581,B
937,2,0,2.95095733306315,B
938,2,0,2.3951855615839,B
939,2,0,3.19835363815033,B
940,2,0,2.35457821273362,B
941,2,0,4.20150264879023,B
942,2,0,4.44712914349299,B
943,2,0,4.2314902638533,B
944,2,0,0.952456781348014,B
945,2,0,2.08289696872715,B
946,2,0,3.74874151167817,B
947,2,0,2.86221886188694,B
948,2,0,2.75338262269965,B
949,2,0,2.61617051106966,B
950,2,0,2.74384575881059,B
951,2,0,0.0808285605726617,B
952,2,0,2.74667684681145,B
953,2,0,3.5293908597741,B
954,2,0,4.61726924066122,B
955,2,0,2.6316536563498,B
956,2,0,3.01783742567618,B
957,2,0,2.92790928015741,B
958,2,0,2.3588468726034,B
959,2,0,2.33668056981156,B
960,2,0,2.75032288345446,B
961,2,0,5.1044628444403,B
962,2,0,4.62459590726677,B
963,2,0,4.52200816410446,B
964,2,0,1.73435226156729,B
965,2,0,3.70793809492953,B
966,2,0,3.64282106144291,B
967,2,0,1.79294632512515,B
968,2,0,1.79469816220015,B
969,2,0,2.54048116631888,B
970,2,0,5.10443445387905,B
971,2,0,3.52045858886847,B
972,2,0,1.22516619462749,B
973,2,0,2.3302708990421,B
974,2,0,3.72976063785368,B
975,2,0,2.90384164546167,B
976,2,0,2.30425853592475,B
977,2,0,1.53335221443898,B
978,2,0,1.99336502060452,B
979,2,0,3.11947056646035,B
980,2,0,3.89057449499962,B
981,2,0,3.65522595163518,B
982,2,0,0.361688426435057,B
983,2,0,2.17054386337676,B
984,2,0,3.94310701879956,B
985,2,0,4.12290883208385,B
986,2,0,3.5926960261557,B
987,2,0,4.38001794062348,B
988,2,0,0.925898313928442,B
989,2,0,2.85141939420283,B
990,2,0,2.4846277309539,B
991,2,0,5.89018109128173,B
992,2,0,2.20555935781529,B
993,2,0,3.65526642480108,B
994,2,0,2.85663601954338,B
995,2,0,2.49338604227764,B
996,2,0,3.23085687130533,B
997,2,0,3.4010058615844,B
998,2,0,3.43997017916926,B
999,2,0,3.45818626930651,B
1000,2,0,3.79279579112892,B
1001,2,0.994383235927671,5.16771225465912,B
1002,2,1.50870201783255,5.41924750125449,B
1003,2,1.89394281012937,5.00857845856255,B
1004,2,1.00955649046227,4.47282057000426,B
1005,2,2.07316540880129,9.25638460020689,B
1006,2,0.877133394125849,2.05142547971844,B
1007,2,2.00514570204541,5.91947196475726,B
1008,2,1.97891556890681,6.91798182870312,B
1009,2,1.24853473203257,6.00945472363713,B
1010,2,1.42637240886688,5.24713016424072,B
1011,2,1.63532750029117,5.430066582645,B
1012,2,0.874802968464792,5.59603817181793,B
1013,2,2.41318567749113,5.70167346916286,B
1014,2,1.92061884747818,5.54738643464591,B
1015,2,1.24576111743227,5.47353458260823,B
1016,2,1.50367994979024,4.39841189313585,B
1017,2,0.854605956934393,4.81362740877933,B
1018,2,0.626948896795511,2.1521384215152,B
1019,2,0.924291975796223,5.06338950115776,B
1020,2,0.540680668782443,2.91918575196165,B
1021,2,1.93954399321228,6.89568376252923,B
1022,2,0.721939774695784,4.66376035698902,B
1023,2,1.51278617186472,2.21343299652203,B
1024,2,1.71171136246994,7.23426515410167,B
1025,2,1.32636402267963,3.89110783465812,B
1026,2,0.637722610495985,3.63924175267862,B
1027,2,2.40339113399386,7.59846262997375,B
1028,2,0.60695316363126,2.21240288926564,B
1029,2,2.00172026036307,6.90002446656708,B
1030,2,0.831197828054428,3.32299897316519,B
1031,2,1.66504660667852,5.40788613270163,B
1032,2,1.76183833181858,6.74541866861453,B
1033,2,2.26580835320056,3.59521468680527,B
1034,2,1.35336819337681,5.12616180155105,B
1035,2,1.54871581634507,6.92672096533865,B
1036,2,1.0495661883615,4.33759192239707,B
1037,2,0.537330536171794,5.34592191157732,B
1038,2,2.35475506167859,8.06487154549875,B
1039,2,1.64487182488665,5.68467419613199,B
1040,2,1.06618992146105,5.12675326264829,B
1041,2,0.890407688450068,4.47984493714638,B
1042,2,0.931315305642784,4.29641210072499,B
1043,2,1.71897457772866,3.63415316410877,B
1044,2,0.748466763179749,4.77106374922919,B
1045,2,2.1834461116232,8.71601751143315,B
1046,2,2.24280060874298,6.38843955394186,B
1047,2,0.928438959643245,3.17665626771066,B
1048,2,1.76084086298943,7.0766878163096,B
1049,2,2.394037601538,6.83431259849659,B
1050,2,2.17659496422857,6.3229889000561,B
1051,2,0.913434395100921,2.89961992094201,B
1052,2,0.62737928936258,3.74269624500674,B
1053,2,1.00696027185768,4.04578992569742,B
1054,2,1.68345694011077,6.69788876530981,B
1055,2,1.36907107708976,5.08259689823525,B
1056,2,0.819341673515737,2.96683859303955,B
1057,2,1.12340000132099,4.11732676859574,B
1058,2,1.73872005287558,4.7840155240256,B
1059,2,1.01683405088261,4.91452456582083,B
1060,2,1.51697687944397,5.29149266790065,B
1061,2,2.22793766204268,5.85139563415879,B
1062,2,2.46337875677273,6.53996539550539,B
1063,2,1.56524982955307,5.09517104242413,B
1064,2,1.87392073916271,6.75147434446267,B
1065,2,1.3358768094331,5.25614365574286,B
1066,2,1.28846477065235,5.62232195525849,B
1067,2,1.54960825666785,5.5630547034552,B
1068,2,1.31434180727229,7.36802237740044,B
1069,2,1.8858210798353,7.83528488500452,B
1070,2,0.970098789315671,4.27916914229186,B
1071,2,0.826918786391616,3.47215057646387,B
1072,2,0.717664004303515,5.66914700582018,B
1073,2,0.622189262416214,3.33898044317303,B
1074,2,1.18256326764822,5.11645815316553,B
1075,2,2.11045349063352,6.65747715817889,B
1076,2,0.786331261973828,3.32436017879611,B
1077,2,1.31391259888187,8.10410511205871,B
1078,2,0.78392219170928,4.01861387048195,B
1079,2,2.13460977608338,8.59603766794801,B
1080,2,0.647788023110479,3.93384201474169,B
1081,2,2.45104581490159,5.1646721501919,B
1082,2,1.88530052779242,7.02127587008986,B
1083,2,1.86811613710597,5.90401596202882,B
1084,2,1.66152286436409,5.93693170523338,B
1085,2,1.96152226347476,5.58888334001166,B
1086,2,2.31383038172498,7.15297005376474,B
1087,2,2.43135175621137,5.81538410430482,B
1088,2,2.03568346286193,7.81648863291241,B
1089,2,1.46156861772761,4.86080803946159,B
1090,2,0.57623368408531,4.65123650050957,B
1091,2,1.93249436607584,6.35552393742812,B
1092,2,2.30981815839186,5.65637470055132,B
1093,2,2.3587234839797,6.13621612741365,B
1094,2,0.60834004310891,3.17851511631467,B
1095,2,1.87921843258664,5.22092361003698,B
1096,2,0.983470604289323,5.3934099401608,B
1097,2,1.44081066735089,4.63843956536241,B
1098,2,2.05852331407368,8.17487650161401,B
1099,2,0.827505077235401,4.32455665560295,B
1100,2,2.10127352876589,6.33292357380516,B
1101,2,2.24885872937739,7.08340296933494,B
1102,2,2.18696342874318,5.05736285370628,B
1103,2,0.626185919158161,2.68649479926159,B
1104,2,1.90941332560033,6.30996040708329,B
1105,2,0.881891759578139,3.26564878280316,B
1106,2,2.07915485789999,9.82697279614885,B
1107,2,1.45834340481088,6.03559658853755,B
1108,2,2.23367604101077,8.08346305656412,B
1109,2,0.504473472479731,3.10439161607454,B
1110,2,1.58023282745853,4.25828387448508,B
1111,2,0.568702839780599,3.9777257932547,B
1112,2,1.93461171677336,7.38029789892402,B
1113,2,2.04602724546567,5.47331550192821,B
1114,2,2.42303851433098,6.80664896097192,B
1115,2,0.626890395767987,3.6695324500838,B
1116,2,1.21036749472842,4.13887907550322,B
1117,2,2.28994022682309,5.5256513500454,B
1118,2,1.19064359040931,4.23416066266623,B
1119,2,0.690177620388567,3.43889861744355,B
1120,2,0.771076110657305,3.13633109869305,B
1121,2,1.82037036214024,6.60020580264705,B
1122,2,0.749710963107646,2.20517288974966,B
1123,2,2.25222740788013,6.81384662555499,B
1124,2,2.18874899530783,4.55061509836252,B
1125,2,1.6840007007122,4.6734402222254,B
1126,2,1.40757531207055,6.42208566637748,B
1127,2,1.83654915774241,4.91469970579763,B
1128,2,1.92028796486557,4.63539607364008,B
1129,2,0.750540420413017,1.48851242783562,B
1130,2,2.20730197662488,7.8466703914495,B
1131,2,0.782906685490161,5.1849824515436,B
1132,2,1.35893410211429,5.35042981593673,B
1133,2,1.62005003448576,6.10137266823636,B
1134,2,1.99774904176593,8.23456607368544,B
1135,2,1.89499266026542,4.53847098409376,B
1136,2,1.60167588479817,5.98291017944716,B
1137,2,1.5362192732282,6.84660007233525,B
1138,2,2.21261094883084,7.70889691792515,B
1139,2,0.770856009796262,5.06251845770754,B
1140,2,2.12626361241564,6.2254478750505,B
1141,2,1.61135042551905,5.81014637368691,B
1142,2,0.87681621639058,4.75037638257975,B
1143,2,1.37610560748726,4.22204673874612,B
1144,2,1.43115296773613,2.66181241949527,B
1145,2,0.707134093157947,6.33257162384085,B
1146,2,1.24854370579124,7.20882180744486,B
1147,2,1.0607303394936,3.70845114677161,B
1148,2,1.66578469518572,5.97376090168798,B
1149,2,1.40944436006248,3.00818883314436,B
1150,2,1.34038934670389,6.32785343072219,B
1151,2,1.80508960038424,5.49284139141941,B
1152,2,1.34780299989507,4.4063098806721,B
1153,2,0.964507014956325,4.95815118571789,B
1154,2,2.44192746467888,9.09724957456985,B
1155,2,0.762548853177577,5.48166574627575,B
1156,2,0.734482647385448,6.78228516163158,B
1157,2,0.621464634779841,4.53967967223265,B
1158,2,1.54258403228596,3.92527215665765,B
1159,2,2.38171702343971,5.53223213496285,B
1160,2,0.731985283549875,3.31282217707633,B
1161,2,0.575949357356876,3.07762426591254,B
1162,2,2.00077172974125,6.06086342453379,B
1163,2,1.65023056091741,6.43968221781329,B
1164,2,0.538841233123094,5.00727968928524,B
1165,2,1.8273759027943,9.28165083447162,B
1166,2,0.616424913983792,4.0052456217084,B
1167,2,1.60101329395548,3.94532416383005,B
1168,2,1.58495413325727,6.07365938500792,B
1169,2,1.17006404651329,4.40422616874341,B
1170,2,2.16798817273229,7.30542791637295,B
1171,2,1.19941332796589,3.80551957419178,B
1172,2,0.542746920138598,6.24768295631876,B
1173,2,2.483522397466,7.86649519969527,B
1174,2,1.15081511437893,2.51451823018591,B
1175,2,0.591801543720067,5.04225151664328,B
1176,2,2.19765934580937,7.86822660621688,B
1177,2,1.9284517983906,6.47583339819107,B
1178,2,2.29861953295767,8.02699336484676,B
1179,2,2.43085739947855,7.16927463477132,B
1180,2,2.32767304265872,6.16191675744513,B
1181,2,2.11119148368016,3.94340431699924,B
1182,2,2.11054018232971,5.44899904790161,B
1183,2,1.80568426148966,8.99736540469436,B
1184,2,1.11379285342991,6.33642336157858,B
1185,2,0.983029434923083,2.77888928392397,B
1186,2,1.73680644622073,4.92957325555066,B
1187,2,2.33739324565977,6.50418158418811,B
1188,2,1.24126850860193,4.12887829859391,B
1189,2,1.14547805348411,5.09223274111337,B
1190,2,0.602013896219432,5.78720176344733,B
1191,2,0.96452636923641,5.73014806405768,B
1192,2,1.5834013116546,6.25495662629467,B
1193,2,1.17510044807568,4.08719400439284,B
1194,2,1.50003397325054,4.48312654171624,B
1195,2,2.45993704395369,4.49360640212536,B
1196,2,1.22446034941822,4.97227718593078,B
1197,2,0.757523554842919,5.07617251554794,B
1198,2,1.30954521568492,6.6441739005286,B
1199,2,1.72596768382937,7.7873915553568,B
1200,2,1.16559763252735,4.3124043540826,B
1201,2,1.11219348898157,3.18812388238021,B
1202,2,0.624067182186991,4.95775290823934,B
1203,2,1.27193627133966,5.85388889534106,B
1204,2,1.95883107325062,6.989413780472,B
1205,2,1.47662052931264,3.04360708184324,B
1206,2,0.996492527425289,1.41856856370097,B
1207,2,0.528280047234148,4.91124706921018,B
1208,2,0.954783275723457,5.52651388873588,B
1209,2,2.31757694622502,6.8921894369466,B
1210,2,0.642195061314851,4.16826515065792,B
1211,2,2.17624264350161,6.52597131772605,B
1212,2,0.667961127124727,4.37371563979521,B
1213,2,1.04215665906668,3.56785457257656,B
1214,2,0.810621010139585,4.15005437589339,B
1215,2,2.31553031830117,6.63718720181564,B
1216,2,2.47052643541247,7.80493247529744,B
1217,2,0.976090871263295,3.79498783939792,B
1218,2,0.59008954744786,3.1779104895793,B
1219,2,0.763133230619133,3.10601275356492,B
1220,2,1.74957641027868,5.07165944408087,B
1221,2,2.24697910249233,6.21365451480845,B
1222,2,1.74483908712864,5.51351297867737,B
1223,2,2.29788334388286,5.11378280593283,B
1224,2,1.39191277092323,7.11752882809682,B
1225,2,1.43184183444828,5.82906820937077,B
1226,2,0.631708316504955,3.93505877229313,B
1227,2,0.530662683304399,3.68328584746766,B
1228,2,1.76006476068869,4.1955385806262,B
1229,2,1.44093416212127,7.60199987599955,B
1230,2,1.99429997522384,4.75859071219663,B
1231,2,2.43781615328044,7.62206479249518,B
1232,2,1.83781227609143,7.7081916027755,B
1233,2,1.86922612041235,7.56170065655423,B
1234,2,1.51187954936177,5.87344524575256,B
1235,2,1.8304883800447,5.68128161387705,B
1236,2,1.90540963038802,7.72629251235706,B
1237,2,1.42536651017144,5.06999685124143,B
1238,2,0.550360372290015,3.50017248780822,B
1239,2,2.46822484117001,8.21232858630887,B
1240,2,1.70970848854631,7.41651391715599,B
1241,2,1.58786470117047,4.66817113156123,B
1242,2,2.3170911455527,8.37524908405306,B
1243,2,1.98957520769909,6.31532329824344,B
1244,2,0.517379635479301,3.98698497773117,B
1245,2,0.649276230949909,3.31196144660367,B
1246,2,1.18139305990189,4.81263109829237,B
1247,2,1.34900404093787,5.27377411520936,B
1248,2,1.0298678628169,2.6628849678986,B
1249,2,0.57678793836385,3.54009684356807,B
1250,2,1.12532900040969,3.71849429372741,B
1251,2,0.975995818153024,3.45817165678596,B
1252,2,0.528717377688736,2.60446255674413,B
1253,2,1.29308252129704,2.07455267647228,B
1254,2,1.35834689578041,3.01406064228107,B
1255,2,0.606356021016836,1.37470509398232,B
1256,2,1.59962437255308,4.40648521278414,B
1257,2,1.11204419285059,4.36861516340274,B
1258,2,1.58458439214155,5.41463202766619,B
1259,2,1.73715615831316,5.38950696024018,B
1260,2,2.39605220360681,6.36753680846295,B
1261,2,1.47162784542888,5.43413902677644,B
1262,2,2.26271765306592,7.90668287615476,B
1263,2,2.48977844370529,5.18052131500262,B
1264,2,0.904018615372479,6.11698454264473,B
1265,2,1.70849857665598,5.1379702436142,B
1266,2,0.821620812173933,4.84921873011154,B
1267,2,1.93092832900584,3.45357512316481,B
1268,2,1.42577223759145,4.49964786290149,B
1269,2,0.9383350382559,3.66730341621207,B
1270,2,0.557385659776628,3.91866150731243,B
1271,2,2.05350555945188,6.83493632287409,B
1272,2,1.11679607816041,3.53128037190929,B
1273,2,0.556789284572005,3.59728547972985,B
1274,2,1.88140190858394,6.06196435373209,B
1275,2,1.37367795780301,5.32836854050745,B
1276,2,2.32867274479941,6.46172449296907,B
1277,2,1.23506264621392,4.51457914252207,B
1278,2,1.62326342472807,7.7112277105605,B
1279,2,0.997358374297619,5.78970013409975,B
1280,2,1.42426865501329,5.85386774016367,B
1281,2,1.83143684128299,5.83539968020086,B
1282,2,2.35527110192925,8.28631513580061,B
1283,2,1.17736522899941,5.74024831265304,B
1284,2,2.03055570833385,7.51430005662177,B
1285,2,0.614165926817805,5.00977943512127,B
1286,2,0.923063303809613,4.56405043171763,B
1287,2,2.18616106500849,6.09517111881324,B
1288,2,2.14100942295045,7.23937090700295,B
1289,2,0.986710397992283,5.4294649605492,B
1290,2,1.85227055614814,6.48283828940447,B
1291,2,1.90335663454607,5.4811818871403,B
1292,2,0.622372121550143,4.288594598136,B
1293,2,1.03843058552593,3.30983242981554,B
1294,2,0.647973249666393,4.48719710116881,B
1295,2,2.21516914246604,5.47969268095056,B
1296,2,1.95371447550133,5.92312325373889,B
1297,2,1.53363040741533,6.76636891871712,B
1298,2,1.73782332055271,3.53418032590921,B
1299,2,0.590873980429024,4.09773861161851,B
1300,2,1.56628621462733,4.69758500818042,B
1301,2,2.03914971649647,5.45883244629185,B
1302,2,2.35687113925815,6.84430133059496,B
1303,2,0.992004649247974,3.60788583424293,B
1304,2,1.02826164802536,5.11597088052289,B
1305,2,2.32832371536642,6.99213813742848,B
1306,2,0.996447461657226,1.62644342153353,B
1307,2,1.50690821465105,4.08344728534222,B
1308,2,2.46325723547488,7.17207141052189,B
1309,2,0.934314446058124,5.3212529892875,B
1310,2,2.19344958197325,5.33825937606083,B
1311,2,2.03721126355231,6.04160622411413,B
1312,2,1.35264173708856,5.29982655603391,B
1313,2,2.12705426337197,8.33985210697792,B
1314,2,1.9456349266693,6.31542355549713,B
1315,2,0.793799072038382,4.35239828252417,B
1316,2,1.32179905334488,6.38972633886468,B
1317,2,1.61820408375934,3.67141939173861,B
1318,2,1.24350051535293,5.07864173223351,B
1319,2,1.64735421631485,6.56416699326173,B
1320,2,2.48088676342741,6.8303296086108,B
1321,2,2.35820815479383,6.45630541702542,B
1322,2,2.0958771542646,5.55027617489331,B
1323,2,1.1059365295805,4.17534746195895,B
1324,2,2.19277031626552,6.25520408708383,B
1325,2,2.01549893850461,6.48807140903784,B
1326,2,0.761019475758076,5.54771045381862,B
1327,2,1.83720279671252,6.45396509890556,B
1328,2,0.828563768416643,5.2704281187422,B
1329,2,2.29768207296729,8.92691267378499,B
1330,2,1.1711333678104,5.22402700041496,B
1331,2,1.82949028396979,4.32764987757845,B
1332,2,1.97898971429095,5.82863585805536,B
1333,2,1.79649270186201,6.49631210734694,B
1334,2,1.09282341133803,5.60687896374754,B
1335,2,1.54229000443593,6.64101339936135,B
1336,2,2.1050758655183,6.48544062345496,B
1337,2,0.510077903512865,4.99382629509443,B
1338,2,0.744607439730316,1.75650985936206,B
1339,2,1.02198201883584,1.18734807162908,B
1340,2,2.18898251187056,5.42091981687096,B
1341,2,1.38815363170579,6.87650075289717,B
1342,2,1.66396767506376,4.34754905519203,B
1343,2,1.19681941950694,5.23464290670037,B
1344,2,0.909904640633613,3.97596134367884,B
1345,2,2.22001716354862,6.57754983779898,B
1346,2,0.776089118793607,3.80646397354491,B
1347,2,1.0403841342777,3.46682895178525,B
1348,2,2.24221988813952,7.82093647939806,B
1349,2,2.3873789543286,8.93469577623273,B
1350,2,1.27939940057695,7.44168577865949,B
1351,2,1.33850951818749,3.14430544328161,B
1352,2,0.965987752657384,2.30733663698636,B
1353,2,1.79882559692487,4.26453995040311,B
1354,2,0.66558152763173,2.33984183465795,B
1355,2,1.7772924429737,3.72564037388845,B
1356,2,2.46325525082648,7.47508242112163,B
1357,2,1.48713527619839,5.06673867047895,B
1358,2,0.517620472237468,4.93583760150459,B
1359,2,1.13856554077938,4.67503955565119,B
1360,2,1.43839193088934,5.34123487780506,B
1361,2,2.1432001395151,8.72124426990926,B
1362,2,0.974847908131778,2.25844349630718,B
1363,2,1.70344073744491,6.17059964697599,B
1364,2,1.79302315786481,4.94377429486942,B
1365,2,1.82441965024918,6.92582428206251,B
1366,2,2.38438550010324,6.26618292465895,B
1367,2,0.97988800611347,3.87914085479292,B
1368,2,2.10205582017079,6.10340473609049,B
1369,2,1.45584152918309,4.09491163104858,B
1370,2,0.948633251246065,2.22273472228329,B
1371,2,1.08371344348416,4.77723273704155,B
1372,2,1.25061146030203,4.23003868507348,B
1373,2,1.53733476763591,3.99719122760315,B
1374,2,0.733413136564195,4.13551564466651,B
1375,2,1.35604710690677,5.8426018393239,B
1376,2,1.21550310356542,4.99702327104201,B
1377,2,1.82293255114928,7.12113220136795,B
1378,2,2.38541351584718,6.27211087946748,B
1379,2,2.35381313040853,4.64860417016892,B
1380,2,1.38744414784014,5.19845611088508,B
1381,2,1.75252534169704,6.51214930123352,B
1382,2,1.07808593800291,3.77035060436961,B
1383,2,1.21165724331513,4.97335097414884,B
1384,2,1.14873918239027,3.58995623592487,B
1385,2,2.03759896755219,6.02099332058651,B
1386,2,2.2477798294276,5.49262770782022,B
1387,2,1.64731285022572,5.99880599932842,B
1388,2,1.29376963526011,4.79217786143926,B
1389,2,1.63744639605284,4.82401447421241,B
1390,2,0.660562560427934,3.2281193799422,B
1391,2,1.29299977840856,5.47334268627696,B
1392,2,1.0576917026192,5.72306024413828,B
1393,2,1.4553064131178,5.112961380471,B
1394,2,2.14806114509702,8.93392556584455,B
1395,2,1.78381167678162,5.86831174006517,B
1396,2,2.19125758577138,5.72641856502554,B
1397,2,2.41933702444658,8.12155079243638,B
1398,2,0.77778469864279,3.96384838081014,B
1399,2,1.74918819731101,4.67918078459914,B
1400,2,1.79843176994473,6.70792625988438,B
1401,2,2.18609786732122,7.20213932472549,B
1402,2,2.01742806797847,8.5665289219484,B
1403,2,2.35559544200078,6.5101623275819,B
1404,2,2.19352415017784,5.90753387984417,B
1405,2,1.79580681212246,6.54363291462776,B
1406,2,1.06623015506193,6.0169016910873,B
1407,2,2.28968986216933,6.33485809178818,B
1408,2,2.40239083208144,7.00936260901211,B
1409,2,2.28139888728038,7.2774890458429,B
1410,2,1.30035424279049,6.46986850773949,B
1411,2,1.5320140668191,3.57617272036077,B
1412,2,0.915897931437939,3.95535109379017,B
1413,2,1.47631829790771,5.78616246358434,B
1414,2,1.25233869953081,5.0669764672418,B
1415,2,0.932746401056647,4.02884931203302,B
1416,2,2.3792667244561,6.40904506336867,B
1417,2,1.38562915148214,4.33371241530947,B
1418,2,0.772481787484139,4.42560657605916,B
1419,2,1.91205566329882,6.12537595189159,B
1420,2,1.29548141127452,3.97725509554765,B
1421,2,2.34210355160758,6.22580209623047,B
1422,2,0.88658705400303,3.87716748330445,B
1423,2,2.06124048121274,7.47091361103185,B
1424,2,1.97126921638846,5.11647843121395,B
1425,2,1.42078788671643,5.57039389864675,B
1426,2,0.733451935462654,3.99356831026355,B
1427,2,1.86253783525899,5.77156121259514,B
1428,2,2.2640373641625,8.88368171699323,B
1429,2,1.74191736057401,5.79299530026775,B
1430,2,2.04717656876892,5.9363465922507,B
1431,2,0.537148776929826,5.22535922819919,B
1432,2,0.785227917134762,4.10811765879831,B
1433,2,1.43493841821328,6.64497269221518,B
1434,2,2.1328568267636,7.34757070077554,B
1435,2,1.49450756516308,5.7766245258633,B
1436,2,0.842723290901631,4.19597255522828,B
1437,2,1.18838380277157,4.6605124459527,B
1438,2,1.90751617681235,6.71205909289712,B
1439,2,0.504659254103899,6.20674152366099,B
1440,2,1.62779322871938,6.31241335049972,B
1441,2,1.81040407158434,6.466614581183,B
1442,2,1.55110459774733,6.54937375468488,B
1443,2,1.12384793814272,3.48663827448844,B
1444,2,1.16198003664613,4.25086090455338,B
1445,2,1.91693496378139,6.88028740663563,B
1446,2,0.757324326317757,5.17468104199281,B
1447,2,1.8388536721468,5.54815733262636,B
1448,2,1.28625295450911,4.58066333896251,B
1449,2,2.01999660953879,6.62096577775403,B
1450,2,2.29496565135196,8.29397034098028,B
1451,2,0.938598256092519,4.64110927497048,B
1452,2,1.15762622794136,4.19159951213599,B
1453,2,1.12776263058186,4.6932003578102,B
1454,2,1.13093293644488,4.22171445186595,B
1455,2,0.960254271049052,2.37946639524432,B
1456,2,0.923797349445522,4.83132037570653,B
1457,2,0.660751153714955,5.34412222243022,B
1458,2,2.31016579829156,6.56551178345838,B
1459,2,1.86771708121523,5.80074948267346,B
1460,2,0.508228356018663,6.48185659370732,B
1461,2,1.23479862418026,5.37895930529619,B
1462,2,2.31195810204372,6.80266803316056,B
1463,2,2.01932909712195,7.26025599396186,B
1464,2,0.778426345437765,3.03269547451227,B
1465,2,2.32381239440292,6.242556806152,B
1466,2,1.02495425147936,4.3325465347233,B
1467,2,1.23798640631139,4.7680918896436,B
1468,2,0.662974305450916,3.1811069935063,B
1469,2,2.37275719735771,7.09737627558204,B
1470,2,0.588050289079547,6.00761169237605,B
1471,2,2.40238568093628,7.40542116343342,B
1472,2,1.6401363844052,6.00588088974775,B
1473,2,1.19409600179642,6.9988651786963,B
1474,2,1.65418434794992,5.97690330356419,B
1475,2,1.53035201411694,5.14741999227454,B
1476,2,0.854666544590145,2.52352821163232,B
1477,2,2.36978278076276,4.1858558631945,B
1478,2,1.43615725822747,6.25480133080374,B
1479,2,0.7740757050924,3.5269769212324,B
1480,2,1.43460651999339,5.57765584206284,B
1481,2,1.52373919589445,5.94881724770842,B
1482,2,1.10371511010453,4.7845518483425,B
1483,2,2.04946139408275,6.95150751263097,B
1484,2,1.38040695432574,5.73684292928616,B
1485,2,1.07145513873547,3.53793246424649,B
1486,2,0.94275022810325,5.25324248221696,B
1487,2,0.845337530598044,2.30399793161329,B
1488,2,0.670079443138093,5.34951976797693,B
1489,2,0.855520285665989,2.66515363903188,B
1490,2,1.95175383193418,4.20532417175526,B
1491,2,1.03490810049698,4.11310538523404,B
1492,2,2.21306232269853,5.06236669527921,B
1493,2,1.86462329747155,4.81331872961433,B
1494,2,2.07876396737993,8.54890380784182,B
1495,2,2.09078669641167,5.0058521372863,B
1496,2,0.660771935246885,4.90453656557743,B
1497,2,2.09519161237404,6.02235216784467,B
1498,2,1.69925757637247,4.04219518816879,B
1499,2,1.11098466534168,4.04420364822239,B
1500,2,0.960932034533471,4.23239527432052,B
1501,2,2.11746732098982,6.38472823428657,B
1502,2,1.40098678739741,5.48713668764327,B
1503,2,1.79466508468613,5.46027491208814,B
1504,2,1.87705073319376,6.73385150404706,B
1505,2,2.01387029001489,7.11036438424753,B
1506,2,2.12780113192275,6.11843246707178,B
1507,2,0.834842120762914,2.45268999501842,B
1508,2,2.3480446850881,5.5313051531361,B
1509,2,0.673152017872781,3.47587330591892,B
1510,2,0.671288024634123,3.66311031883198,B
1511,2,1.42090276349336,4.74001294453964,B
1512,2,2.30053859716281,7.80613110673649,B
1513,2,1.10272620851174,4.80226117774746,B
1514,2,1.3606639332138,5.42574543752592,B
1515,2,0.963555212598294,6.27312170514159,B
1516,2,0.929404720198363,4.87571128621241,B
1517,2,0.957984669134021,4.53446950022099,B
1518,2,1.95466029178351,5.19408169571755,B
1519,2,0.77851952938363,2.78427044386387,B
1520,2,1.13231118116528,4.00144789372033,B
1521,2,0.82353300973773,4.0128095268582,B
1522,2,1.00204550009221,4.84094457480124,B
1523,2,2.47652566432953,4.97054690218452,B
1524,2,1.43203140515834,5.10632310053247,B
1525,2,2.21968816034496,3.83555975876046,B
1526,2,1.05588975176215,4.0331371885867,B
1527,2,1.8261371110566,6.32697618748867,B
1528,2,2.26452436205,6.7650274459921,B
1529,2,1.47831721138209,5.3357078824163,B
1530,2,2.37438387004659,7.90245801806252,B
1531,2,0.947442991193384,4.76874631796849,B
1532,2,1.19879898801446,5.94522526687567,B
1533,2,1.35806851554662,6.28421799065784,B
1534,2,0.926974614616483,1.99163511535242,B
1535,2,2.33035321626812,9.19891442366851,B
1536,2,2.1505917259492,6.01386211724452,B
1537,2,1.64197559934109,4.78173262415706,B
1538,2,2.27519513340667,5.77635620107991,B
1539,2,1.84087850479409,7.31443466872171,B
1540,2,1.1454969975166,4.95261373450745,B
1541,2,0.580932521261275,2.49123114577263,B
1542,2,2.36013824818656,5.79206346589398,B
1543,2,2.47245011571795,8.62374658062044,B
1544,2,2.37552336603403,5.87318381833097,B
1545,2,1.71955081215128,5.82932143236572,B
1546,2,1.67576115624979,5.81455221995551,B
1547,2,1.23809167928994,3.90404004719074,B
1548,2,2.2130827838555,8.92010031853004,B
1549,2,2.33355350978673,6.54373902633968,B
1550,2,1.87339795706794,6.31446544546108,B
1551,2,0.862833540420979,4.56738018161543,B
1552,2,2.08881136775017,5.95894772559598,B
1553,2,1.61889155674726,6.43370240497661,B
1554,2,0.797317195683718,2.98702308165256,B
1555,2,0.651220745872706,5.2141989543566,B
1556,2,1.67725649103522,6.05975040389102,B
1557,2,0.527028721291572,4.27125956705152,B
1558,2,1.59592237649485,6.56051663502455,B
1559,2,0.759871868882328,5.11215350401308,B
1560,2,2.13512676395476,8.19131429160351,B
1561,2,1.77251836517826,5.15122782633433,B
1562,2,2.37074269587174,7.00688313059702,B
1563,2,2.27484282897785,6.39692384090661,B
1564,2,1.18345876038075,4.46277565977769,B
1565,2,1.1923202094622,4.32565435706689,B
1566,2,0.667383129242808,3.18582653914438,B
1567,2,2.42869039205834,7.03425305947255,B
1568,2,1.1494490429759,6.30635594733532,B
1569,2,1.93752023391426,5.75990658739107,B
1570,2,1.74376439163461,4.64904122943025,B
1571,2,1.01802341965958,2.70670908267593,B
1572,2,0.703817202243954,3.54164660724009,B
1573,2,1.36316760350019,6.91219938623997,B
1574,2,0.993794950656593,5.25107412532184,B
1575,2,2.48425778700039,7.02255585144969,B
1576,2,1.64181793993339,5.23635168893521,B
1577,2,2.22939110966399,6.57638186367318,B
1578,2,1.78416974237189,5.16702201870614,B
1579,2,2.09217572212219,5.8052541697095,B
1580,2,1.49411755567417,5.29333385100501,B
1581,2,2.03682664455846,6.14892318422593,B
1582,2,0.72833326458931,4.03167497620189,B
1583,2,2.00775518501177,5.84003142126691,B
1584,2,1.45906626153737,4.4642553207263,B
1585,2,2.16228593792766,4.57711542827897,B
1586,2,2.36340894643217,7.99950946018671,B
1587,2,1.50997389294207,4.76865984097085,B
1588,2,1.87052586721256,5.11682882646735,B
1589,2,1.57617621310055,7.57723165124978,B
1590,2,1.68119124649093,6.04699666333579,B
1591,2,0.848872256465256,2.22533945509276,B
1592,2,1.95308500854298,6.77480118606857,B
1593,2,2.38135845819488,7.51218623112524,B
1594,2,0.943305598571897,3.34644356814347,B
1595,2,1.11464847112075,4.72555474658411,B
1596,2,2.47140200296417,7.65702234506821,B
1597,2,1.1108718579635,3.21508771035547,B
1598,2,1.27325137984008,5.28189778293415,B
1599,2,1.20835234224796,4.40190543827974,B
1600,2,1.35502691008151,5.85430579232902,B
1601,2,1.92780211986974,6.81396301629379,B
1602,2,1.04158072592691,5.19608013943239,B
1603,2,2.37856480060145,7.62839534443851,B
1604,2,1.18989008665085,5.20279069820186,B
1605,2,0.96829424938187,6.28012875690501,B
1606,2,0.94924840470776,2.2804073379523,B
1607,2,1.23581748176366,4.92802634507968,B
1608,2,1.03635654645041,3.19883631059897,B
1609,2,1.24779144255444,5.43012480818044,B
1610,2,1.83504541963339,8.98292759624269,B
1611,2,0.556433542631567,5.04299144949426,B
1612,2,2.16424275422469,6.73232416843423,B
1613,2,2.04964768886566,5.77259040139009,B
1614,2,0.552355214487761,2.08213387865378,B
1615,2,1.5387239032425,4.9336707513732,B
1616,2,1.00767787871882,5.26435844820016,B
1617,2,2.11754581425339,6.99743265468951,B
1618,2,1.84791674744338,5.47838344772589,B
1619,2,1.92298396956176,4.74127646623105,B
1620,2,1.06868812954053,3.92509089130934,B
1621,2,2.23694094410166,6.64730025178389,B
1622,2,0.914536945521832,4.2738565286739,B
1623,2,1.47256589122117,5.52681848623224,B
1624,2,1.52608870016411,7.44288559864749,B
1625,2,2.31965472223237,6.51949731195278,B
1626,2,1.94520467100665,6.1409550021873,B
1627,2,0.918453868944198,4.3724523089866,B
1628,2,1.4903938616626,5.57751495625937,B
1629,2,0.873016357887536,4.76993603124827,B
1630,2,2.32748510316014,8.61588878659064,B
1631,2,0.844350023195148,4.17349815628096,B
1632,2,1.08149772882462,6.84233757902917,B
1633,2,1.08610237156972,5.62044234494708,B
1634,2,1.10494275903329,3.87193887734723,B
1635,2,0.846963095478714,4.27295177661805,B
1636,2,1.19573255861178,3.94013817809689,B
1637,2,1.92608399502933,6.76020491005168,B
1638,2,1.9347418108955,4.56698093171779,B
1639,2,1.22915768157691,4.32795770460515,B
1640,2,2.36110204691067,6.89352233929948,B
1641,2,2.14159276382998,6.95146614467882,B
1642,2,1.78642280306667,6.34056698427086,B
1643,2,1.22904201131314,3.83227568234454,B
1644,2,2.24288317328319,6.64605561366211,B
1645,2,1.21112650260329,5.45485920469109,B
1646,2,1.83997801039368,6.50822194080001,B
1647,2,2.21184509759769,5.73530325394104,B
1648,2,1.66646270919591,7.0419557863536,B
1649,2,1.10501679824665,4.09144574627168,B
1650,2,1.46611380716786,3.4136364746215,B
1651,2,1.74156262958422,5.01722799724126,B
1652,2,1.30766323581338,4.83993046443901,B
1653,2,1.27692833868787,3.17423099385323,B
1654,2,2.31169473053888,5.88779490293383,B
1655,2,1.07600048836321,3.52659724793021,B
1656,2,1.60757212666795,5.99693832052915,B
1657,2,1.06136098690331,4.18457451447832,B
1658,2,0.63886820524931,3.6870348528806,B
1659,2,1.55094904592261,4.67297517202329,B
1660,2,1.13096394436434,6.5813609295152,B
1661,2,0.609859393443912,4.3040357679265,B
1662,2,1.96556153893471,5.23176648970466,B
1663,2,1.35047569824383,6.77510988691535,B
1664,2,1.19803357124329,6.35688622710986,B
1665,2,2.20575118297711,6.68932027082424,B
1666,2,1.6110849911347,4.769734435645,B
1667,2,1.34912773082033,4.6508300040001,B
1668,2,2.3461665273644,7.04820844614694,B
1669,2,1.03632602095604,4.83714989762748,B
1670,2,1.49279574677348,3.8840809670927,B
1671,2,2.29486114019528,5.13709732157677,B
1672,2,2.39343500137329,7.5444448836583,B
1673,2,1.48073158599436,2.92099406424331,B
1674,2,2.44268811168149,8.48254513805695,B
1675,2,2.44360497128218,7.9242900982118,B
1676,2,2.13293441431597,5.55525221799102,B
1677,2,2.48761523887515,8.21323122269987,B
1678,2,1.87162358639762,5.24166703607613,B
1679,2,1.69623559527099,5.86625229772467,B
1680,2,1.27276019845158,3.15783678821663,B
1681,2,0.723601416684687,3.89510570317553,B
1682,2,1.5188071639277,5.22004999645769,B
1683,2,1.39071305701509,4.86473999035761,B
1684,2,2.13855294324458,8.75644218863819,B
1685,2,1.81404838850722,2.97976926938301,B
1686,2,1.1386167164892,7.63535960746665,B
1687,2,0.848043702077121,3.52471696483012,B
1688,2,2.11093618953601,3.74234843299257,B
1689,2,1.47838996862993,3.76322958724436,B
1690,2,1.82827132195234,6.34030607340398,B
1691,2,2.01295243389905,5.16597867400349,B
1692,2,1.27158752875403,3.91991223997936,B
1693,2,1.52121233614162,5.03424157834106,B
1694,2,0.968690240290016,5.32356311366352,B
1695,2,1.61759500112385,4.68587021683921,B
1696,2,2.08680745773017,4.51485480403993,B
1697,2,2.08321960177273,9.97225564131089,B
1698,2,0.688502232544124,1.73817670385317,B
1699,2,2.40929473843426,8.09403378267403,B
1700,2,1.90397746069357,6.36260511422869,B
1701,2,2.41825187020004,7.12157383586294,B
1702,2,0.755120665766299,1.78963683175547,B
1703,2,1.16127170110121,2.91962179602207,B
1704,2,1.35834393789992,5.31061860258193,B
1705,2,1.78592738462612,6.81119724359318,B
1706,2,0.7990348841995,6.83690727394316,B
1707,2,1.97590556880459,4.56259745068101,B
1708,2,1.18685590522364,4.81016978361937,B
1709,2,2.07194685237482,5.79498709812129,B
1710,2,1.64205338153988,6.23887655683017,B
1711,2,1.9437839188613,6.02370411744487,B
1712,2,2.19866627734154,6.78926885369128,B
1713,2,1.18029108364135,5.61061478363801,B
1714,2,0.947046651039273,6.29428418147452,B
1715,2,2.41760627366602,7.02995597007795,B
1716,2,2.07206372264773,6.87024341501782,B
1717,2,0.985587575938553,4.51123532802348,B
1718,2,2.02013943530619,7.90116271366343,B
1719,2,1.00172565737739,4.84894156535096,B
1720,2,0.706769783049822,2.3671688943343,B
1721,2,1.69903339585289,6.10134791101129,B
1722,2,1.44514193991199,4.99207200391891,B
1723,2,0.900002925656736,6.45750841264618,B
1724,2,1.91039373585954,9.1164543130286,B
1725,2,1.83153817476705,4.34181026319246,B
1726,2,1.13870155438781,4.48516531547597,B
1727,2,1.32040767697617,3.70743204908551,B
1728,2,1.77933362592012,6.38726205046765,B
1729,2,2.20760986814275,5.36318928139024,B
1730,2,0.902206639759243,3.22311464765157,B
1731,2,2.44399724062532,7.14206444931141,B
1732,2,1.46594488061965,8.1515958562641,B
1733,2,1.18676539184526,4.88969712580696,B
1734,2,2.06597550259903,6.9546623997433,B
1735,2,2.46997187752277,6.45798801036029,B
1736,2,1.27695960085839,5.473320189616,B
1737,2,1.84214419033378,6.83216130091749,B
1738,2,1.19480951642618,5.20575062226077,B
1739,2,1.66523775830865,5.23914289483546,B
1740,2,1.33144490839913,6.70671917661352,B
1741,2,2.30512445932254,6.31966318815111,B
1742,2,1.24759766692296,4.34816128173648,B
1743,2,0.651450716424733,1.95803307010049,B
1744,2,1.28083251370117,5.32015847045774,B
1745,2,2.10607193037868,5.1238125502407,B
1746,2,2.06649584043771,8.43684693502816,B
1747,2,1.55165854888037,6.00435520280106,B
1748,2,1.02688128035516,7.46640013345779,B
1749,2,1.60475082835183,4.89176656725977,B
1750,2,0.753444699104875,4.03923054895517,B
1751,2,0.721934864297509,4.48487484894669,B
1752,2,1.18490002024919,5.87211854909687,B
1753,2,1.95067438483238,5.07587764373129,B
1754,2,1.76724048005417,3.83442325728889,B
1755,2,1.54156837565824,6.36888091484934,B
1756,2,2.27484210114926,8.19524640743873,B
1757,2,1.54083871841431,5.28456056557327,B
1758,2,1.85594164719805,5.50429281719565,B
1759,2,2.15096467081457,5.01050812797945,B
1760,2,2.01329187024385,8.01163340055198,B
1761,2,1.23470462625846,3.50907782141287,B
1762,2,1.31852753739804,6.02322512208663,B
1763,2,2.17499947594479,7.2515722660699,B
1764,2,1.81866342900321,6.60755051682391,B
1765,2,0.931213359348476,5.01482288046022,B
1766,2,1.09264418296516,4.31261440414314,B
1767,2,1.92339087463915,6.46860306800113,B
1768,2,1.31526511162519,6.22277958396758,B
1769,2,1.37889973865822,4.94980638190472,B
1770,2,2.15936293266714,4.16763552593077,B
1771,2,0.739329957403243,5.11496603069435,B
1772,2,2.27224425645545,6.15391369802196,B
1773,2,2.00861775362864,5.57294214302915,B
1774,2,1.16099141025916,3.7502543486849,B
1775,2,1.94107635924593,6.92793656441099,B
1776,2,1.4129345677793,1.48962096017885,B
1777,2,0.86007608147338,3.64868502633122,B
1778,2,0.675038109067828,2.38448696743762,B
1779,2,2.12963649025187,6.20441669090709,B
1780,2,2.30551886698231,5.74023137768012,B
1781,2,0.856362973805517,5.40630714895617,B
1782,2,1.44665663875639,5.4730886510041,B
1783,2,1.57951624877751,5.41508910106141,B
1784,2,2.15672195330262,5.98561979785937,B
1785,2,1.45831964537501,4.76843728644133,B
1786,2,0.515846363734454,2.13883681937166,B
1787,2,2.13649366376922,8.17760083020577,B
1788,2,1.53340669628233,6.24396888848592,B
1789,2,2.33085560798645,8.01565363142573,B
1790,2,1.50526240933687,5.29652747362404,B
1791,2,1.67921128077433,7.47665315081594,B
1792,2,2.35727473255247,9.11349712360963,B
1793,2,2.39386102277786,7.61100481252667,B
1794,2,1.08207161631435,5.8907656021237,B
1795,2,2.00763717154041,6.17269863176516,B
1796,2,0.882974403444678,5.22885809707378,B
1797,2,0.534562428481877,4.64439983900747,B
1798,2,1.25668259663507,3.06409279383105,B
1799,2,2.29656561370939,8.34352674777671,B
1800,2,0.783880488947034,3.69636579924174,B
1801,2,0.529406003188342,3.2941716159984,B
1802,2,0.702392691746354,3.31328202809003,B
1803,2,2.36711466731504,8.59635229133431,B
1804,2,2.04048259975389,6.42503094623972,B
1805,2,2.04862205963582,8.64484383649489,B
1806,2,1.10424896748737,2.73079865843038,B
1807,2,2.08030642801896,6.49146924573465,B
1808,2,1.14309394778684,1.40458153851399,B
1809,2,1.50074120657519,5.92260856023855,B
1810,2,0.732989018782973,2.30863905789582,B
1811,2,1.42657936736941,4.12773841685593,B
1812,2,0.74931661831215,4.45480976831531,B
1813,2,1.48449515551329,4.42086919702036,B
1814,2,1.80897161690518,4.65596676480459,B
1815,2,2.41610734676942,7.5667009956037,B
1816,2,1.66547031374648,3.51682135736144,B
1817,2,0.964881306514144,5.29203236584131,B
1818,2,1.75791059434414,5.68052299177273,B
1819,2,2.1020538629964,5.9359913476402,B
1820,2,1.56887308927253,6.41012575171336,B
1821,2,2.33652908029035,6.74205329124503,B
1822,2,2.38216500729322,6.5759303265801,B
1823,2,1.70644884044305,7.05761095839944,B
1824,2,2.02868556370959,7.60749753603627,B
1825,2,0.903013275004923,4.31824823532276,B
1826,2,1.77441832376644,4.95753364131174,B
1827,2,1.4039880274795,7.83316520425408,B
1828,2,1.19358563655987,4.07532354570596,B
1829,2,2.45647874753922,7.81310513243284,B
1830,2,1.78261480433866,6.06462505245968,B
1831,2,2.13154494017363,6.9622178504229,B
1832,2,2.46746617089957,6.74621672729419,B
1833,2,2.18406729353592,5.08865047831861,B
1834,2,0.545614657923579,4.49829927609795,B
1835,2,0.778956888709217,4.2453982008999,B
1836,2,1.68490305403247,3.03759464583542,B
1837,2,0.60183895053342,4.85388328441205,B
1838,2,1.97477900888771,4.77077467448553,B
1839,2,1.934806921985,5.38680547169235,B
1840,2,0.779188658110797,2.4890282838281,B
1841,2,0.741303265094757,1.79196087410399,B
1842,2,2.45759696234018,5.93574545771117,B
1843,2,0.988670528866351,5.12136803875972,B
1844,2,1.89854583609849,7.52051396994731,B
1845,2,1.00100999278948,3.48365766408928,B
1846,2,1.32375292945653,4.28466227090178,B
1847,2,1.97100205859169,5.63369901169424,B
1848,2,1.58263207040727,5.85070355934686,B
1849,2,0.867580783553422,3.45278910305561,B
1850,2,1.55112127633765,7.0420936211662,B
1851,2,1.98105657985434,4.06006753565708,B
1852,2,2.48878235463053,5.86353096507381,B
1853,2,2.21138346102089,4.97684851585133,B
1854,2,0.633540193084627,2.87309513549697,B
1855,2,1.94759121257812,6.49340454888185,B
1856,2,1.86396541958675,4.57513207874468,B
1857,2,0.783982487861067,2.1612476726565,B
1858,2,1.54905593208969,6.89950944336215,B
1859,2,1.51314108818769,6.10791970716221,B
1860,2,0.646277262829244,2.52850364330337,B
1861,2,2.1007010564208,7.04450875541136,B
1862,2,1.18149100057781,4.73957181723145,B
1863,2,1.74731834279373,4.86626086571423,B
1864,2,1.94407602027059,6.98340140873342,B
1865,2,2.4619700871408,7.05811025380125,B
1866,2,1.42780486028641,6.30765979485616,B
1867,2,0.993259637150913,4.58517851111614,B
1868,2,2.27616550354287,6.84109113605487,B
1869,2,0.514719281811267,3.35453714458423,B
1870,2,2.02350779436529,6.137130354804,B
1871,2,1.52352570043877,4.75534271299078,B
1872,2,0.879256317391992,3.43701043208581,B
1873,2,0.813155536539853,3.55682201061344,B
1874,2,0.758858980145305,5.18414340060008,B
1875,2,1.17639487981796,3.08027360945472,B
1876,2,2.15089491382241,5.8075280995586,B
1877,2,2.14781704219058,5.34824429803851,B
1878,2,0.830090291798115,2.70868434504366,B
1879,2,0.995808475650847,4.40315288410294,B
1880,2,1.29542935499921,5.30904432080692,B
1881,2,2.08014091709629,7.35677689615568,B
1882,2,1.77672561584041,7.43630188092366,B
1883,2,0.859071929939091,4.48368562078837,B
1884,2,1.98039563419297,6.03239773669439,B
1885,2,0.540967262350023,4.19281276218271,B
1886,2,0.841608094517142,2.99686013746903,B
1887,2,1.40611203573644,6.62858580432337,B
1888,2,2.0025608278811,8.33475525146817,B
1889,2,1.82479522423819,9.32812243647089,B
1890,2,2.14176315721124,5.05179716218295,B
1891,2,1.01466805581003,5.40954606670241,B
1892,2,0.592880642041564,3.48182265821984,B
1893,2,1.04327518586069,5.09843595430955,B
1894,2,2.16362082352862,6.37627733157459,B
1895,2,1.41970380209386,3.56320141563022,B
1896,2,1.73495772620663,5.25724708810092,B
1897,2,2.1018217545934,6.47576221116438,B
1898,2,1.1123454850167,4.74226898849919,B
1899,2,2.22228418337181,6.16471136895594,B
1900,2,1.82890686392784,6.6573379469829,B
1901,2,0.568572720512748,3.98226349698569,B
1902,2,1.57405985472724,6.21302051083343,B
1903,2,0.988578936550766,6.38351319006882,B
1904,2,0.681367082521319,2.99103836647338,B
1905,2,1.867518320214,6.03576962104288,B
1906,2,1.38961570430547,6.16372138699892,B
1907,2,1.89325575437397,6.85713625954045,B
1908,2,1.13765527820215,4.24145130721006,B
1909,2,2.3963711890392,7.60156562609908,B
1910,2,2.42632209230214,7.95412474048957,B
1911,2,0.988564369734377,3.25450716274968,B
1912,2,1.55077294586226,6.08448226266991,B
1913,2,1.2403120379895,4.475828756606,B
1914,2,0.978822254575789,6.86323635561475,B
1915,2,1.13159079477191,3.90413795855548,B
1916,2,0.694255411624908,3.82173941387192,B
1917,2,1.5395181956701,4.00646039639894,B
1918,2,2.04548251628876,5.04073903629051,B
1919,2,1.33013594290242,6.70848440236431,B
1920,2,2.37540968926623,7.73211190730663,B
1921,2,2.1871372689493,6.9516467659171,B
1922,2,0.543015994131565,4.01819267881187,B
1923,2,1.40001957910135,6.56184014604224,B
1924,2,0.840988836251199,2.96115572006192,B
1925,2,2.12940955301747,6.66628250560425,B
1926,2,2.09159963112324,7.20039119524865,B
1927,2,0.890500142239034,5.05911895723462,B
1928,2,2.05042016226798,8.81533937714206,B
1929,2,2.30423065507785,8.18725140393587,B
1930,2,2.148759635631,8.47407295303534,B
1931,2,1.44782798923552,5.81471163607418,B
1932,2,1.41173280309886,4.29656977242066,B
1933,2,0.710160437505692,2.00763407876664,B
1934,2,1.26692535774782,5.14628776673502,B
1935,2,2.38996689906344,6.51724647491937,B
1936,2,2.28588973265141,7.17387829648585,B
1937,2,1.21254326310009,7.85440921071664,B
1938,2,1.81733026215807,5.43251013904148,B
1939,2,0.865592244546861,6.2126707957749,B
1940,2,1.0433742874302,3.88270910831092,B
1941,2,1.75000677676871,4.64195632045951,B
1942,2,1.33713814336807,6.17113724035058,B
1943,2,1.58339855074883,5.12334424569572,B
1944,2,2.16273313062266,4.92004728138033,B
1945,2,0.81763151101768,2.19095992334115,B
1946,2,2.21235169982538,6.85947946530139,B
1947,2,1.29041271097958,4.89662469810137,B
1948,2,2.338443050161,6.47708898603034,B
1949,2,2.375391560141,6.00630787724821,B
1950,2,1.81863292260095,8.23419163385618,B
1951,2,1.97103402530774,7.97347871440069,B
1952,2,0.996268620714545,4.49234900335547,B
1953,2,1.73933145496994,6.13887122486515,B
1954,2,1.92530716396868,5.03258455273512,B
1955,2,1.63276712084189,6.86914659903106,B
1956,2,1.02268310263753,4.71085859541663,B
1957,2,1.389472019393,5.7861318428993,B
1958,2,1.1488447743468,4.39213885184836,B
1959,2,2.26409186376259,9.25937437297305,B
1960,2,0.895560366567224,4.21426744123097,B
1961,2,1.50004138145596,6.21329559739577,B
1962,2,1.21163970697671,3.62306887539769,B
1963,2,1.01584580820054,3.88998383194563,B
1964,2,1.12423379160464,6.37002872832791,B
1965,2,0.795580832287669,4.63729165921767,B
1966,2,0.925845770630985,3.48075826553513,B
1967,2,2.44446121575311,5.87764826381551,B
1968,2,1.13573175109923,5.45930637721588,B
1969,2,1.42616129759699,4.88403370271476,B
1970,2,1.73499412788078,5.5318103645671,B
1971,2,2.08925956487656,6.89681498689819,B
1972,2,2.47797263972461,6.85446235836611,B
1973,2,2.25630127219483,8.17109323476528,B
1974,2,1.69851047778502,6.70859511610751,B
1975,2,1.10130308195949,6.82661644492947,B
1976,2,1.26412798836827,4.84040282375528,B
1977,2,0.529063453897834,6.31630526133463,B
1978,2,2.32238918403164,7.2913866247526,B
1979,2,0.780889443121851,4.48775770644186,B
1980,2,2.29168114298955,9.20928666725839,B
1981,2,2.18912243423983,4.48411028189738,B
1982,2,1.31169007206336,6.90367033738948,B
1983,2,0.633809105027467,3.64816581027805,B
1984,2,2.05714404350147,7.41482862835521,B
1985,2,0.603268741630018,0.69811280173371,B
1986,2,1.00445369584486,3.89156822847656,B
1987,2,2.33042027801275,6.87824947693362,B
1988,2,1.79842439573258,7.47270783303479,B
1989,2,2.49210329819471,8.08268725216226,B
1990,2,2.29643108230084,4.66577234843279,B
1991,2,2.32310607424006,10.0490530335957,B
1992,2,1.3990245340392,3.43176109545575,B
1993,2,1.66673506004736,2.63046873308247,B
1994,2,2.31693324958906,8.15220547710519,B
1995,2,0.924585858359933,5.48465567355013,B
1996,2,1.52332169003785,6.31588626995659,B
1997,2,2.17020259611309,5.83044589194352,B
1998,2,1.8507454241626,3.87248391593803,B
1999,2,1.87696224916726,5.36978070070246,B
2000,2,1.52101832581684,5.44937700973606,B
2001,2,2.35393863590434,5.47038178276755,B
2002,2,1.04339422937483,3.72396414033738,B
2003,2,2.39620153373107,6.69779483048863,B
2004,2,1.42787488270551,5.73077048661643,B
2005,2,1.33776537515223,4.16866460803173,B
2006,2,1.64637428941205,7.67126662682048,B
2007,2,1.73961726902053,7.91067619046601,B
2008,2,2.13264108076692,8.23866374881257,B
2009,2,1.17509949067608,5.51945481895509,B
2010,2,1.48111989395693,6.07070420568867,B
2011,2,1.06295944144949,5.47771538197209,B
2012,2,0.718645456712693,4.20422320968929,B
2013,2,2.41484153689817,6.98874093011037,B
2014,2,1.02839251840487,3.41913218766325,B
2015,2,0.893265640363097,2.77210559648115,B
2016,2,2.35033183218911,6.71526051277537,B
2017,2,1.87849883316085,3.88713906498867,B
2018,2,0.961425591725856,3.96558842741431,B
2019,2,1.10314034949988,3.48886648146026,B
2020,2,1.55268106563017,7.97957408651752,B
2021,2,1.04493046086282,5.39685684464789,B
2022,2,1.37819545343518,5.08290934335012,B
2023,2,1.97582453954965,6.67907767057878,B
2024,2,1.1046097073704,5.83019221621844,B
2025,2,0.995428305584937,3.93594597832095,B
2026,2,2.27382597420365,8.04129610604732,B
2027,2,1.57975971419364,5.09166380724097,B
2028,2,2.14288053102791,8.61059583193912,B
2029,2,2.47251054272056,7.70198029763773,B
2030,2,1.86872997926548,4.16588147134658,B
2031,2,0.881207925267518,3.83074880763119,B
2032,2,0.735964849125594,4.85185134208848,B
2033,2,2.20942435506731,7.99707991298186,B
2034,2,2.08684772718698,6.24801371104349,B
2035,2,1.46852178825066,4.89264019832815,B
2036,2,0.96690835384652,3.37134711428056,B
2037,2,1.94421350210905,6.67938135232551,B
2038,2,2.42374246334657,6.07657970323533,B
2039,2,1.52722423011437,7.14467088595666,B
2040,2,1.38087869388983,6.15809411231714,B
2041,2,1.26199992420152,5.08350190647479,B
2042,2,1.30164310149848,5.03365295476289,B
2043,2,0.962775913067162,4.1847343894273,B
2044,2,1.19522114144638,4.17691577818845,B
2045,2,1.50206124735996,6.9826331022108,B
2046,2,1.56607163464651,4.52220034077488,B
2047,2,1.94826911529526,4.35898662700859,B
2048,2,2.27935923216864,6.22945615833754,B
2049,2,1.58884725067765,5.77969268382529,B
2050,2,2.15579702425748,5.14273541442058,B
2051,2,1.04511531069875,6.04535932583121,B
2052,2,2.27696039574221,5.8153494330578,B
2053,2,1.66460551926866,6.18948548105549,B
2054,2,2.0361982495524,5.67232381390108,B
2055,2,1.70368846878409,6.42905793506375,B
2056,2,1.51547087915242,8.34607719245927,B
2057,2,1.86600833805278,8.02110266560766,B
2058,2,1.51840972388163,6.93943165196413,B
2059,2,2.20003202045336,6.24845383872316,B
2060,2,1.24098375113681,5.08263599405984,B
2061,2,2.05368691682816,7.39721096444712,B
2062,2,1.45030912710354,7.7598482465108,B
2063,2,0.831647532992065,3.06010769822351,B
2064,2,1.48592599947006,5.75649694584139,B
2065,2,2.06514688720927,8.72615402116037,B
2066,2,0.615385602694005,3.84922234010514,B
2067,2,2.24269599374384,7.31440963371846,B
2068,2,0.615148812532425,3.88768210857951,B
2069,2,1.78529532346874,4.51567149873257,B
2070,2,1.44403838319704,6.13199136937172,B
2071,2,1.55122066475451,5.6025565066577,B
2072,2,2.03689122386277,6.12883995481671,B
2073,2,1.62939756643027,3.1344584170097,B
2074,2,2.26187711907551,6.06066358384536,B
2075,2,1.13865376403555,5.33284632549784,B
2076,2,1.0309025044553,3.29568892314203,B
2077,2,1.05839201388881,5.59974465085129,B
2078,2,1.39512981195003,6.45776334959668,B
2079,2,0.607324419543147,4.14703433082717,B
2080,2,0.695421823766083,4.70812652249051,B
2081,2,1.46375174401328,6.38018501589688,B
2082,2,1.53684441652149,7.59016570915763,B
2083,2,1.71833216398954,6.41308800230792,B
2084,2,1.37419321248308,4.4878820103491,B
2085,2,1.2033751080744,4.32023255333634,B
2086,2,2.39828568231314,5.42580792611529,B
2087,2,2.16659723455086,5.26658034477749,B
2088,2,1.45450395112857,4.54472275068144,B
2089,2,2.06969144614413,8.1786672526744,B
2090,2,2.16477952431887,7.13081204845,B
2091,2,1.74485869053751,5.16919348501992,B
2092,2,1.55975659517571,5.82994709784706,B
2093,2,0.720810934901238,2.83939208139755,B
2094,2,0.919884587172419,6.76353981859203,B
2095,2,1.94199317321181,6.00760856410132,B
2096,2,1.30535412067547,5.29096770501464,B
2097,2,2.10853339964524,5.72091681523624,B
2098,2,0.805874648969621,3.61253848644327,B
2099,2,2.45865448564291,5.91819837579935,B
2100,2,2.22989822272211,7.39941238451775,B
2101,2,0.9445207612589,4.17362858676239,B
2102,2,1.87811399111524,5.66695415646928,B
2103,2,1.67419239040464,7.2995875750363,B
2104,2,0.99101319629699,3.70108098852515,B
2105,2,1.2347483150661,5.14762182492835,B
2106,2,1.78212171653286,5.11417838739844,B
2107,2,0.878258327487856,4.4288534829976,B
2108,2,2.29730517417192,6.54519168872695,B
2109,2,0.939257440622896,3.6132060443832,B
2110,2,1.95282315928489,6.54932903935225,B
2111,2,1.04271819861606,5.03516758931525,B
2112,2,2.01779547380283,7.55855823348461,B
2113,2,0.701112743932754,2.89348100908558,B
2114,2,1.44686308456585,5.8277920633389,B
2115,2,1.64953313115984,5.41726622526861,B
2116,2,1.22439029207453,4.91734993125675,B
2117,2,1.43161056004465,5.67501185618107,B
2118,2,1.34176221070811,4.34876807760867,B
2119,2,2.03369783051312,4.14593616388324,B
2120,2,1.19938216451556,4.20521572410851,B
2121,2,2.48649328527972,6.63310987690939,B
2122,2,2.41277618519962,8.61050473825465,B
2123,2,2.33169870031998,7.2965156139267,B
2124,2,1.03295955527574,3.63919843162022,B
2125,2,0.769338419660926,5.37682354788733,B
2126,2,0.636566447094083,3.59110645779557,B
2127,2,2.03201036481187,5.21964190561224,B
2128,2,1.57883708132431,4.55366960248131,B
2129,2,1.19959261128679,4.72435091685917,B
2130,2,0.53011268703267,2.36388253295074,B
2131,2,0.889645133633167,5.4970427484699,B
2132,2,1.91097104735672,6.25341313237187,B
2133,2,1.1426084022969,6.87456293281594,B
2134,2,2.43678154423833,7.57901931425288,B
2135,2,1.48499073926359,7.60828232556349,B
2136,2,0.92192443786189,2.25403094523979,B
2137,2,1.38405974768102,4.98257362689351,B
2138,2,2.29155309312046,5.53419340746989,B
2139,2,2.42563446518034,8.33139101262182,B
2140,2,2.23286766326055,5.47976660810085,B
2141,2,1.38693854026496,5.81263834475184,B
2142,2,1.44408559752628,5.62522996108727,B
2143,2,1.58353929128498,4.0228956874234,B
2144,2,2.00365028576925,5.9250759148873,B
2145,2,0.836145675741136,4.72780447815818,B
2146,2,2.22545236069709,5.87119090771647,B
2147,2,2.07142807450145,4.95297192399262,B
2148,2,1.70808535814285,4.05385282100837,B
2149,2,1.76312296232209,6.36525997342595,B
2150,2,1.992847322952,5.17856416539797,B
2151,2,2.11266591772437,5.05925411903971,B
2152,2,0.669894984457642,3.73390281139448,B
2153,2,1.98368305526674,7.81049794923291,B
2154,2,0.695843086112291,3.63970666982228,B
2155,2,0.718199923168868,3.51077607978258,B
2156,2,1.63950341613963,6.65416961794723,B
2157,2,0.871627137996256,4.76528496964625,B
2158,2,2.41749940998852,6.40112568264442,B
2159,2,0.938666272908449,4.83721324188662,B
2160,2,0.667175885289908,5.29453750970042,B
2161,2,0.531105271540582,3.78380351718349,B
2162,2,1.82335018645972,6.0322399653179,B
2163,2,0.506355798337609,3.85772196140556,B
2164,2,2.21136433398351,6.16193001887748,B
2165,2,0.879046665038914,4.84301868831502,B
2166,2,2.49848933517933,5.82174611922748,B
2167,2,0.610262678004801,2.52287613513608,B
2168,2,1.04094943637028,4.72326817093475,B
2169,2,1.89825072605163,5.33151503392228,B
2170,2,1.84320810297504,7.98702622435199,B
2171,2,1.86825341917574,5.14068719282626,B
2172,2,1.13541418965906,4.99356044101149,B
2173,2,1.10378247499466,4.39963898196029,B
2174,2,0.565638789441437,4.00561515004276,B
2175,2,1.52141528436914,5.76030579204704,B
2176,2,1.4443856049329,4.97400816090791,B
2177,2,1.47826783591881,4.79922268251626,B
2178,2,0.519137341994792,2.58274046463168,B
2179,2,2.0502716996707,6.22034369540071,B
2180,2,2.07483273930848,6.53247352366322,B
2181,2,0.770290105137974,3.90711714925135,B
2182,2,2.26459883665666,3.94857858711473,B
2183,2,1.9388453066349,5.09515897596422,B
2184,2,1.99311389168724,6.0241031410861,B
2185,2,0.97349142190069,5.10588607779409,B
2186,2,1.22347912890837,2.6245366244242,B
2187,2,2.44087238516659,9.74388268796422,B
2188,2,1.12980529060587,4.78136227493499,B
2189,2,2.13166200276464,7.0096180897627,B
2190,2,2.42183335870504,7.76310354565941,B
2191,2,1.31145656807348,4.65379217637683,B
2192,2,2.42478475393727,7.04108381886724,B
2193,2,1.95806317264214,7.40794070771295,B
2194,2,2.39349827030674,6.27460280457881,B
2195,2,2.32363930204883,5.68061315140588,B
2196,2,1.21200298238546,5.27418105380777,B
2197,2,1.48286061547697,5.82895073143974,B
2198,2,1.19270379142836,4.68519254407517,B
2199,2,0.932561814785004,3.96823901261643,B
2200,2,0.582718744408339,3.21439058425425,B
2201,2,1.31904092058539,6.91382841387767,B
2202,2,2.41721737617627,6.79481834346997,B
2203,2,1.2459665639326,5.06889940747731,B
2204,2,1.42088491376489,4.51389989268438,B
2205,2,1.53199269482866,5.71075869532692,B
2206,2,1.43949681799859,3.44381158642708,B
2207,2,1.43211217550561,5.34936524191648,B
2208,2,0.51303446944803,4.36318258426996,B
2209,2,0.513775209430605,3.38348417829805,B
2210,2,1.39192867325619,5.07217747131757,B
2211,2,0.711894979700446,3.18448155384084,B
2212,2,2.29116840707138,6.56757582594346,B
2213,2,1.75357788568363,3.75120216218158,B
2214,2,0.748189722187817,5.22755255271582,B
2215,2,0.60755271371454,2.96958556058436,B
2216,2,1.8064810661599,6.67070450687523,B
2217,2,1.32246001716703,5.60233306689905,B
2218,2,1.08822255209088,4.0391851680099,B
2219,2,0.50140299089253,4.70778597221655,B
2220,2,0.871907228603959,4.67101072994335,B
2221,2,1.63939352240413,8.06407020351037,B
2222,2,2.21824288181961,8.24397443236439,B
2223,2,1.53738774545491,5.1793500363008,B
2224,2,2.21544489217922,5.82806777693946,B
2225,2,0.983924182131886,2.91922723346396,B
2226,2,2.37677928851917,5.01217821560599,B
2227,2,1.26526462193578,5.79716329775734,B
2228,2,2.2379664410837,7.57079447390254,B
2229,2,2.16472322912887,5.14888041404851,B
2230,2,1.92264887690544,6.60676284408012,B
2231,2,1.52089452976361,3.91352170433015,B
2232,2,1.30223854491487,5.80826415013854,B
2233,2,0.589819668326527,4.71301524957078,B
2234,2,1.93149026995525,9.27381481097692,B
2235,2,0.943854198325425,4.66067993857747,B
2236,2,0.641486690379679,4.36948993026445,B
2237,2,0.781267872545868,2.52694699442888,B
2238,2,1.72245743963867,3.43667691613801,B
2239,2,1.52046621683985,6.00336271113091,B
2240,2,1.87236069701612,5.48737456147006,B
2241,2,1.73276497656479,3.63440515509203,B
2242,2,1.17223525233567,5.06594722805068,B
2243,2,1.12284544436261,4.36234160327831,B
2244,2,1.20746060553938,3.30022092665606,B
2245,2,0.892706350423396,3.06488254319491,B
2246,2,1.54154773196206,6.16730593293591,B
2247,2,2.32551307231188,8.39759178832672,B
2248,2,1.08534601936117,3.92291454250945,B
2249,2,1.00820226455107,4.87397217397457,B
2250,2,2.01006831461564,5.28199182340413,B
2251,2,0.709948035422713,4.38847563730742,B
2252,2,1.6662262850441,5.55376155503122,B
2253,2,1.96591043891385,8.31464939151624,B
2254,2,0.746595471631736,5.86020738861214,B
2255,2,0.761802194174379,5.23390878044808,B
2256,2,1.03924665367231,4.99667438523586,B
2257,2,0.656309361103922,3.11015374092075,B
2258,2,0.652009279467166,4.05857890006299,B
2259,2,2.2607542835176,5.86954087880288,B
2260,2,1.14818266173825,4.11690902812,B
2261,2,2.09474735381082,6.85717590518434,B
2262,2,1.66577836778015,6.15678905652986,B
2263,2,1.05193504458293,5.06573312367333,B
2264,2,2.44210308091715,8.56450270706939,B
2265,2,1.21455811103806,3.50320478481078,B
2266,2,1.14225346175954,4.82361929781638,B
2267,2,1.92294755624607,5.85719334139512,B
2268,2,2.41156917624176,7.16317010309651,B
2269,2,2.12267830176279,6.17964598978581,B
2270,2,1.29435762763023,4.61171937268779,B
2271,2,1.7570212460123,5.37974980851241,B
2272,2,1.90043735131621,5.43753536595369,B
2273,2,1.3174411104992,6.52010705516499,B
2274,2,1.77574576763436,5.02931487369246,B
2275,2,2.09361238405108,3.89823203225748,B
2276,2,2.01636357512325,5.43673867021176,B
2277,2,0.794688042718917,3.77952928078032,B
2278,2,1.96519007300958,7.12263053543691,B
2279,2,2.0617174054496,6.53839014177091,B
2280,2,2.04460055567324,7.28483010595968,B
2281,2,1.13242208631709,4.25863364176743,B
2282,2,1.38724452629685,6.78645389475623,B
2283,2,2.44186078757048,6.33633663895875,B
2284,2,1.30751710012555,4.27309234114632,B
2285,2,1.7464734739624,5.26386242917381,B
2286,2,2.30415605567396,8.46475837533612,B
2287,2,0.790622163563967,4.13261737116043,B
2288,2,1.2018428160809,3.91184325525497,B
2289,2,1.09792697941884,2.66659443468909,B
2290,2,0.997029671445489,5.47326763735125,B
2291,2,1.34593543456867,5.33729630638356,B
2292,2,2.00579109648243,6.17333677166899,B
2293,2,1.26854410301894,4.59385043764556,B
2294,2,1.20477076712996,4.04249179645485,B
2295,2,0.999883604701608,4.01949258486096,B
2296,2,2.17609920492396,5.74418519932723,B
2297,2,0.838664575014263,4.14322822294143,B
2298,2,1.72231076704338,6.89615072231652,B
2299,2,1.74392325663939,5.21138724810556,B
2300,2,2.36978712957352,5.82829299646076,B
2301,2,0.957949225325137,5.61372890692519,B
2302,2,2.47601736802608,5.85999258191893,B
2303,2,1.35584355005994,3.92390484044355,B
2304,2,0.71248238440603,4.58140737442023,B
2305,2,1.63973745563999,5.83672935863443,B
2306,2,0.84468272421509,2.89962468294109,B
2307,2,2.48839082475752,6.86431415671163,B
2308,2,1.89478627452627,5.13679251600484,B
2309,2,1.4934006491676,3.36691338921811,B
2310,2,2.23439303180203,5.13577245880968,B
2311,2,1.53728463500738,5.41724013252591,B
2312,2,1.13723989669234,4.42057197133404,B
2313,2,0.522616241592914,1.18264017858356,B
2314,2,1.92102349502966,6.2657367682161,B
2315,2,1.46090078307316,5.67466393577581,B
2316,2,1.81437512021512,4.22131765612444,B
2317,2,0.820023507345468,3.44041846492577,B
2318,2,1.07377992384136,3.34734748009913,B
2319,2,2.47497418895364,6.8061608333416,B
2320,2,0.675112184137106,5.01201097805344,B
2321,2,1.53771475004032,4.23656178774652,B
2322,2,1.60405868804082,6.57169639120338,B
2323,2,0.981903565116227,3.06363960507454,B
2324,2,1.22899058461189,3.46825835367124,B
2325,2,1.42977126780897,4.65362417755217,B
2326,2,2.3229866172187,5.98213714815802,B
2327,2,2.45065089734271,8.53760759486302,B
2328,2,1.43784255720675,5.60926495084959,B
2329,2,1.70978475920856,4.33857397317124,B
2330,2,2.044766924344,5.26669742939356,B
2331,2,1.44374239165336,5.4997573836259,B
2332,2,0.511768179479986,3.37648271583598,B
2333,2,0.734560805372894,2.37903052219199,B
2334,2,2.46785274753347,8.20121346443455,B
2335,2,2.07966547831893,5.4400132285683,B
2336,2,1.27253740793094,3.36323621272525,B
2337,2,1.2347479374148,5.44849978939632,B
2338,2,0.811214903835207,2.23863921131259,B
2339,2,1.38887389702722,6.08043653088538,B
2340,2,2.04888804769143,5.43583842093088,B
2341,2,1.22908423375338,5.80714699140742,B
2342,2,0.929138631094247,6.5489667986495,B
2343,2,0.778183210641146,3.92460155737091,B
2344,2,0.8375045619905,3.64105495557949,B
2345,2,0.961046498734504,3.62643800388915,B
2346,2,0.758726543746889,2.87014339026502,B
2347,2,1.96483825612813,5.10350252032071,B
2348,2,0.605621299706399,5.57474246077779,B
2349,2,2.45826256927103,7.8302464189147,B
2350,2,1.77131545078009,6.10703339277333,B
2351,2,2.32181836478412,6.57411539682595,B
2352,2,1.60959742125124,6.54441193611132,B
2353,2,1.95619751838967,4.21226408150035,B
2354,2,1.80580163979903,5.43196968651299,B
2355,2,2.41267140209675,8.03883718933929,B
2356,2,1.39653430413455,4.3711178519458,B
2357,2,1.11232289578766,4.16564166514196,B
2358,2,0.807864638511092,4.7566343993298,B
2359,2,0.737323864363134,6.21770648153011,B
2360,2,0.621886613313109,3.03181384398617,B
2361,2,0.718860936351121,5.862330897857,B
2362,2,0.570530350320041,1.23572320910013,B
2363,2,1.95689878612757,5.25169924460006,B
2364,2,0.601619002409279,4.05421488939084,B
2365,2,1.78975982218981,5.71331407492827,B
2366,2,0.671134168282151,3.02371507171473,B
2367,2,0.917059984058142,4.77193141020573,B
2368,2,2.26843540230766,3.82689337010129,B
2369,2,0.971583906561136,3.45158283859181,B
2370,2,0.637702748645097,3.89918430414229,B
2371,2,0.841608829330653,2.66657236945029,B
2372,2,1.38687012437731,3.24149305711889,B
2373,2,2.47751230793074,7.47812533100206,B
2374,2,2.10876728687435,9.95040100984672,B
2375,2,1.19000379974023,3.48875950674175,B
2376,2,0.65760014904663,0.854844191669271,B
2377,2,0.720416620839387,4.95569891791399,B
2378,2,1.78261073119938,4.4739124068624,B
2379,2,1.2789046280086,7.02998847583342,B
2380,2,1.14639896061271,3.78609214648807,B
2381,2,1.6476244465448,4.76672043008533,B
2382,2,1.41455498058349,4.97839503766039,B
2383,2,2.01947513688356,6.70805937839403,B
2384,2,1.94231842644513,6.24825334832207,B
2385,2,0.510419177822769,1.65403378171345,B
2386,2,1.81034460803494,7.7671780713329,B
2387,2,0.672420884948224,6.189233020244,B
2388,2,1.50877724308521,5.59971619029888,B
2389,2,1.2180738709867,5.78732880969688,B
2390,2,1.14267366193235,4.9033054362608,B
2391,2,0.854188609402627,5.67320399752483,B
2392,2,0.740781784057617,3.82424096845599,B
2393,2,0.581068702507764,5.36113995289075,B
2394,2,1.04400792717934,3.6587454282704,B
2395,2,2.35969647718594,5.09448868087901,B
2396,2,1.14480552030727,4.36868166599257,B
2397,2,1.88093054573983,6.32198913484635,B
2398,2,1.62260671006516,5.93295064119753,B
2399,2,0.75312084518373,5.72400618749331,B
2400,2,0.814977497328073,1.94357119888246,B
2401,2,1.87317696074024,5.906746706311,B
2402,2,2.07962501281872,5.26654169286906,B
2403,2,0.889080083463341,5.67502284582957,B
2404,2,0.999278517439961,5.61300486725949,B
2405,2,2.28245880175382,6.54023770042142,B
2406,2,2.43455212889239,8.01172462583588,B
2407,2,1.59217388834804,5.4999396805649,B
2408,2,2.02040014229715,6.21429389897733,B
2409,2,1.48476429656148,5.47046132260238,B
2410,2,2.45782666327432,5.86684943422799,B
2411,2,2.47613564459607,6.89598145436147,B
2412,2,1.23323827469721,3.81906262239742,B
2413,2,2.47934288065881,7.39644468923632,B
2414,2,2.24967881664634,5.4131270278247,B
2415,2,1.50314898975194,5.89432350580897,B
2416,2,2.35915428353474,4.52194164881474,B
2417,2,1.54623641539365,6.74516231747677,B
2418,2,2.37038295110688,7.6105762066806,B
2419,2,0.889063015114516,5.31518143685982,B
2420,2,1.70781921735033,4.43920575033004,B
2421,2,2.04079563962296,5.9973956197163,B
2422,2,1.67469591693953,6.75411570613097,B
2423,2,1.10181533591822,4.23257534053911,B
2424,2,1.30826562829316,5.76935811631735,B
2425,2,0.681143488269299,3.48952867463679,B
2426,2,1.58953837351874,4.38142468165051,B
2427,2,1.70958036137745,6.51937777987967,B
2428,2,1.18728322116658,3.46708235639223,B
2429,2,1.29850806994364,5.46956861212036,B
2430,2,1.37819698499516,6.12406669893074,B
2431,2,1.71476326929405,6.10976623984417,B
2432,2,2.17178130429238,7.62645288282957,B
2433,2,2.47815640596673,8.09528274239258,B
2434,2,1.63273555971682,6.93239385871637,B
2435,2,0.563044300768524,1.81133485013391,B
2436,2,1.31636387202889,6.04735528651324,B
2437,2,1.62013233080506,5.52517035598439,B
2438,2,2.04684635996819,5.915365577429,B
2439,2,0.59942155983299,2.89909293119562,B
2440,2,2.42270259512588,6.74317424850762,B
2441,2,0.710663835518062,4.97419386982197,B
2442,2,2.41587155964226,4.81782059471787,B
2443,2,1.51915909443051,5.60123670555782,B
2444,2,2.04922199714929,6.06113390186509,B
2445,2,2.0652007162571,7.41124159250893,B
2446,2,1.34995802259073,5.4316378242138,B
2447,2,0.542633031494916,2.80386239406148,B
2448,2,2.47514582658187,6.1303530073247,B
2449,2,1.77441498078406,5.02186929859021,B
2450,2,1.19008295796812,4.48977412486073,B
2451,2,1.44870485085994,4.9594193153408,B
2452,2,0.998794838786125,5.25068464835885,B
2453,2,1.79427195247263,6.09093177751202,B
2454,2,1.86504821013659,7.24962312532673,B
2455,2,2.08058451861143,5.96212646957724,B
2456,2,1.97536808112636,7.57916789048847,B
2457,2,1.36163575202227,4.22723988848266,B
2458,2,1.29915531910956,6.59979206577949,B
2459,2,2.26292678900063,8.16864251429202,B
2460,2,1.52837004465982,5.20145375821264,B
2461,2,1.90281009301543,6.00993239085198,B
2462,2,1.28425009222701,4.17440126559948,B
2463,2,2.45617593452334,8.11256237701682,B
2464,2,2.28450729046017,6.984754281809,B
2465,2,1.60038500884548,5.61362419441122,B
2466,2,1.60897631617263,7.34530565048838,B
2467,2,1.96705132024363,4.67917365539304,B
2468,2,1.39479732792825,3.11279796243964,B
2469,2,1.53324714489281,5.60733206217965,B
2470,2,0.914988010656089,4.86838618347758,B
2471,2,2.41211107186973,5.82654722500593,B
2472,2,1.23643848579377,5.0563289826104,B
2473,2,0.952655638568103,6.51989303044351,B
2474,2,1.27089699078351,5.24980899843877,B
2475,2,1.81230194261298,5.49893545066783,B
2476,2,2.30653623072431,7.76687986141277,B
2477,2,0.811643338762224,2.26097223968013,B
2478,2,1.54142711870372,5.33826101888338,B
2479,2,1.98825805494562,4.16308776826211,B
2480,2,1.24505005311221,4.69868946415535,B
2481,2,0.876546100247651,7.11005556999908,B
2482,2,2.11437147762626,7.52530920771028,B
2483,2,1.50264507858083,6.38226412073228,B
2484,2,1.32788727385923,4.08572839148385,B
2485,2,0.778841161634773,5.32856019877649,B
2486,2,1.46447441726923,6.23621103430539,B
2487,2,0.536820540204644,5.30786232226315,B
2488,2,2.39141240250319,7.6428157720305,B
2489,2,0.911743777804077,2.32666764224397,B
2490,2,1.2239802191034,2.52774236056642,B
2491,2,2.15662913722917,7.60075659577941,B
2492,2,1.72667207103223,6.08580288155612,B
2493,2,2.48195714922622,5.90734881099449,B
2494,2,1.4967589029111,7.80866088340483,B
2495,2,2.20779483160004,8.17340707796194,B
2496,2,1.71435416769236,3.86861753448687,B
2497,2,2.44349911762401,7.70595330813119,B
2498,2,1.07589799026027,3.48211033537601,B
2499,2,1.65591282909736,5.16536833748677,B
2500,2,1.7506814179942,6.61918205019336,B
2501,2,1.13935429276899,5.17087465358802,B
2502,2,1.63392677204683,4.43524217878907,B
2503,2,1.19023516541347,7.21294032667922,B
2504,2,1.77018996188417,4.60195064442827,B
2505,2,1.88695262279361,5.03178700674239,B
2506,2,2.20295002451167,7.24848082621377,B
2507,2,1.98702252982184,4.31925906016585,B
2508,2,2.35102251078934,8.52071087898198,B
2509,2,0.707278312183917,4.22420259585982,B
2510,2,1.96241843653843,7.04975578293501,B
2511,2,2.0109211509116,6.38765808172511,B
2512,2,1.12712841946632,4.23356472986263,B
2513,2,0.919662412721664,4.28269398748343,B
2514,2,1.53574585402384,4.91051937321701,B
2515,2,2.47441014740616,7.11444884013187,B
2516,2,2.18711950490251,7.38999691319131,B
2517,2,1.09524280624464,3.36780068927748,B
2518,2,0.517952134367079,4.13358969338007,B
2519,2,1.05276415124536,5.02603135454613,B
2520,2,1.2204012721777,6.50086114023202,B
2521,2,1.58703829534352,7.44598753915814,B
2522,2,1.3074522074312,5.11205337563631,B
2523,2,0.56175479805097,2.00781801722359,B
2524,2,2.17692109011114,6.31565289982719,B
2525,2,1.53871088288724,7.32392127466018,B
2526,2,2.47438952093944,8.03542544217563,B
2527,2,1.57029365608469,5.58516671272151,B
2528,2,1.66490185959265,4.48775949393408,B
2529,2,2.33313694875687,8.01865074578894,B
2530,2,0.963295113295317,4.78386835673471,B
2531,2,1.91689966013655,6.03282008355625,B
2532,2,2.39589708764106,5.23163087800071,B
2533,2,2.45505415508524,4.65115314602271,B
2534,2,1.20121551398188,5.67416455793365,B
2535,2,1.27130221389234,3.92149488170879,B
2536,2,1.78327516652644,7.55940651836785,B
2537,2,1.55255288816988,4.71942425610778,B
2538,2,1.31765472330153,3.3639327267534,B
2539,2,1.60548450658098,5.84172856589508,B
2540,2,2.35062262136489,7.41751322865778,B
2541,2,1.14508186653256,3.92671059540949,B
2542,2,1.39478908991441,5.62966689449074,B
2543,2,0.834228582214564,4.65009609755083,B
2544,2,2.44263505609706,5.732805818266,B
2545,2,0.656519690062851,3.41410316579895,B
2546,2,2.21369939809665,6.85418325914682,B
2547,2,1.87315505044535,9.00131462801334,B
2548,2,0.998564281500876,5.63203159081894,B
2549,2,0.661111859604716,4.90742884614226,B
2550,2,1.42049747193232,5.7336041805582,B
2551,2,2.47415459388867,5.92382498542435,B
2552,2,1.75756469462067,5.95854513385389,B
2553,2,2.30902604898438,6.03592286397678,B
2554,2,2.17993960203603,5.84525931600708,B
2555,2,1.07589380722493,4.31219271554688,B
2556,2,1.7990187574178,5.86251512910753,B
2557,2,0.776721361558884,5.43775339372585,B
2558,2,1.79449300514534,4.59992160729866,B
2559,2,2.44855084549636,7.39747514661043,B
2560,2,0.682054648175836,3.39389333915051,B
2561,2,1.36645880481228,6.11637106702461,B
2562,2,2.0880502415821,5.1994796787638,B
2563,2,2.00217104749754,4.8051272583896,B
2564,2,0.680914644151926,4.91440373289125,B
2565,2,1.86328458460048,5.89021934974686,B
2566,2,0.546464543323964,5.18726530520171,B
2567,2,0.966230300720781,4.75338209377955,B
2568,2,1.95966708147898,7.31365912106518,B
2569,2,1.50215766672045,6.55680580954263,B
2570,2,1.52938924729824,4.42074738878523,B
2571,2,1.23542456142604,3.94600821430378,B
2572,2,2.08810277050361,6.82798263787276,B
2573,2,0.808062685653567,4.15850799866522,B
2574,2,0.935687411576509,3.7130472301506,B
2575,2,0.522478457540274,3.9279223035057,B
2576,2,2.16982176480815,5.47080023093817,B
2577,2,1.63475443143398,5.64143932671143,B
2578,2,0.868948922492564,3.15129659022937,B
2579,2,0.616719034966081,4.24087950923658,B
2580,2,1.18215162912384,5.29445905050917,B
2581,2,0.566562968771905,4.09871145797661,B
2582,2,1.27392338262871,4.16683436336385,B
2583,2,1.65218079462647,5.77710192127496,B
2584,2,1.60685826325789,2.81817290870552,B
2585,2,2.45841242093593,8.63842985314377,B
2586,2,1.66478930832818,5.9094038717509,B
2587,2,1.06872274307534,5.69815264239996,B
2588,2,2.01474890392274,6.2351794409751,B
2589,2,2.06186267873272,8.2361006591444,B
2590,2,0.509693194646388,4.83317498652881,B
2591,2,2.04503730777651,6.74272467931134,B
2592,2,1.58549496158957,5.53650798544416,B
2593,2,2.49329817295074,7.73662745673611,B
2594,2,1.11858976585791,5.72827702292814,B
2595,2,2.12561549432576,5.90037305634117,B
2596,2,1.13741535693407,5.15476897131353,B
2597,2,0.588115632068366,3.63417535769902,B
2598,2,1.71464032540098,2.62909713502721,B
2599,2,1.48518020706251,5.31665707388474,B
2600,2,2.39864031923935,5.89534172286049,B
2601,2,1.24880861490965,2.63738200620356,B
2602,2,1.72130491072312,5.07377030395786,B
2603,2,2.24641621019691,5.65578280376947,B
2604,2,2.08845067257062,7.407406734506,B
2605,2,0.693512741476297,4.02201811331005,B
2606,2,1.85233977716416,7.70837464450921,B
2607,2,1.35771652916446,4.75942816620413,B
2608,2,1.54855954321101,4.08478636485649,B
2609,2,2.44284414174035,8.20366460123579,B
2610,2,1.59564986918122,3.36824325638143,B
2611,2,1.36934101162478,6.56985637077799,B
2612,2,1.36910506617278,5.56216030516295,B
2613,2,1.46190193621442,3.808552576302,B
2614,2,0.906403869390488,5.73132587453839,B
2615,2,1.19512262707576,5.24443807820074,B
2616,2,1.99395703151822,7.997572147142,B
2617,2,1.69480517180637,6.14232866227025,B
2618,2,1.3881782819517,4.83598081323061,B
2619,2,0.624628374818713,3.31774403258149,B
2620,2,0.54655791958794,2.91630063418783,B
2621,2,2.20830088155344,4.2702495827023,B
2622,2,2.322711662855,6.66397132881524,B
2623,2,1.3752890820615,7.02937897695304,B
2624,2,1.66049793735147,6.66456484003292,B
2625,2,1.54496825579554,6.22570368635008,B
2626,2,1.73802271205932,5.98487177424,B
2627,2,0.791474675294012,4.38782220750485,B
2628,2,0.911132651381195,3.41684931362128,B
2629,2,2.17376823211089,5.02681224894432,B
2630,2,2.44548788713291,6.77003688502796,B
2631,2,1.35814626188949,6.08347290164989,B
2632,2,2.05468447785825,7.31376563927607,B
2633,2,2.07706594653428,4.37329512056123,B
2634,2,1.18610225245357,5.15494377495806,B
2635,2,2.30854121223092,9.3780773618605,B
2636,2,2.03891038242728,7.69709094538806,B
2637,2,1.76404825691134,5.77680871280614,B
2638,2,1.58078184816986,5.53725188298452,B
2639,2,1.32457047980279,3.50220128105797,B
2640,2,2.02367266872898,6.00016797176288,B
2641,2,0.892006793059409,3.14050240936606,B
2642,2,2.04458895511925,7.78709733475551,B
2643,2,1.74388700537384,6.13480323627236,B
2644,2,0.56531542353332,5.51127851314088,B
2645,2,2.25154859386384,7.67258182085693,B
2646,2,1.38577874610201,3.64996256976164,B
2647,2,0.673489074688405,2.51982750280319,B
2648,2,2.48242736933753,8.4310133034452,B
2649,2,1.70696551352739,7.13968133255092,B
2650,2,1.92139524081722,5.21691219805093,B
2651,2,1.50924655469134,6.22168908582341,B
2652,2,1.85849593160674,5.44578885776975,B
2653,2,1.01115772919729,2.55984937533167,B
2654,2,2.39911925513297,7.86946985258111,B
2655,2,2.04844280565158,5.49584623338626,B
2656,2,1.49460676684976,5.99941924159574,B
2657,2,2.19802053365856,7.30706358602463,B
2658,2,2.30580560024828,7.77609647556148,B
2659,2,0.842355805449188,4.01283121192973,B
2660,2,1.98098593065515,7.57448306468789,B
2661,2,0.936063310597092,4.37357580599806,B
2662,2,1.26451799366623,4.74594770003508,B
2663,2,1.88250889908522,4.85459450085635,B
2664,2,1.68216465786099,4.45341080535343,B
2665,2,1.03475334076211,4.22029025195864,B
2666,2,2.11442104447633,6.25671219909105,B
2667,2,2.43801731709391,6.36043267332565,B
2668,2,0.719658536370844,5.1389825357454,B
2669,2,1.11934589315206,4.27770124215523,B
2670,2,0.864190818741918,4.07724254025701,B
2671,2,2.35801596520469,6.58230660951683,B
2672,2,1.98361768387258,7.06090359465361,B
2673,2,1.39706487162039,5.88823628881913,B
2674,2,2.31043691793457,6.83223774128367,B
2675,2,1.15512119280174,4.27014111991135,B
2676,2,0.965177406556904,3.77484613973248,B
2677,2,2.03652571886778,6.14563484558116,B
2678,2,1.78086026152596,7.39352984712947,B
2679,2,0.861768529284746,3.89635637572239,B
2680,2,1.97780004143715,5.67246677527846,B
2681,2,1.86577659286559,4.95468078181767,B
2682,2,1.67938726814464,4.92710701480813,B
2683,2,2.4059985508211,8.00057654311349,B
2684,2,1.46047972375527,4.64908456205491,B
2685,2,2.0966288568452,6.57629892733072,B
2686,2,0.605299196206033,6.35356677145435,B
2687,2,0.904798910487443,4.00307976219822,B
2688,2,1.09303307300434,4.54791229276822,B
2689,2,1.41328977141529,5.98600179373799,B
2690,2,0.789742012042552,6.33598280759733,B
2691,2,2.13541988749057,4.17742304533198,B
2692,2,0.811136691831052,4.64666039718875,B
2693,2,0.683034577872604,2.43555001106695,B
2694,2,2.21442035026848,5.56864510976631,B
2695,2,1.64237695466727,6.06853673775476,B
2696,2,2.18630918953568,8.54621150995467,B
2697,2,1.46887460304424,5.28349891290752,B
2698,2,2.43040379788727,6.52612196191289,B
2699,2,1.34240223607048,4.62068756263439,B
2700,2,1.72864424390718,5.46960980480641,B
2701,2,0.630116014741361,4.40209077445249,B
2702,2,1.13481872715056,3.65414971152523,B
2703,2,1.95187137881294,5.67393940999568,B
2704,2,1.84617752069607,6.51485309349005,B
2705,2,2.36173065565527,6.08818962418573,B
2706,2,1.49283506767824,5.56680315502877,B
2707,2,2.47019978286698,8.70253120164354,B
2708,2,1.51634480711073,4.54786946369239,B
2709,2,0.609251203481108,3.09017032864531,B
2710,2,1.01053778640926,3.86458392360111,B
2711,2,0.744296290446073,4.40598727766823,B
2712,2,0.681303837802261,3.30087360040315,B
2713,2,0.606256027705967,3.51048275908215,B
2714,2,1.71009247144684,4.65281241729969,B
2715,2,2.34833764797077,5.98588332506323,B
2716,2,0.556261360179633,3.1410031022055,B
2717,2,1.25847742380574,4.70643480719292,B
2718,2,1.29518505185843,5.03453220630515,B
2719,2,1.9462541975081,5.16521540296552,B
2720,2,2.39324150141329,6.37043482342619,B
2721,2,1.77667425759137,4.76620595236236,B
2722,2,0.787737934850156,2.37719343356199,B
2723,2,0.861717456486076,4.42612009827378,B
2724,2,0.995226054918021,5.79277756081941,B
2725,2,1.37960189115256,4.85736365457139,B
2726,2,1.20648692687973,3.85922697785624,B
2727,2,1.03120014956221,3.85137350356153,B
2728,2,0.902541019022465,6.52237808971154,B
2729,2,1.22544541675597,3.34640329917028,B
2730,2,0.739983099978417,2.81172814766685,B
2731,2,1.05349895264953,3.23197513190727,B
2732,2,1.25526200886816,3.76276679231579,B
2733,2,1.62890149280429,5.59892300263631,B
2734,2,2.40888680750504,6.53618045530494,B
2735,2,1.6712769116275,5.56446873616743,B
2736,2,0.770766228903085,5.27964958646912,B
2737,2,1.52985500870273,6.21111134391527,B
2738,2,1.74243728397414,6.29434416747927,B
2739,2,2.38803917448968,7.99658512502114,B
2740,2,1.58554070116952,6.49613090195403,B
2741,2,2.2761090551503,6.0293699328584,B
2742,2,0.645675329957157,2.78791217393484,B
2743,2,1.54568141279742,4.08651172897634,B
2744,2,1.86289226356894,6.28906615857855,B
2745,2,0.692669935058802,3.51245570607921,B
2746,2,1.8946042326279,4.59421237195482,B
2747,2,1.97279517678544,7.66567375199739,B
2748,2,1.68984902231023,5.65440380929057,B
2749,2,2.05239613493904,6.61642437385478,B
2750,2,0.709275059401989,5.81399011444171,B
2751,2,2.10807100869715,7.92170389760172,B
2752,2,1.90952455066144,6.52522833119367,B
2753,2,1.42566272383556,4.2022815973485,B
2754,2,1.71800574101508,4.41356583241065,B
2755,2,1.39194227522239,6.01142701437506,B
2756,2,1.79489197861403,6.62067334670234,B
2757,2,0.775406209286302,3.35076779337842,B
2758,2,1.66589108901098,4.96589146271178,B
2759,2,1.41621608380228,4.1350392770246,B
2760,2,2.37883684365079,7.62814208175547,B
2761,2,2.08160115499049,6.89150903793254,B
2762,2,2.35943393129855,8.2446705049767,B
2763,2,0.903710198588669,3.43423964460754,B
2764,2,2.40042198309675,6.64868863903365,B
2765,2,1.32847430976108,5.55297455489565,B
2766,2,1.04486642545089,5.26040861054448,B
2767,2,2.40496901795268,7.90613832939484,B
2768,2,0.987233290914446,4.63801453820512,B
2769,2,1.08028340246528,3.8634688398449,B
2770,2,0.57951013604179,3.94374707340222,B
2771,2,2.01406180718914,6.95784772545209,B
2772,2,1.13874148391187,5.32828410969376,B
2773,2,0.864873065147549,6.02404361031079,B
2774,2,0.908148750197142,6.18908711668564,B
2775,2,1.36971953231841,7.27629872547596,B
2776,2,1.76230380544439,5.66996883753022,B
2777,2,0.901717041153461,3.11688786963896,B
2778,2,1.15199521463364,4.6947318646428,B
2779,2,0.799773442558944,5.11004919691875,B
2780,2,1.2553720055148,4.83415998943273,B
2781,2,1.50526177696884,4.99811838266327,B
2782,2,1.88475724495947,6.48142924762761,B
2783,2,1.88899697270244,7.23552231393293,B
2784,2,1.94230797654018,6.79766167266088,B
2785,2,1.70951151009649,5.98696060668057,B
2786,2,1.40643692808226,2.83302845924747,B
2787,2,0.745565824676305,3.43193698653785,B
2788,2,0.901791458018124,6.29740466569236,B
2789,2,2.44867355609313,7.47969858473572,B
2790,2,1.47170551586896,6.18410129673209,B
2791,2,0.823285887949169,4.42624009568441,B
2792,2,1.98731390107423,7.14487711373281,B
2793,2,1.23427214799449,4.2978477765338,B
2794,2,0.902377500198781,3.15141963363404,B
2795,2,2.37961286352947,7.06152100337573,B
2796,2,2.4776415429078,6.33435884901308,B
2797,2,1.03132195258513,5.42690747737679,B
2798,2,1.02461600117385,4.57146628954358,B
2799,2,1.04464711248875,3.58045933532084,B
2800,2,2.49073948618025,5.40579310702802,B
2801,2,1.00318549247459,2.63946344694402,B
2802,2,1.31287285871804,7.43193841335982,B
2803,2,1.70152095844969,5.15681724017801,B
2804,2,1.10547807114199,5.48086348091635,B
2805,2,1.77697017695755,4.01362584878063,B
2806,2,1.43520606262609,3.79588489137943,B
2807,2,1.88968861568719,4.5162533897614,B
2808,2,0.796612481586635,3.22522666639572,B
2809,2,1.81918163597584,4.72961514540062,B
2810,2,1.02973981527612,4.0878755270456,B
2811,2,1.89335720753297,5.94228909941112,B
2812,2,1.99199082423002,6.07325230831509,B
2813,2,0.516721130814403,2.31523545781461,B
2814,2,1.30570085393265,2.37023974386432,B
2815,2,0.754341242369264,5.09679030396456,B
2816,2,2.29855905240402,6.48795249052406,B
2817,2,0.8425501906313,4.54490761823371,B
2818,2,1.02509079687297,2.85854426120167,B
2819,2,2.25016872445121,6.96944601190727,B
2820,2,2.12951301550493,7.33082756359477,B
2821,2,2.42763053905219,5.34133069385816,B
2822,2,1.20624319603667,7.94352596827956,B
2823,2,0.707709582522512,3.40764323054116,B
2824,2,0.751732609700412,2.87315308240835,B
2825,2,0.815361310727894,4.23141824371572,B
2826,2,1.11083221063018,7.54382987477776,B
2827,2,2.21859545493498,6.54524413456637,B
2828,2,0.719097506254911,3.93481004254641,B
2829,2,1.43841898301616,4.43930547111765,B
2830,2,1.80255562439561,3.67187155028759,B
2831,2,1.73911446891725,4.13341791124366,B
2832,2,1.96881900820881,4.5708351037223,B
2833,2,1.12317114509642,4.55648017408081,B
2834,2,1.1837288714014,3.17309544416318,B
2835,2,1.09559503663331,5.31764138705856,B
2836,2,0.837987828999758,4.24702156405274,B
2837,2,1.36384224332869,6.96687795814314,B
2838,2,1.91270812461153,5.4916265931125,B
2839,2,1.12934603868052,3.08230234043579,B
2840,2,1.35835135029629,5.65225462851876,B
2841,2,1.09705365030095,4.97691332979896,B
2842,2,2.27772482531145,6.18597505451519,B
2843,2,2.24650240177289,6.55662196004768,B
2844,2,1.50253813434392,5.49383165209978,B
2845,2,0.981232910882682,5.38849276081322,B
2846,2,1.17847804166377,3.99513971470093,B
2847,2,0.729483804199845,4.2351535665617,B
2848,2,2.045245943591,5.90777662419656,B
2849,2,2.41122293425724,8.50946733260573,B
2850,2,0.582930424716324,5.56650976479181,B
2851,2,1.0016240440309,4.85459830673642,B
2852,2,2.32647606311366,6.66152749799775,B
2853,2,0.634095943532884,1.09261608945738,B
2854,2,1.88507844367996,6.5639139666909,B
2855,2,0.606583670713008,3.43348302136646,B
2856,2,1.67840957222506,5.6066854773674,B
2857,2,1.554909018334,5.91179879502584,B
2858,2,2.41090629994869,6.09454586823585,B
2859,2,1.30704101221636,5.40056945067092,B
2860,2,1.44756726827472,4.80519794363745,B
2861,2,2.43706923630089,7.20489280182303,B
2862,2,1.13831786811352,4.39295428904223,B
2863,2,1.30331941787153,5.6278585271026,B
2864,2,0.862346006091684,3.67143887774679,B
2865,2,0.535938345827162,5.86968423610376,B
2866,2,0.761212130542845,3.97948435703509,B
2867,2,1.88486035773531,5.29929902704902,B
2868,2,2.37349965889007,5.03020660570051,B
2869,2,2.20638013258576,7.70903599100106,B
2870,2,1.97342594107613,5.51125553957076,B
2871,2,1.20223946915939,5.04625942663856,B
2872,2,1.13618003996089,4.34424113122425,B
2873,2,1.04875114932656,4.76088027021827,B
2874,2,1.21974779758602,4.767048830435,B
2875,2,0.50224972050637,2.81502467552516,B
2876,2,0.879923149012029,6.14700247578413,B
2877,2,1.4210182861425,1.96343266581349,B
2878,2,0.845086569432169,4.00339825757623,B
2879,2,1.44221219979227,6.02762794074921,B
2880,2,0.604993095621467,1.55530932203551,B
2881,2,0.951535076834261,4.94079696112812,B
2882,2,1.15286592254415,3.41834211292936,B
2883,2,1.63212887849659,5.78388760404498,B
2884,2,1.1753742210567,5.13014415180646,B
2885,2,0.910359128378332,3.77094080082979,B
2886,2,1.54983586538583,8.99294694564057,B
2887,2,1.10898537468165,4.90831261563321,B
2888,2,2.23514032782987,6.14984426988078,B
2889,2,0.804835524875671,4.50038566889052,B
2890,2,1.10798490885645,3.71214488891342,B
2891,2,0.752826456446201,1.90445283845378,B
2892,2,0.929160464555025,3.95369200895573,B
2893,2,0.919135074131191,5.09873223012458,B
2894,2,0.958307100925595,4.62981138372078,B
2895,2,1.99705316824839,6.06815285725758,B
2896,2,0.558047645259649,4.65332059822376,B
2897,2,2.13084139954299,6.1247786473986,B
2898,2,1.79680200619623,3.65718439054677,B
2899,2,0.98386509809643,2.98483427810154,B
2900,2,1.18164904415607,4.69316324811746,B
2901,2,1.21684660296887,5.19540933307956,B
2902,2,1.19008943066001,3.84136486420009,B
2903,2,2.08551016496494,6.13571344996329,B
2904,2,0.647819285281003,3.31474135898866,B
2905,2,1.42667970387265,5.28706102662245,B
2906,2,1.26760310027748,3.55069571899842,B
2907,2,0.70570144476369,3.30267872329478,B
2908,2,1.24744155909866,5.66293703654243,B
2909,2,0.593070102855563,4.43608920038795,B
2910,2,2.2963646822609,7.62374217477699,B
2911,2,2.2377069410868,5.56894687539715,B
2912,2,1.48609058139846,3.91632943881966,B
2913,2,1.54275859473273,6.33742394878263,B
2914,2,1.33153759222478,4.73447553427024,B
2915,2,1.1311714919284,4.70554028030038,B
2916,2,2.33798570698127,7.21401421105089,B
2917,2,0.932733645197004,4.38315520769279,B
2918,2,1.2596893585287,5.5733672781282,B
2919,2,1.41991345770657,6.78017686161007,B
2920,2,2.35275042662397,7.93597921157553,B
2921,2,2.30299402633682,7.22479110498273,B
2922,2,0.705765758175403,4.2422052809959,B
2923,2,0.746141800656915,3.85169864103487,B
2924,2,1.18847059039399,3.9844281412524,B
2925,2,1.29240980418399,3.89166234284065,B
2926,2,2.30702271452174,7.90666650643299,B
2927,2,2.2580277537927,6.89757792672366,B
2928,2,1.54534808080643,5.97669874540697,B
2929,2,0.874927308876067,6.57980767191033,B
2930,2,0.705206750892103,2.20133674887166,B
2931,2,0.675621896516532,2.00799346023509,B
2932,2,1.31410292116925,5.5498327590355,B
2933,2,2.03385427594185,5.3003461811646,B
2934,2,1.89773280220106,5.15369385955062,B
2935,2,1.32975948043168,5.91881790592592,B
2936,2,1.85237452946603,4.81173359918331,B
2937,2,1.92558698635548,6.75463850287111,B
2938,2,0.914977631531656,6.12656051019946,B
2939,2,2.2075182646513,6.99831842387502,B
2940,2,0.616520196665078,4.11706360221005,B
2941,2,1.51444943482056,4.59728632308203,B
2942,2,0.968929157592356,3.26742471187112,B
2943,2,1.52314770175144,6.03212919233769,B
2944,2,1.51444900035858,4.53291614163174,B
2945,2,2.4157517105341,4.99662904224278,B
2946,2,1.07321529090405,4.79233374881535,B
2947,2,1.85174707463011,7.92257734548039,B
2948,2,1.93795824237168,8.36679529868048,B
2949,2,1.59074196638539,5.75185092570812,B
2950,2,0.529297195374966,4.32022742442015,B
2951,2,0.539451199583709,2.74608491810409,B
2952,2,0.54388876631856,4.41473556161241,B
2953,2,1.96578913461417,6.70198613212337,B
2954,2,2.07079923246056,6.28492215409941,B
2955,2,2.14728616736829,7.59625660993993,B
2956,2,0.567345165181905,2.15544114298219,B
2957,2,2.41663230024278,8.20072271872158,B
2958,2,1.8625239036046,4.70351900231185,B
2959,2,0.954083250369877,6.98605167049758,B
2960,2,1.10969566646963,4.14438957191592,B
2961,2,0.855916531290859,4.4627834991857,B
2962,2,2.2798480684869,7.16548130620809,B
2963,2,1.2569856713526,3.6823006451965,B
2964,2,2.3096670107916,6.71795213749064,B
2965,2,1.2475896794349,4.19043390558419,B
2966,2,2.46930213551968,4.91652701458815,B
2967,2,1.52593762520701,6.08780090196233,B
2968,2,1.63108932971954,5.77543090747047,B
2969,2,2.23163486272097,7.85897055729815,B
2970,2,1.11204791394994,4.8757246790953,B
2971,2,1.16790066612884,1.53720735312227,B
2972,2,1.4007565882057,2.17809264742941,B
2973,2,1.56147850072011,7.09882609708983,B
2974,2,1.73462306521833,3.94723105868609,B
2975,2,1.08240620046854,6.50733948546303,B
2976,2,1.71763803390786,4.68326750528181,B
2977,2,0.955221025738865,2.94340114405118,B
2978,2,1.05545534798875,3.5955103025157,B
2979,2,1.22194485319778,4.23696111559178,B
2980,2,0.766815750859678,3.67151628324905,B
2981,2,1.74263587640598,6.13382892025092,B
2982,2,1.43695020675659,6.96586825103279,B
2983,2,1.71674290951341,5.9834669701549,B
2984,2,1.81282847234979,6.33218556002785,B
2985,2,0.523037754464895,3.98957358494102,B
2986,2,2.07048719190061,7.00396997784642,B
2987,2,2.38072111224756,6.54602648647472,B
2988,2,1.72996723232791,7.10589042500221,B
2989,2,2.01461215410382,7.2137607602717,B
2990,2,0.606618393212557,3.52468134274732,B
2991,2,0.746171720791608,5.29430992072653,B
2992,2,0.944568606093526,5.74762097515419,B
2993,2,1.05822982499376,5.62172237498057,B
2994,2,1.94655640004203,6.50466891707617,B
2995,2,2.1278838836588,9.07914416507538,B
2996,2,1.7159420424141,7.43517134945461,B
2997,2,2.19382298411801,5.90901158247037,B
2998,2,0.819712998345494,4.74092472784432,B
2999,2,1.57749468646944,2.76692165990902,B
3000,2,1.16589583875611,5.37237407650733,B
