"HISEI","HOMEPOS","IMMIG","GRADE","GENDER","MATH","W"
79.05,1.1179,1,0,0,556.5881,485.2478
73.91,0.7983,1,0,0,467.7695,1340.507
82.41,1.1761,1,0,0,680.1402,588.8771
24.98,-0.9389,1,0,1,454.1142,939.5268
16.5,0.2333,1,1,1,501.8817,944.3411
85.85,0.4713,2,0,1,366.1656,996.4446
80.78,-0.0387,1,0,0,334.3003,604.3597
70.5,0.2929,3,0,1,458.0844,557.7143
73.91,1.1559,1,1,1,497.3678,950.8541
70.89,0.6069,1,0,0,530.8892,651.4933
75.43,-1.4421,1,0,0,519.5056,720.4376
33.76,0.4548,1,0,1,431.8513,528.525
35.34,0.0469,1,0,1,381.8917,870.0235
54.54,1.5405,1,0,0,600.8072,673.3137
23.8,0.4742,1,0,1,447.242,830.9162
74.79,0.0357,1,0,1,482.2625,996.4446
71.39,-1.5782,1,1,1,390.3768,674.9638
57,0.9888,1,1,1,517.2126,524.0713
59.76,0.1191,1,0,1,538.8074,1750.147
56,-0.1685,1,0,1,389.8965,773.6328
60.29,0.3076,1,0,0,582.6208,785.0401
62.13,2.0364,1,0,1,454.0233,956.2035
25.2,0.2158,1,0,1,536.8,1060.04
43.85,-0.3239,3,0,1,557.7258,423.6999
70.34,0.4712,1,0,0,482.7586,1134.426
33.76,-0.7803,2,0,0,473.5185,474.3981
57,-0.831,1,0,0,566.0335,425.6052
73.91,1.6192,1,0,1,652.1427,508.8072
80.78,0.8726,1,0,0,652.1068,725.3383
75.13,1.1777,1,0,0,423.9135,752.9022
60.29,0.5041,1,0,0,550.4025,588.8771
62.13,0.2539,1,0,1,402.2695,684.6931
66.42,-1.217,1,-1,1,349.9526,414.1503
78.17,2.1031,2,0,1,374.9775,765.5425
29.16,-0.1685,2,0,0,487.8477,794.8265
62.39,1.4669,1,-1,0,514.0609,861.4836
62.39,0.3289,2,1,1,550.5553,871.0948
26.85,-0.4278,1,-1,1,337.2469,726.7811
70.89,-0.1692,1,0,1,523.9562,943.1797
76.65,-0.0907,1,0,0,502.1353,604.522
70.34,0.2489,2,0,0,512.5953,474.3981
21.64,-0.172,1,1,1,465.0835,869.3854
59.35,0.3313,1,0,1,486.8949,696.46
81.92,0.0299,1,1,1,454.962,1041.677
79.74,-0.3347,1,0,1,381.8835,557.7143
72.27,2.1297,1,0,0,427.0868,1432.356
82.41,0.5793,1,0,1,494.1139,717.3659
88.31,-0.8217,1,0,0,380.1213,660.8248
85.41,-0.1914,2,0,1,545.6353,2282.984
73.91,1.6343,1,0,1,669.9198,867.9743
42.3,-0.7442,1,0,0,396.3065,777.3291
68.7,-0.3147,1,0,1,452.6593,943.1797
30.9,-1.0569,2,0,0,556.1254,536.1598
76.65,1.3152,1,0,1,394.7913,586.0391
65.01,-0.3792,1,0,1,464.0062,487.9839
50.15,-1.1769,2,0,0,508.7103,1012.469
60.29,-0.226,1,0,0,422.5535,869.9329
36.35,-0.0864,2,0,1,391.775,1048.346
58.07,1.2429,1,0,0,280.062,652.9312
68.7,0.0303,1,0,1,470.6594,700.9747
17.55,-0.5418,2,0,0,609.9345,638.0784
11.56,-0.6943,2,0,0,234.2716,561.7039
30.78,0.1516,1,0,1,407.17,1792.216
74.66,-0.3162,1,-1,0,339.7251,410.2264
76.65,1.1109,1,0,1,484.2392,1014.635
88.7,1.3736,1,0,0,457.9727,823.1585
51.5,-0.724,2,2,1,443.8636,1072.886
81.13,-0.0074,2,0,0,512.6767,720.4376
82.41,2.9528,1,0,1,508.5649,584.2659
70.34,0.8349,1,0,0,497.2479,1432.356
28.48,0.7327,1,0,1,661.7053,603.1797
17.69,0.2471,1,-1,1,371.3933,773.6328
15.35,-0.7713,1,0,0,428.2771,752.9022
16.5,0.7593,1,0,1,511.6206,584.2659
35.34,-0.2741,2,0,0,410.4402,707.707
68.7,-0.1331,3,1,1,504.0042,783.1994
26.62,-0.146,2,0,0,353.8507,961.7906
65.42,1.1404,1,0,0,563.1059,673.3137
70.5,0.3799,1,1,1,520.4528,604.835
43.85,-0.2443,2,0,1,391.1327,875.2265
82.31,-0.0243,2,1,0,516.1847,678.1436
25.95,-0.4813,1,0,1,306.3067,817.0923
26.64,-2.1859,1,0,0,319.178,924.7837
82.41,-0.0504,1,0,1,472.5437,727.1103
71.39,-0.1521,3,0,0,378.3641,363.2123
68.88,-1.2657,3,0,1,323.5389,583.2306
52.72,-1.0957,1,0,1,317.8759,1000.093
30.78,0.6275,1,0,1,445.8494,1016.773
78.76,0.7872,1,0,0,495.0515,528.1723
39.02,2.1831,1,0,1,343.8406,487.9839
30.9,-0.879,1,0,1,412.625,552.1778
65.42,0.0529,1,0,0,352.7688,567.7518
65.01,0.1587,1,0,1,321.6396,656.2566
33.76,-1.0441,2,1,0,520.4801,705.983
44.14,-1.3415,2,0,1,484.949,561.7039
68.7,0.5404,1,0,1,462.5786,618.4042
17,0.2839,1,0,1,372.6551,536.2502
53.15,-0.1406,1,1,1,511.7745,589.8126
53.77,0.8311,1,0,1,507.5709,882.8742
20.91,-0.0104,1,0,1,417.2904,684.1351
43.33,-0.2712,1,0,0,532.485,1022.545
31.08,-0.0745,3,0,1,582.9083,720.7121
65.42,0.9641,1,1,0,511.5706,613.165
59.89,-1.2074,1,0,0,260.7083,1217.909
62.45,0.5965,1,0,0,512.2849,975.3854
65.01,-0.403,1,0,0,435.8882,604.522
82.41,0.9525,1,0,0,621.833,664.854
30.78,-2.5663,1,0,1,318.1635,536.2502
79.74,-0.0694,1,0,1,423.9474,752.6869
29.73,-0.7504,1,0,1,478.602,832.8345
35.34,0.2285,2,1,1,508.4514,992.2847
27.52,-0.3466,1,0,0,301.6098,549.6742
75.43,-0.7463,3,0,0,371.3315,425.6052
73.38,2.2908,3,0,0,574.2129,973.4936
74.66,1.1346,2,0,0,519.2551,884.0386
30.9,-0.0523,1,0,1,329.1635,739.4062
82.41,0.887,1,0,0,470.1292,1302.116
30.34,-0.4717,1,0,1,493.0254,726.7811
78.69,1.1341,1,0,0,491.2513,1262.969
81.92,2.3979,1,1,1,607.5867,945.6467
65.01,-0.3213,1,0,0,618.4697,1302.116
82.41,1.1557,1,0,0,497.144,652.9312
68.7,0.6062,1,0,0,599.64,634.1043
53.15,0.8289,1,0,1,540.9549,728.2187
76.49,0.111,1,0,1,471.4483,765.5425
27.52,-0.2818,1,0,0,356.5558,528.1723
28.52,0.2477,1,0,1,349.4509,683.6347
28.48,-0.9141,1,0,0,426.0197,507.4979
40.54,0.8185,1,0,0,365.0086,913.581
32.67,-0.6824,1,0,1,364.4822,1743.588
31.08,0.0509,2,0,0,484.3821,1432.356
68.7,0.5877,1,0,0,480.6235,855.1688
44.92,0.8717,1,1,1,476.6229,1313.755
68.7,8e-04,1,0,1,386.6942,726.7811
21.96,-0.478,1,0,0,390.9413,652.9312
81.4,0.3102,1,0,1,435.7101,635.4133
31.08,-0.1505,1,0,0,597.1477,610.6153
28.52,1.6208,2,0,1,407.3137,713.6537
86.72,0.825,1,0,1,485.2181,524.7728
56,-1.0701,1,0,0,400.8532,1138.511
24.98,-0.8752,1,0,1,490.8654,557.7143
17.56,-0.5207,2,0,0,504.5513,652.9312
61.57,-0.1999,1,1,0,580.6777,960.1918
59.89,0.5567,1,1,0,570.9517,797.4174
15.35,0.0495,2,0,0,357.7679,884.4799
17,1.8396,1,0,0,660.384,509.114
71.39,1.4785,1,0,0,469.7784,785.0401
40.54,-0.3909,1,-1,0,259.6613,798.179
77.1,2.5702,1,0,1,392.0119,557.7143
52.72,-0.358,1,0,1,488.0931,619.6011
26.64,-1.098,2,1,1,516.0759,989.6694
21.82,-0.8003,2,0,1,368.7379,669.7581
28.48,-0.391,1,0,1,557.1023,1792.216
29.84,-0.7129,1,1,1,365.4145,965.853
24.53,0.4071,1,0,0,341.463,487.472
68.7,-0.3268,1,-1,0,376.7311,884.0386
81.4,-0.1235,1,1,1,462.0501,783.1994
70.89,1.2954,1,0,1,411.285,742.905
62.39,-0.2578,1,1,0,484.2589,598.4125
65.01,-0.1004,1,0,1,482.0575,642.6207
70.89,0.8566,1,1,1,505.8504,708.7621
24.68,0.4085,2,0,0,446.0071,995.1476
71.39,0.7737,1,1,1,465.0428,753.0765
78.76,1.4372,1,0,1,571.1035,717.451
22.16,1.0446,2,0,0,557.9705,664.854
79.74,-0.3785,1,0,0,454.2071,827.5847
75.13,-0.7152,1,1,0,530.8926,598.0957
18.08,-0.3989,2,0,1,488.2561,1198.807
85.41,1.9955,1,0,1,562.7882,550.6528
33.76,-0.8635,1,0,0,399.8563,1284.469
76.65,1.0928,1,0,0,417.688,948.6838
22.16,-0.5354,2,1,1,376.8331,1018.546
68.7,0.5903,2,0,1,404.8826,583.2306
70.34,-0.2164,1,1,1,411.9569,686.0447
71.39,0.3672,3,0,0,443.3907,657.8247
57.03,-0.8554,1,0,1,373.7155,684.6931
68.7,-0.1513,2,1,0,473.68,1196.771
85.41,0.5269,1,0,1,430.1024,795.5073
77.1,1.5751,1,0,0,655.1089,588.8771
75.13,0.8168,3,0,1,670.1159,728.2187
70.5,-0.9734,1,1,0,582.2837,861.3702
17,0.4766,1,-1,1,364.1001,739.4062
22.77,-0.7684,1,-1,1,391.5989,752.6869
76.65,-0.1818,1,0,1,409.4268,726.7811
71.55,1.3959,1,1,1,633.9379,627.7474
36.35,-0.8836,1,0,1,496.3662,799.4451
43.85,0.713,1,0,1,450.9298,831.4169
34.25,0.4371,1,0,0,397.7934,594.5036
17,-0.5718,2,0,0,360.1834,1094.958
72.27,1.4733,1,0,1,533.8513,1665.117
52.72,-0.9732,1,-1,0,367.7327,837.0659
31.15,-0.6459,2,0,1,489.0574,830.9162
30.34,0.6757,2,0,1,542.8506,996.4446
62.45,1.8869,1,0,0,519.9032,692.2781
71.39,0.1781,1,0,0,550.7945,977.3989
73.91,1.7877,1,0,0,486.1394,694.2956
71.39,0.5245,2,0,0,303.3236,627.1932
68.7,1.139,1,0,0,447.3791,794.4479
24.53,-1.3714,3,1,1,407.947,796.1624
32.5,0.3933,1,1,0,635.2875,468.9852
33.76,0.4246,2,0,1,434.4218,1048.346
50.15,0.024,1,0,1,588.6612,717.3659
26.64,-0.3545,1,0,1,480.004,940.716
18.08,-1.3612,1,0,1,335.0827,640.1664
32.5,0.5768,3,0,1,406.4729,423.6999
85.41,-0.1214,1,0,0,465.8337,965.3955
68.7,0.3368,1,0,1,394.8807,718.4232
79.74,-1.0514,1,0,1,510.685,706.1739
51.56,-0.7381,1,-1,1,340.5135,778.1364
48.1,0.0622,1,1,1,364.4142,471.3478
76.49,1.1681,1,0,1,578.4521,746.4796
46.38,0.542,1,0,1,534.3357,662.7367
29.14,-1.7434,1,-1,0,288.4796,1131.283
25.95,0.9925,1,0,0,385.6118,708.2753
35.34,-0.2356,1,0,1,453.0281,584.2659
73.91,-1.1493,1,-1,0,420.039,639.848
74.66,0.4347,3,1,0,679.7555,981.3942
77.1,0.9213,1,0,1,545.4698,830.3831
65.01,-0.3718,1,0,1,436.9312,881.215
75.54,1.1396,1,0,0,531.0117,948.6838
48.13,-0.094,1,0,0,395.6658,425.6052
35.34,0.8105,1,1,1,622.4544,1072.886
65.01,1.0874,1,0,1,462.3504,799.4451
24.98,-0.5517,1,0,0,356.6215,588.8771
14.21,-1.3406,1,-1,1,374.0847,874.6423
70.09,1.419,2,0,0,620.8033,735.1987
30.9,-0.9273,2,0,1,362.5065,728.4617
82.41,1.5956,1,0,0,430.6438,855.1688
76.65,0.8361,1,0,1,468.633,687.766
26.64,-0.5863,3,0,1,393.3608,683.6347
70.89,-0.1604,2,0,0,487.2445,913.581
76.49,0.3074,1,0,1,618.7661,1457.534
71.39,-0.9557,1,0,1,319.8733,487.9839
75.43,0.6946,1,0,0,483.0092,837.0659
71.39,1.8981,1,0,1,425.1591,550.6528
21.24,-0.5165,1,0,1,452.8945,619.219
81.78,1.3677,1,0,1,502.9969,817.0923
68.7,1.0311,3,-1,0,404.1794,1039.342
70.34,-0.2266,1,0,1,368.4564,917.1685
59.76,0.5276,1,0,1,423.8394,834.6191
81.13,2.1692,1,0,0,653.3867,485.2478
28.52,-1.0031,1,0,0,459.6473,638.0784
70.34,0.0534,1,0,0,528.1325,611.724
70.57,2.2524,1,0,0,594.7469,694.2956
57.03,-0.3095,1,0,0,448.8721,1751.377
71.39,1.0756,1,0,0,483.5133,670.632
26.62,0.1887,2,0,0,431.4528,720.4376
76.49,-0.0116,1,0,0,315.7436,615.6447
28.04,-1.0207,1,0,0,447.0528,639.848
20.91,-0.2732,2,0,1,387.1785,868.3156
38.88,-0.0418,1,0,0,467.6497,843.5551
32.2,-0.9237,1,0,0,345.3469,604.3597
65.12,0.5593,1,0,0,391.7971,1869.569
30.9,-1.45,1,-1,1,327.125,670.317
68.7,-1.145,1,-1,0,440.4382,645.9519
75.54,0.7207,1,0,0,328.5516,604.3597
76.49,-0.6406,1,0,1,525.2262,670.317
25.95,0.9604,1,0,0,426.2962,1022.545
76.65,1.3565,1,1,1,448.3532,797.9919
65.01,-1.1526,1,0,0,598.4747,771.7018
79.05,-0.0506,1,1,1,464.6852,772.7108
41.27,0.2976,1,0,1,474.148,487.9839
20.91,-2.7972,2,0,1,304.8011,555.8112
79.74,0.6157,2,0,1,475.036,583.2306
68.7,-0.7207,1,0,0,499.0468,961.7906
17.56,-0.8986,2,0,1,468.968,868.3156
35.34,0.4812,3,0,0,662.0402,509.114
17,0.3833,1,0,0,481.6043,629.5511
68.7,-0.4303,1,0,1,432.9857,801.2896
56.5,1.5046,1,0,1,585.7665,528.525
22.16,0.426,2,0,1,630.2236,1457.534
31.08,0.1934,1,0,1,424.5718,717.3659
43.33,-1.5108,1,0,0,373.2433,782.9034
78.86,0.7022,1,0,1,459.2121,1601.608
31.08,0.1127,1,0,1,338.821,684.1351
68.7,1.0529,1,-1,0,462.0407,780.4352
26.64,-1.4006,1,0,0,311.7689,1315.706
39.02,-0.4821,1,0,0,666.921,777.3291
58.07,1.0665,1,0,0,514.4355,1751.377
86.72,1.3466,1,-1,0,410.2715,1134.426
80.78,0.5243,1,0,0,540.6264,1890.195
44.94,0.4716,2,0,0,565.9476,611.724
81.05,0.2743,1,1,1,436.1093,1030.614
24.53,-0.6099,3,0,1,327.587,874.6423
47.83,-0.5101,1,0,0,511.7566,670.8058
25.95,-0.0436,1,-1,0,390.1905,798.179
17,0.0613,1,0,1,440.9388,431.3
60.29,0.777,1,0,1,431.9812,583.2306
36.35,-0.4758,1,0,0,503.0486,536.1598
30.34,0.252,1,0,0,402.8785,948.6838
51.01,0.0659,1,0,1,468.8283,405.3383
76.49,0.0795,1,1,0,565.0324,759.9835
86.72,0.1597,1,1,1,566.9625,646.1569
22.77,-0.6492,1,1,1,489.8731,535.7584
71.39,2.3051,1,0,1,619.131,717.3659
71.39,-1.0582,1,0,1,410.7831,919.9075
68.88,0.6952,1,-1,0,462.5119,1086.259
73.71,1.0944,1,1,1,647.323,611.5021
75.5,1.2512,1,0,0,560.7685,517.2882
75.13,0.8826,1,0,0,688.7693,884.231
50.9,0.9647,1,0,1,601.6981,1489.799
68.7,0.5446,1,0,1,353.3501,1198.807
25.95,-0.4263,3,0,1,350.2832,586.0391
28.52,-0.5731,2,0,0,534.3636,830.9699
65.01,0.6059,1,-1,1,382.3687,713.6537
68.88,0.2012,2,0,1,470.2487,1097.569
59.89,-0.2957,1,0,1,500.9995,1489.799
65.12,-0.181,1,0,0,357.6051,392.1919
24.53,-0.8798,3,-1,1,439.5854,408.2749
75.43,0.8552,1,1,0,624.8965,625.9388
24.68,0.4699,2,0,0,381.175,658.7812
17,-1.2366,1,0,0,629.1385,517.2882
75.13,0.8326,1,1,0,572.8385,532.3079
68.7,0.2167,1,0,0,637.9653,536.1598
32.2,0.4695,1,0,0,526.7072,961.7906
24.53,-0.4275,1,0,1,446.1208,1012.438
54.55,0.9991,1,0,1,556.8356,528.525
81.13,-0.3482,1,0,0,451.1931,690.442
73.38,-1.3063,1,0,1,433.6741,919.9075
73.91,0.6476,3,0,1,442.8253,423.6999
70.89,0.2161,1,0,1,510.9678,1100.551
65.01,0.3973,1,0,1,432.5651,877.4436
70.34,0.7677,1,0,1,466.57,662.7367
71.39,-0.3116,1,-1,1,376.8572,683.6347
48.82,0.5984,1,0,0,472.4682,594.5036
59.89,-0.95,3,0,0,312.9285,924.7837
25.04,-0.4966,3,-1,1,335.5192,516.37
70.09,0.2736,1,0,1,435.2217,662.592
16.38,-1.2935,2,0,1,400.742,1601.608
75.5,0.8836,1,0,0,404.4743,1022.545
52.72,-0.4213,1,0,0,447.5512,708.6669
81.92,0.445,1,0,1,429.4747,1060.04
29.16,-1.1036,2,1,0,366.2314,509.7062
75.54,1.3773,1,0,1,465.8718,797.1312
59.89,-0.2771,1,0,0,462.846,991.338
75.25,1.0231,1,0,1,591.0831,619.6011
88.7,0.7959,1,1,0,502.3938,581.705
65.01,0.7191,1,0,1,445.4062,537.6039
86.72,2.3521,1,0,1,585.802,662.592
27.61,-0.7796,1,-1,0,458.2789,1086.259
47.83,-0.0611,1,0,1,530.0334,718.4232
86.72,1.9476,1,0,0,621.7366,1432.356
70.5,-0.6167,1,0,0,541.2239,1086.259
86.72,2.7099,1,0,0,603.8153,1143.517
19.66,-0.4469,1,-1,1,379.4051,577.0671
29.73,0.991,1,0,1,585.7451,528.525
79.05,-0.1623,1,-1,1,404.5819,577.0671
65.01,0.6413,1,1,1,489.565,559.542
81.92,1.5753,1,0,0,518.9269,588.8771
68.7,-1.4553,1,-1,0,480.2262,1143.517
79.05,-0.198,3,0,1,472.9198,830.9162
75.5,1.924,1,1,1,458.0194,876.2648
59.89,1.154,1,-1,0,539.632,856.1546
26.64,0.0476,1,0,1,330.0043,720.7121
82.41,0.6254,1,0,1,456.5874,765.5425
64.98,0.8306,1,0,1,453.4435,1014.635
32.67,-0.5494,1,0,0,363.8089,752.6338
25.06,-1.3965,1,0,0,461.3766,410.2264
88.31,0.1668,1,0,1,462.4216,717.3659
77.88,1.2879,1,0,1,643.6914,603.7953
21.64,0.0465,2,0,1,381.9096,1601.608
68.7,1.2234,3,0,1,493.8269,603.7953
36.35,0.4737,1,0,1,408.7376,831.4169
81.13,1.5949,1,0,0,490.5435,752.9022
68.7,0.6937,1,0,1,393.9175,537.6039
73.38,0.5311,1,1,0,372.638,816.1815
35.34,-0.2621,2,0,0,457.6521,652.9312
55.03,0.0944,1,0,1,503.8248,638.0784
24.85,0.7436,1,0,1,411.0729,642.6207
53.15,0.4952,1,0,1,476.659,669.7581
43.85,-0.8675,1,0,1,348.4711,1016.773
40.54,1.622,2,0,1,389.4693,669.7047
76.65,-0.39,1,0,1,559.5375,577.0671
48.1,1.1704,1,0,0,518.0798,856.1546
31.08,-0.5147,1,0,0,390.3351,708.6669
68.7,-0.7557,2,0,1,407.1197,1539.223
68.55,0.3086,1,1,1,447.7619,899.4514
65.12,0.8576,1,0,0,496.8028,615.4963
71.39,-0.888,2,0,1,588.062,1097.569
36.92,-0.0671,1,0,1,553.9927,809.9561
84.14,0.1615,1,0,0,451.9618,651.4933
56.35,-0.4085,1,0,0,419.7849,1094.958
57.68,1.0114,1,1,1,427.4362,1113.15
57.64,0.2359,1,0,1,632.2328,696.46
59.76,0.2922,1,-1,0,493.7081,869.9329
68.7,1.3394,1,0,1,617.8153,809.9561
70.89,0.857,1,0,0,527.4591,1022.545
17,-0.6852,2,0,1,544.4194,776.2908
65.01,-0.5969,1,0,0,420.5215,1086.259
17,0.3167,1,-1,1,345.9202,809.9561
70.5,0.4553,2,0,1,435.8062,803.591
48.66,-0.7296,1,0,0,407.5786,652.6496
25.04,0.5749,2,0,1,424.5728,797.1312
19.66,-1.1657,1,-1,0,538.8623,690.442
59.89,1.1227,1,0,1,517.1383,1075.836
57.04,0.0016,2,1,1,645.1202,871.0948
28.52,-0.7169,2,0,0,502.92,410.2264
68.7,1.9114,1,0,1,532.7238,857.0239
68.7,0.371,1,0,0,487.0438,591.343
39.02,1.2352,1,1,1,436.2398,535.7584
55.25,0.785,1,0,0,508.232,596.8058
79.74,0.9849,1,0,0,704.0348,1432.356
76.65,0.8609,1,0,1,550.7799,577.0671
68.7,-0.4094,1,0,0,322.2177,567.7518
24.85,-0.5846,2,1,0,494.2889,592.0215
68.7,1.2014,1,0,0,398.0067,588.8771
88.7,0.2663,1,0,0,561.0644,973.4936
17.55,-0.0457,1,1,1,451.0972,932.8956
71.39,3.1834,1,0,0,456.1113,827.5847
65.01,-1.5843,1,1,0,440.8365,890.6474
88.7,-1.5922,1,0,0,382.7095,863.4596
71.39,1.1863,1,0,0,556.7624,471.0894
79.49,-0.3841,1,0,1,391.9198,830.3831
71.39,-1.151,1,0,0,371.4162,658.7812
82.41,-0.0882,1,0,0,588.2291,640.1664
17.55,-0.9467,3,0,0,392.2948,610.6153
70.34,-0.0224,1,0,1,435.3368,521.3976
65.42,-1.0353,1,0,1,354.3129,738.2497
68.7,-2.0737,1,-1,0,378.4939,678.6486
14.21,-1.5435,1,-1,1,262.1467,414.1503
60.92,-0.5898,1,0,1,449.0274,940.716
88.7,0.5089,3,0,0,464.181,876.8064
79.74,-0.1341,1,0,0,482.477,651.1886
73.38,0.3108,1,0,1,582.1389,700.9747
65.01,0.0949,1,0,1,588.5779,805.4391
59.35,1.3579,1,0,1,547.9229,727.6845
26.62,0.2713,2,0,1,396.4757,577.0671
70.89,0.3463,1,-1,1,338.4338,801.2896
74.66,1.6556,1,1,1,497.6399,623.6447
68.7,1.0291,1,-1,0,478.4303,837.0659
68.7,0.7395,1,0,0,612.3142,640.7802
28.12,-0.6476,2,0,0,476.4154,1131.283
68.7,0.4243,2,0,0,554.6087,894.287
56.57,0.0629,1,0,1,430.8455,662.7367
50.15,1.8136,1,0,1,386.2272,583.4096
51.01,-0.1215,1,1,0,324.7691,359.5035
16.5,-1.3795,1,0,1,337.0369,552.1778
66.42,0.1782,1,0,1,468.3119,801.2896
16.38,1.1678,2,0,1,447.1135,937.0833
38.88,-0.3969,1,0,0,288.4188,591.343
14.21,-0.2509,1,0,0,493.189,712.6043
33.76,-0.5531,2,0,1,444.485,765.5425
71.39,-1.104,2,1,0,352.7178,885.7158
60.29,0.8163,1,1,0,637.5554,401.847
51.25,0.6595,2,0,0,435.1141,924.7837
79.49,0.0445,1,0,1,395.4735,870.0235
23.41,-0.646,2,0,1,522.4309,671.4904
79.05,0.2895,1,1,1,428.887,1313.755
82.41,1.9702,1,0,0,511.528,640.1664
68.7,0.1126,1,-1,1,338.2522,674.5685
73.91,0.0337,3,0,0,483.2639,895.9763
62.13,0.7529,1,-1,0,453.4657,780.4352
88.31,1.0653,1,0,0,647.7323,752.9022
71.55,0.4577,3,1,1,435.2862,801.8572
57,0.0973,2,0,1,469.0462,671.4904
43.85,-0.6375,2,1,1,273.5576,1240.139
56.64,0.8193,1,1,1,459.8417,815.988
68.7,-1.4448,1,0,0,546.6048,410.2264
30.9,-0.763,1,0,0,480.4564,640.1664
24.53,-0.7782,1,0,0,413.2153,707.707
30.34,1.0054,2,0,0,380.7083,1284.469
81.92,1.6815,2,0,1,538.6487,662.592
74.66,-0.4942,2,0,0,630.3136,861.4836
68.7,0.2981,1,0,0,561.2254,638.7462
16.38,-1.7336,1,0,0,314.1549,639.848
57.04,-0.6075,2,0,1,477.7938,405.3383
75.25,1.154,1,0,1,472.0082,635.4133
71.39,0.2055,1,0,0,440.026,610.3265
39.02,0.592,2,0,0,431.1714,750.7775
43.85,-0.3577,2,0,1,305.7187,727.1103
30.9,0.6995,2,1,1,531.2901,767.411
71.39,-0.1846,2,0,1,541.3561,552.1778
24.53,-0.9246,1,0,0,481.5922,771.7018
62.39,1.3325,2,1,1,451.6359,1286.044
85.85,-1.005,1,-1,0,264.9845,690.442
25.95,-1.321,1,0,1,313.1595,670.317
68.7,0.075,1,0,0,446.628,656.7302
68.7,1.0422,1,0,1,492.2512,739.4062
82.41,0.0833,1,0,1,643.6304,557.7143
76.49,1.1801,1,1,1,449.0106,696.2375
52.72,-1.1386,1,0,0,539.596,843.5551
19.66,-0.9927,2,1,1,340.1882,989.6694
43.85,-0.1686,1,0,0,409.6713,863.4596
43.76,-0.0199,1,0,1,419.4206,898.1214
76.49,1.8219,1,0,1,566.4594,717.451
76.49,0.8846,1,0,0,436.0613,634.1043
65.01,-0.2481,1,0,1,464.452,1743.588
57.99,-0.2661,1,-1,1,421.8973,700.9747
65.12,0.1434,1,0,0,555.0746,837.0659
82.41,1.6579,1,0,0,544.2838,780.4352
81.92,0.2311,1,0,1,572.6179,736.2656
28.48,0.7061,1,0,0,563.4654,799.4975
86.72,0.1651,1,0,1,366.1962,684.6931
51.01,0.747,1,0,1,538.4551,739.4062
17,0.2469,1,0,0,492.4561,780.4352
81.92,1.3728,1,1,0,688.2885,568.1805
39.02,0.0142,1,0,0,549.0787,639.848
65.42,-0.7611,3,-1,1,426.2644,603.7953
43.33,0.462,1,1,0,535.0211,826.0982
68.7,0.1819,2,0,0,619.7464,673.3137
24.98,-1.1807,2,1,0,447.5257,619.3579
79.49,-0.0504,1,0,1,504.7327,727.1103
43.85,-0.0573,1,0,0,517.7383,425.6052
35.34,-0.4319,1,1,0,268.0399,359.5035
44.94,-1.2909,2,0,0,419.8872,615.6447
68.7,0.1599,1,1,1,736.7931,945.6467
47.83,-0.4793,1,0,1,422.8301,618.4042
79.05,0.2048,1,0,1,520.3067,528.525
75.5,0.9235,1,0,0,470.7436,523.3733
30.9,1.146,1,-1,0,362.9103,735.1987
25.95,0.3056,1,0,1,482.7404,713.6537
85.85,1.7753,1,0,1,420.8952,776.2908
32.2,-0.4449,2,0,0,460.6717,627.1932
80.75,2.0629,1,0,0,627.7613,640.7802
68.7,0.6049,1,0,0,399.6429,410.2264
51.01,0.2031,1,0,1,508.6464,919.9075
48.13,-0.3453,1,0,1,450.9654,497.1649
68.7,-0.1387,1,1,0,418.0495,678.1436
68.7,0.2423,1,0,1,329.8495,696.46
81.13,0.371,2,0,0,585.0456,856.1546
30.9,-0.1772,2,1,1,389.2432,621.6563
50.57,-1.1685,2,0,1,444.0684,942.5247
31.08,-1.3337,1,0,0,323.2975,640.1664
59.76,0.3373,1,0,1,415.3753,739.4062
27.91,-0.7364,1,0,0,466.4068,1232.484
75.43,1.157,1,-1,1,378.0492,524.8874
22.75,-0.7963,2,0,1,480.8391,557.7143
72.83,0.4756,1,1,0,547.4414,1264.121
85.41,1.4168,1,0,0,552.1267,656.7302
20.95,-0.8283,1,0,1,367.8818,937.0833
85.41,1.5177,1,0,1,709.8434,875.2265
31.08,0.3387,1,0,1,342.7647,674.5685
76.49,0.728,1,0,1,553.0963,799.6732
81.4,0.7368,1,0,0,651.5918,700.969
81.13,1.7736,1,0,1,521.0989,942.5247
70.34,1.2363,3,0,0,587.2446,725.3383
79.74,0.8544,1,1,1,537.7196,962.4665
39.02,-1.1172,1,0,1,382.3057,670.317
80.46,-0.1871,1,0,1,321.4418,578.5244
43.33,0.3376,2,1,0,641.207,598.4125
48.13,0.2639,1,-1,0,405.5437,712.6043
68.7,-1.2583,1,1,0,515.2988,804.0913
47.83,-0.0093,1,0,0,450.8235,884.231
68.7,0.2147,1,0,0,549.9848,660.8248
22.77,-1.2638,1,-1,0,395.5696,1134.426
65.12,-0.1132,2,1,0,331.804,749.8203
26.64,0.7876,1,0,1,523.8744,773.6328
73.71,2.4295,1,0,1,515.809,584.2659
24.53,-0.8611,1,0,0,422.9946,752.9022
76.65,1.3505,1,0,1,499.9857,1463.899
86.72,-0.6663,2,-1,1,315.3157,1026.496
62.39,0.5163,1,0,0,556.3379,684.1808
70.34,0.1167,2,0,1,419.6319,603.7953
71.55,0.4334,1,0,0,566.3054,684.1808
16.5,0.1351,1,0,1,437.7217,669.7047
62.39,0.3103,1,0,0,638.7572,594.0437
58.07,-0.4174,2,0,0,528.5531,782.9034
43.85,-0.5943,1,1,1,497.0187,1315.242
68.7,0.5707,2,0,1,494.3996,423.6999
50.15,-1.3359,1,0,0,433.3708,638.7462
39.02,-0.117,1,1,0,469.5074,598.3257
31.72,-0.7121,1,0,0,355.8976,604.522
65.01,0.104,2,0,1,335.1561,720.7121
24.53,-1.5684,3,0,1,393.8971,519.7552
71.39,0.4142,1,-1,1,431.9081,586.0391
68.7,0.6969,1,0,0,442.2566,594.5036
31.08,-0.281,1,0,1,367.5471,919.9075
70.34,1.1621,1,0,0,388.4895,1217.909
70.34,0.5007,3,0,1,430.0973,996.4446
73.91,0.8458,1,0,1,520.3368,683.6347
66.42,0.9887,1,0,1,527.1592,684.1351
36.35,0.1947,1,0,0,442.7209,913.581
76.65,0.468,2,1,1,645.3145,871.0948
71.39,0.0032,1,-2,1,360.7552,919.9075
72.83,1.5256,1,0,1,606.9143,867.9743
75.54,0.9162,1,0,1,306.8916,817.0923
24.53,0.665,2,0,1,412.8327,671.4904
24.98,0.0296,1,0,0,395.6969,549.6742
35.34,-0.5285,2,0,0,515.957,588.6187
68.55,0.1664,1,0,1,412.3516,537.6039
50.15,-0.6781,1,0,1,411.2873,940.716
17.53,-0.8761,1,-1,1,491.3696,487.9839
68.7,-0.3911,3,0,1,482.2841,877.4436
26.62,-0.5815,3,0,0,296.9123,690.442
68.7,-0.2686,1,0,1,445.3891,578.5244
68.7,-0.3291,1,0,0,439.7355,843.5551
76.65,0.6382,1,1,1,624.6531,438.5854
56,-0.4315,1,0,1,449.7223,584.2659
59.76,-0.1963,2,1,1,572.1451,602.6578
75.13,0.6072,1,0,1,536.2553,917.1685
82.41,1.7003,1,0,0,519.0842,855.0621
65.12,1.9403,1,-1,0,317.9648,690.442
38.88,2.8601,1,0,0,512.8908,1086.259
79.74,0.4474,1,0,0,451.1263,822.2078
76.65,0.8055,2,0,0,527.3842,977.3989
62.13,0.1709,1,0,1,541.9114,857.0239
25.23,1.1722,1,-1,1,513.8154,943.1797
35.34,1.1382,1,0,0,571.9735,694.0331
51.01,-0.7163,1,0,1,462.5739,1640.961
76.49,-0.2549,1,1,0,312.4547,726.0654
65.01,-0.198,1,0,0,334.5357,894.287
62.39,1.2016,2,0,0,567.0219,474.3981
21.96,-0.126,2,0,1,430.6153,870.0235
71.39,0.0026,1,0,0,421.6337,975.3854
17.53,-1.5386,2,0,0,318.4891,561.7039
70.09,-0.0077,1,0,1,506.4375,705.9021
26.64,-0.1393,1,0,0,418.7504,1094.958
24.53,-0.134,1,-1,0,398.2242,656.7302
78.69,1.6791,1,0,1,503.5551,528.525
30.34,-1.1511,1,-1,1,407.845,674.5685
25.04,0.5177,1,0,1,433.3628,738.2497
21.24,0.138,1,-1,0,363.2454,523.3733
62.39,1.2668,1,0,1,473.3763,939.5268
62.39,-1.1758,1,1,1,433.2628,559.542
33.76,-0.1842,1,0,0,563.4395,1644.964
44.92,1.0584,1,1,0,373.9578,700.6928
60.29,-0.6993,1,0,0,456.0425,884.231
71.39,-0.0771,2,1,1,398.9299,895.9315
70.09,0.8917,1,0,1,595.7909,550.6528
26.64,0.5231,1,0,0,495.413,905.6657
78.76,-0.4675,1,0,0,502.3989,884.0386
39.02,-0.3713,1,0,0,446.0366,965.3955
27.91,-0.4304,1,0,0,323.7128,884.4799
79.05,0.6916,1,0,1,471.5602,932.9773
82.41,0.313,1,1,1,468.4353,839.2572
59.18,-0.2903,2,1,0,444.7466,619.3579
68.7,-0.4779,1,0,0,618.8179,615.4963
76.49,1.7648,1,0,0,374.6524,848.9622
25.04,-0.2858,2,0,1,455.9452,487.9839
26.62,0.2991,1,0,1,544.0075,1100.551
57.64,1.0765,1,0,1,310.4132,799.6732
70.5,-0.1102,1,1,0,474.012,613.165
25.26,0.3797,1,0,0,370.2162,670.8058
71.29,0.9892,1,0,1,541.1109,683.6347
80.46,1.1519,1,0,0,736.2648,471.0894
79.31,0.882,1,1,0,489.5612,792.3491
73.71,-0.9123,2,0,0,379.3764,835.1373
56,-1.2481,1,0,1,459.0444,497.1649
59.89,-0.1745,1,0,1,441.3765,867.8157
36.92,0.6491,1,1,1,411.7569,783.1994
22.77,-0.4737,3,1,1,478.5995,682.2694
39.02,-0.3972,1,0,1,340.5474,642.6207
71.39,0.3214,1,0,0,381.4648,615.4963
21.82,-1.4283,3,0,0,489.1478,707.707
43.33,0.0129,1,0,0,306.9165,567.7518
36.92,-0.2112,2,1,0,670.9043,768.0588
73.38,1.3265,1,0,0,590.6282,735.1987
25.04,-0.4634,1,0,0,453.3321,425.6052
70.34,0.0954,3,1,0,558.7806,1044.743
70.5,0.0539,1,0,0,457.8551,517.2882
68.7,-0.4039,2,0,0,483.5321,1869.569
77.88,0.0945,1,0,0,421.0011,561.7039
52.72,0.0426,1,-1,0,460.1084,618.1047
31.08,-0.0358,2,0,1,588.3881,881.215
78.86,1.1021,2,0,0,594.8525,861.4836
53.15,-0.5921,1,0,1,546.9038,867.8157
56,-0.7238,1,0,0,406.7668,549.4401
30.78,0.937,1,0,0,454.4002,836.7404
85.41,1.0602,2,0,0,725.1951,1890.195
88.7,-0.1087,1,0,0,459.7634,712.6043
62.45,1.2546,1,0,0,538.6833,788.0799
75.13,0.6072,1,0,1,612.4985,619.6011
70.34,-0.7658,3,1,1,586.061,962.4665
62.39,1.3522,1,0,0,586.428,1432.356
71.39,-1.1588,1,-1,0,391.2673,792.6705
59.76,0.365,1,0,1,515.0578,742.905
65.42,-0.0243,1,0,0,530.4874,837.0659
62.45,0.1827,1,1,0,535.0511,678.1436
19.78,-0.8952,2,-1,1,441.7113,868.3156
24.53,0.1263,2,0,1,434.9489,797.1312
57,-0.8731,1,0,1,341.8832,713.6537
65.01,0.8069,1,0,0,492.2216,547.4675
25.95,-0.3579,2,0,1,391.6376,671.4904
70.1,0.9999,1,1,0,536.6163,752.1197
31.08,-1.361,1,0,0,368.9572,884.4799
31.08,0.1766,2,0,1,484.9476,728.2187
77.88,-0.0398,1,0,1,565.5286,717.3659
25.2,-1.516,1,0,1,371.3228,726.7811
73.38,1.0098,3,1,0,682.2363,719.3526
25.2,-0.5257,1,0,1,358.3544,670.317
81.4,0.8758,1,0,0,640.1043,588.8771
65.12,1.154,1,0,1,516.4723,619.6011
62.45,1.0505,1,0,1,362.3904,898.1214
62.39,1.2117,2,0,0,590.9206,509.114
59.76,-0.8331,1,0,1,544.39,817.0923
61.57,-0.272,1,0,0,662.2813,884.231
24.53,-0.7471,3,0,1,544.1352,613.9698
17,-0.2914,3,-1,1,345.7128,1712.691
24.98,0.1117,3,-1,1,382.5876,720.7121
19.78,-0.163,1,0,1,529.0118,393.7546
53.15,0.9018,1,0,1,532.2162,584.2659
30.9,0.1445,1,1,0,488.8549,949.3451
66.42,-0.0604,1,1,1,498.7135,848.6612
27.81,-0.2651,1,0,1,343.343,711.3121
73.38,-0.4403,1,1,1,470.3363,801.8572
23.57,-1.5328,2,0,1,353.2816,633.2059
14.21,-0.0915,1,0,1,394.8275,678.8576
51.56,0.5265,1,0,1,471.9039,619.6011
73.91,2.3546,1,0,0,526.8174,876.8064
75.13,1.5256,1,0,1,534.7176,727.1103
78.86,1.5497,1,1,1,427.2487,756.883
70.89,-0.2142,2,0,1,430.4015,1148.679
80.46,0.7436,1,0,1,516.1497,984.6091
76.65,0.3282,2,0,0,517.4493,948.6838
28.48,-1.9973,1,0,0,412.71,627.1932
68.7,-0.2966,1,0,0,455.7894,1039.169
82.41,1.8135,1,0,1,548.2826,831.4169
22.16,1.0308,1,0,0,431.9579,822.0018
52.72,0.3024,2,0,1,619.4551,586.0391
68.7,0.3767,1,0,0,504.3405,880.9258
59.89,0.2516,1,0,1,541.3247,936.4965
17.55,-1.1007,3,1,0,406.7166,671.6135
75.13,0.7187,1,1,1,555.9692,932.8956
62.45,0.6033,1,0,0,367.9453,588.6187
72.3,-1.2574,1,0,1,274.1705,559.0745
76.49,1.0115,1,0,0,317.5468,901.5883
76.65,1.2599,1,0,0,502.2178,640.7802
59.89,0.7619,1,1,1,448.5053,1029.475
74.66,0.8393,3,0,0,393.8315,363.2123
70.5,1.278,1,0,0,463.5276,673.3137
81.92,2.2664,2,0,1,417.6409,940.716
81.92,1.7311,1,0,1,508.8042,618.4042
21.96,-0.1828,1,0,0,467.6015,794.4479
70.34,0.8679,1,0,1,508.6773,1213.734
31.08,-1.4565,1,0,0,407.0798,855.0621
73.91,1.7544,1,0,0,520.0557,670.632
20.91,-0.7069,2,0,1,357.101,956.2035
21.24,0.5508,1,0,0,456.3003,822.0018
24.53,-0.9542,1,-1,0,373.6669,924.7837
82.41,0.6662,1,0,0,518.886,869.9329
58.07,0.2207,1,0,0,492.3355,774.4093
50.9,-0.5112,1,1,0,537.5086,660.5652
71.39,-0.4302,2,0,0,421.4463,694.0331
68.7,0.3806,1,0,1,509.9143,1060.04
75.5,0.2712,1,0,1,494.7578,736.2656
60.29,0.0662,2,-1,0,366.4188,835.1373
30.78,-1.3291,2,0,0,494.3813,894.287
65.01,1.3571,1,0,0,514.5632,1039.342
31.15,-1.0916,1,-1,0,376.6127,975.3854
68.7,-0.8269,3,0,0,396.1433,752.4463
57.03,1.0703,2,-1,0,444.4831,658.7812
24.53,-1.2589,3,-1,0,289.6081,991.338
26.62,-0.9157,2,1,1,421.4759,682.2694
76.65,1.4767,1,0,1,423.1021,940.716
53.15,0.9217,1,0,0,507.9428,752.6338
53.15,0.0234,1,-1,0,435.9904,629.5511
68.55,-0.1181,1,1,1,515.1592,1454.779
21.96,-0.2162,1,-1,1,473.6669,487.9839
17,0.1634,1,-1,1,439.2003,618.4042
71.39,0.2596,1,0,1,433.0347,662.7367
25.95,0.2025,1,1,0,547.5436,1030.614
74.79,-0.5447,2,0,0,430.5089,610.6153
58.07,-0.0276,1,0,1,479.8176,1198.807
70.5,0.5394,1,0,0,538.7877,1340.507
76.49,-0.1278,1,0,1,561.9118,405.3383
48.1,-0.4362,1,0,0,550.2572,894.287
57.99,1.0819,1,1,1,470.9445,542.0693
79.05,0.7643,1,0,0,564.4578,588.6187
25.06,-0.473,2,1,0,360.3531,827.4364
78.86,0.6867,1,0,0,676.125,822.2078
68.7,0.6644,1,0,1,424.2476,616.284
16.34,0.1531,2,1,1,364.9411,762.8979
25.95,-0.131,2,0,0,631.8935,561.7039
17,-1.728,2,0,0,414.6557,961.7906
57.03,7.4571,1,0,0,563.5307,692.2781
78.86,-0.3432,2,1,1,577.257,871.0948
36.35,0.7837,2,0,0,412.1099,720.8415
28.6,-0.7426,1,0,0,390.69,1086.259
78.69,-0.2136,2,1,1,468.8099,702.861
73.38,0.1988,1,1,1,405.642,1315.242
68.7,0.8751,1,1,0,581.4568,759.3189
24.53,-0.3623,3,0,1,386.5772,1000.093
68.7,0.5609,1,0,1,522.3596,405.3383
32.2,0.6249,2,1,0,418.6146,739.987
75.13,1.407,2,0,1,649.999,1148.679
28.52,0.5113,1,0,1,463.9375,717.3659
48.1,0.5319,1,0,0,456.7288,843.5551
78.86,0.9446,1,0,0,376.0245,780.4352
82.41,1.4534,1,0,1,505.7655,1554.014
62.39,-0.8448,1,0,1,369.4408,867.3384
65.12,1.5111,1,0,0,631.2305,2060.563
70.5,0.5163,1,1,1,470.779,708.7621
43.85,-1.4741,2,0,1,383.2955,937.0833
75.54,0.3413,2,0,1,461.6926,431.3
71.39,2.6559,1,0,1,521.3406,831.4169
82.41,0.2389,1,0,1,512.0762,870.0235
68.7,0.8085,2,0,1,486.6456,818.2048
74.66,0.4678,2,0,0,638.4588,634.1043
56,0.4403,1,-1,1,375.3269,736.2656
39.02,0.5115,1,0,0,475.4795,1217.909
24.53,0.4396,1,1,1,499.5999,969.8208
39.02,0.4662,1,1,1,450.2367,524.0713
22.77,-1.0864,2,0,1,354.3304,730.2981
65.01,0.9121,1,0,1,592.7116,537.6039
44.14,-0.9026,1,1,0,532.6759,763.1589
30.78,-0.4047,2,0,1,443.6626,797.1312
33.76,-0.4861,2,0,0,533.0675,547.4675
68.7,0.3974,1,0,1,474.2895,638.0784
24.53,0.013,1,0,0,401.4394,965.3955
68.7,-1.2789,3,-1,1,351.9168,583.2306
30.78,-0.0694,1,1,0,383.905,792.3491
25.04,-0.0807,1,0,0,493.9991,517.2882
81.4,1.6039,1,0,1,505.4557,644.5503
82.41,0.0163,1,0,1,474.8492,405.3383
76.65,0.6539,1,1,0,696.1288,786.4829
43.85,-0.7351,1,0,1,494.2189,795.5073
65.64,0.1017,3,0,1,432.0869,1026.496
75.54,0.1209,1,1,1,414.061,1063.373
66.42,-0.0846,1,0,1,507.0438,984.6091
68.88,1.3145,1,0,1,446.9759,799.4451
76.65,1.4205,1,0,0,378.3931,533.2644
68.7,0.0596,1,0,1,456.1668,1100.551
39.02,-0.4507,1,0,0,382.7912,690.442
25.26,0.1962,2,0,1,523.4119,557.7143
75.43,0.6112,1,0,0,441.1494,640.7802
28.52,0.7457,1,-1,0,432.5627,611.724
39.04,-0.9919,1,0,1,422.8519,516.37
81.13,0.8775,2,0,0,589.7737,1039.407
37.22,0.5084,1,0,0,500.7339,913.581
43.33,0.5951,2,0,0,614.1597,610.3265
82.41,0.349,3,1,1,489.154,1439.096
77.1,0.8902,1,0,1,527.1804,799.4451
68.7,0.0248,1,0,0,263.132,690.442
57.99,-0.291,1,0,0,373.0861,1751.377
76.49,0.3077,1,1,0,464.1438,841.5952
68.7,0.1031,1,0,1,447.7342,669.7581
68.7,0.7541,1,0,1,635.1229,857.0239
62.13,0.318,1,0,1,559.6282,959.4121
65.01,0.4691,1,0,0,516.2624,975.3854
70.57,-0.3249,1,0,0,571.8782,596.8058
68.7,-0.7059,1,-1,1,315.1094,684.6931
58.07,-0.0062,1,0,1,467.9155,1100.551
79.74,0.3816,1,1,1,503.5824,625.9388
25.95,-0.5838,1,0,0,442.4019,517.2882
57,0.648,1,1,0,410.4439,672.4923
68.7,0.2529,1,1,0,399.6481,759.9835
26.85,0.0127,1,0,1,389.8271,805.4391
31.08,-0.4189,2,0,1,417.0722,619.219
24.93,-0.3763,1,0,1,424.4128,720.7121
35.07,0.5291,1,-1,0,535.8007,752.9022
44.14,0.3984,1,1,1,413.1136,772.7108
54,1.055,1,0,1,512.5398,942.5247
28.48,-0.9673,3,1,1,402.1284,1286.044
41.27,0.419,1,0,0,414.1333,596.8058
24.53,-0.2006,1,0,1,377.5053,542.2769
51.56,-1.9028,1,-1,1,479.1799,555.172
56,1.066,1,0,0,439.8349,794.4479
65.01,0.0352,1,1,0,541.483,861.3702
31.15,-0.352,1,0,1,300.4147,393.7546
74.79,-0.0014,1,1,1,518.2409,944.3411
75.54,1.085,1,-1,1,467.9082,805.4391
22.77,1.051,2,0,1,593.188,831.4169
33.76,-0.7363,3,0,0,371.5061,560.504
25.2,-0.0705,1,0,0,456.338,616.6988
39.02,-0.3857,1,0,1,381.0087,687.3101
25.94,-1.0152,2,0,0,479.6681,822.2078
73.38,0.5625,1,-1,0,577.9389,837.0659
68.7,0.3596,1,0,0,439.7981,591.343
39.02,0.0768,1,0,1,533.8291,778.1364
15.35,-1.0347,2,0,1,376.4013,801.2896
82.41,0.5672,1,0,0,372.1104,640.1664
26.85,-0.2202,1,0,1,406.9866,817.0923
31.08,-0.4214,3,0,1,535.7812,730.2981
65.01,0.3836,1,0,0,605.5232,720.4376
17,-1.0622,3,0,1,363.5204,867.9743
68.7,0.3112,1,0,0,488.4052,425.6052
76.49,0.1095,1,0,0,398.3422,639.848
82.41,0.5347,1,0,1,494.6128,1213.734
20.78,-0.4455,1,0,1,445.2231,638.0784
76.65,0.7694,1,0,1,381.5594,718.6005
51.56,-0.128,1,0,1,540.3347,557.7143
82.41,0.4161,1,0,0,555.0823,827.5847
11.56,0.3911,1,-1,0,421.706,975.3854
30.78,1.3821,2,-1,0,335.3864,410.2264
43.85,-0.2053,2,0,1,393.4486,1601.608
57.03,1.1926,1,0,0,425.6429,588.8771
78.86,0.1847,1,0,1,562.31,939.5268
25.04,-0.3103,1,0,0,435.127,785.0401
63.03,-0.3394,1,0,1,467.8429,642.6207
75.54,0.2885,1,0,0,399.674,425.6052
76.49,1.5471,1,0,1,545.0013,940.716
25.23,0.2293,2,1,0,455.434,598.0957
17.56,-0.7203,1,1,0,570.9188,842.1963
65.01,0.7274,1,1,0,456.9697,585.9969
57,1.9639,1,0,1,477.3458,799.4451
16.5,-0.219,1,0,1,307.5287,677.0836
88.7,1.2948,2,0,0,591.7377,664.854
43.33,-0.3205,1,0,1,390.5445,801.2896
68.7,0.484,1,0,0,377.0125,528.1723
32.5,-0.0477,2,0,1,473.1291,785.7852
26.64,0.6546,1,0,1,588.1305,683.6347
76.49,-0.1439,1,0,0,492.9548,995.1476
24.53,1.3326,2,0,1,446.956,834.6191
21.82,-0.2077,2,0,0,474.9291,712.6043
48.13,-0.6942,1,-1,0,339.7411,570.5866
28.52,-0.2522,1,0,0,381.2042,517.2882
76.65,0.4777,1,0,1,559.0847,662.592
20.91,-0.7069,1,1,0,426.4412,630.81
14.21,-0.7692,1,0,0,420.5117,880.9258
65.01,-0.5051,1,1,1,560.1104,870.7069
21.82,-0.3086,2,1,1,554.4031,1106.754
53.77,0.1839,2,1,1,470.6618,653.2882
75.5,0.0857,1,1,0,518.6566,968.4526
39.02,-0.1919,1,0,0,492.8717,1315.706
62.45,1.0634,1,0,0,407.9777,638.7462
39.02,0.3076,1,0,1,449.1418,805.4391
57.37,-0.4589,3,0,1,606.521,996.4446
49.3,-0.4598,1,0,1,460.2471,684.6931
33.76,-0.256,2,0,1,385.425,752.6869
76.49,0.6749,1,0,1,509.0462,635.4133
25.95,-0.7824,1,0,1,444.6773,561.7039
68.7,-0.6612,1,0,0,514.1408,638.0784
17.56,-1.2668,1,-1,0,410.0366,511.5939
56,0.505,1,0,1,375.1016,857.0239
62.39,1.1178,1,-1,0,489.5082,651.4933
30.78,-0.9529,2,0,0,430.5515,1131.283
27.91,1.6828,1,-1,0,513.5997,410.2264
17,-0.1251,1,-1,0,468.9474,567.7518
14.64,0.0682,2,0,0,436.4549,640.1664
68.7,-0.825,1,0,1,408.0878,773.6328
78.86,-0.5286,1,0,0,512.777,948.6838
86.72,1.8518,1,0,1,512.7531,557.7143
31.08,-0.6913,1,0,1,320.9827,776.2908
15.35,-0.5403,1,0,1,463.6305,1060.04
51.5,-0.6352,1,1,0,325.5773,479.844
59.89,0.5011,1,0,0,593.4484,837.0659
53.15,0.512,2,1,0,638.5425,768.0588
44.94,-0.9231,1,0,0,500.6598,1302.116
52.72,0.554,1,-1,0,492.8342,1086.259
26.64,0.8067,1,0,1,477.1849,1026.496
29.32,-0.7975,1,0,1,404.0143,830.3831
24.98,-0.689,1,-1,0,382.9378,640.7802
43.33,0.7641,1,0,0,414.8724,884.231
68.88,1.7941,1,0,1,527.2781,799.4451
73.91,-0.1624,1,1,1,453.3724,611.5021
72.3,-0.9753,1,0,0,467.5093,670.8058
16.36,0.3959,1,0,0,514.9396,855.1688
23.8,1.3478,1,-1,0,353.2902,673.6087
82.41,0.6723,1,0,1,585.4323,742.905
70.5,0.175,1,0,0,426.9864,660.8248
52.72,0.2185,1,0,1,411.6949,521.3976
75.43,0.6479,1,1,0,561.27,887.8819
35.34,1.4759,1,0,1,354.9848,1640.961
81.13,-0.1048,1,0,1,353.1845,817.0923
50.05,-0.9834,1,0,0,397.6793,511.5939
81.92,0.9381,1,0,0,578.1336,1432.356
39.04,-1.1531,1,0,0,357.6933,1284.469
70.89,2.6481,1,0,1,496.3439,586.0391
24.53,-0.6055,2,0,1,488.8638,713.6537
57.99,-0.2836,2,0,1,446.175,1000.093
65.12,0.5376,1,0,0,454.1227,568.636
85.85,-0.2538,1,1,0,547.847,359.5035
68.55,0.5238,1,0,0,593.3506,782.9034
31.08,-1.3893,2,1,0,372.0834,525.3988
76.49,-0.2262,1,0,0,511.0143,660.8248
31.08,0.8285,1,0,1,405.6824,727.1103
70.34,-0.243,1,0,1,415.8893,677.0836
15.35,-0.1192,1,0,0,392.5144,639.848
17,0.1552,1,0,0,447.4126,611.724
34.25,-0.5738,1,-1,0,366.2882,843.1102
68.7,0.6351,1,0,0,472.1588,780.4352
78.17,-0.6151,1,0,0,479.4953,694.2956
80.46,-0.1108,1,0,1,458.502,578.5244
46.38,1.4257,1,0,1,439.885,584.2659
58.07,-0.2627,1,1,1,319.4956,1011.24
73.38,0.4068,1,1,1,547.9846,839.2572
65.12,2.541,1,0,0,549.0967,670.8058
23.53,-0.1932,1,1,1,412.5759,1264.121
80.46,0.4744,1,0,1,458.9767,932.9773
75.43,1.7856,1,0,1,445.1091,942.5247
52.72,1.1805,2,0,1,335.8111,799.5024
54.27,1.3335,1,0,0,540.1811,554.8722
68.7,1.2435,2,1,1,573.858,421.9622
76.49,1.2647,1,0,0,465.6303,798.179
25.95,-0.8428,1,-1,0,547.302,673.6087
59.89,0.8799,1,0,0,434.8806,485.2478
59.76,-0.0142,1,0,0,402.2317,660.8248
21.64,-0.6811,2,0,1,396.1586,671.4904
67.11,0.3891,1,0,1,410.4245,557.7143
79.74,1.6093,1,0,1,429.4532,852.062
76.49,1.4298,1,0,1,505.6865,638.0784
50.9,-0.9604,1,0,0,392.5712,487.472
50.9,0.7728,1,0,1,524.239,577.0671
68.7,-0.335,1,0,0,393.4357,822.2078
59.89,0.137,2,-1,1,410.7625,718.4232
65.01,0.1633,1,0,0,486.903,768.8742
25.95,1.3011,1,0,0,395.5131,995.1476
82.41,1.7996,1,1,1,537.9067,883.0259
77.1,0.1627,1,0,0,521.2382,855.1688
62.39,-0.5372,1,0,0,416.4891,596.8058
70.34,0.3504,1,0,1,543.0267,882.8742
56.64,1.7861,1,1,0,721.4695,1222.794
33.76,-0.5495,2,0,0,506.3721,660.8248
20.91,0.1642,2,0,0,382.0296,521.7547
40.54,-0.7309,1,-1,1,321.4908,919.9075
70.34,0.9844,1,0,0,565.6758,634.1043
77.1,0.128,3,0,1,346.5464,583.2306
68.7,0.7227,1,0,1,444.571,717.451
81.92,1.1233,1,-1,0,555.167,1432.356
51.5,-0.8556,1,0,0,396.0021,596.8058
71.39,0.6983,1,0,1,567.8969,776.2908
82.41,1.3805,1,0,0,624.5499,517.2882
74.66,-0.4708,1,1,1,487.2081,754.0545
73.38,0.476,1,0,0,513.0217,594.0437
62.39,1.0544,1,0,0,637.2051,485.2478
38.58,0.9836,1,0,0,497.0147,880.9258
79.74,0.1889,2,-1,1,381.3848,1593.862
21.96,-0.8089,1,0,1,344.8921,932.9773
76.49,-0.6886,1,0,0,578.3957,752.4463
31.46,0.9638,1,0,1,439.3063,487.9839
57.04,1.0854,2,0,0,458.6424,670.632
31.08,0.0899,2,0,0,368.4988,1262.969
49.3,0.2412,1,0,1,387.3102,662.7367
53.15,-1.1477,1,0,0,480.7175,594.0437
65.01,0.5198,1,0,1,494.9433,670.317
70.34,0.2592,1,0,1,424.6571,603.1797
52.72,0.4901,1,0,1,495.832,746.517
78.86,0.6941,1,1,0,538.8586,705.983
56,-1.9903,1,1,0,462.4952,585.9969
28.52,0.0174,1,0,0,370.301,596.8058
21.82,-0.2222,2,0,1,437.9884,730.2981
70.5,-0.5207,1,0,1,404.1915,669.7581
25.04,-0.4676,1,0,0,510.2027,657.2502
43.85,-1.6546,1,0,0,395.5166,604.3597
75.43,1.0738,1,0,1,403.1683,726.7811
17.56,0.8164,2,0,0,437.9022,549.6742
86.72,0.7539,1,0,1,479.0205,706.1739
71.39,0.759,1,0,0,518.1215,884.0386
79.74,2.4541,1,0,1,405.8832,936.4965
88.7,0.0791,1,0,1,365.8352,940.716
31.08,0.1669,2,0,1,356.7042,831.4169
60.29,0.119,1,0,1,401.4501,932.9773
76.49,0.3174,1,0,0,512.7244,684.1808
88.7,0.316,1,0,0,400.6518,639.848
16.5,-1.0379,1,0,1,451.3012,857.0239
25.95,-0.4402,2,0,1,543.8582,619.219
24.53,-1.4196,2,1,1,345.355,801.8572
58.07,-0.4162,1,0,1,554.0549,603.1797
79.74,1.12,1,0,0,415.7714,855.0621
51.56,-0.7517,3,-1,1,327.7445,1262.874
22.16,-1.2394,2,1,0,505.3646,1243.448
88.31,0.9831,1,0,0,629.4189,1340.507
76.49,-0.6121,1,1,1,548.9185,869.3854
30.78,0.3629,1,0,1,582.2372,809.9561
67.94,1.0529,1,0,0,584.28,485.2478
17,0.5555,2,0,0,518.8847,634.1043
82.41,0.3163,1,0,1,558.7043,613.9698
43.33,-0.068,1,-1,0,414.2847,1022.545
57.97,1.7378,1,0,1,471.1111,662.592
15.35,-0.0017,2,1,1,347.7261,1168.184
71.39,0.5253,2,0,0,416.5565,692.2781
30.32,0.195,1,0,0,577.1837,596.8058
79.05,0.5742,1,0,0,399.5856,568.636
88.31,0.3115,1,0,0,512.3992,679.8349
70.34,0.8312,1,1,1,417.7946,962.4665
79.74,0.0485,2,0,1,425.0781,1097.569
18.08,0.6177,2,0,0,581.7895,554.8722
57.64,1.7311,1,0,0,599.8441,861.4836
25.95,-0.7934,2,0,1,415.4982,746.517
68.55,0.1705,1,2,0,487.3099,770.1301
74.66,0.8464,1,0,0,418.1274,629.5511
57.99,-1.2046,1,0,0,338.4849,837.0659
39.02,-0.2267,1,0,0,575.5512,788.0799
55.25,-1.1693,1,0,0,507.0143,822.2078
86.72,-0.6378,1,0,0,334.2218,708.6669
60.29,0.6631,1,0,1,460.7386,674.5685
58.07,0.6603,1,0,1,491.8269,1699.095
81.13,0.3481,1,0,1,400.5566,746.517
77.88,0.3865,1,0,0,527.8273,975.3854
46.76,0.7986,1,1,1,403.5183,954.3351
58.07,-0.9417,2,1,0,484.5945,1242.162
25.51,-0.3312,2,0,1,471.8864,557.7143
48.1,0.1614,1,0,0,431.1665,639.848
24.53,-1.6415,3,0,1,284.1211,583.2306
70.5,0.9617,1,0,0,469.4879,588.6187
74.66,-0.1666,3,1,1,470.8743,839.2572
17,-1.2376,2,1,1,358.564,989.6694
60.29,-0.9438,1,0,0,415.4512,638.7462
54.55,0.7465,1,1,0,564.7775,1011.196
51.56,0.2021,1,0,0,418.2682,656.7302
33.66,-0.0213,1,0,0,534.7349,1039.169
71.39,0.6063,1,0,0,399.4311,995.1476
65.42,0.6166,2,0,1,567.0228,1148.679
79.74,1.2189,1,0,1,549.0314,1699.095
28.48,0.8983,1,0,1,461.8456,638.0784
86.72,1.0925,1,0,0,722.4443,1071.922
56.64,1.0089,3,0,1,436.6654,687.766
79.74,0.8432,1,1,1,520.6299,438.5854
51.56,-0.3808,1,0,0,401.227,1432.356
30.9,0.7151,1,-1,0,454.3942,640.7802
53.15,0.9171,1,0,0,355.3085,690.442
76.49,0.4074,1,0,1,367.6735,1100.551
68.54,-0.3051,1,0,0,519.5251,588.8771
75.43,1.6909,1,0,1,626.3113,487.9839
21.64,0.0783,1,0,1,371.3366,578.5244
39.02,-0.5418,1,0,0,396.9285,1751.377
65.01,0.5801,1,0,1,555.1989,642.6207
53.15,0.5753,1,0,1,467.0725,752.6869
68.7,1.4958,1,0,1,451.3547,870.0235
29.14,0.181,1,0,0,429.506,694.0331
14.82,-1.2831,2,-1,0,299.6631,658.7812
25.04,-0.5958,2,0,0,418.128,774.4093
30.78,0.4952,1,0,1,404.0394,1198.807
76.49,0.4269,1,1,1,356.3256,1159.529
68.88,0.4448,1,0,1,546.2802,678.8576
21.96,-0.2432,1,1,0,441.0393,770.1301
58.07,1.7051,1,0,0,530.0555,554.8722
68.7,0.6065,2,0,0,428.1915,785.0401
24.85,-0.4433,2,0,0,407.0126,792.043
24.53,-0.2156,2,0,0,327.6494,658.7812
30.9,1.1334,1,0,1,506.6841,1554.014
75.54,-0.2276,1,1,0,421.8302,678.1436
30.34,0.2785,1,-1,0,383.8667,792.043
76.49,-0.6369,2,0,0,474.6022,549.4401
11.74,-0.9275,2,0,1,380.7126,561.7039
32.2,-0.088,1,0,1,324.9121,727.1103
76.65,1.3876,1,0,0,655.7285,651.4933
62.45,0.3408,1,0,0,632.4551,657.2502
56,-0.8498,1,0,1,338.0607,773.6328
63.31,-0.0306,1,0,1,579.0706,1457.534
19.66,-1.898,2,0,0,598.2359,977.3989
30.78,-0.0523,1,0,1,456.8312,1016.773
65.01,-0.1966,1,0,1,574.1081,603.1797
51.5,-0.4697,1,1,0,350.7479,673.0297
27.91,-0.448,1,1,0,587.5899,770.1301
56,-0.7574,1,0,1,453.5546,677.0836
26.62,-0.2136,1,0,1,519.0671,1060.04
72.96,0.8191,1,-1,0,493.7116,975.3854
25.95,-1.3873,1,0,1,445.5442,1712.691
88.31,0.1869,1,0,0,359.8608,708.6669
43.85,-0.3121,2,0,1,455.3136,795.5073
21.64,0.6754,1,0,1,420.8832,943.1797
75.54,-0.4522,1,0,0,414.6724,1094.958
78.86,1.0932,1,0,1,546.2475,936.4965
82.41,1.2991,1,0,0,550.5445,1143.517
72.94,1.0822,1,0,0,551.7432,1086.259
47.83,0.3177,1,0,0,541.3271,1131.283
27.52,-0.2261,2,0,1,457.5864,937.0833
22.77,-0.7674,2,0,1,367.0331,669.7047
86.72,0.802,1,0,0,337.5644,725.3383
33.76,-0.2431,2,0,1,449.0567,898.1214
25.95,-0.938,2,0,1,471.337,765.5425
25.95,0.7719,1,0,0,523.3189,604.522
18.13,-0.5459,2,0,1,352.0948,696.46
16.36,-0.4454,1,0,0,474.296,591.343
76.65,-0.3203,1,0,0,433.361,604.3597
51.56,0.3706,1,0,1,538.7684,642.6207
14.57,-0.1947,1,0,0,419.2166,673.6087
86.72,-1.3579,1,0,0,540.6663,474.3981
76.65,0.5276,2,0,1,436.3116,937.0833
68.7,-0.2483,1,0,1,534.6428,776.2908
39.02,-0.092,1,0,0,648.6932,657.8247
81.92,0.2282,1,-1,1,300.031,669.7047
70.34,-0.8075,2,0,0,624.9356,2282.984
58.05,-0.0367,1,1,1,574.7086,421.9622
31.08,-0.9641,1,0,0,410.7775,596.8058
58.07,0.8249,1,-1,0,428.0367,528.1723
57.04,0.9053,2,0,0,417.9188,547.4675
17.69,-0.5784,3,0,0,372.4032,560.504
65.64,2.2074,1,1,1,549.5439,1313.755
29.73,-0.866,2,0,0,420.8562,449.6594
85.41,1.4381,1,1,1,541.4507,772.7108
39.02,1.7568,1,0,1,465.6884,1097.569
86.72,1.4188,1,0,0,425.4655,657.8247
17,-1.1796,2,0,1,379.0008,785.7852
58.07,-0.5398,1,0,1,423.962,670.317
39.02,0.0464,1,-1,1,356.0343,797.1312
23.8,0.358,1,0,1,557.0608,1792.216
76.49,1.0395,2,1,0,609.7602,768.0588
70.89,0.4142,1,0,1,422.4875,727.1103
39.02,-1.4086,1,0,1,344.4544,670.317
28.48,1.0427,1,0,1,394.548,1792.216
68.7,-0.2678,1,0,1,428.9034,640.1664
24.53,1.1006,2,0,1,473.3422,705.9021
51.5,0.5647,1,1,1,528.7177,708.1546
65.12,0.9151,1,0,0,476.2674,528.1723
57.03,-0.1945,1,0,1,323.0922,1060.04
26.62,-0.0582,1,1,0,429.2102,653.6845
76.49,-0.2663,3,0,0,511.1584,977.3989
73.91,1.2402,2,0,0,697.737,536.1598
70.89,-0.3915,2,1,1,610.0224,783.1994
42.3,-0.3472,1,0,1,455.7505,730.2981
88.96,-0.6672,2,0,1,423.2239,1048.346
70.34,-0.4301,2,1,1,521.4856,1262.874
79.74,0.8561,1,0,1,572.1809,706.1739
50.15,-1.2839,1,-1,1,407.9881,717.451
55.03,1.1075,1,0,1,522.8144,577.0671
68.7,-0.3991,1,0,0,331.0366,1086.259
52.72,-0.3357,1,0,1,508.8085,799.4451
62.39,-0.8477,1,0,0,437.2782,735.1987
83.81,2.0406,1,0,0,579.4611,652.9312
36.35,0.0072,1,0,0,461.8284,869.9329
80.78,-0.9136,2,0,1,471.827,1712.691
68.7,1.4942,1,0,0,543.3443,794.4479
79.74,1.9463,1,0,1,570.4052,936.4965
81.13,0.9756,1,0,0,523.3399,752.6338
61.91,-0.0083,1,1,1,517.2871,542.0693
83.5,1.1046,1,0,0,639.1323,1890.195
75.54,1.0114,1,0,0,579.5204,1302.116
85.85,2.1904,3,0,0,549.5555,1012.469
30.78,0.3476,1,0,1,482.7638,739.4062
78.86,-0.0658,3,0,0,532.6243,798.179
79.05,-0.197,1,0,1,390.8227,742.905
43.33,-0.1736,1,0,0,541.1688,975.3854
76.65,0.2424,1,0,1,463.5329,1060.04
24.53,0.6004,2,0,1,392.0831,877.4436
36.92,-1.3462,3,0,1,343.861,606.3097
81.92,1.0255,1,0,0,592.8745,1890.195
58.77,-0.4519,1,0,1,416.5492,746.517
44.94,-0.7772,1,0,0,604.6178,863.4596
62.39,0.5554,1,1,0,385.9722,605.8636
68.7,-1.133,1,1,0,355.9639,885.7158
15.35,-0.4953,1,1,0,464.1542,861.3702
32.67,-0.1514,1,0,0,426.0623,639.848
65.01,1.569,1,1,1,565.0525,625.9388
78.86,1.2137,1,0,1,686.7912,603.1797
51.5,-0.3809,1,0,0,416.0181,785.0401
82.31,0.3968,1,1,0,415.593,1764.961
58.07,1.1621,1,0,1,536.9203,1213.734
39.04,-0.6593,1,0,0,350.0242,392.1919
57.37,-0.7137,1,0,1,350.2365,640.1664
33.76,0.2673,1,0,1,428.1886,670.317
59.89,1.8327,2,0,1,600.0567,942.5247
62.13,-0.0778,1,1,1,451.1374,1113.15
58.07,-0.677,1,1,1,346.2997,562.691
44.92,-0.0889,1,-1,1,335.0733,1792.216
59.89,0.0026,1,0,0,471.3708,822.2078
56,-0.256,1,0,0,503.2159,610.6153
78.86,1.6116,1,1,0,695.9325,981.3942
50.05,1.3674,1,0,0,492.3493,1262.969
33.76,1.3699,1,-1,1,403.8641,799.4451
79.74,0.4478,2,0,1,531.5885,785.7852
33.76,0.6681,2,0,1,452.4021,561.7039
70.89,0.6989,1,0,0,674.7409,1094.958
51.5,-0.8624,1,0,0,396.6449,547.4675
67.94,0.5846,2,1,1,614.8377,871.0948
75.43,1.7422,1,0,1,473.3393,728.2187
33.76,0.2647,2,0,0,565.2788,830.9699
82.41,0.9101,1,0,0,551.7776,1262.969
88.31,1.3557,1,0,0,605.9625,679.8349
51.25,0.0725,1,0,0,676.8877,788.0799
35.34,-0.3878,1,0,1,555.1224,696.46
73.38,2.1265,1,0,0,653.1887,837.0659
17,0.6834,1,1,1,374.9795,1059.231
82.41,0.7783,1,0,1,500.3264,830.3831
78.76,0.0103,1,0,0,517.608,656.7302
42.3,0.315,1,0,0,523.2145,2060.563
25.95,-0.176,1,0,1,343.5737,717.451
47.83,-0.3571,2,0,0,502.1034,658.7812
39.02,-0.2412,1,0,1,426.9246,726.7811
58.77,-0.5325,1,0,1,402.8364,644.5503
43.85,0.5079,2,0,1,563.1834,867.9743
24.53,-1.9639,1,0,0,470.3958,604.3597
65.01,-0.1395,1,1,1,395.2693,920.6478
81.13,0.4456,1,0,1,407.4778,778.1364
71.39,1.3948,1,1,1,465.3932,883.0259
67.94,1.612,1,0,1,543.9575,717.3659
37.92,-0.5282,1,0,0,334.7428,991.338
19.66,-0.9325,1,0,0,343.2396,707.707
25.95,-0.1487,1,-1,0,400.1716,660.8248
59.89,0.5984,1,0,0,482.6497,752.4463
68.7,-0.7725,2,0,1,376.0314,414.1503
88.31,2.1562,1,0,1,528.2463,1699.095
18.08,0.3485,2,0,1,542.2214,619.219
68.7,-0.3313,3,-1,1,392.9024,922.5173
62.13,-0.1979,2,0,0,433.171,798.179
28.52,-1.7514,1,0,1,518.3185,640.1664
58.07,0.9362,1,1,1,434.6142,815.988
86.72,1.1631,1,0,1,576.15,521.3976
22.75,-1.0956,3,1,0,491.7279,525.3988
79.74,-1.0177,2,0,0,502.9372,610.3265
31.08,-0.2498,1,-1,1,438.7534,559.0745
50.15,1.4426,1,0,0,349.3582,670.632
86.72,2.1767,1,0,1,562.8948,662.592
22.16,-0.1901,2,0,1,437.7867,557.7143
51.92,-0.0026,1,0,0,458.2631,594.5036
77.1,0.2874,1,0,0,577.4071,856.1546
54.55,0.281,1,1,0,547.2475,932.8956
88.7,1.865,1,0,0,500.2387,673.3137
86.72,1.6847,1,0,0,713.5997,973.4936
23.8,-0.5735,1,0,1,341.7181,881.215
25.06,-1.4043,1,1,1,362.4622,391.7137
70.5,0.6542,1,0,1,375.3437,542.2769
71.39,-0.0904,1,0,1,586.5315,870.0235
36.92,0.535,1,0,1,509.047,857.0239
30.34,-1.8703,1,-1,1,329.6882,647.1371
68.7,0.1047,1,0,1,494.0416,795.5073
79.05,1.0452,1,0,0,563.9444,799.4975
39.02,0.9697,1,0,1,543.1546,552.1778
58.07,1.3397,1,0,0,347.7781,684.1808
68.88,0.9969,1,0,1,484.0003,674.5685
70.4,-0.7644,1,0,1,370.7478,882.8742
70.34,0.3725,1,1,0,442.7002,592.0215
58.07,1.0696,1,0,0,545.3303,1302.116
50.15,-0.6804,1,1,0,569.3336,642.3074
17.69,-0.7109,1,0,1,440.2539,638.0784
28.48,0.4196,1,1,0,488.0705,759.3189
27.52,-0.6234,2,0,1,410.1292,1712.691
76.65,-0.2254,1,0,0,491.6134,884.0386
50.15,-1.1698,3,0,1,343.2384,1026.496
71.39,0.1958,1,0,0,442.9404,1301.328
72.24,-0.2932,1,1,1,429.2775,776.8726
76.65,-0.0371,2,0,1,592.8122,1148.679
81.92,1.1534,2,1,1,621.5857,869.6445
70.89,0.2426,1,0,0,462.8177,410.2264
59.89,-0.22,1,-1,1,402.0387,583.4096
65.01,0.7491,1,1,0,590.3089,1315.242
28.52,0.2866,1,0,1,410.7039,867.8157
70.5,-0.2615,1,0,1,424.8847,805.4391
68.7,-0.6678,1,0,1,342.5449,956.2035
82.41,1.9328,1,0,1,400.8971,752.6869
48.13,1.0912,1,-1,0,548.0281,604.3597
68.7,0.3371,1,1,1,447.6384,899.4514
32.2,-0.0198,2,0,0,489.7941,1869.569
17.69,-0.7637,2,0,0,392.5807,836.7404
68.88,0.5681,1,1,1,544.0359,869.3854
68.88,0.3073,1,0,0,466.2798,1284.469
46.38,0.1616,1,0,0,348.2923,549.4401
24.53,0.2014,2,-1,0,387.8063,961.7906
27.91,-0.0639,2,0,0,474.0813,1301.328
58.77,0.1813,1,0,1,402.4776,516.37
68.7,-0.6181,1,0,0,527.7593,835.1373
82.31,-0.4332,1,0,1,434.5863,713.6537
68.7,-0.1312,1,1,0,482.3414,535.7584
70.4,0.4001,1,0,0,556.1003,656.7302
27.91,0.4745,2,0,1,550.5162,586.0391
21.82,-0.4434,2,0,1,403.1532,671.4904
56.38,0.76,2,0,1,530.5906,746.517
24.98,0.9976,1,0,0,602.7018,670.632
75.43,1.4689,1,0,1,456.0013,687.766
79.74,1.0524,1,0,0,614.7059,639.848
17.53,-1.2662,3,0,1,309.1079,578.3961
53.15,-0.5621,2,0,1,430.8522,1000.093
16.5,0.3701,1,0,0,391.7742,629.2027
30.78,-0.8533,1,2,1,433.4516,769.5674
28.52,3.2566,1,0,0,402.4392,639.848
66.42,-0.328,1,0,0,570.8983,640.1664
51.56,-0.8342,1,0,1,340.2576,898.1214
21.96,-2.0087,2,0,0,331.3888,884.4799
17,-0.7942,1,0,0,429.0229,673.3137
65.12,-1.1236,1,0,0,310.0308,690.442
57.03,-0.466,2,0,1,395.7142,736.6283
26.62,-0.8056,2,0,0,551.2269,975.3854
26.85,-0.4585,1,0,1,410.1082,717.3659
76.65,0.6395,1,0,1,525.9654,1699.095
17.69,-0.8992,1,0,1,270.9461,669.7047
24.98,-2.1858,1,0,0,537.9819,1432.356
43.85,0.242,1,0,1,330.4726,537.6039
70.34,-0.4083,1,0,1,456.3918,508.8072
50.15,-0.8217,1,-1,1,347.3326,656.2566
65.01,2.2982,1,-1,0,434.4615,474.3981
76.65,0.1957,1,0,1,488.4844,937.0833
17,0.636,1,0,1,496.3479,618.4042
71.39,0.0208,1,1,0,527.8877,1011.196
75.54,0.3545,1,0,0,496.3558,425.6052
82.41,-0.4753,1,0,0,547.9434,855.0621
68.7,1.6587,1,0,1,475.0956,799.4451
31.08,0.346,1,0,0,415.1583,561.7039
73.38,0.5585,1,1,1,510.2451,1030.614
24.53,-1.3801,1,0,0,426.493,554.8722
65.01,0.9133,1,0,1,529.3512,736.2656
83.5,0.5754,1,0,1,505.2618,684.1351
25.95,0.0601,1,0,0,578.4952,1131.283
76.65,1.1715,1,1,1,589.1611,421.9622
68.88,-0.1157,2,0,1,327.3707,936.4965
68.7,1.3327,1,0,1,580.2369,943.1797
75.5,-0.1202,1,0,1,492.9431,799.4451
62.39,0.134,1,1,0,494.2173,1246.427
68.7,0.0473,1,0,0,525.5389,640.7802
68.7,-1.0465,1,0,0,384.7507,754.9125
76.49,-0.5654,1,1,1,426.3329,492.3518
30.9,-0.2785,1,1,1,526.3083,839.2572
76.65,1.2548,1,0,1,605.6638,1601.608
68.7,-1.172,1,0,0,401.7071,1869.569
54.86,-0.4644,1,0,0,592.4793,588.8771
33.76,-0.1911,1,0,1,453.9994,644.5503
25.95,0.0561,1,0,1,473.4174,776.2908
88.31,1.296,1,1,0,604.5298,618.071
78.86,1.2224,1,0,1,613.0798,996.4446
76.49,1.3088,1,0,1,421.5402,633.1605
75.13,-0.0954,1,0,0,505.5684,638.7462
66.42,0.7496,1,1,1,454.8407,962.4665
82.41,0.9441,2,0,0,402.3166,634.1043
51.5,-0.7549,1,0,0,500.8056,679.8349
71.39,-0.0148,1,0,1,359.6322,739.4062
25.95,-0.655,2,1,1,526.3111,718.4882
70.89,-0.12,1,0,0,410.7342,771.7018
21.96,-0.9028,1,-1,1,392.3091,718.4232
79.74,1.2608,1,1,0,343.1204,796.8229
56,-0.981,1,0,1,321.9148,1792.216
73.91,0.5198,2,1,0,725.5619,768.0588
82.41,0.2949,1,0,1,529.7231,644.5503
68.7,-0.2557,1,0,0,614.5988,785.0401
65.01,-0.3527,1,0,1,328.1259,1554.014
39.02,0.5177,1,0,1,480.3615,799.4451
37.83,0.4353,1,0,1,497.3805,431.3
59.89,1.4105,1,0,1,461.3859,635.4133
50.37,-0.5258,1,0,1,410.0746,940.716
76.98,0.2014,1,1,0,539.907,468.9852
30.78,-0.8049,1,0,0,492.2797,863.4596
75.43,1.8684,1,1,1,611.0673,815.8547
73.38,0.9553,1,0,1,511.1573,922.5173
24.98,-0.1231,2,1,0,402.3705,660.5652
86.72,0.1539,1,0,0,526.9631,884.0386
75.5,-0.6722,1,0,1,386.6675,557.7143
28.97,0.834,2,1,1,397.2579,602.6578
35.34,0.5485,1,1,0,294.1297,1064.617
14.21,1.1031,2,0,1,377.0516,1262.874
81.92,2.3078,1,0,1,579.6988,706.1739
47.74,-0.502,2,0,0,499.533,774.4093
76.98,-1.2823,1,0,1,410.4923,521.3976
59.76,0.841,1,0,1,474.3906,728.2187
73.91,3.1761,1,0,1,632.5565,557.7143
47.74,0.567,1,0,1,423.3737,739.4062
17.56,-0.7527,2,0,0,386.9986,667.426
33.76,-1.9591,1,1,1,356.333,792.3491
26.62,-1.1231,1,0,0,459.7798,645.9519
65.01,-0.681,1,0,1,455.2313,799.5024
49.48,1.2975,1,0,0,383.1362,752.6338
48.66,1.3393,1,0,1,443.289,830.9162
80.75,1.0434,1,0,1,405.2916,633.3412
38.58,1.0731,1,0,1,494.4064,700.9747
66.42,0.3865,1,0,1,628.3746,635.4133
88.7,0.0514,1,0,1,461.5821,683.6347
62.39,0.5396,1,0,0,546.9974,861.4836
59.89,0.9184,1,0,0,493.5862,837.0659
25.95,-1.9001,3,0,0,361.2437,774.4093
81.4,0.8235,2,0,1,465.595,718.6005
65.01,-0.9175,1,0,0,514.7978,567.7518
35.34,1.7795,1,0,1,624.5465,623.6596
62.45,1.1448,2,0,0,466.3088,1262.969
59.89,-0.8339,2,0,0,301.0735,782.9034
71.55,-0.3705,1,0,1,398.923,578.5244
50.9,0.8227,1,0,1,375.1116,578.5244
74.79,0.2637,1,0,1,538.1635,942.5247
68.7,0.121,1,0,0,609.7115,752.6338
25.2,-0.5621,1,0,1,334.3177,656.2566
30.34,-0.7837,1,1,0,383.2371,1060.858
78.86,1.7963,1,0,0,654.9661,855.0621
73.91,1.4927,1,0,0,622.3738,884.0386
51.63,-8e-04,1,0,1,474.784,1100.551
36.35,1.1016,1,0,1,440.5875,1213.734
62.39,0.9922,1,0,0,670.099,788.0799
74.66,-0.0427,2,1,1,516.8053,848.6612
17,-0.9403,2,0,0,477.4811,794.8265
66.42,0.5138,1,0,1,446.3239,996.4446
43.85,-0.0952,1,0,1,435.4834,1012.438
17.55,0.777,1,0,0,457.9885,771.7018
81.92,1.1075,1,-1,0,356.5312,679.8349
68.7,0.0382,1,0,0,546.589,638.0784
68.7,-1.1456,1,1,0,377.3957,938.6815
16.38,-0.1838,2,0,1,467.4394,550.6528
85.41,1.6012,2,0,0,567.5857,568.636
56.64,1.5633,1,0,1,539.5604,875.2265
56.35,0.8027,1,0,0,528.5911,788.0799
24.98,-0.7882,1,0,0,428.2444,645.9519
36.92,0.2718,1,0,1,406.8878,818.2048
72.96,0.1876,1,0,0,544.3401,884.231
74.66,1.3643,1,0,1,564.2465,619.6011
36.35,1.8637,1,0,0,407.8443,1039.342
76.49,0.9589,1,0,0,590.8945,861.4836
21.64,-1.2957,1,0,1,425.7912,817.0923
81.13,-1.2087,2,-1,0,433.7862,752.9022
80.78,0.3343,1,0,0,511.7484,856.1546
79.74,-0.1705,2,0,1,400.0132,618.4042
54.86,1.9775,1,0,1,589.7932,603.7953
68.7,0.4883,1,0,0,345.7848,975.3854
75.54,-0.7815,2,-1,0,405.8916,735.1987
47.83,0.9,1,0,0,417.0407,536.1598
57.03,-0.5842,1,0,1,404.019,584.6938
81.4,0.2825,1,0,0,709.3861,588.8771
73.91,0.1573,1,0,0,484.5989,720.4376
86.72,0.5377,1,0,1,425.9555,765.5425
29.8,-0.1315,1,0,1,330.0874,1712.691
74.66,0.1153,1,0,1,415.8326,797.1312
74.66,0.4004,1,0,0,500.426,594.0437
35.34,0.5181,1,0,1,346.5866,1048.346
75.13,0.4559,2,1,1,633.5942,1072.886
59.89,-0.2918,1,0,1,395.5047,875.2265
25.04,-0.3967,2,0,1,446.1999,561.7039
79.74,1.1938,1,1,0,558.9654,743.1943
24.07,-0.9578,3,0,1,412.2615,730.2981
17,0.7259,1,0,1,544.673,937.0833
81.92,-0.7695,1,0,0,419.0915,913.581
68.54,-0.1007,1,0,0,439.0362,2060.563
58.77,-1.0368,1,1,0,540.3313,619.3579
30.34,-0.7329,2,0,1,387.4553,552.1778
73.38,-0.8523,1,0,0,545.3901,1039.342
65.01,-1.5395,1,0,0,314.4205,517.2882
59.89,0.8145,1,0,1,588.0708,752.6869
59.35,-0.7708,1,-1,0,481.3709,869.9329
67.94,0.9837,1,0,1,519.6799,640.1664
26.64,-1.8507,2,-1,0,410.3116,1237.967
50.15,1.3234,1,0,0,399.7327,634.1043
39.04,-0.0558,1,0,0,493.5361,1644.964
62.39,0.0987,1,1,0,483.491,1168.184
78.69,1.0978,2,1,0,605.047,932.8956
81.4,-0.6511,1,-1,0,400.3811,657.2502
62.45,0.5534,1,0,0,401.1787,640.7802
17.53,0.0017,2,0,0,440.9426,667.426
17,-0.2944,1,0,1,371.2822,818.2048
43.85,1.8723,3,0,1,406.2267,583.2306
17,-0.6127,1,-1,0,402.2503,639.848
88.7,1.2407,1,0,1,516.827,728.4617
17,-0.6556,2,0,0,463.727,830.9699
28.48,0.5819,1,0,1,569.4695,799.6732
17.69,-1.0835,2,0,0,443.6889,700.969
24.98,0.6093,2,0,0,370.7799,658.7812
65.12,-0.6434,1,1,0,466.8837,890.6474
40.54,-0.5507,1,0,1,513.2501,742.905
75.13,0.3298,1,1,0,409.4705,786.943
28.52,-2.1069,3,1,1,400.647,682.2694
30.9,1.0136,1,0,1,300.4148,711.3121
60.29,1.2057,1,0,1,653.1507,619.6011
33.66,-0.831,1,1,1,396.2828,1000.381
60.29,1.3945,1,0,1,468.2013,537.6039
82.41,-0.9219,1,0,1,310.8436,870.0235
58.77,0.6945,3,0,0,536.0712,474.3981
62.13,0.6592,1,0,1,594.3723,557.7143
79.05,-0.694,1,0,0,511.4936,657.2502
40.54,0.7183,1,0,1,490.0746,497.1649
21.64,1.0664,1,0,1,306.8801,341.5896
79.05,-0.1874,2,1,0,706.0088,768.0588
79.74,2.1526,1,0,0,447.7025,1890.195
70.89,0.3246,1,0,1,564.1191,700.9747
70.09,0.0951,1,0,0,676.4772,509.114
65.01,0.5671,2,0,1,480.7423,1000.093
26.62,0.7365,1,0,1,364.3299,799.4451
57,-0.036,1,0,1,435.6956,881.215
86.72,-0.5559,1,0,1,506.9194,687.766
70.5,-0.1748,1,0,1,492.6748,670.317
18.13,-0.4519,2,0,1,416.8281,867.3384
76.98,0.4967,1,0,1,471.7664,550.6528
80.78,1.053,1,0,0,560.0472,720.4376
43.76,0.9051,1,0,1,394.7206,801.2896
29.16,-1.7598,2,0,0,324.0062,991.338
78.86,1.8866,2,0,1,504.3191,1213.734
62.13,0.0817,1,1,1,478.6291,602.6578
71.39,-0.3865,1,0,0,415.3588,754.9125
70.89,0.3936,1,0,0,492.8349,1012.469
75.43,0.1403,1,1,1,556.1163,839.2572
50.15,-0.0638,1,1,1,342.4196,1264.121
70.89,0.1218,1,0,1,395.9575,765.5425
82.31,1.6675,1,0,1,564.8718,700.9747
65.01,-0.7117,1,0,1,441.5119,818.2048
30.78,0.9483,1,0,0,542.1175,913.581
73.38,-0.0848,3,0,0,573.0866,363.2123
78.76,0.1295,1,0,1,366.2426,727.1103
79.74,-1.128,1,0,1,434.5871,687.4356
70.34,0.6037,1,0,0,387.7942,450.3597
58.07,0.5308,1,0,1,411.0538,552.1778
25.06,0.7172,1,0,0,506.4195,616.6988
43.33,-0.2819,1,0,1,492.6404,687.766
72.3,-0.8043,1,0,1,423.0379,696.46
75.54,-0.5345,2,0,0,559.3139,664.854
71.39,0.6215,1,0,0,372.8237,924.7837
24.53,-0.1597,1,-1,0,311.2224,752.6338
24.53,0.5262,2,0,0,587.6872,509.114
42.3,0.4838,1,0,1,384.6645,561.7039
62.45,-0.4251,1,1,1,517.8836,438.5854
76.49,-0.0726,1,0,1,559.9822,717.3659
65.01,0.538,1,0,1,542.8722,1750.147
41.27,0.792,1,0,0,548.5485,799.4975
75.54,0.1832,1,0,0,478.3625,700.3109
26.62,0.3213,1,0,0,350.5248,591.343
24.98,0.8649,1,1,1,418.355,925.2021
51.5,0.5337,1,0,1,549.7287,1075.836
70.34,1.0476,1,0,0,674.9661,588.6187
70.89,1.4195,1,1,1,471.2066,728.738
76.65,-0.0342,1,1,1,516.3659,992.2847
39.04,-0.9334,1,0,0,473.7681,656.7302
31.08,0.5706,1,1,0,597.3279,782.2747
31.08,0.2362,2,1,1,531.583,1699.095
30.9,-1.6264,3,-1,0,381.3132,678.6486
20.91,-0.2282,2,0,1,412.9342,919.9075
25.46,-0.0692,1,0,1,349.8068,711.3121
81.4,-0.2048,1,0,1,457.1787,1640.961
20.91,-0.3086,2,1,1,381.5579,1034.444
33.76,8e-04,2,1,0,413.9534,643.5684
86.72,-1.198,1,0,0,325.7414,594.5036
74.79,0.358,1,0,0,424.3349,794.4479
25.04,-0.2075,1,0,1,416.058,584.2659
68.7,0.7564,2,1,1,584.3935,1072.886
24.53,-0.8385,1,-1,0,312.8063,560.504
59.76,0.4233,1,0,0,588.1128,657.8247
68.7,-0.2338,1,0,0,509.7249,785.0401
25.04,-2.0516,3,-1,0,321.0796,645.9519
78.86,0.9168,1,0,0,465.9597,694.2956
21.64,-2.303,2,0,0,451.9098,782.9034
73.38,-0.1524,1,-1,1,531.3447,555.8112
88.7,0.4303,1,0,1,580.1921,746.517
67.94,0.0902,1,0,1,471.8235,577.0671
63.31,-1.0664,1,0,0,491.8639,1432.356
67.94,1.2067,1,-1,0,503.8755,1071.922
17.53,-0.0577,1,0,1,456.5609,678.8576
17,0.0065,1,0,0,445.7009,594.5036
44.92,-1.1589,1,0,0,378.9134,1284.469
70.89,0.4554,1,0,1,454.6675,801.2896
37.92,-0.362,1,0,1,353.3246,497.1649
56,-0.4836,2,1,0,409.742,1242.162
17,-0.206,2,0,0,383.3308,678.6486
39.04,-0.3614,1,0,1,487.5603,932.9773
25.95,-0.6118,1,0,0,404.6241,860.3174
75.25,0.8342,1,0,0,453.9344,1631.966
63.03,0.433,2,0,0,542.543,1022.545
71.39,1.282,1,0,0,444.7795,1262.969
49.48,-1.667,1,0,1,555.9004,487.9839
85.41,-0.0486,1,1,0,553.7114,643.5684
23.57,-0.3815,3,0,0,519.6533,610.3265
78.86,-0.1973,1,0,1,557.4719,799.6732
16.5,-0.4871,1,1,0,487.509,833.5526
30.9,-1.7057,1,0,1,364.3397,487.9839
52.72,0.8882,1,0,0,615.9604,604.3597
44.92,-0.0936,1,0,0,395.7259,638.7462
48.1,0.3863,1,1,1,426.734,708.7621
70.89,1.408,2,1,1,407.0546,628.3673
26.64,0.1213,2,0,1,478.1867,746.517
44.94,-0.8027,1,0,1,406.6039,674.5685
30.78,0.2744,1,0,1,419.2927,739.4062
76.65,1.5147,1,0,1,502.9218,662.592
65.12,-1.5029,1,0,1,264.7222,870.0235
51.01,-0.016,2,1,0,537.5844,643.5684
36.35,0.0515,1,0,1,411.0811,742.905
20.91,-0.7829,2,1,1,380.1049,944.3411
28.97,-0.3285,2,1,1,454.0563,696.2375
88.7,2.2181,2,0,1,529.2642,706.1739
75.54,2.0426,1,0,0,562.0367,855.0621
26.62,0.0921,1,0,1,469.3917,765.5425
60.29,-0.2982,1,0,1,339.5825,1463.899
66.42,0.7394,1,0,0,650.2185,822.0018
31.08,0.2826,1,0,1,355.9843,662.7367
76.65,0.7649,1,0,1,505.1906,1539.223
76.65,0.288,3,0,1,507.1604,1665.117
75.5,1.4923,1,0,1,585.3044,1665.117
53.15,1.0992,1,0,0,537.7029,554.8722
86.72,3.4458,1,0,0,506.5986,471.0894
16.5,1.8201,1,1,0,524.698,497.176
16.38,-1.0045,2,1,0,504.3932,1034.898
79.74,-0.0321,1,0,0,546.8841,843.5551
68.7,-0.366,1,0,0,571.2571,694.2956
30.78,-0.9278,1,0,1,466.1155,684.1351
73.38,1.4004,1,0,0,708.2177,837.0659
57.64,-0.3879,1,0,0,480.1067,860.3174
14.39,-0.4121,1,0,1,410.1868,687.766
18.13,-0.8526,2,0,0,408.1588,836.7404
20.91,-1.8481,1,0,0,357.5194,1301.328
63.31,-1.0532,1,0,0,308.2833,1071.922
68.7,0.2166,2,1,1,421.9784,993.2244
62.39,0.5918,1,0,1,646.3892,603.1797
62.13,0.6098,1,0,0,551.2784,640.7802
41.27,0.4551,1,0,0,521.619,624.1593
81.4,0.9401,2,0,0,674.9986,1039.407
75.54,-0.5903,1,1,1,411.5461,1264.121
79.74,0.9375,1,1,1,652.0396,628.3673
70.34,0.8139,1,0,1,454.4503,578.5244
78.86,1.0317,1,1,1,468.2831,686.0447
11.74,-0.6178,1,0,0,325.9123,823.0218
76.49,-0.2472,1,1,1,429.6863,935.4522
57.03,-0.0593,1,0,1,391.7965,718.4232
22.75,-0.026,2,1,1,389.4916,874.586
29.16,0.8355,2,0,0,369.0079,373.1028
57,-0.5051,1,0,1,411.9844,644.5503
39.02,-1.7578,1,0,0,456.7388,884.231
68.7,0.1368,1,0,0,514.1957,785.0401
68.7,-1.556,1,0,1,503.8972,584.2659
78.86,0.2752,1,0,1,591.3564,940.716
65.01,-0.2845,1,0,0,494.6975,652.9312
25.95,-1.4311,1,0,0,374.6372,1644.964
78.76,0.0159,1,1,0,458.3703,759.9835
51.56,-0.1662,2,1,0,429.2917,960.1918
24.98,-0.3459,1,1,0,539.247,655.1455
24.53,-0.4218,1,0,1,435.0851,677.0836
65.12,1.0099,1,0,0,301.3224,924.7837
76.65,-0.0347,1,0,1,546.0695,799.6732
82.41,0.1431,1,0,0,590.5871,694.2956
71.39,0.9635,1,0,0,553.0924,547.4675
68.7,0.5274,1,0,1,535.61,867.8157
16.38,1.4613,1,-1,1,387.7359,687.766
79.74,0.7791,1,0,1,580.1304,1699.095
22.16,-0.3595,2,-1,0,351.1686,901.7008
70.5,-0.164,1,0,0,569.662,1302.116
88.7,0.9615,1,1,1,471.6295,919.8023
35.34,0.6348,2,0,0,541.1646,554.8722
78.86,0.1216,1,0,0,568.9367,684.1808
59.35,0.2883,1,0,0,356.0855,570.5866
30.34,-0.3879,2,0,0,363.6818,822.2078
54.92,0.2236,1,0,1,500.9564,521.3976
85.41,0.9404,2,0,1,615.6634,996.4446
66.42,-0.2894,1,0,1,367.5816,1012.438
77.88,1.6996,1,1,1,584.3313,869.3854
20.91,-1.0154,2,0,0,331.6745,594.5036
81.13,1.4859,1,0,0,461.2494,1071.922
33.83,-0.6278,1,0,0,505.227,528.1723
57.03,0.5135,1,0,0,456.9459,485.2478
75.43,0.5561,1,0,0,580.1601,1217.909
43.85,-0.0288,1,0,0,547.839,547.4675
65.01,0.4145,1,1,0,526.0337,841.5952
41.22,-0.4729,1,0,1,553.8961,1463.899
30.32,-1.7999,1,0,0,359.3719,843.5551
65.01,0.6081,1,0,0,411.179,528.1723
86.72,1.5885,3,0,1,565.0947,1665.117
52.72,-0.0763,1,0,1,503.2286,778.1364
31.08,0.213,2,1,1,389.7238,859.7264
68.7,0.7879,1,0,0,450.4384,780.4352
76.49,0.3026,1,0,0,467.5788,876.8064
65.12,0.9953,1,0,0,529.2497,554.8722
44.92,-0.8321,1,0,1,362.2686,603.7953
76.65,1.1134,2,1,0,695.3371,773.1937
85.13,1.8613,1,0,1,582.8418,831.4169
82.41,0.5017,1,0,1,530.7869,577.0671
17.56,-0.0644,2,0,1,478.5258,956.2035
59.76,1.4833,1,0,0,572.1027,822.0018
76.49,0.5418,1,0,0,459.9292,511.5939
57.99,-0.3365,1,0,0,400.5731,594.0437
73.38,0.5432,1,0,1,554.1371,705.9021
71.39,0.0301,1,0,1,416.7821,669.7047
65.01,0.2935,2,0,0,390.374,777.3291
86.72,0.3051,3,1,1,587.8291,869.6445
43.85,0.6388,1,0,0,445.3859,861.4836
43.85,-1.4631,1,0,1,360.1292,718.4232
68.7,0.9595,1,0,1,440.6898,1640.961
68.7,-1.4027,1,-1,1,385.603,874.6423
25.95,-0.9652,1,0,1,374.4331,809.9561
37.92,-0.0041,1,-1,0,252.3753,924.7837
31.08,0.4199,1,0,1,517.4659,674.5685
33.76,-0.08,1,0,1,430.8429,638.0784
83.5,0.689,2,1,1,600.8413,1072.886
29.73,0.4126,3,1,1,567.2464,993.2244
86.72,-0.441,1,0,0,383.4502,712.6043
30.9,-0.454,1,1,1,535.1174,901.4194
84.61,1.1001,1,0,1,622.1298,917.1685
80.78,-0.0103,1,1,1,531.8759,1159.529
88.7,-0.8318,2,1,0,382.8361,1339.467
79.74,1.6405,1,0,0,505.1071,1134.426
54.55,1.2286,1,0,0,456.2017,1039.342
65.01,-0.1959,1,0,1,390.4286,726.7811
22.16,-0.7069,2,0,1,423.1133,867.3384
57.03,-0.5993,1,-1,0,473.2614,869.9329
43.85,-1.2445,1,0,1,368.277,393.7546
59.89,-0.0097,1,0,1,489.8258,1016.773
58.77,0.2067,3,0,0,571.8137,684.1808
56,-0.8925,2,0,0,428.3018,901.5883
73.38,0.7963,2,1,0,785.6532,765.6817
75.54,0.3891,1,0,0,520.6696,1071.922
79.05,1.3971,2,0,0,611.2732,629.5511
30.9,-0.358,1,0,0,417.2805,409.6923
30.9,-0.5353,1,0,1,339.2433,795.5073
33.83,0.3879,1,1,0,587.7052,625.9388
50.15,-0.3725,1,1,0,404.0299,418.8647
50.15,-0.3362,2,0,0,564.3128,1869.569
23.96,-0.6279,2,1,1,493.7277,895.9315
86.72,1.7444,1,1,1,552.7699,645.5953
20.91,-0.0022,2,0,0,382.7969,682.295
56,-0.5691,1,0,0,440.6708,947.9513
27.91,1.6273,1,0,0,360.0315,792.6705
52.72,0.6138,1,0,0,368.1676,1751.377
33.76,0.0119,1,0,0,447.3577,1012.469
86.72,1.6753,1,0,0,579.9221,651.4933
58.07,-0.2321,1,1,1,304.2136,1087.994
68.7,0.2801,1,0,1,327.9086,508.8072
51.5,0.8342,1,0,1,284.4948,919.9075
76.65,0.215,1,0,1,468.9281,618.4042
24.53,-0.1203,2,0,1,331.3687,730.2981
70.89,0.8473,1,1,0,502.1603,1121.063
17,-0.8913,1,0,0,338.6382,792.043
60.29,0.08,1,0,0,411.4256,1340.507
41.27,0.6612,3,0,1,472.2524,1100.551
48.1,-0.4074,1,0,1,401.9453,555.8112
68.7,1.1271,1,0,1,343.4651,1213.734
53.77,-0.7291,1,0,0,511.7824,528.1723
79.74,1.6355,1,0,0,649.8769,634.1043
51.56,-0.4204,1,1,1,441.7181,1242.162
21.82,-0.4038,1,0,0,599.5662,830.9699
74.79,0.418,1,0,0,542.6853,528.1723
21.82,-1.1103,2,0,0,525.9407,610.3265
70.09,0.398,2,0,1,660.4597,508.8072
75.54,-1.3321,1,0,0,460.4377,640.1664
62.39,1.079,1,1,0,515.7368,554.2079
80.78,-1.1481,3,0,1,338.0842,1601.608
28.12,-1.2858,1,0,1,442.9529,1750.147
68.55,0.9432,1,0,0,475.6735,547.4675
75.54,-1.1696,1,-1,0,343.3531,410.2264
88.7,0.9385,2,0,0,580.9006,884.0386
30.78,-0.2811,2,0,0,500.3566,876.8064
74.66,2.3879,3,1,0,649.0853,670.737
24.53,-0.6246,2,0,0,383.9833,913.581
70.89,0.657,1,0,0,575.8237,536.1598
16.38,-0.8334,1,0,1,381.3041,640.1664
68.7,0.7564,1,0,1,526.2959,603.1797
75.54,0.2061,1,0,0,396.8779,1302.116
19.08,-1.6922,1,-1,0,242.9324,1217.909
32.2,-0.3678,2,0,0,456.6402,947.9513
35.34,-0.2821,1,0,1,398.5932,1060.04
75.43,0.2791,1,1,1,482.4361,438.5854
76.98,0.6087,1,0,1,495.6076,683.6347
79.74,0.5687,3,0,1,359.6604,706.1739
43.33,-0.6756,1,-1,0,401.3747,673.6087
43.85,0.2329,2,0,1,421.8738,785.7852
88.7,-0.3272,1,0,0,360.8193,752.6338
57.03,0.7298,1,0,1,527.1285,619.219
32.5,1.4161,1,0,1,397.312,687.3101
29.73,0.3336,1,0,1,534.8056,521.3976
88.7,2.0406,1,0,0,615.5659,509.114
11.74,-1.8369,2,0,1,304.9654,561.7039
20.91,-1.296,3,0,0,306.9933,678.6486
62.45,-0.3177,1,1,1,434.4399,1315.242
31.08,0.8142,1,0,0,634.2426,1751.377
75.54,0.1507,1,0,0,380.4654,771.7018
61.82,-0.623,1,0,0,526.5862,965.3955
25.04,-0.77,1,0,0,520.8198,799.4975
82.41,-0.2686,1,0,0,520.9191,752.6338
77.1,2.6762,1,0,0,472.3495,1134.426
22.77,-0.0783,1,0,0,592.772,835.1373
65.01,-0.6069,1,1,0,535.9154,765.4092
65.12,0.1329,1,0,1,423.7835,778.1364
85.85,1.4786,1,0,0,540.2807,1817.636
43.33,1.0844,1,-1,1,504.4835,799.4451
39.02,-0.5717,1,0,1,572.1595,736.6283
31.08,-0.4064,2,0,1,485.1509,423.6999
16.5,-0.8881,1,-1,0,343.8761,604.522
26.85,-0.2139,1,0,0,589.4505,1751.377
75.5,0.7216,1,0,1,500.8817,727.1103
79.74,-0.0351,1,-1,0,445.4126,561.2642
70.5,0.881,1,-1,0,489.1467,604.522
25.26,-1.0875,2,0,1,554.9354,552.1778
17,-0.4389,1,0,0,494.0612,673.6087
76.65,-0.2472,1,0,0,616.0024,835.1373
86.72,0.0899,1,0,1,590.1711,830.9162
17,-0.8963,2,1,0,457.5727,737.5793
30.78,-0.0154,2,0,0,460.3785,863.4596
75.43,0.7259,1,0,0,566.6727,677.2937
71.39,0.3413,1,0,0,440.7259,694.2956
68.7,0.3333,1,0,0,395.0452,712.6043
71.55,0.4029,1,0,1,544.1619,683.6347
68.7,0.2303,2,0,0,464.977,836.7404
62.39,0.8838,1,0,1,446.3721,508.8072
43.85,-1.7306,1,1,1,414.229,717.1498
37.34,0.6505,2,0,1,500.6018,586.0391
68.7,0.584,1,-1,0,401.9909,1232.484
11.74,-0.9037,1,1,1,265.6222,674.9638
31.08,1.1249,3,1,0,476.4448,585.9969
65.12,0.5425,1,0,0,467.8181,670.632
33.76,-1.2928,2,0,0,423.1725,794.8265
68.7,-0.004,1,0,1,500.2187,1262.874
26.64,-1.6342,3,0,0,352.394,1138.511
66.42,0.6721,1,0,1,459.4894,644.5503
68.7,0.7772,2,0,0,307.4719,835.1373
79.05,0.3942,3,0,0,501.9393,661.4287
36.35,0.5128,1,0,0,474.7007,768.8742
76.49,1.1416,1,-1,0,596.1341,1232.484
14.21,-1.933,1,0,1,356.5049,713.6537
71.55,1.279,1,1,1,309.6234,770.5882
70.34,0.9995,1,0,1,536.0871,940.716
16.38,0.0969,2,0,0,402.7071,594.5036
30.78,-0.9248,2,1,1,410.2749,682.2694
17,-1.1137,2,1,1,493.4636,682.2694
21.24,-1.6418,2,-1,0,291.5299,611.724
73.91,0.5875,2,1,1,592.6518,421.9622
75.43,1.0758,2,0,1,594.9681,875.2265
35.34,-0.1713,1,0,1,394.6674,932.9773
26.6,-0.482,1,0,0,483.5959,517.2882
74.7,-0.0053,2,0,1,573.7412,736.2656
59.89,0.2423,1,1,0,385.2846,401.847
68.7,-0.1294,1,0,0,519.9546,604.522
47.83,-0.7238,1,0,0,406.4906,708.6669
68.7,-0.2777,1,0,0,387.0849,670.8058
11.74,-0.1659,2,1,1,430.3768,762.8979
68.54,0.6807,1,0,0,393.4797,794.4479
56,-0.9845,3,0,0,441.6717,664.854
26.64,-0.6741,1,0,0,404.3504,615.4963
25.23,-0.7296,1,0,0,482.5427,410.2264
66.42,-0.9679,1,0,1,654.3292,557.7143
71.39,0.0948,1,-1,1,416.6209,881.215
86.72,2.3586,1,0,0,482.8548,725.3383
39.04,-0.0137,1,0,0,575.5838,771.7018
17.55,-0.9735,1,0,1,373.1923,730.2981
22.16,-1.2148,2,0,0,381.2493,1094.958
29.16,-0.7914,1,0,0,385.8527,627.1932
33.76,-0.8846,2,1,0,390.0173,678.1436
36.35,0.4325,1,0,1,493.1718,776.2908
29.32,0.311,1,0,0,448.231,547.4675
21.96,0.3666,2,0,0,483.0897,782.9034
16.36,0.4473,1,0,0,528.6684,673.3137
76.49,-0.3764,3,1,0,407.581,1186.211
16.8,-0.3621,3,0,1,378.8266,423.6999
82.31,0.647,1,0,0,469.7407,568.636
52.72,-0.1842,1,0,1,536.1247,805.4391
25.95,-0.0045,2,0,1,386.0754,805.2845
74.66,0.5235,2,0,0,613.1735,977.3989
76.98,0.6842,1,1,0,328.6332,619.3579
25.95,-1.0901,2,0,0,379.6638,561.7039
60.29,-0.3805,1,0,1,362.7092,1792.216
58.07,-0.5597,1,1,1,404.7512,896.0602
50.15,-0.5227,2,0,1,355.8103,669.7581
71.39,-0.2574,3,0,1,378.573,778.1364
39.02,0.2528,1,0,0,633.1983,1086.259
65.12,-0.3509,1,1,0,557.6357,653.6845
65.42,0.2311,1,0,0,585.6315,855.1688
43.85,-1.1602,1,0,1,413.7202,919.9075
14.57,0.5024,1,0,1,435.5889,528.525
75.54,-0.0263,1,0,1,568.022,742.905
86.72,0.6469,2,0,0,396.1229,884.0386
75.54,0.0958,2,0,1,448.1385,727.6845
26.64,-1.0897,1,1,1,399.6551,718.4882
70.34,2.11,1,0,0,512.5442,843.1102
80.78,1.2571,1,0,0,653.2104,651.4933
59.89,-1.0573,1,1,1,344.6218,672.1668
68.88,0.7401,1,0,1,472.1656,700.9747
78.86,1.3964,2,0,1,692.9652,736.2656
36.92,0.2239,1,0,0,469.9145,616.6988
82.41,0.6261,1,0,0,463.6252,611.724
38.8,-0.4744,2,0,1,424.5243,497.1649
77.88,0.0498,1,0,0,557.7698,720.8415
44.92,-0.4238,1,0,1,383.36,1262.874
25.95,-1.0362,1,1,0,270.1433,885.7158
31.08,-1.2519,1,0,1,311.5038,684.6931
70.5,-0.9268,2,0,0,406.8535,1301.328
75.13,0.4382,3,1,0,585.4458,981.3942
28.52,-0.8679,1,0,1,369.0852,778.1364
82.41,0.0014,1,0,1,446.713,557.7143
51.5,-0.0878,1,0,1,378.0147,696.46
79.49,0.8676,1,0,1,507.715,922.5173
65.01,-1.0793,2,1,0,419.6847,925.2021
31.08,-0.6437,1,0,1,500.8981,742.905
25.04,-0.7686,1,0,0,360.3012,1086.259
66.42,1.0566,1,0,1,499.5121,528.525
70.89,0.7537,1,0,0,570.2711,780.4352
39.02,0.8765,1,0,1,501.1952,943.1797
39.02,-0.3888,1,0,1,403.2762,487.9839
24.98,-0.9087,1,0,0,499.5697,684.1808
75.43,1.2575,1,0,1,490.8491,662.592
69.76,1.2107,1,0,1,551.2958,736.2656
73.38,1.1982,1,0,1,578.3101,552.1778
48.66,-0.738,1,0,1,331.6262,867.3384
60.29,0.1703,1,0,0,411.5795,523.3733
31.08,-1.4826,1,1,0,415.5151,1764.961
39.02,-0.7012,1,0,1,438.5089,537.6039
70.34,1.1056,1,0,1,524.9106,706.1739
57.03,-0.2652,2,0,1,510.7692,557.7143
65.42,-0.1397,1,1,1,492.9938,874.586
27.91,-0.6643,1,0,1,611.0559,776.2908
30.78,-0.6823,1,0,0,483.2861,754.9125
30.9,0.0706,1,0,0,531.1795,965.3955
17.55,-1.7727,2,1,0,386.6601,424.3206
39.02,-1.4794,2,1,1,358.7579,207.7039
57.68,-0.6929,1,-1,1,343.1692,528.525
47.83,0.8898,1,0,0,571.2038,780.4352
65.01,0.1964,1,0,1,491.9307,917.1685
78.86,1.2851,2,1,1,715.6844,645.5953
57.37,0.2972,1,-1,0,542.7974,1340.507
71.39,-0.9376,2,1,1,357.1729,705.983
76.65,0.2293,2,1,0,586.9069,768.0588
60.92,0.436,1,0,0,500.4221,657.8247
74.66,2.1615,1,0,0,526.727,1022.545
78.86,0.657,1,1,1,540.6651,945.6467
76.65,-0.5501,1,0,0,519.2039,1022.545
79.05,0.6799,1,0,0,638.2226,799.4975
75.13,-0.5829,1,0,0,362.2428,798.179
70.34,1.0735,1,-1,0,431.8682,948.6838
60.29,0.7949,1,0,0,415.8304,1134.426
30.78,0.0385,1,1,1,393.5463,832.5313
17.56,-0.3255,2,0,1,382.0955,713.6537
70.5,-0.8619,1,0,0,523.7417,651.4933
51.01,0.8361,1,0,1,362.5963,765.5425
70.34,0.9244,2,0,1,545.2957,623.6596
88.7,-0.637,1,-1,0,421.4729,754.9125
85.85,-0.0535,1,0,0,491.5456,629.5511
26.64,-0.745,1,0,0,311.666,604.3597
44.92,1.4259,1,1,0,318.569,738.4804
82.41,-0.4509,2,0,1,552.4415,405.3383
50.15,-0.0118,1,-1,1,485.1351,718.4232
70.89,0.729,1,0,0,368.4527,652.6496
51.56,-1.3682,2,0,1,466.9276,959.4121
43.85,0.2529,1,0,0,558.1509,835.1373
30.78,-0.9777,1,0,1,337.2205,919.9075
82.41,0.8536,1,0,1,513.7143,644.5503
79.74,1.5721,1,0,0,544.3691,725.3383
80.92,0.7515,2,0,0,553.1402,794.8265
86.72,1.2617,1,0,1,593.263,936.4965
68.7,0.9089,1,0,1,508.1629,603.7953
71.39,-0.7647,1,0,1,435.581,922.5173
25.95,-2.5952,2,-1,1,372.0226,519.7552
75.13,-0.36,3,0,0,529.2259,471.0894
74.79,0.2683,1,0,0,565.7551,861.4836
78.86,0.0993,2,0,0,428.7353,363.2123
58.07,0.6906,1,0,0,491.4146,876.8064
82.41,1.3829,1,0,0,607.5268,588.8771
81.92,0.6313,1,0,0,475.5622,780.4352
68.7,0.7353,1,0,1,369.5797,867.9743
11.74,-1.0521,1,1,0,381.701,954.6075
70.5,-0.4024,1,0,1,426.7155,584.2659
65.01,-0.1438,1,1,0,443.2312,532.3079
78.17,1.8487,1,-1,1,460.4064,932.9773
68.7,-0.0087,1,0,0,399.4355,752.6338
63.31,-0.8191,1,0,0,445.8863,568.636
79.05,1.3941,1,0,1,572.7187,431.3
74.66,1.5007,2,0,0,598.0224,835.1373
58.07,1.8794,1,0,1,407.2176,674.5685
62.39,0.489,1,0,0,357.7954,694.2956
22.16,0.1283,2,-1,0,308.7163,774.4093
88.7,0.073,1,0,0,476.1656,425.6052
72.83,-0.4312,1,0,1,400.0852,797.1312
24.53,-1.6025,1,0,1,384.3651,393.7546
75.13,1.9486,1,0,0,521.0751,670.632
57.99,-0.2522,1,0,0,592.4057,1131.283
30.78,0.2106,1,0,0,452.242,678.6486
74.66,1.0992,2,0,1,393.8388,635.4133
28.52,-1.6701,1,-1,1,411.689,640.1664
85.41,0.9382,2,0,1,488.6086,550.6528
79.74,-0.1597,1,0,0,479.424,652.6496
24.98,0.2677,3,0,0,642.6679,1869.569
17,0.3882,1,0,0,352.352,752.6338
74.66,0.7936,1,0,1,551.0789,662.592
65.01,2.1135,1,0,0,630.9496,700.969
73.38,1.1326,1,0,1,507.9983,635.4133
85.85,1.0064,1,0,0,599.5204,785.0401
49.48,-0.6821,2,1,0,415.7246,664.1359
39.02,-1.4053,1,0,1,374.0566,542.2769
85.41,1.625,1,0,0,620.9344,547.4675
78.76,1.6963,1,0,1,571.0137,524.7728
67.94,0.6034,1,0,0,622.7004,1039.342
86.72,0.3026,2,0,0,689.4177,973.4936
30.78,0.3332,1,-1,1,365.947,778.1364
76.49,0.2412,1,0,1,358.6414,640.1664
68.7,1.446,1,0,0,365.5906,792.043
50.15,0.3908,1,0,1,613.9025,603.1797
73.91,0.2645,1,-1,1,431.7982,1100.551
68.7,1.2095,1,0,1,435.9041,1457.534
43.85,-0.2486,1,0,1,536.0675,809.9561
71.39,0.3468,1,0,0,540.7506,712.6043
78.86,0.0835,1,0,0,419.206,843.5551
24.53,-0.1332,2,0,1,511.1849,730.2981
44.92,-0.5727,1,0,1,438.6982,684.6931
35.34,0.1726,2,0,1,418.5065,2282.984
67.94,-0.736,2,0,0,437.3457,474.3981
35.34,0.8025,3,0,1,495.197,736.2656
65.12,-0.0602,1,0,1,411.7291,718.4232
35.34,-0.2444,1,0,1,439.3164,809.9561
88.7,-0.1884,1,-1,0,317.8961,855.0621
68.7,-0.9402,1,-1,1,317.9941,726.7811
46.38,0.5517,1,0,0,414.2449,752.4463
82.41,0.5685,1,0,1,421.0473,638.0784
79.05,0.7599,3,1,1,445.7909,524.0713
77.19,1.2792,1,1,0,693.8083,1196.771
64.44,-0.6639,1,1,0,380.9079,664.1359
88.7,0.5372,1,0,1,567.5729,867.8157
81.13,-0.7275,2,0,0,452.9028,664.854
65.12,0.8041,1,0,1,547.9497,765.5425
74.66,0.9442,1,1,1,532.3754,628.3673
35.34,0.3362,1,0,0,407.1313,884.231
43.85,0.3572,1,1,1,603.9717,1313.755
68.7,-0.5253,3,0,1,389.553,1262.874
28.52,-0.4953,1,0,0,463.1965,774.4093
39.02,-0.4297,1,0,0,418.5293,410.2264
24.53,-0.6157,1,0,1,421.0731,1640.961
71.39,0.5584,1,0,1,370.4751,487.9839
74.66,0.8091,1,0,1,597.8681,936.4965
22.77,0.01,2,0,1,411.6094,516.37
25.95,-0.7402,1,0,0,398.2563,664.854
51.56,0.2726,1,0,1,458.7928,785.7852
18.95,0.8696,1,0,1,338.8631,561.7039
41.27,1.388,1,0,1,399.4793,857.0239
52.72,-0.3849,1,0,0,467.1486,684.1808
36.92,-0.4437,3,0,1,426.0885,586.0391
43.85,-1.4104,1,-1,1,397.2475,713.6537
44.94,-1.3391,1,0,0,429.4831,880.9258
30.78,-0.2164,1,0,0,440.395,880.9258
22.75,0.2152,3,0,1,351.7791,834.6191
68.88,1.5613,2,0,0,651.5801,822.2078
62.39,1.1419,1,-1,1,542.2117,619.6011
32.2,-0.6304,1,1,0,380.7314,594.0274
74.66,2.1026,1,0,0,670.2058,752.9022
79.49,1.8302,1,0,1,597.4596,877.4436
70.5,0.9654,1,1,0,469.1956,613.165
88.7,1.087,1,0,0,570.5086,973.4936
30.9,-0.1179,1,1,1,327.5437,1087.994
65.01,0.1223,1,0,1,359.3912,497.1649
65.01,-0.6982,1,0,0,487.0846,965.3955
25.26,-0.727,2,0,1,446.1088,1000.093
81.92,1.1928,2,0,0,530.4484,725.3383
43.85,-1.6203,1,0,1,328.6586,497.1649
26.85,-0.2223,1,-1,1,356.292,552.1778
24.53,-2.9943,1,-1,1,315.1553,578.3961
53.15,-0.6832,1,0,0,553.3035,884.231
88.7,-0.2842,2,0,0,399.0516,640.1664
79.74,1.0956,1,0,0,651.7464,673.3137
81.92,0.6449,3,1,1,472.2292,471.3478
74.66,1.4125,2,1,1,527.01,606.8525
76.65,0.211,1,0,0,501.146,822.0018
63.03,0.7943,1,0,1,555.0786,940.716
28.48,-0.6095,2,1,1,500.6534,602.6578
65.01,0.6335,1,-1,0,500.734,645.9519
74.66,0.6795,1,0,0,571.0419,471.0894
24.85,-0.7127,1,0,0,419.7324,657.2502
75.43,0.2198,1,0,1,468.5037,508.8072
30.78,-1.3401,1,-1,1,275.7399,640.1664
88.7,1.0809,1,0,1,500.46,831.4169
30.78,0.5975,2,0,0,436.7206,594.0437
86.72,2.0953,1,0,0,580.7014,894.287
20.91,0.0431,1,1,0,254.3709,1481.845
80.46,1.1561,1,0,0,567.2171,771.0069
77.1,0.9749,1,0,0,625.5257,735.1987
26.64,1.3089,1,0,1,375.4298,818.2048
43.85,0.237,1,1,0,511.817,1011.196
23.47,0.0593,2,0,0,462.1784,610.3265
57.03,1.9782,1,0,1,511.6809,809.9561
78.86,0.7646,1,0,1,491.3168,697.9223
17,-2.1332,1,0,0,314.2581,610.3265
44.92,-1.095,1,1,0,343.1024,752.1659
72.94,0.8236,1,0,1,447.4939,1640.961
83.5,1.0349,1,0,0,576.4064,720.8415
43.85,-0.3433,1,0,1,480.7741,618.4042
57.03,-0.8599,1,0,1,463.8246,603.7953
88.7,-1.3089,1,0,1,408.4182,414.1503
78.86,1.4522,1,0,0,668.596,651.4933
31.08,-0.6662,2,0,0,611.3784,1751.377
72.83,1.417,1,0,0,612.0627,855.0621
70.5,0.7602,1,0,0,443.2505,894.287
65.01,0.1281,1,1,0,622.09,1243.448
76.65,0.9375,1,0,0,629.4813,694.2956
85.41,1.8159,1,0,0,695.0569,651.4933
24.53,0.0694,1,0,1,485.8381,857.0239
25.95,0.3742,1,0,1,433.4546,684.1351
33.76,-1.2382,2,0,1,359.9701,868.3156
86.72,-0.4079,2,0,1,490.5681,1539.223
68.7,1.1833,2,1,1,425.4643,696.2375
32.5,0.5734,2,0,1,548.4013,956.2035
62.45,-0.0354,1,0,0,445.3427,608.9484
80.46,0.2179,1,0,1,626.174,1605.444
70.89,-0.3907,1,0,1,426.0249,644.5503
75.13,-0.2073,1,-1,0,360.9644,794.4479
33.76,-0.686,2,-1,0,415.3991,822.2078
70.34,1.6748,1,0,1,438.4913,603.7953
85.41,1.6729,1,0,0,537.6837,471.0894
70.89,-0.4411,1,-1,0,365.6684,792.043
76.49,0.3117,1,0,0,675.6113,799.4975
75.43,0.8347,1,0,0,515.7453,856.1546
62.39,0.9825,1,0,1,369.3161,537.6039
27.52,-0.0979,1,1,1,562.7915,1006.257
70.89,-0.7231,1,0,1,583.7297,795.5073
24.09,0.0533,1,0,1,321.9527,555.8112
79.74,0.9999,2,0,1,531.9948,1097.569
28.04,0.5259,1,0,0,640.5324,712.6043
17,-0.9727,3,0,0,402.4726,707.707
65.01,1.2897,1,1,0,493.7244,902.6764
68.7,-1.0154,1,0,0,436.8263,774.4093
43.85,-0.5167,2,1,1,474.4521,702.861
59.89,-0.462,2,1,0,430.974,671.6135
50.9,0.7849,1,0,1,566.2505,550.6528
65.01,-0.0115,1,0,1,546.8429,718.4232
26.64,-0.2704,2,0,1,325.3796,812.9847
27.91,-1.3407,2,0,0,494.9105,735.1987
35.34,0.6474,1,0,1,498.8716,799.4451
71.39,0.9165,1,0,1,498.5679,857.0239
61.07,-0.0098,1,0,1,375.4569,489.7762
51.56,1.1588,1,1,0,593.2744,797.4174
39.02,0.4265,1,1,0,560.9112,954.6075
76.98,0.7875,1,0,0,575.7358,843.5551
16.5,0.4304,1,0,1,465.7401,644.5503
16.5,0.163,1,0,0,455.8176,836.7404
50.15,-0.1544,2,0,1,551.1603,696.46
27.52,0.3179,1,0,1,487.8437,1000.093
30.78,-0.6292,2,0,0,411.5913,876.8064
72.83,1.2453,1,0,1,614.791,752.6869
74.79,0.8382,1,1,0,566.5335,555.1198
65.01,0.2904,1,0,1,319.4136,613.9698
88.7,1.4379,1,0,0,676.7831,588.8771
88.7,-0.3951,1,-1,0,306.4806,640.1664
76.49,1.1524,1,0,1,516.7668,937.0833
36.35,0.8489,1,1,1,474.6211,674.9638
32.67,-1.2756,2,0,0,443.8503,708.6669
68.7,-0.5702,1,0,1,428.1159,670.317
68.7,2.1459,1,0,1,497.7331,857.0239
68.7,0.6446,1,0,1,370.1621,662.7367
24.98,-0.6139,2,0,1,560.2318,867.3384
25.94,-1.4265,3,0,0,592.8655,1869.569
88.7,1.5017,1,0,1,584.5614,984.6091
59.76,1.5682,1,1,1,543.7446,945.6467
76.49,-0.063,1,0,0,370.8657,712.6043
48.13,-0.2336,1,1,1,378.8618,1059.231
48.66,0.7104,2,0,1,568.0719,613.9698
47.83,-0.8965,1,1,1,456.7562,682.2694
70.4,0.6237,1,0,0,599.5035,788.0799
27.91,-0.6828,3,0,1,525.6588,555.8112
85.41,0.1638,2,0,0,639.0071,1302.116
25.26,0.3798,1,0,0,373.0722,690.442
27.52,-0.7977,1,0,1,385.2826,684.6931
88.31,0.282,1,0,1,387.7811,508.8072
79.74,0.0584,1,1,0,531.6265,651.9373
68.7,0.5737,1,0,0,497.7138,690.442
86.72,0.521,1,1,0,654.4641,719.3526
65.12,-0.6566,2,0,1,359.1475,809.501
77.1,0.8485,2,0,0,731.368,977.3989
75.54,0.4405,1,0,1,449.0262,742.905
47.74,0.1003,1,0,1,448.1333,736.6283
26.64,-0.8877,2,0,1,360.0433,922.5173
86.72,1.6412,1,1,1,644.6377,822.8669
86.72,3.0471,1,-1,0,336.542,656.7302
74.79,1.2748,1,0,1,423.1724,744.1052
71.39,-1.3404,1,0,0,354.8943,652.9312
46.76,0.7126,1,0,1,469.17,557.7143
72.24,1.2782,1,-1,1,269.8567,618.4042
76.65,-0.1898,1,0,0,467.93,554.8722
74.66,0.8338,1,0,0,479.7109,1094.958
74.66,1.9122,1,0,1,628.7373,623.6596
83.5,0.615,2,0,0,558.7025,692.2781
88.31,1.6934,1,0,0,701.7502,679.8349
76.49,1.3919,1,0,0,447.4227,1262.969
65.01,1.0511,1,1,1,440.2039,792.3491
68.7,0.3553,1,0,1,481.986,799.6732
47.83,-0.1805,1,0,1,327.1396,669.7047
68.7,-0.1706,3,1,0,505.5667,560.3964
14.21,-0.957,2,0,1,466.7567,797.1312
72.83,0.3931,1,-1,0,314.0132,975.3854
25.95,0.3541,1,1,1,332.0726,747.6014
68.7,0.3227,1,0,1,520.2298,778.1364
27.91,0.5108,2,0,1,511.2448,552.1778
68.7,1.919,1,0,1,648.9123,867.9743
48.82,0.3081,2,0,0,500.8372,894.287
44.94,-0.9959,1,1,1,527.349,674.9638
81.13,0.7439,1,0,0,475.397,596.8058
70.5,0.096,1,0,1,576.9382,619.6011
51.01,0.5113,1,0,0,479.8326,639.848
81.92,1.8838,1,0,1,387.7517,603.7953
43.85,-0.0873,1,0,0,390.0816,594.5036
21.82,-0.3714,2,0,1,499.061,785.7852
68.7,-0.1029,1,0,1,474.4059,939.5268
65.01,-0.1548,2,0,0,363.5924,901.7008
57,0.2011,1,0,0,411.0827,735.1987
82.41,0.6233,1,0,1,552.9779,700.9747
76.65,0.4369,1,0,0,517.6881,634.1043
30.9,0.5916,1,0,1,506.8422,874.6423
24.45,-0.0258,2,0,1,572.5035,1198.807
25.95,0.0103,1,0,0,488.4091,855.1688
32.5,-0.2016,1,-1,1,355.9468,874.6423
25.04,-1.065,1,0,0,458.5882,754.9125
31.08,-0.9144,3,0,1,399.1523,408.2749
68.88,-0.1823,1,1,1,551.2459,708.7621
68.7,0.538,1,0,1,446.0948,739.4062
68.7,-1.7475,1,-1,1,407.6859,693.1794
25.95,0.4056,2,1,0,361.372,1186.211
17.55,0.22,1,-1,0,279.5076,690.442
25.2,0.2628,2,0,0,493.1309,554.8722
21.96,0.1341,2,1,0,619.4828,605.8636
62.79,-0.0878,1,0,0,383.1908,752.9022
53.77,0.8784,2,0,0,589.3113,509.114
30.78,-0.5063,2,-1,0,417.9084,554.8722
51.56,0.5002,1,0,0,602.0505,410.2264
68.7,1.9194,1,0,1,605.428,618.4042
26.64,-0.6023,1,0,1,467.3074,656.2566
24.53,-1.4195,1,0,0,440.7802,604.3597
36.35,-0.641,1,0,0,526.3479,657.2502
68.7,1.8648,1,0,1,436.4591,801.2896
70.34,0.416,1,0,0,466.5855,664.854
65.01,0.1695,1,0,1,458.8268,578.5244
62.39,0.3258,1,0,0,487.5359,1071.922
28.48,-0.3645,1,0,1,358.1168,684.6931
26.62,0.3347,1,0,0,466.1453,668.0957
76.49,-0.8138,1,1,1,469.5067,1264.121
43.85,0.26,1,0,1,508.7407,528.525
59.18,0.8681,1,0,1,426.6119,739.4062
86.72,-0.2785,1,0,0,618.9204,973.4936
30.78,-0.0781,1,0,1,413.0197,578.5244
70.34,1.1622,1,0,1,496.3539,487.9839
17,-2.9121,1,-1,0,296.1403,487.472
65.01,0.5803,1,1,0,558.9037,885.7158
25.2,-2.2179,2,0,1,307.6793,555.8112
51.25,1.5693,1,1,0,367.1168,842.1916
71.39,0.2868,2,0,0,519.6908,536.1598
44.92,0.6607,1,0,0,426.2013,947.9513
68.7,-0.0399,1,0,1,486.7287,776.2908
65.12,1.335,1,0,1,502.0988,717.3659
70.5,-0.7931,1,0,0,424.5476,638.0784
39.02,0.9239,1,-1,0,346.1335,656.7302
54.27,0.789,2,0,1,377.2445,803.591
27.52,-0.3859,3,0,1,352.5071,656.2566
59.89,-0.82,1,0,1,419.6598,497.1649
60.29,0.2029,1,0,1,420.474,1792.216
71.39,1.1749,1,0,1,549.2999,874.6423
57.99,0.7366,1,1,0,477.2394,655.1455
73.38,0.878,1,0,0,528.5177,837.0659
59.89,0.9461,2,0,0,443.5024,708.6669
63.03,0.2582,1,0,0,397.8364,1143.517
77.88,0.6538,1,0,1,491.5962,1457.534
68.7,0.312,1,1,1,538.8733,868.6357
75.5,0.8898,1,0,0,647.0626,837.0659
57.99,-0.6097,1,0,1,552.5874,939.5268
57.99,0.1988,1,1,0,371.0087,560.3964
20.91,-0.1175,3,-1,0,315.249,1131.283
57.03,-0.3858,1,0,0,455.105,670.8058
68.7,-0.3383,1,0,1,446.9421,1743.588
36.35,-0.5633,2,0,0,367.5954,856.1546
82.41,0.8809,1,0,0,433.033,1039.342
59.18,0.6621,1,0,1,504.3121,638.0784
20.91,-0.4087,2,0,0,414.5797,409.6923
51.5,0.6278,1,0,0,470.9217,588.8771
80.92,-0.8143,3,0,1,606.8292,984.6091
57.99,0.8706,1,0,1,470.0201,809.9561
65.01,1.2047,1,1,1,467.1202,943.9412
57.03,-0.8827,2,0,0,595.4039,1022.545
27.81,0.4166,1,0,0,439.963,856.1546
51.25,1.0928,1,0,0,548.7109,684.1808
39.02,-0.5429,1,0,1,427.8674,817.0923
58.07,-0.2741,1,0,1,389.3977,528.525
76.49,-0.5726,1,1,1,410.2941,471.3478
71.39,0.5465,3,0,0,364.5058,363.2123
57.04,0.0558,1,0,1,344.7009,870.0235
56,-0.8071,1,-1,0,447.1863,1302.116
82.41,0.8081,1,1,0,633.5858,634.4443
71.39,-0.0537,1,1,0,514.9975,846.3171
56,-0.758,1,0,1,407.8799,700.9747
33.76,0.2224,1,0,1,427.131,728.4617
80.46,1.556,1,0,0,573.2395,855.0621
70.34,1.3087,1,0,1,321.0483,736.2656
59.89,1.0284,1,0,1,528.6495,638.0784
65.01,0.4991,2,0,0,503.5902,363.2123
28.48,0.2357,1,0,0,363.0751,678.6486
75.5,0.4803,1,0,1,441.8597,678.8576
86.72,0.2627,1,0,1,491.0202,521.3976
11.74,-0.2828,3,1,1,478.401,762.8979
50.37,-0.467,1,0,1,282.5662,578.5244
81.92,1.355,2,1,1,522.0248,1159.529
68.7,-0.6726,1,0,1,414.6762,809.9561
62.39,0.506,2,0,1,450.3652,936.4965
30.78,-2.0501,1,-1,0,330.3103,670.8058
57.99,-1.1865,2,0,1,422.4167,937.0833
68.7,-1.3732,1,0,1,355.0818,669.7047
35.34,1.3063,2,0,0,660.9686,876.8064
58.07,0.4223,1,0,0,526.8286,948.6838
51.5,-0.0307,1,1,0,370.977,581.705
73.38,0.1817,1,0,0,493.0089,973.4936
62.39,-0.85,1,1,1,578.3357,604.835
82.41,-0.7115,1,-1,0,367.1737,732.4287
68.7,1.1784,1,0,1,428.2202,497.1649
83.5,0.8362,1,0,0,545.1492,588.6187
66.42,1.518,1,0,1,457.1413,528.525
56,-0.3763,1,0,1,577.2543,717.451
31.08,1.1512,2,1,1,478.9449,1286.044
79.05,0.338,1,0,1,570.0209,857.0239
76.49,0.4332,2,0,0,466.7081,880.9258
30.78,-0.7253,1,0,0,497.9441,627.1932
33.76,-0.7879,2,0,0,511.7002,712.6043
66.42,1.7179,1,0,1,557.0762,1014.635
68.7,0.721,1,0,1,428.2626,405.3383
56.35,1.2792,1,0,0,452.1857,1143.517
62.13,0.0957,1,-1,0,429.0091,640.1664
31.08,1.5115,1,1,1,470.1201,815.988
32.5,-0.8228,2,0,0,357.9484,627.1932
18.08,0.4961,2,0,0,519.0532,720.8415
71.39,0.6102,1,0,0,536.6131,720.8415
66.42,-0.2003,1,0,0,628.5729,1039.407
54.55,-0.3303,1,1,0,539.5382,1313.755
68.7,1.0854,1,0,0,621.9272,554.8722
44.14,-0.0951,1,0,0,511.2134,594.0437
27.52,-0.0771,1,0,1,586.7649,1605.444
44.92,-0.5803,1,0,0,434.9056,596.8058
68.7,-0.3035,1,0,1,363.6168,516.37
71.39,1.3848,1,0,1,539.6347,603.7953
70.34,0.7072,1,0,1,445.2612,956.2035
20.95,-0.1716,1,0,0,370.793,901.5883
68.7,0.2365,1,-1,0,370.9795,604.522
62.39,-0.2986,2,1,0,538.8392,1243.448
17.69,0.487,1,0,1,427.6621,425.7823
31.5,-0.9294,3,0,1,462.7771,684.1351
24.53,-0.418,1,-1,0,403.1918,639.848
68.7,-0.2836,1,0,1,441.5504,696.46
56,-0.296,1,0,1,335.7975,578.5244
24.53,-0.0573,1,0,1,327.6449,773.6328
73.91,0.8427,1,0,1,560.8572,619.6011
79.74,-0.2969,2,0,1,364.945,603.7953
51.01,-0.3917,1,-1,1,352.9238,565.2137
58.77,1.7391,1,0,1,523.1419,1792.216
38.88,-0.0597,2,0,1,402.3809,867.3384
26.92,-0.1829,1,0,0,535.7486,410.2264
43.85,0.4568,1,0,1,493.1194,795.5073
24.53,-1.5217,1,-1,0,337.1541,754.9125
16.5,-0.0081,1,0,1,380.2935,642.6207
76.49,0.7852,1,1,0,622.7496,786.943
79.05,1.4974,1,0,1,503.2928,619.6011
76.98,-0.1432,1,0,0,576.1084,785.0401
31.46,0.4416,3,1,1,618.2862,871.0948
70.5,-0.7798,1,0,0,595.0723,894.287
33.66,-1.0163,1,0,0,535.3024,884.231
57.03,0.0449,1,0,0,452.1298,549.4401
25.95,0.5332,1,0,0,495.5241,876.8064
57.99,-0.0718,1,0,1,408.6869,684.6931
62.45,0.5154,1,0,0,568.5663,1432.356
75.5,1.3565,1,0,1,654.8473,917.1685
32.5,-0.5412,1,0,1,516.5306,867.3384
68.7,1.1567,1,-1,0,408.067,1340.507
65.12,-0.0332,2,0,0,494.6937,752.9022
24.53,-1.4332,2,-1,0,327.8297,523.3733
65.01,0.6472,1,1,0,477.3483,598.4125
71.39,-0.0107,1,0,1,451.0398,1060.04
11.01,-0.5665,3,0,0,293.2678,363.2123
70.5,0.0528,1,1,1,554.087,688.4126
32.5,0.1026,1,0,1,373.6027,773.6328
73.91,2.3037,1,0,0,599.7251,568.636
59.76,0.6613,1,0,0,584.6576,869.9329
57.03,-0.7129,1,1,0,432.0285,965.922
65.23,0.0889,1,0,0,436.6835,843.5551
76.65,1.0657,1,0,1,499.5283,603.1797
76.65,0.2985,1,0,1,456.0161,557.7143
16.5,-1.4091,1,-1,1,455.8506,830.3831
73.71,1.4086,1,0,1,640.8676,678.8576
59.89,-1.1738,3,0,0,327.4629,652.6496
35.34,-0.5192,1,0,1,440.8755,528.525
75.5,1.7624,1,0,1,531.7614,1014.635
41.22,0.4072,1,0,1,513.9546,1750.147
26.85,0.7175,2,1,1,465.2363,797.9919
27.61,-0.7537,1,-1,0,330.456,640.1664
39.02,0.0211,1,1,0,510.975,555.1198
65.01,1.9451,1,1,1,385.438,1454.779
17,2.1518,1,-1,1,466.1051,528.525
75.54,-0.1862,1,-1,0,386.3738,751.3576
57.04,1.9327,1,0,1,481.8754,932.9773
85.41,1.1644,3,0,0,459.6202,363.2123
54.92,0.5551,1,0,0,474.9072,638.0784
75.13,0.784,1,0,0,570.7488,876.8064
32.2,-1.3922,1,0,0,419.1142,673.3137
50.05,0.767,2,-1,0,392.8582,658.7812
59.76,0.4829,1,0,1,465.6683,662.7367
50.15,0.1927,2,0,0,433.5708,554.8722
81.92,1.9302,1,1,1,574.1702,919.8023
60.92,-0.0599,1,-1,0,411.8943,470.4826
16.5,-0.1386,1,0,1,413.6008,684.1351
79.05,-0.3388,1,0,0,574.3658,1022.545
59.89,-0.6278,2,1,1,390.4818,814.068
76.49,-0.5659,1,0,0,511.6771,517.2882
18.13,-0.5924,3,0,1,525.2917,557.7143
68.7,0.3058,1,0,0,458.1317,827.5847
50.15,-0.1272,3,0,1,439.6407,603.1797
73.91,0.4613,2,0,0,423.3525,485.2478
62.45,0.4286,2,0,0,469.9553,667.426
65.01,0.7631,1,0,0,533.7446,694.2956
73.91,1.2095,1,1,0,630.9076,749.8203
74.79,-1.1331,1,0,1,498.2285,728.4617
58.07,-1.1404,1,0,0,540.7966,657.2502
73.71,2.3387,1,-1,0,601.4969,1340.507
57.37,0.7674,2,0,0,634.1393,1039.407
24.53,0.4848,1,0,0,452.1489,863.4596
14.21,-1.6622,1,-1,0,325.9501,678.6486
58.07,-0.4029,1,0,1,454.4704,984.6091
56,-0.6233,1,0,0,374.8572,751.3576
17.69,-0.1298,1,0,1,389.9173,809.501
74.66,0.3519,1,0,1,454.3927,728.2187
56,0.0536,1,0,0,527.0622,627.1932
23.57,-0.5688,1,0,1,330.3981,656.2566
75.25,-0.7454,1,0,0,561.8477,869.9329
68.7,0.1262,1,0,0,472.3473,869.9329
66.42,-1.0167,1,0,1,576.2513,776.2908
57.04,0.9606,1,0,1,414.9815,497.1649
78.86,0.1736,1,0,1,453.2952,521.3976
51.56,0.2589,1,0,1,414.614,619.219
59.76,0.0678,1,1,1,419.8261,421.9622
65.01,0.6677,1,0,0,483.9818,694.2956
58.07,0.6451,1,0,1,417.5483,936.4965
68.7,0.12,1,-1,1,449.1254,487.9839
25.95,-0.5072,2,0,0,360.3883,561.7039
65.12,2.0385,1,0,0,465.9573,884.0386
36.35,-0.5875,1,1,1,354.0627,1030.614
70.89,1.12,1,-1,0,544.2394,604.522
86.72,-0.3464,1,0,0,370.5228,670.8058
35.34,-0.9914,1,0,1,347.971,414.1503
16.5,-0.5566,1,-1,1,310.6642,943.1797
79.05,-0.3623,1,0,0,573.6388,684.1808
28.52,-0.1917,1,0,0,378.6897,1039.169
28.48,1.3344,1,0,1,468.2727,1213.734
76.49,0.3169,1,0,0,505.2625,975.3854
82.41,2.0046,1,0,0,449.3508,471.0894
29.16,0.4079,2,0,1,475.4354,516.37
74.79,-0.6777,1,0,1,498.9115,1014.635
43.85,-0.0642,2,0,0,306.7296,610.6153
28.97,1.2987,1,0,1,421.7196,637.9078
81.92,0.9268,1,0,1,628.8535,922.5173
65.12,-0.6701,3,1,1,403.2392,1454.779
17,0.2553,2,-1,0,403.3668,652.6496
19.83,0.4934,1,1,1,437.9117,920.6478
85.41,1.2099,1,0,0,616.0492,651.4933
66.42,0.1578,1,0,0,437.3112,694.2956
29.16,-1.1049,1,0,1,364.7885,583.2306
88.7,-0.2601,1,0,1,423.5831,1014.635
24.53,-1.0709,1,-1,1,255.5457,555.8112
33.76,0.0761,3,0,1,521.878,2282.984
36.35,-0.6127,3,0,0,497.7285,991.338
17,-2.233,1,0,0,476.4611,843.5551
43.85,0.8143,3,0,1,478.6882,727.6845
31.08,0.6834,2,0,0,494.4211,594.0437
32.2,-1.3656,1,0,1,356.3033,561.7039
78.86,-0.042,1,0,0,523.1152,640.7802
72.94,0.5409,1,0,1,397.9674,940.716
23.47,0.3674,1,0,1,362.1716,578.5244
24.53,-1.1062,1,-1,1,381.2655,642.6207
57.03,-1.052,1,0,0,456.8859,863.4596
68.7,0.5173,2,0,0,556.1556,1039.342
73.38,0.4907,3,0,1,418.5786,423.6999
79.74,-1.2432,2,0,1,533.6437,868.3156
50.15,1.2692,2,0,0,488.5881,373.1028
86.72,2.4075,1,1,1,548.3664,839.2572
17,-0.1199,1,1,0,364.893,630.81
36.97,0.1261,1,-1,0,396.4628,496.737
65.01,1.8748,2,1,1,465.0609,1207.658
56.57,0.5672,1,0,0,579.0939,471.0894
17.69,0.0555,2,0,1,386.8466,671.4904
70.89,1.1823,1,0,0,448.0432,1217.909
76.49,1.2147,1,1,1,620.7374,787.4302
76.49,1.3059,1,0,0,538.2062,694.0331
28.97,-0.4689,2,0,1,453.3935,619.219
25.95,0.127,2,0,1,436.7957,776.2908
76.65,-1.2798,1,0,1,508.5981,717.451
76.65,-0.3919,2,1,0,517.0069,885.7158
60.92,1.3275,1,1,1,548.3213,770.5882
43.85,-1.5444,1,1,0,274.925,594.0274
21.13,-0.7212,1,0,1,530.4625,642.6207
73.91,1.0932,1,0,1,364.8432,1075.836
16.5,-0.0666,1,-1,0,385.7563,1644.964
43.85,0.4902,1,0,0,439.315,425.6052
80.92,1.9107,1,0,0,642.7773,725.3383
17,0.0374,1,-1,0,628.7689,1890.195
82.41,1.0051,1,1,1,557.9783,896.0602
37.22,-0.4532,1,0,0,525.6637,774.4093
67.11,1.0436,1,0,1,451.1673,1230.779
62.39,-0.7184,1,0,0,478.414,673.6087
74.79,0.8876,1,0,0,502.9892,788.0799
36.35,0.6433,1,0,1,486.342,1750.147
68.7,-0.6166,1,0,0,419.8985,604.3597
24.98,0.1704,2,0,0,358.0841,667.426
51.25,-0.7101,1,0,0,515.7387,788.0799
35.07,0.4716,1,1,1,519.7993,889.4362
47.74,0.6272,1,0,0,645.2171,780.4352
16.38,-0.1666,1,0,0,575.3938,549.4401
39.02,-0.5596,1,0,0,448.2746,855.1688
79.05,-0.3009,1,1,1,494.3573,688.4126
24.53,-0.9808,1,0,1,371.3715,647.1371
26.64,0.1818,1,0,0,427.5338,567.7518
33.76,-0.0557,1,0,0,392.1452,673.3137
68.7,0.6127,1,0,0,399.4085,692.2781
33.76,-0.9389,2,1,1,492.4019,801.8572
82.41,1.5622,1,1,0,509.1821,797.4174
59.89,-0.4507,1,0,0,485.2522,835.1373
70.09,0.8111,2,0,1,494.3515,423.6999
26.85,-1.2102,1,-1,0,441.6877,474.3981
68.7,0.0797,1,0,1,385.9104,1345.683
80.92,1.7942,1,0,1,500.9651,678.8576
75.54,-0.5596,1,0,0,460.3199,549.4401
21.82,0.6148,1,0,1,494.1571,877.4436
51.35,-0.1598,1,1,0,366.4201,1063.373
79.74,-0.4319,2,0,1,462.1039,785.7852
25.95,-0.4906,2,0,1,370.1488,875.2265
46.73,0.272,1,0,0,470.9274,855.1688
73.71,0.6638,1,0,1,659.8471,577.0671
25.95,0.2053,3,-1,1,416.5342,557.7143
76.49,1.4921,1,0,1,491.794,678.8576
24.98,-0.4842,1,0,1,405.9371,809.9561
74.66,-0.9845,2,0,0,585.2553,884.0386
81.13,1.0946,3,0,0,386.9974,1039.342
54.55,0.7202,1,0,1,403.7528,932.9773
73.91,-0.1712,1,0,1,440.1924,718.4232
19.66,-1.2448,1,-1,1,478.952,870.0235
81.13,0.9725,1,0,0,550.1686,700.969
30.9,0.0339,1,0,0,410.6854,652.6496
31.08,-2.0684,2,0,0,340.5236,474.3981
60.29,-0.3244,1,-1,0,434.0246,991.338
76.65,0.439,1,0,0,577.656,2060.563
48.1,0.8337,1,0,0,405.6943,684.1808
51.01,0.7344,1,1,0,398.7389,981.3942
88.7,-1.1173,1,0,0,294.3106,485.2478
41.27,-0.2493,1,0,0,487.0145,485.2478
81.4,0.8469,1,0,0,616.2678,856.1546
62.39,1.1392,2,0,1,588.1557,603.7953
57.68,0.655,1,1,1,449.0514,421.9622
44.94,0.5151,3,1,0,621.3872,359.5035
14.57,0.3688,1,0,0,467.6457,843.1102
80.78,1.3089,1,0,1,539.2141,728.2187
86.72,0.8516,2,1,1,690.2353,628.3673
88.7,0.0723,2,0,0,501.3266,536.1598
35.34,0.9588,1,0,0,437.3126,1340.507
25.04,-0.6141,1,0,0,622.3918,1751.377
36.35,-1.0885,1,1,1,447.5451,1106.754
70.5,0.305,1,1,1,593.768,1405.316
27.52,-0.1044,1,1,1,479.0741,627.7474
25.04,-0.7662,1,1,1,452.921,705.983
76.49,0.8598,1,0,0,671.4532,799.4975
78.86,0.3631,1,0,0,457.6494,474.3981
88.7,1.3561,1,0,1,439.4747,939.5268
27.81,0.3114,2,0,0,340.7752,449.6594
46.76,0.162,2,0,0,396.6613,474.3981
25.04,0.665,1,0,0,556.5965,754.9125
88.31,0.2886,2,0,0,493.306,1432.356
31.08,-0.0258,1,1,1,521.5509,705.983
68.7,0.2352,2,0,1,536.5881,830.3831
82.41,-0.627,1,1,1,566.3983,901.4194
65.12,-0.7536,3,0,0,295.2912,634.1043
68.7,0.4453,1,0,1,472.7517,857.0239
24.53,-1.7204,3,0,1,399.4668,736.6283
75.54,1.3812,1,1,1,349.7923,962.3206
66.42,-0.4152,1,-1,0,404.8224,594.0437
20.95,0.5362,2,0,0,438.1017,995.1476
24.68,0.4941,1,0,1,416.3479,799.6732
82.41,1.2179,1,0,0,593.8608,884.231
17,-0.6025,2,1,0,399.8577,885.7158
76.49,1.0091,1,0,0,403.6354,843.1102
77.88,1.3633,1,0,0,491.5611,708.6669
76.65,0.77,1,0,0,623.8929,673.3137
66.42,0.7959,1,1,1,446.4381,770.5882
30.49,-0.2695,1,0,0,337.8732,880.9258
60.29,-0.6532,1,-1,0,369.0305,913.581
68.7,-0.1765,1,0,0,452.6477,1217.909
60.29,0.3847,1,1,1,484.4228,1240.139
73.91,0.6703,1,0,0,428.6379,694.2956
29.16,-0.0381,2,0,0,599.63,794.8265
17,-0.9227,1,-1,1,311.6055,565.2137
51.5,-0.6523,1,-1,0,401.5039,777.3291
76.49,-0.1653,1,0,1,424.4981,603.1797
62.13,-0.7195,2,1,1,475.2931,796.1624
59.89,-0.7635,1,0,0,497.1923,798.179
51.56,-0.6706,1,0,1,416.464,776.2908
62.39,-1.2563,1,0,1,302.2272,405.3383
82.41,0.5761,1,0,0,633.3424,977.3989
71.39,0.3613,1,0,0,462.0675,735.1987
66.42,4.9111,1,0,0,531.0338,692.2781
35.07,1.1471,1,0,0,377.2345,604.522
26.64,-0.9957,1,1,1,496.7026,1242.162
65.12,1.752,1,0,1,519.5345,603.7953
71.39,0.1668,1,-1,0,393.0701,496.737
27.91,-0.6127,2,0,1,368.2388,669.7047
17,-0.7139,1,0,0,398.7516,409.6923
46.38,-0.0635,2,0,1,544.7124,577.0671
30.78,-0.4942,1,1,0,504.6217,842.1963
51.92,-0.3194,1,0,1,440.0688,984.6091
17,-0.0929,1,0,1,425.9124,874.6423
39.04,0.0508,1,1,1,387.8684,815.988
43.85,-0.9768,1,-1,1,360.2174,898.1214
75.5,0.7436,1,0,1,559.4107,797.1312
75.13,0.7785,1,0,0,417.6374,1262.969
68.7,-0.5288,1,0,0,402.5117,1086.259
75.54,1.9456,1,0,1,576.5914,943.1797
68.7,0.2223,1,0,0,277.9334,690.442
51.01,-0.2859,1,1,1,509.3114,776.8726
30.9,-0.2444,1,0,1,605.4403,778.1364
76.65,0.088,1,1,1,490.3828,993.2244
76.49,0.8153,1,0,0,582.8425,700.969
76.65,1.1494,1,0,0,574.3813,788.0799
71.55,0.4354,3,1,1,612.0609,1072.886
81.4,1.0808,1,0,0,515.03,822.0018
62.39,0.698,1,1,1,459.1767,889.4362
73.91,-1.4143,1,0,1,344.0522,817.0923
86.72,1.1563,1,0,0,599.079,1071.922
50.57,0.7741,1,0,0,447.2681,670.8058
85.85,0.9309,1,1,1,405.7979,772.7108
56,-0.4529,1,1,1,472.9946,1242.162
11.74,-0.746,1,-1,0,467.9167,554.8722
57.38,0.0356,1,0,0,381.0577,1284.469
24.85,-0.42,1,-1,1,345.8788,613.9698
71.72,0.7185,1,1,1,458.7488,896.0602
62.39,1.3673,1,1,1,433.9339,756.883
65.01,1.2461,1,1,0,564.1949,1246.427
65.01,-0.3808,1,1,1,376.2317,943.9412
76.49,0.0662,1,0,0,527.1662,485.2478
29.73,1.2321,3,0,0,556.9548,670.632
65.12,-0.0287,1,0,1,524.8468,557.7143
58.07,0.4818,1,0,1,434.6489,867.8157
88.7,1.4926,1,0,0,379.243,735.1987
81.92,-0.5342,1,0,1,461.6945,717.3659
21.96,0.7,1,0,0,390.8303,1340.507
62.39,0.5639,1,0,0,512.433,799.4975
66.42,0.826,1,1,1,497.3026,972.6963
71.39,0.6617,2,1,1,629.7135,1504.235
37.83,-0.5137,2,0,1,388.2025,644.5503
70.89,-0.132,1,0,1,394.1759,678.8576
51.5,-1.2438,1,1,0,368.5257,581.705
21.82,0.7291,2,0,1,561.1857,956.2035
50.15,0.3172,2,0,1,416.3906,797.1312
43.85,-1.0972,2,0,0,431.4026,961.7906
17.53,-1.2084,2,0,0,448.3801,735.1987
63.31,0.9334,1,0,0,541.0223,611.724
68.7,-1.102,1,0,1,407.038,640.1664
22.75,0.1738,1,0,0,492.2318,604.522
27.91,0.6274,1,0,1,509.3058,528.525
43.85,0.3835,1,1,0,551.4021,751.8813
17,-1.2129,1,0,0,303.095,604.3597
59.89,0.5526,1,0,0,371.705,657.2502
25.95,0.3475,1,1,0,572.3275,833.5526
25.95,-0.5188,1,1,0,355.8191,943.9412
30.9,-0.4415,1,0,1,460.0328,516.37
63.31,1.1513,1,0,0,341.167,1131.283
55.96,0.5831,1,0,1,490.1538,942.5247
77.88,0.5945,1,0,1,476.3789,1262.874
30.78,0.5608,1,0,0,353.0339,604.3597
33.76,0.4886,1,0,0,541.7163,785.0401
81.92,-0.8826,2,0,0,648.674,1890.195
31.08,-0.1512,1,0,0,396.6987,792.6705
11.74,-0.7253,2,0,1,324.519,728.4617
30.78,1.1009,1,0,0,480.4128,884.231
17.69,-0.0782,2,0,0,291.6401,782.9034
54.27,-0.3168,1,0,1,469.7185,1712.691
57.64,0.511,1,0,0,460.7818,771.7018
65.12,-0.0013,1,0,1,272.6134,670.317
81.92,0.9246,1,2,1,687.2347,611.5021
85.41,1.2701,1,0,0,514.4334,720.8415
81.92,1.7141,1,0,0,531.9158,1217.909
59.76,0.854,1,0,0,631.3529,720.8415
79.05,0.2182,1,0,0,525.4738,712.6043
68.7,-0.8035,1,0,1,319.8478,684.6931
18.03,-0.2291,2,0,0,487.9165,610.6153
68.7,-0.4866,1,0,1,477.5032,687.766
60.29,2.6619,1,0,1,545.933,557.7143
74.66,1.4756,2,0,1,542.6969,736.2656
71.39,0.4111,1,1,1,517.7568,1029.475
16.38,-2.2,2,1,0,367.072,902.6764
55.25,0.0259,1,0,1,424.8632,584.6938
75.5,0.6762,1,0,0,508.1421,640.7802
78.86,0.1175,1,0,1,418.5465,552.1778
39.02,-0.545,1,0,1,441.7981,726.7811
62.39,1.0178,1,0,1,444.7871,727.6845
71.39,-0.4565,2,1,0,346.6073,651.9373
17,0.0053,2,0,1,479.3781,809.501
50.57,-0.1532,1,0,1,401.9388,1014.635
27.91,-0.6515,2,1,1,454.5542,648.1742
73.38,-1.0035,2,0,0,401.8427,694.0331
68.54,-0.4994,1,0,0,626.9377,799.4975
58.77,-0.0616,2,0,0,325.2899,567.7518
71.39,1.0814,1,0,0,599.7269,692.2781
75.5,1.0235,1,1,0,623.717,786.943
39.02,-0.7455,1,0,0,368.7645,947.9513
71.39,0.5794,1,0,0,402.7759,474.3981
74.66,1.7067,1,0,0,596.9475,658.7812
40.54,1.6126,1,0,0,615.7696,657.2502
85.41,0.9637,2,0,0,564.9882,1039.407
70.5,0.6024,1,-1,0,373.9907,1817.636
36.92,-0.2641,2,0,0,431.7555,700.969
65.01,0.5878,2,0,0,511.8983,638.7462
51.01,0.8579,1,0,1,388.5101,642.6207
85.13,0.5083,2,0,1,471.1331,677.0836
31.08,-0.0768,1,0,1,518.41,487.9839
33.76,-1.4946,2,-1,0,315.0549,597.8907
75.54,0.7557,2,0,0,529.452,610.6153
79.74,0.0688,1,1,1,464.946,696.2375
32.67,-0.608,1,0,1,380.712,578.5244
39.02,-0.0407,1,0,0,445.5663,567.7518
68.7,1.1824,1,0,0,453.7522,1217.909
76.49,0.9962,1,0,0,430.9264,629.5511
24.53,1.3045,1,1,1,563.8047,1281.281
57.04,-1.6313,1,0,1,388.2931,640.1664
68.88,2.1106,1,1,0,494.7224,737.5793
86.72,-0.0594,1,0,1,466.7208,642.6207
82.41,1.3025,1,0,1,540.5595,674.5685
17,-1.1245,2,0,1,450.6337,868.3156
39.02,0.0116,1,0,1,410.9644,1000.093
71.39,1.6276,1,0,1,614.4282,577.0671
30.78,0.4218,1,0,1,436.1789,778.1364
70.34,1.9251,1,0,0,501.1438,1644.964
32.5,-0.244,1,0,1,418.6228,898.1214
35.34,1.7421,1,0,1,445.5589,857.0239
62.45,1.8569,1,0,1,428.7903,875.2265
30.59,-1.8368,1,1,0,523.9001,504.0185
81.13,1.6207,1,1,1,566.537,1405.316
68.7,-0.0786,1,-1,1,351.4223,1026.496
53.77,-0.6395,1,1,0,467.5775,833.5526
78.86,1.835,1,0,1,507.4057,619.6011
30.34,-1.2871,3,1,1,380.2288,1087.994
24.98,-0.2015,1,1,1,477.2278,1159.529
73.91,0.5976,1,0,1,425.5343,809.9561
26.64,-0.5774,2,0,1,448.4232,677.0836
75.13,-0.4283,1,0,0,526.4883,1751.377
51.56,-0.2772,1,0,0,470.2968,785.0401
73.71,0.5583,1,0,1,308.8797,405.3383
62.13,-0.9628,1,0,1,415.4302,423.6999
56,-0.756,1,0,1,359.3922,726.7811
32.2,-0.6712,1,0,0,398.2336,656.7302
60.44,0.7145,1,0,0,585.8456,799.4975
25.04,0.4515,1,0,1,495.052,717.451
67.94,-0.3091,2,1,0,690.9576,768.0588
85.41,0.103,1,0,0,492.1782,880.9258
25.26,0.1268,1,1,1,360.9968,492.3518
24.53,-0.4833,1,1,1,345.1973,666.0256
58.77,0.5057,1,0,0,473.1645,651.1886
28.48,-1.0058,1,0,1,341.4119,867.3384
71.39,0.9659,1,1,1,502.208,621.6563
11.56,-0.3352,1,0,0,322.3413,409.6923
80.46,0.6842,1,0,0,519.1319,692.2781
70.34,0.3048,1,0,0,578.4917,549.4401
25.95,-0.911,1,0,1,328.4889,640.1664
25.95,-0.7676,3,1,0,492.0588,1242.162
44.92,-0.9979,1,0,0,444.5022,528.1723
76.98,0.0941,1,0,1,404.7179,431.3
26.64,-0.6211,1,0,1,482.9785,720.7121
79.05,0.1261,1,0,1,397.7798,805.4391
56,-0.3156,1,0,1,491.8585,940.716
26.85,0.1048,1,0,0,415.3394,798.179
68.54,0.6475,2,1,0,266.2725,1358.77
82.41,0.6946,1,0,0,572.5752,843.1102
44.14,0.5996,1,1,1,449.3693,634.1804
71.39,2.0925,1,0,0,621.7774,509.114
40.54,-0.2184,1,0,1,474.3835,670.317
59.89,-0.0664,1,0,1,510.8062,557.7143
48.13,0.2797,1,0,0,392.6517,591.343
68.7,0.432,2,0,0,342.1563,471.0894
74.79,0.0719,1,0,1,459.3495,778.1364
65.01,0.1533,1,-1,0,398.9598,780.4352
65.01,0.0727,1,0,1,535.1317,405.3383
72.3,0.7489,1,1,0,590.7132,578.3336
70.34,0.1116,1,0,1,353.928,537.6039
56,0.9338,2,1,0,384.1752,1242.162
17,-0.1707,2,0,1,415.6686,644.5503
50.15,-0.6398,2,1,0,570.4091,759.3189
65.12,1.3113,1,1,1,558.2764,589.8126
76.65,1.4061,1,0,0,535.098,863.4596
68.7,2.2311,2,0,1,541.2932,1601.608
46.38,0.858,1,0,1,522.1991,635.4133
65.01,1.2838,1,0,1,601.6412,638.0784
68.54,-1.0049,2,0,1,266.4747,1601.608
70.34,0.7061,1,0,0,570.3521,549.4401
21.13,-0.6006,2,1,1,294.5849,762.8979
75.54,0.2712,3,1,1,315.5837,524.0713
21.64,0.2332,2,1,1,372.1447,1281.281
51.25,-0.0592,1,1,1,483.5203,1439.096
70.5,-0.4245,1,1,1,489.7863,776.8726
76.65,0.431,1,0,1,562.9132,881.215
31.46,0.0919,3,1,0,508.4232,613.165
72.83,-0.3754,1,1,1,546.1539,728.738
81.92,1.8704,1,0,0,532.2428,855.0621
75.54,0.0959,2,0,1,494.7781,1048.346
82.41,-0.6059,1,0,0,319.4773,1301.328
53.77,-0.3973,2,0,1,406.8749,959.4121
17.69,0.6062,1,0,0,504.9872,588.8771
68.7,0.5981,1,1,1,462.7372,696.2375
21.64,1.4193,1,0,1,486.6661,670.317
74.66,1.6433,2,0,1,670.7351,1148.679
37.59,-1.2172,1,1,1,482.9108,1087.994
76.98,1.475,1,0,0,579.7176,1302.116
88.31,-0.0486,1,0,1,467.6241,700.9747
88.7,-0.1697,2,0,0,530.9064,948.6838
16.39,-0.155,2,-1,1,373.8028,613.9698
66.42,1.0462,1,0,1,428.388,678.8576
17.69,-0.7175,2,0,0,384.4268,836.7404
17,-2.5965,2,0,1,391.6006,555.8112
79.74,1.1983,1,0,1,636.0569,936.4965
33.76,0.5239,2,0,0,460.8003,610.3265
58.07,1.0584,1,0,0,517.3509,1022.545
70.5,-0.0485,1,0,0,497.2659,638.0784
25.95,-0.3395,2,0,0,400.4107,1039.169
32.2,0.0736,1,0,1,435.0348,555.8112
30.78,-0.3725,2,0,1,470.1281,730.2981
39.02,-0.6312,1,0,1,455.8207,809.9561
81.92,1.2847,2,0,0,621.8647,629.5511
74.79,0.3922,1,0,0,579.9126,629.5511
79.74,1.3911,2,0,1,576.7882,736.2656
51.5,-0.8422,1,0,0,490.9429,660.8248
26.64,-0.2839,1,0,1,396.1153,898.1214
19.66,-0.9986,1,0,0,479.566,771.7018
16.38,-0.0336,3,1,1,402.3065,1087.994
68.88,1.7955,1,0,1,392.1298,613.9698
58.77,-0.7155,1,1,0,485.8959,801.8572
71.39,0.2417,1,1,0,540.1211,932.8956
22.77,-0.1356,1,0,0,529.8391,568.636
81.92,2.3765,3,0,0,612.3622,629.5511
35.34,-0.1261,1,0,0,430.0241,712.6043
54.55,-0.2285,1,0,1,563.2773,830.3831
24.68,-0.1698,3,0,1,326.4963,583.2306
42.3,0.9683,1,1,0,539.2693,554.2079
78.86,1.6966,1,0,0,520.8406,547.4675
28.48,-0.0444,1,-1,1,343.0412,830.3831
71.39,1.2012,1,0,1,532.5503,922.5173
56.38,-0.4873,2,0,1,555.5864,603.1797
71.39,1.4607,1,0,1,508.6345,752.6869
22.16,-1.3481,2,1,0,501.2004,671.6135
82.41,0.7507,1,0,1,572.9397,508.8072
76.65,1.0432,1,1,0,520.3369,1222.794
49.48,0.2214,1,0,1,505.1981,728.4617
25.04,1.8097,1,1,1,374.3936,769.5674
82.41,0.1809,1,0,0,519.1515,948.6838
62.13,0.3118,1,0,1,437.8608,726.7811
80.46,-0.1832,1,0,0,609.2982,869.9329
33.76,-0.4292,1,1,1,536.3473,1243.501
19.66,-1.3307,1,0,1,355.9071,640.1664
78.86,2.3763,1,0,1,386.1106,1014.635
75.43,0.9068,1,0,0,633.0258,752.6338
50.9,-0.5246,3,-1,1,311.1879,633.2059
53.15,-0.1373,1,0,1,507.5124,867.8157
76.65,1.8904,2,0,0,599.2576,1039.407
79.74,0.9482,1,1,1,541.3015,839.2572
74.66,0.1579,1,1,0,525.9287,542.0693
56.64,2.1024,1,0,0,670.0623,1890.195
65.01,0.6347,1,1,0,549.4196,705.983
66.42,0.9971,1,0,0,440.0185,830.9699
78.86,1.3216,1,1,0,551.564,1222.794
74.66,0.4781,1,0,0,410.5223,673.3137
59.89,-0.0795,1,0,0,551.8877,1262.969
58.77,-1.3186,1,0,1,382.4856,640.1664
68.7,-0.2339,1,0,0,474.3702,869.9329
75.13,-0.0429,1,0,1,596.9682,742.905
27.91,0.0461,1,0,1,404.6746,739.4062
65.42,0.3263,1,0,0,514.6933,640.7802
65.01,0.2984,1,1,1,447.0123,704.4334
60.29,0.8495,1,0,0,411.8953,1039.342
73.71,1.9007,1,0,0,601.708,948.6838
70.5,-0.9011,1,0,0,374.2255,947.9513
81.92,1.4941,1,0,1,602.2394,603.7953
65.01,1.0549,1,0,1,505.1425,943.1797
53.15,0.1089,1,0,1,497.0171,776.2908
56,0.516,1,0,1,487.968,736.2656
71.39,0.999,1,0,1,550.9187,728.4617
65.12,-0.256,1,1,0,452.1801,833.5526
42.3,0.1544,1,0,1,616.78,1075.836
16.5,-1.1584,1,0,1,545.0683,717.3659
80.78,1.1161,3,0,1,565.1491,728.2187
25.04,0.527,1,1,1,565.0559,783.1994
76.65,-0.6214,2,1,0,435.2228,786.943
68.7,-0.2718,1,0,0,413.6726,843.1102
56,0.5803,1,0,1,401.2904,1457.534
85.41,1.3534,1,1,0,669.994,1121.063
56,-0.6583,1,0,1,403.4774,1640.961
65.01,-0.165,1,-1,1,391.0028,736.6283
39.02,-0.2353,1,-1,0,354.0634,1302.116
77.1,0.9889,1,1,1,417.1767,1242.162
82.41,0.4453,1,1,1,543.5826,832.5313
39.02,0.9262,1,0,1,371.1051,583.2306
22.77,-1.1352,1,0,0,521.4709,608.9484
72.3,0.6116,1,1,1,413.2837,611.5021
53.15,0.2098,1,0,1,585.0334,623.6596
24.98,-0.4482,2,1,0,464.2158,1243.448
58.07,-0.5822,2,1,0,382.3031,579.9968
17,-0.367,1,-1,1,415.4734,700.9747
68.54,0.0962,1,0,0,377.0006,596.8058
85.41,1.4144,1,1,0,653.3141,857.6723
70.89,0.7056,1,0,1,462.0546,739.4062
31.08,-0.2648,3,0,1,346.4573,1712.691
23.46,-1.1965,1,0,1,341.3112,578.5244
60.29,-0.4371,1,0,0,410.6692,660.8248
79.05,1.5607,1,-1,1,367.3156,678.8576
86.72,0.5557,1,0,1,572.9903,550.6528
81.92,-0.5707,1,0,1,428.8516,898.1214
86.72,1.0107,1,0,0,501.4969,640.1664
57.03,0.7793,1,1,1,507.0469,718.4882
27.91,-0.2691,1,0,1,426.4337,557.7143
43.85,-0.0935,2,0,1,315.1511,830.29
51.56,0.1729,1,-1,1,335.2452,552.1778
57.99,-1.2849,1,0,0,267.2921,827.5847
31.15,1.0808,1,2,0,376.7949,833.5526
71.39,0.3881,1,0,0,535.3161,610.3265
71.39,2.2608,1,1,1,561.1081,869.6445
88.31,0.6977,2,0,0,607.0951,2060.563
39.02,0.3091,2,0,0,475.3358,588.6187
68.7,-0.4406,1,0,0,352.8569,771.7018
78.86,0.9229,1,1,1,516.4586,708.1546
75.13,0.7055,1,0,1,580.2122,857.0239
63.03,0.6455,1,0,1,514.5844,635.4133
62.39,2.6604,1,0,1,632.0813,684.1351
44.94,-1.0939,1,0,0,448.0436,754.9125
17,-1.4405,3,0,1,324.7198,555.8112
57.03,0.8941,1,0,0,448.398,485.2478
76.65,1.9703,2,0,0,622.0135,1039.407
17,-0.9399,1,0,1,418.7215,943.1797
76.65,0.6616,2,0,0,625.8366,884.0386
28.7,-1.1794,2,1,0,415.5447,1242.162
70.5,0.5972,1,0,0,591.5778,509.114
81.13,1.7993,1,0,0,617.1041,837.0659
75.13,1.2892,1,0,0,564.2468,798.179
73.91,2.3221,1,1,1,548.927,555.1198
25.26,-0.5104,1,0,0,596.1501,627.1932
17.53,-1.064,1,-1,0,337.9507,658.7812
22.77,0.3814,2,1,0,334.3195,747.6014
42.3,-0.4892,1,1,1,469.6474,993.2244
75.54,2.1148,1,1,0,602.7717,655.1455
68.7,-2.1258,1,0,1,343.006,674.5685
86.72,1.5752,1,0,0,528.521,855.0621
76.49,1.5776,1,0,0,552.6965,977.3989
25.95,-1.653,1,0,1,399.1071,795.5073
68.7,0.3088,1,1,0,327.1415,542.0693
47.83,-0.0883,1,0,1,324.9977,818.2048
65.12,0.9435,2,1,1,569.9037,765.6817
74.79,-1.443,1,0,0,471.3526,1890.195
88.31,0.0692,2,0,1,393.8653,1016.773
33.76,1.129,2,0,1,530.0408,613.9698
71.55,-0.7227,1,0,1,352.5901,640.1664
39.02,-0.7253,1,0,0,452.1754,822.0018
16.36,-0.7346,2,0,0,621.5308,884.4799
52.72,0.3979,1,0,0,556.8073,822.2078
36.35,0.4903,1,0,0,314.7417,700.3109
82.41,-0.072,1,1,1,470.111,708.7621
30.9,-0.2784,1,-1,0,333.9302,884.4799
25.45,0.0282,1,0,0,378.1946,700.5081
26.64,1.3924,1,0,0,510.2862,604.3597
26.64,-0.2895,2,0,0,502.321,1012.469
78.86,1.0335,1,0,1,600.8222,557.7143
17.69,-0.3116,1,-1,0,321.9651,487.472
23.8,-0.4103,2,1,1,465.6032,718.4882
65.23,0.8269,1,0,0,504.2955,884.231
66.42,1.6331,1,1,1,444.9041,628.3673
76.65,0.3557,3,1,1,322.6643,993.2244
22.77,-0.3484,2,0,1,368.5055,669.7581
86.72,-7e-04,1,-1,0,446.9739,720.4376
26.64,-0.4857,1,-1,1,400.7738,738.2497
24.53,-0.8566,1,0,0,452.4014,1217.909
17,-0.1138,1,0,1,419.3335,577.0671
88.7,0.1599,1,0,0,365.5162,652.9312
68.7,-1.2194,1,0,1,485.4464,776.2908
68.7,-0.2054,1,0,1,379.6769,932.9773
15.35,0.1108,2,1,0,426.2444,651.9373
68.7,0.1553,1,0,0,605.1732,673.6087
73.71,-0.4044,3,0,0,565.7283,1301.328
14.57,1.2794,1,-1,1,362.1948,803.591
82.41,0.6116,1,-1,0,539.4398,1340.507
76.49,-0.823,1,0,1,367.5869,831.4169
62.39,-0.3001,1,0,0,462.607,588.6187
62.39,-0.1466,1,0,0,530.9452,785.0401
32.2,-0.0636,2,0,1,466.941,557.7143
68.88,-0.3371,1,0,0,513.2175,1039.407
74.66,1.9789,1,0,1,610.1283,739.4062
73.91,0.2473,1,0,1,486.7955,799.6732
68.7,0.3482,1,1,0,597.7194,726.0654
76.65,0.8892,1,0,0,521.7649,780.4352
31.08,-0.3424,2,0,1,520.3602,613.9698
68.7,0.6492,2,0,0,543.7729,660.8248
76.49,1.1446,1,0,1,488.3508,619.6011
68.7,1.3268,1,0,0,551.1834,547.4675
74.66,0.7125,1,1,0,550.5771,739.987
30.78,-0.6736,1,1,1,352.1887,768.098
73.91,-0.1485,1,1,1,503.0173,787.4302
68.7,-0.7849,1,-1,1,368.1113,1601.608
65.01,0.7602,1,1,0,406.6626,885.7158
75.13,1.7811,1,1,0,601.4947,605.8636
58.07,0.1882,2,1,0,430.6444,664.1359
70.34,1.9638,1,0,0,682.9702,485.2478
73.38,0.6571,1,0,0,406.5371,837.0659
26.64,-1.0745,1,0,1,373.5991,809.9561
71.39,0.9754,1,0,1,392.5503,706.1739
52.72,-1.461,2,0,1,500.3479,818.2048
76.49,-0.172,2,0,0,582.3213,536.1598
68.7,0.0647,2,0,0,340.5166,1631.966
81.92,1.1733,1,1,1,669.463,871.0948
81.92,1.6872,1,0,1,631.005,623.6596
68.7,-0.9986,1,0,0,375.5992,652.6496
62.39,1.3767,1,0,1,612.0978,684.1351
67.94,0.7289,1,0,1,556.9179,799.6732
66.42,-0.2477,1,1,0,545.3609,759.9835
30.9,-0.2991,1,1,1,421.4303,767.411
74.79,-0.3992,1,0,0,445.1427,884.231
52.72,-0.6332,1,0,1,341.4386,1198.807
24.49,0.7123,1,0,0,455.1348,554.8722
74.66,0.7953,1,0,0,531.8472,720.8415
73.91,-0.0182,1,0,1,547.088,613.9698
74.66,0.8712,2,0,1,552.9494,881.215
57.03,-1.0105,1,0,1,469.5671,1346.386
16.5,-0.2067,2,0,0,328.0931,782.9034
76.65,2.4339,1,0,0,541.1338,651.4933
76.65,1.4812,1,0,1,481.9078,528.525
71.39,-0.0411,1,0,1,426.0768,817.0923
43.85,-0.1405,2,0,1,517.9019,586.0391
75.54,-0.2686,1,0,0,329.0423,924.7837
52.72,-0.1111,1,-1,1,487.5679,1060.04
35.34,-0.7629,2,0,1,628.4001,1148.679
27.91,-0.2922,2,0,1,535.6537,555.8112
26.64,0.9417,1,1,0,509.3915,504.0185
76.49,2.3915,1,0,1,557.3904,635.4133
62.13,1.3975,1,0,1,473.0135,706.1739
76.49,-0.3422,1,0,0,340.0228,594.0437
82.41,1.1906,1,0,0,591.4817,554.8722
75.54,-0.3181,2,0,0,537.5597,660.8248
53.15,1.3014,1,0,1,563.5447,1100.551
85.41,-0.6176,2,0,1,543.4837,662.592
78.86,-0.1591,1,0,0,454.8187,640.1664
79.05,-0.3833,1,2,1,438.6124,769.5674
77.1,0.3167,1,0,0,617.5919,1432.356
73.91,-0.1075,1,0,0,601.9796,788.0799
65.01,0.6938,1,0,0,304.8956,752.6338
28.52,0.1201,1,0,0,405.3177,683.86
24.68,-1.9271,2,0,0,294.844,782.9034
68.7,-0.4999,1,0,1,340.2058,559.0745
62.39,-1.0554,1,0,1,553.6532,1539.223
82.41,0.517,1,0,0,472.0306,863.4596
25.2,-1.8214,2,1,0,405.1062,1242.162
71.39,-0.7722,1,0,1,571.7063,1014.635
14.21,-1.0899,2,1,0,494.2199,804.3944
24.16,-0.1739,1,0,1,476.1273,1100.551
58.07,0.3275,1,0,0,440.3364,657.2502
17,0.7205,1,0,0,604.0787,837.0659
43.85,-0.0637,2,0,0,405.8965,856.1546
59.76,0.6724,1,0,1,554.1284,728.2187
70.34,-0.0062,1,2,0,469.4267,359.5035
72.83,1.3833,2,0,0,593.5266,1432.356
44.94,1.0559,1,0,1,463.32,1346.386
30.9,-1.0618,1,-1,0,382.3885,673.6087
57.99,0.4721,1,0,0,481.3234,843.1102
16.36,-0.7369,1,0,0,434.6876,1284.469
50.15,-1.4975,1,-1,0,386.3909,1315.706
65.01,0.6688,1,0,1,413.0419,727.6845
88.31,2.1108,1,0,0,383.5826,536.1598
39.04,0.0053,1,0,0,686.9152,604.522
24.98,-0.4541,1,0,1,610.965,623.6596
71.39,-0.1189,1,0,1,444.8315,684.1351
30.34,0.1154,2,0,0,535.4252,1131.283
72.27,0.4739,1,0,1,685.819,1665.117
73.91,0.7746,1,1,0,525.7317,449.999
74.66,1.2902,1,0,0,549.4909,588.6187
70.34,0.2152,1,0,1,472.886,809.9561
31.08,-0.3323,3,1,1,543.8542,950.8541
75.43,-0.6598,1,0,0,439.5187,1340.507
28.48,-0.0696,1,1,0,440.3064,1011.196
25.06,0.8405,1,0,1,535.9398,1100.551
56,0.7661,1,0,0,410.9955,754.9125
39.04,-0.5101,1,0,1,389.97,613.9698
79.74,0.6621,1,1,1,560.5407,1439.096
28.48,-0.2696,2,0,0,313.5538,947.9513
36.92,-0.6832,2,1,1,442.5633,1281.281
33.76,-0.3245,3,0,0,475.3908,658.7812
21.13,-0.2972,1,0,0,482.3088,700.969
17.56,-0.7012,2,0,0,495.0201,901.5883
81.92,1.0632,2,0,0,547.5537,549.4401
81.92,1.5378,1,0,1,695.5651,1075.836
40.56,-0.8613,1,0,0,421.6912,591.343
39.02,-1.0749,1,1,1,526.133,948.9814
29.81,-0.49,2,0,1,513.1982,830.3831
35.34,-0.3914,1,0,0,326.8134,700.5081
70.34,0.493,1,0,0,562.6898,884.231
73.91,1.0396,1,0,0,558.3963,1094.958
75.5,2.1016,1,0,0,532.3602,735.1987
29.16,0.3357,1,1,1,392.9279,1281.281
53.15,0.9576,1,0,1,453.4485,613.9698
59.89,-0.6024,1,0,0,467.5104,1143.517
24.53,-0.1692,1,0,0,413.0771,634.1043
27.91,-0.2661,1,0,1,437.8209,773.6328
74.79,1.4832,1,0,0,600.3921,1071.922
62.39,0.1615,1,0,1,392.7269,937.0833
36.35,-0.2079,2,0,0,422.4011,660.8248
43.33,0.1624,1,0,1,442.2942,516.37
81.92,0.9643,2,0,1,646.8641,623.6596
51.5,1.0941,1,1,1,604.4144,1313.755
51.56,-0.4419,2,0,0,622.3958,528.1723
48.13,1.8625,1,0,1,456.8488,687.4356
71.39,-0.1864,1,0,0,561.4199,973.4936
53.77,0.4339,1,0,1,420.3477,959.4121
74.66,0.5711,2,1,1,584.9387,848.6612
35.07,-0.3586,1,0,1,509.7555,1016.773
73.38,-0.5703,1,0,0,438.2779,1301.328
39.02,-0.1963,1,0,1,362.0513,640.1664
65.01,-1.4977,1,1,0,407.4302,1242.162
21.82,-1.1537,2,0,0,447.319,547.4675
65.12,-0.5877,2,0,1,433.4599,785.7852
30.78,-0.0545,1,0,0,455.7253,670.8058
70.34,0.954,1,1,1,433.487,1002.693
68.7,-0.8603,1,0,0,363.4843,843.1102
73.91,0.6744,1,1,0,577.1517,673.0297
81.92,2.0067,1,0,0,469.5621,487.472
76.49,0.1278,1,0,0,525.8049,752.9022
77.1,-0.3468,1,0,1,469.3284,405.3383
65.01,-1.0467,1,0,1,445.7369,669.7581
59.76,1.1788,1,0,0,558.2098,1890.195
17,-0.5361,1,0,1,446.2253,752.6869
30.9,-0.5596,1,1,1,521.129,1000.381
43.85,-1.2015,2,0,0,437.3228,801.8753
56,-1.402,1,0,0,369.3592,690.442
82.41,2.8346,1,0,0,684.1459,869.9329
33.76,0.0455,2,1,1,494.7194,682.2694
51.56,-1.5795,1,0,0,435.7789,410.2264
57.64,-1.4582,1,1,0,437.1979,660.5652
82.41,0.9035,1,0,1,563.8595,638.0784
76.49,0.59,1,0,1,393.9332,521.3976
25.95,-1.1657,2,0,0,307.6773,1284.469
29.16,-0.3207,1,0,0,345.7356,645.9519
50.57,-0.9221,1,0,0,379.3478,700.969
56,-0.235,1,0,1,341.4407,586.0391
81.92,0.6488,1,1,0,655.1748,1246.427
25.04,-0.4594,1,0,1,410.0597,875.2265
74.66,1.8719,1,1,1,628.3333,645.5953
81.92,1.5314,2,0,0,652.6844,700.969
37.83,-0.4949,3,0,1,358.6199,689.0586
75.54,-0.5723,1,1,0,511.6167,835.8643
26.64,-0.8277,1,1,1,518.4185,653.2882
75.5,0.2311,1,0,1,484.3767,742.905
79.74,1.0473,1,0,1,554.9688,613.9698
24.53,-0.2034,2,0,0,441.2671,961.7906
73.38,0.9387,2,0,1,678.4799,635.4133
60.29,0.9165,1,1,1,616.6501,783.1994
65.42,0.7935,1,1,1,391.9205,621.6563
39.02,0.2679,1,-1,1,476.0704,1230.779
75.13,0.1406,2,1,0,456.5163,1222.794
68.7,-0.6381,1,0,0,527.5246,884.231
52.72,-0.2795,1,0,0,489.5769,536.1598
65.42,1.2049,2,0,1,565.5252,1148.679
51.01,-0.4703,1,0,1,556.3936,867.3384
68.7,0.4856,1,0,1,498.7435,670.317
80.46,1.556,1,0,1,647.5949,1605.444
68.7,-0.3871,1,0,1,456.8303,939.5268
80.46,0.5864,1,0,1,497.1164,881.215
51.01,1.2667,1,0,1,532.3055,662.592
57.68,-0.005,1,0,0,464.722,855.1688
70.89,-0.2815,1,0,1,450.1889,742.905
39.04,-1.0124,1,0,1,315.7805,773.6328
70.89,-0.3711,1,0,1,474.3019,795.5073
88.31,0.2018,1,1,1,558.8957,928.8296
79.05,1.1394,1,0,1,548.7309,619.6011
24.53,-0.4905,2,0,1,434.8091,635.4133
73.38,1.7006,1,0,0,519.9367,1012.469
25.26,-0.0995,2,0,1,412.8598,557.7143
19.2,-0.2275,1,0,0,481.4496,1644.964
14.21,-1.144,2,0,1,588.8657,956.2035
75.5,1.6238,1,0,1,573.3533,799.6732
82.41,0.348,1,0,0,622.0228,673.3137
37.83,-1.1737,1,1,1,587.8793,796.1624
81.05,0.7466,1,0,1,451.2359,736.2656
24.53,0.3799,1,0,1,392.0511,684.6931
48.1,-0.5683,1,-1,1,358.6419,720.7121
74.66,0.6327,1,0,1,523.0731,619.6011
62.39,1.3763,1,0,1,495.3429,940.716
51.56,-0.2199,1,0,1,477.1179,739.4062
56,0.4078,1,0,1,455.4083,1489.799
82.41,0.0366,1,0,1,406.1567,956.2035
25.95,1.4927,1,0,1,348.0044,799.5024
58.07,-0.6009,1,1,0,571.077,1011.196
39.02,-0.4631,1,0,1,610.4501,799.4451
82.41,0.4454,1,-1,1,498.7507,805.4391
74.66,1.595,1,0,0,644.1191,651.4933
62.39,0.9587,1,0,1,417.7318,801.2896
25.95,0.5481,1,0,0,367.0359,924.7837
75.5,3.0051,1,1,1,465.755,822.8669
82.41,1.3179,1,0,1,668.41,705.9021
26.85,0.1373,1,0,1,366.622,464.143
82.41,-1.247,1,1,1,602.6798,899.4514
42.3,-0.247,1,0,0,477.4454,947.9513
72.24,1.1133,1,0,0,684.4953,861.4836
68.7,2.41,1,0,1,537.7274,830.3831
20.91,-2.3838,1,-1,0,413.3632,777.3291
62.13,-0.5409,3,0,1,465.2224,405.3383
33.76,0.3222,1,1,1,537.4973,1264.121
52.72,-0.1648,1,1,0,392.8313,1313.755
36.35,0.1236,1,1,1,409.5354,1072.886
46.73,0.0183,1,0,1,496.4803,943.1797
30.78,-1.121,1,0,1,378.1512,577.0671
65.01,0.2582,1,1,0,497.6331,770.1301
25.04,-0.6055,2,0,0,609.6813,894.287
68.7,0.2003,1,0,1,482.3202,996.4446
43.85,-0.2161,1,0,0,507.9188,657.2502
44.94,-0.0817,1,0,1,550.3118,785.7852
70.4,0.8486,1,0,1,560.2564,1699.095
68.7,0.8087,1,0,0,590.962,611.724
74.66,2.6261,2,0,1,532.9703,1792.216
85.85,1.6735,1,0,1,462.7134,1665.117
30.34,0.3649,3,1,0,362.6911,960.1918
24.53,-0.8004,3,1,0,563.0483,592.0215
17,-0.0287,1,0,1,448.0397,718.4232
61.18,0.2255,3,1,0,441.3446,598.4125
57.03,-0.1804,2,1,0,493.2261,605.8636
70.09,0.8196,1,0,0,693.1407,651.4933
75.54,-0.26,1,0,0,361.0719,591.343
26.64,-0.855,3,-1,0,394.5016,1302.116
65.42,1.3582,1,0,1,599.5429,799.6732
70.5,1.8946,1,-1,0,450.0129,694.2956
82.41,0.4604,1,0,0,515.5985,679.8349
58.77,0.5629,1,0,1,456.8222,877.4436
65.12,-0.6802,1,-1,0,437.4251,735.1987
30.78,-0.8092,3,-1,0,522.7236,880.9258
50.15,-0.3853,2,1,1,406.8547,965.853
73.91,0.2828,1,0,1,384.9433,706.1739
68.7,-1.8578,1,0,1,354.6104,414.1503
78.76,0.1513,1,1,1,456.4639,634.1804
88.31,0.4619,1,0,1,399.6829,1345.683
86.72,1.5835,1,0,0,456.8523,673.3137
88.7,0.805,2,0,0,308.0337,523.3733
65.01,0.2619,1,0,1,512.307,528.525
43.85,1.0723,3,0,1,432.8145,942.5247
26.64,-0.6101,3,1,1,433.6816,1242.162
68.7,0.0111,1,0,1,389.4717,642.6207
24.8,-0.9585,1,0,0,275.5111,965.3955
82.41,0.1528,1,1,1,534.9106,628.3673
77.88,0.8637,1,0,1,564.9703,881.215
50.9,0.4446,1,1,0,429.4846,619.3579
28.48,0.1507,2,0,0,433.0209,752.9022
62.13,1.2552,1,1,1,521.2357,754.0545
82.41,1.525,1,0,1,371.2934,638.0784
39.02,-1.3622,1,0,0,373.7148,652.6496
78.86,2.2218,1,1,1,573.0757,869.3854
68.7,0.7775,1,0,1,391.7169,677.0836
24.98,-1.1202,2,-1,0,329.1705,792.043
43.85,-0.2308,2,0,1,404.0183,736.6283
70.34,0.2819,1,0,1,538.8614,776.2908
37.83,-0.448,1,0,1,514.7333,1712.691
33.76,-0.7561,2,0,1,320.8006,730.2981
86.72,0.3796,1,1,0,572.5071,773.1937
59.89,-0.177,1,0,0,416.399,470.4826
20.91,-0.7158,3,1,1,378.231,1087.994
21.64,-0.9247,1,0,0,361.1709,761.7382
21.64,-0.201,1,1,1,464.9059,625.9388
67.94,0.9549,1,0,0,458.937,694.2956
57.99,0.4287,1,0,0,560.9382,995.1476
71.39,-1.3819,3,0,0,307.4046,1012.469
79.74,1.1584,2,1,1,684.3372,765.6817
77.88,-0.1104,1,0,1,481.0986,662.7367
81.92,2.5687,1,0,1,601.4394,550.6528
28.48,-1.2823,1,0,0,274.0301,1039.169
62.39,0.5378,1,0,0,585.0258,692.2781
58.07,0.5117,1,0,1,514.4993,736.6283
65.01,0.3384,1,0,1,317.3947,728.4617
86.72,1.427,1,0,1,652.79,917.1685
58.07,0.6187,2,0,0,586.0693,2282.984
57,-1.2979,1,1,1,507.9336,1242.162
25.26,-0.2449,3,1,0,417.8716,1481.845
36.35,0.6605,1,0,0,379.7977,843.5551
21.64,-1.645,1,0,1,310.5928,882.8742
81.92,0.6571,1,0,1,463.759,940.716
30.78,0.6467,1,0,0,496.9237,995.1476
60.44,-0.8964,1,0,1,382.6118,940.716
56.5,-0.2633,1,0,1,325.7108,661.0183
68.7,-0.336,1,0,0,423.8426,618.1047
62.45,1.3477,1,0,0,575.8036,640.7802
80.92,0.3053,2,0,1,418.2502,818.2048
17.69,0.4649,1,0,0,520.8955,652.9312
76.49,0.8812,1,0,1,391.362,727.6845
71.39,0.2402,1,0,1,457.7076,818.2048
70.5,0.4929,1,0,0,478.0889,754.9125
81.92,-0.3197,3,0,1,480.2525,1539.223
76.49,-0.2061,1,0,1,503.4148,696.46
72.27,0.3482,1,0,1,447.5931,644.5503
16.38,-0.8842,2,0,0,481.7762,615.4963
32.2,-0.7414,3,1,0,502.273,1242.162
62.39,-0.1979,1,1,0,475.0562,594.0274
22.16,0.5173,1,0,1,389.9944,728.4617
70.34,0.5169,1,0,0,542.4733,629.5511
57.99,0.1322,1,0,1,489.583,739.4062
28.52,-0.6343,1,1,1,514.8071,1405.316
76.65,-0.3936,1,0,1,442.2563,577.0671
33.76,-0.0068,2,0,1,442.1732,669.7581
71.39,0.1822,1,0,0,603.4098,629.5511
65.01,-0.4342,1,0,0,441.4813,720.8415
82.41,-0.1898,1,0,1,680.5607,623.6596
39.02,-1.0804,3,0,0,498.5233,588.6187
68.7,-1.1706,1,-1,0,275.224,792.6705
62.39,-0.4748,1,1,0,373.3526,1168.184
57.04,-0.6404,1,0,0,354.6959,782.9034
76.65,-0.3661,2,1,0,507.3231,1044.743
71.39,0.7616,1,0,0,653.438,554.8722
70.34,0.5669,1,0,0,456.2046,788.0799
44.14,-1.1686,1,0,0,417.8907,591.343
76.49,1.139,1,0,0,382.7247,735.1987
43.33,-0.1332,1,0,0,437.9787,774.4093
65.01,0.0155,1,0,1,503.38,619.6011
21.64,-0.7855,1,0,1,533.7814,683.6347
58.77,0.0712,1,1,1,536.2205,769.5674
81.05,-0.7034,1,-1,0,500.9615,843.1102
17.55,-0.8079,2,0,0,491.5434,561.7039
85.41,1.3045,1,0,0,332.3337,679.8349
60.29,0.8424,1,0,1,437.828,831.4169
86.72,0.7636,1,0,1,557.0083,644.5503
60.29,0.3444,1,0,1,387.7226,1463.899
65.12,0.7327,2,0,0,325.4489,667.426
60.44,-0.0725,3,0,1,498.3149,727.6845
75.5,0.5499,1,0,1,439.4343,1665.117
14.21,0.0131,2,0,1,355.3549,809.501
17.53,-0.5788,2,0,1,471.9791,586.0391
57.38,-0.5365,1,0,1,459.7724,717.451
79.49,1.0403,1,0,0,640.3457,547.4675
65.01,-0.8198,1,0,1,396.5876,1048.346
25.95,-0.7676,1,0,1,335.1429,898.1214
51.92,0.2934,1,0,0,320.6626,594.5036
17.55,-1.3151,1,1,1,362.3626,965.853
76.49,0.7794,1,0,1,385.4374,678.8576
79.74,0.1933,1,0,1,382.1767,1539.223
39.04,0.4152,1,-1,1,348.0263,812.9847
44.92,0.357,1,0,1,411.2605,584.2659
66.42,-0.8557,1,0,0,676.7585,640.7802
24.98,0.1855,1,1,0,385.8702,1243.448
81.4,0.1787,1,0,0,560.5508,667.426
68.7,-0.5769,1,0,1,511.8543,603.7953
68.7,-0.2287,1,0,1,519.6043,1016.773
30.78,-1.2997,2,0,0,400.0141,752.4463
62.39,-0.6662,2,0,1,398.6301,1539.223
39.02,-0.9449,2,0,0,363.4447,947.9513
55.25,-0.55,1,0,1,549.5381,713.6537
27.52,1.1254,1,0,1,593.4011,684.6931
33.76,-0.9449,2,0,0,390.0234,794.8265
67.94,-0.3096,1,0,1,495.4804,867.9743
16.5,-0.3145,1,0,0,542.2759,843.1102
77.88,1.5193,1,1,1,484.197,832.5313
25.26,-0.4102,1,0,0,396.0939,627.1932
65.01,-0.3524,1,0,0,463.8331,596.8058
58.07,0.4191,1,0,0,441.3189,880.9258
78.69,-0.1205,1,0,1,571.4593,776.2908
76.65,1.0346,3,0,1,567.714,623.6596
25.04,-0.0376,1,0,1,426.7957,487.9839
21.96,-0.3789,1,0,1,441.7773,1743.588
47.74,-2.1152,1,1,0,386.1547,479.844
76.49,0.536,1,0,0,429.6543,673.6087
73.91,0.053,1,0,0,568.4583,651.4933
35.34,-0.1856,2,0,1,483.8215,487.9839
73.91,1.2556,1,0,1,448.141,727.6845
71.39,1.4975,1,1,0,645.1497,804.3944
16.5,-1.5882,2,0,0,414.9338,549.6742
48.82,-0.2989,1,0,1,349.0277,618.4042
60.44,0.2943,1,0,0,420.7993,485.2478
50.9,1.1187,1,0,0,513.6856,694.0331
26.64,-1.7274,1,-1,0,341.9676,1315.706
74.66,0.7871,1,0,0,575.4149,485.2478
50.57,-1.0349,1,0,1,333.444,516.37
81.13,1.4697,1,0,1,507.9042,940.716
24.98,0.3266,1,0,0,357.7042,645.9519
51.56,0.4986,1,-1,0,328.6709,794.4479
43.33,-1.4653,1,1,0,433.9431,651.9373
74.79,0.8048,1,0,1,531.6594,742.905
75.13,0.6179,1,0,0,586.1264,692.2781
57.99,0.6016,1,0,1,460.9404,1048.346
73.38,0.6592,1,0,1,527.3972,684.1351
82.41,0.4998,1,0,0,524.3392,843.5551
68.7,-0.7741,1,0,0,488.2227,471.0894
76.65,-0.3984,2,0,0,525.4951,1012.469
30.9,-0.8139,2,0,0,505.1289,843.1102
76.65,0.2045,1,1,0,601.6188,846.3171
53.77,0.0789,1,0,0,353.8603,1094.958
24.53,-0.4485,1,0,0,371.6188,792.6705
68.7,-0.4156,1,0,0,402.9608,679.8349
25.46,0.0532,1,0,1,401.4729,1016.773
73.38,0.6992,1,-1,0,571.0358,656.7302
77.88,0.6049,1,0,1,498.4659,857.0239
57.03,-0.0522,1,0,0,474.0969,1262.969
76.98,0.5959,1,0,0,506.7537,752.9022
22.75,0.294,1,0,1,616.0927,684.1351
88.7,1.2623,1,1,1,400.041,597.2112
68.7,0.5049,1,-1,1,384.3497,603.7953
78.86,2.2503,1,0,1,485.3623,405.3383
73.91,-0.5841,1,1,1,600.1167,962.4665
75.54,0.8806,1,1,1,470.8634,599.4513
26.64,-1.3044,1,0,1,428.2239,669.7581
68.7,-0.3811,1,1,1,541.806,717.1498
76.65,0.1562,1,-1,0,480.5176,735.1987
32.2,-0.0686,2,0,1,570.3062,521.3976
32.5,-0.1485,1,0,1,443.4927,584.2659
79.05,0.6459,1,0,0,539.7421,1340.507
25.04,-0.6581,1,0,0,425.1524,640.1664
58.07,0.8581,1,0,1,541.4051,817.0923
46.38,0.7831,1,1,1,532.4759,962.3206
44.92,-0.507,1,1,0,462.8442,660.5652
65.12,1.1676,1,0,0,677.0308,509.114
65.01,0.1571,1,0,0,457.8692,517.2882
24.53,-0.7742,2,0,0,389.7269,610.3265
33.76,-1.1041,2,0,1,367.4286,867.3384
17,-0.2024,1,0,0,349.4858,596.2985
48.1,-0.6721,1,0,0,539.6913,792.6705
23.57,0.0491,1,0,1,406.2101,555.8112
56.64,-0.1364,1,1,0,452.0269,1129.392
23.8,-0.7051,1,0,0,472.0793,843.1102
68.7,0.0662,1,1,0,522.3657,1032.512
17.53,-0.8716,3,-1,1,412.7842,713.6537
43.33,0.1134,1,0,1,506.1002,541.835
76.49,-0.0111,1,0,1,470.0724,728.2187
59.89,1.7698,1,0,1,501.4686,801.2896
22.77,-1.3587,2,0,0,495.4335,594.5036
57,-0.0847,1,0,1,393.8838,1712.691
68.7,0.5895,2,0,1,400.258,619.6011
25.11,-0.4142,1,0,0,417.257,596.2985
74.66,-0.7792,2,1,1,532.7629,1286.044
57.03,-0.3231,3,0,1,444.9897,718.6005
78.86,1.5997,1,0,1,489.7186,797.1312
77.1,-0.4289,2,0,1,413.083,557.7143
25.06,0.42,1,-1,1,332.8985,742.905
39.02,-0.325,1,0,1,474.8249,578.5244
62.39,0.556,1,0,1,417.343,939.5268
82.41,1.7257,1,0,0,543.1615,604.522
30.9,-1.2127,1,0,0,534.0205,843.1102
80.78,-0.0587,1,1,0,465.5981,861.3702
81.05,-0.0042,1,0,1,416.3372,662.7367
61.18,-0.1461,1,0,0,533.5417,901.5883
80.46,-0.0609,1,0,0,299.5893,913.581
75.54,-1.6848,3,1,1,336.9492,1240.139
31.08,0.5183,1,0,0,499.511,712.6043
65.42,-0.0812,1,-1,1,510.3931,727.1103
62.39,0.4163,1,1,1,513.6145,621.6563
57.03,-0.1493,1,0,1,400.8469,583.4096
86.72,0.2863,1,0,0,599.5892,509.114
33.76,-0.0532,1,-1,1,286.3322,1554.014
24.98,-1.3055,2,0,0,511.6605,670.632
65.12,1.5713,2,0,1,450.6829,705.9021
51.56,-0.2185,1,0,0,461.6983,1644.964
86.72,-0.0321,1,-1,1,375.3045,684.6931
16.36,0.3863,2,0,0,408.6024,774.4093
75.43,-0.4859,3,0,0,511.792,1131.283
21.96,-0.4068,2,0,1,585.8604,431.3
79.74,1.2658,1,0,0,452.6444,894.287
68.7,-0.6145,1,-1,0,379.9059,409.6923
56,-0.4279,1,-1,0,381.0079,1315.706
65.01,0.2314,1,0,0,583.745,549.4401
33.76,-0.1965,2,1,1,478.1802,682.2694
48.1,-1.1005,1,0,0,358.2642,657.8247
76.65,-0.6529,1,-1,0,532.7427,1340.507
30.78,0.3077,1,-1,0,320.8772,975.3854
11.56,-2.0698,2,1,0,398.6916,678.1436
59.76,1.1558,2,0,0,392.7937,690.442
33.76,-0.6763,1,0,1,319.3103,720.7121
39.02,0.7665,1,0,1,412.8007,765.5425
78.69,1.0257,1,0,0,609.059,692.2781
30.49,-0.1622,1,1,1,447.6854,797.9919
18.13,-1.5944,2,-1,0,467.4878,561.7039
31.08,-0.0609,1,1,0,527.2009,1186.211
68.7,0.3296,1,0,0,428.323,604.3597
26.64,0.1345,1,0,1,391.252,1012.438
22.75,-1.4231,1,-1,1,327.4663,830.29
50.15,-0.0719,1,-1,0,353.2801,410.2264
74.66,1.0722,1,1,1,523.7355,993.2244
86.72,1.6794,1,0,1,473.6728,752.6869
57.04,-0.321,1,1,0,461.031,756.883
27.91,0.3152,2,0,1,412.4959,669.7047
53.77,-1.2322,2,1,0,378.6448,655.1455
57,-0.4161,1,0,0,412.1204,708.2753
33.76,0.8409,2,0,0,453.1265,856.1546
73.91,1.4764,1,0,0,559.7832,961.7906
19.78,-0.3592,1,1,0,421.9539,782.2747
16.5,-0.03,1,0,1,330.1161,940.716
86.72,1.0337,1,0,1,558.594,1075.836
31.08,-0.9333,2,0,0,360.8236,1138.511
51.56,0.6505,1,0,0,576.2333,471.0894
43.33,0.9432,1,0,1,504.6841,1213.734
68.7,0.8112,1,1,0,576.2489,841.5952
40.54,-1.1512,1,1,1,382.3682,920.6478
50.15,-0.6265,1,0,1,319.7418,633.2059
72.96,0.0854,1,-1,0,601.6092,660.8248
25.04,-1.6531,2,-1,1,364.9457,727.1103
28.48,-1.9728,2,0,1,586.0591,776.2908
51.56,-0.8142,1,0,1,410.5167,752.6869
67.94,0.2111,2,0,0,426.29,1301.328
39.02,-0.7253,2,1,0,413.2419,660.5652
22.16,-0.008,2,0,1,579.6002,868.3156
17.55,-0.3324,1,0,1,366.144,797.1312
43.85,0.2451,1,1,1,528.7363,1242.162
25.94,-0.3382,1,0,1,420.2429,1792.216
71.39,1.5249,1,1,0,520.5406,1034.898
65.01,0.38,1,0,1,508.3294,717.451
85.41,1.7742,2,1,1,557.3886,962.3206
62.13,0.5277,1,0,1,526.9741,1060.04
76.49,0.5844,1,0,1,526.6347,868.3156
65.01,1.2918,1,0,1,413.5743,744.1052
20.91,0.3109,2,0,0,454.4987,771.7018
73.91,1.1243,1,0,0,473.6393,1340.507
28.48,-0.5224,2,0,1,417.0902,959.4121
52.72,-0.4001,1,0,0,528.9124,528.1723
79.49,0.9515,3,0,1,396.7321,550.6528
25.04,1.096,1,0,1,488.1472,1489.799
68.7,1.8839,1,0,1,452.512,687.766
32.5,1.0828,1,0,0,541.7772,528.1723
66.42,0.6118,1,0,1,536.5463,717.3659
70.34,1.0631,1,0,0,580.0317,657.8247
30.78,-0.7275,1,0,1,364.3982,414.1503
81.92,0.5621,1,0,1,466.9318,937.0833
35.07,0.7933,1,-1,0,397.4835,752.9022
86.72,0.2373,2,0,1,428.0578,1792.216
68.7,0.2401,1,0,1,659.2595,1148.679
76.65,2.5114,1,0,1,439.1189,799.4451
25.23,-0.2872,1,1,1,345.0544,771.3812
16.39,-0.8363,1,0,1,392.9657,552.1778
75.5,1.2128,1,0,0,687.1465,973.4936
40.54,-0.6196,1,1,1,582.8039,948.9814
21.64,-1.0927,2,0,0,460.3065,830.9699
56.64,0.7567,1,0,0,565.9897,991.338
88.7,-0.2394,3,0,0,397.4911,561.7039
47.74,-0.3281,1,0,1,524.9534,1198.807
57.68,0.4166,1,0,0,438.146,410.2264
58.77,0.9321,1,1,0,539.587,625.9388
31.08,-0.72,2,1,0,541.3186,902.6764
24.53,-1.3197,2,0,1,377.2796,656.2566
50.15,-0.9091,1,0,0,417.9139,880.9258
71.39,-0.6231,1,0,0,505.4278,1086.259
73.91,1.2674,1,0,0,523.2114,855.0621
24.53,-0.0988,2,-1,1,320.9779,875.2265
35.34,0.7981,1,0,1,500.0333,795.5073
60.92,1.2905,1,1,0,583.7959,752.1659
74.66,1.7982,1,1,0,623.7049,618.071
65.25,-1.2556,2,0,1,432.1266,720.7121
11.74,-3.2348,2,0,0,286.9816,679.8349
80.75,0.8505,3,0,1,525.7295,1148.679
65.42,-1.7406,1,0,0,294.0747,652.6496
46.76,-0.5948,1,0,0,413.9881,652.9312
80.46,0.384,1,0,1,482.3672,940.716
44.14,-1.0542,1,0,0,383.6091,640.1664
33.76,-0.3394,2,1,1,389.7711,682.2694
31.08,-0.2443,1,-1,0,409.6319,1022.545
75.43,0.198,1,0,0,526.6084,798.179
32.2,-1.5862,1,-1,1,505.3177,870.0235
24.53,-1.3929,1,0,1,372.8726,656.2566
39.45,0.1425,1,-1,0,459.8501,913.581
16.39,-0.4443,1,0,1,339.5872,917.1685
44.92,-0.7093,1,0,1,531.1944,870.0235
86.72,-0.075,1,-1,0,420.4839,785.0401
79.74,-2.0286,3,0,0,438.5267,1131.283
57.99,0.4667,1,0,0,324.505,594.5036
39.04,-0.8911,1,0,1,425.0788,795.5073
77.1,1.1233,1,1,1,600.4094,848.6612
62.39,2.0007,1,0,0,620.3671,855.0621
68.7,-0.7402,1,0,0,410.1784,830.9699
17,0.5222,1,-1,0,534.0649,780.4352
65.12,-0.6655,1,-1,0,307.9667,634.1043
51.56,-0.9564,1,0,1,312.4038,497.1649
70.89,1.2161,1,1,0,542.4639,554.2079
76.65,1.2096,1,0,0,675.4637,884.0386
26.64,-1.1696,1,0,1,387.8849,1048.346
73.38,0.8573,1,0,1,541.9142,1075.836
21.82,-1.0636,1,1,1,467.9395,815.988
17.55,0.8727,1,0,1,428.5761,717.3659
76.49,0.3145,1,1,0,574.4207,504.0185
75.5,0.3145,1,0,0,704.4958,651.4933
86.72,-1.0618,1,0,0,618.9747,725.3383
29.16,-0.4812,1,0,0,376.5083,869.9329
71.39,2.1835,1,0,0,355.0301,670.632
58.07,-0.1919,1,0,1,375.6975,656.2566
24.98,-0.9754,1,0,1,490.7773,578.5244
43.85,-0.3917,1,1,0,628.8347,611.5021
62.13,0.4253,2,0,1,441.4126,431.3
25.04,-1.4943,1,0,1,370.6847,874.6423
68.7,-0.4373,1,0,0,439.9387,670.8058
50.37,0.3667,1,0,1,411.8226,727.6845
25.95,-0.8688,1,1,1,391.6919,606.2041
65.12,0.4706,1,1,0,512.7524,532.3079
14.21,0.1043,1,0,1,350.6367,898.1214
24.98,0.7108,1,0,1,484.661,537.6039
76.49,0.2781,2,1,0,475.1704,579.9968
30.78,0.2198,1,0,0,531.7308,657.2502
78.86,1.046,1,1,1,518.1593,708.7621
64.4,-0.5112,1,0,1,479.0728,670.317
85.85,-0.3692,2,0,1,355.7669,583.2306
68.7,-0.7189,1,0,1,569.2588,618.4042
41.27,-0.7179,1,0,0,440.5993,792.6705
65.12,0.6057,1,0,0,595.9784,684.1808
24.53,0.1892,2,0,0,522.9653,720.8415
51.56,-0.8091,1,0,1,417.1398,718.6005
75.54,0.7658,2,1,0,451.6438,816.1815
57.38,0.0876,1,0,0,488.8146,528.1723
31.15,0.078,1,0,0,476.4849,720.4376
57.99,-0.1621,1,0,1,452.7317,1539.223
82.41,0.3601,1,0,1,505.8689,799.5024
68.7,-0.9371,1,0,0,456.341,855.1688
68.7,1.0242,1,-1,0,453.994,1340.507
86.72,0.2836,1,0,1,531.6349,1665.117
20.91,0.1906,2,0,1,495.1947,834.6191
62.13,0.3365,1,0,1,590.5509,584.2659
25.06,-0.9951,2,0,1,293.2632,677.0836
71.39,0.0808,1,0,1,550.3578,662.7367
20.91,-0.7732,2,0,0,372.7963,678.6486
27.52,-0.733,1,0,1,390.3649,414.1503
86.72,1.3456,1,0,0,646.8918,509.114
82.41,-0.7536,1,0,0,635.8781,660.8248
44.14,0.0216,1,0,1,555.8876,795.5073
65.01,1.3412,1,0,1,480.4728,867.9743
70.5,0.1284,1,0,1,592.7246,718.6005
70.89,1.1136,1,0,0,479.6058,611.724
81.92,1.1393,2,0,0,642.3161,1039.407
25.04,0.6441,2,1,0,447.2805,965.853
65.01,0.7919,1,0,0,425.5177,1751.377
79.74,0.8237,1,0,1,511.5367,943.1797
58.07,0.4148,1,0,1,457.5562,834.6191
70.34,1.2705,1,0,1,357.9287,696.46
24.53,0.1405,3,-1,0,602.9325,735.1987
66.42,0.3125,1,1,0,592.7015,627.7474
72.83,0.7605,1,0,1,544.746,1554.014
11.74,0.3925,2,1,1,406.0822,718.4882
20.91,-0.1425,2,0,1,502.3473,1699.095
25.04,0.9321,1,0,1,478.5092,795.5073
77.1,0.0918,1,0,0,412.3927,977.3989
24.53,-1.6114,3,0,1,364.5769,555.8112
59.89,-0.1284,1,0,1,468.1586,684.1351
62.39,-1.68,2,-1,0,313.2491,774.4093
71.39,-0.2881,2,0,1,562.3377,1539.223
30.9,0.7542,1,1,0,432.6281,620.9536
75.43,1.0686,1,0,0,617.6708,692.2781
71.39,0.7527,1,0,0,373.8224,634.1043
72.83,0.7564,1,0,1,483.197,687.766
36.92,0.4223,1,0,0,461.6434,774.4093
76.49,0.3297,2,1,0,561.2647,960.1918
22.75,-1.6095,2,1,0,335.118,1044.743
79.05,-0.0857,2,1,0,548.9795,816.1815
28.12,-0.6491,1,0,0,355.8866,638.7462
51.56,0.6305,1,0,1,542.1804,1097.569
51.5,-0.3563,1,0,1,400.8488,746.517
24.07,-1.6844,2,1,0,460.489,651.9373
86.72,-0.0873,3,0,0,263.0828,363.2123
79.05,2.169,1,0,0,565.9845,788.0799
50.9,1.3609,1,1,1,481.7756,950.8541
82.41,0.1043,1,0,0,530.6035,638.0784
75.54,0.6243,3,0,1,568.2398,623.6596
39.02,-0.0592,1,0,0,601.2354,822.0018
73.91,0.414,1,1,0,373.1325,1243.448
44.92,-1.233,1,0,0,401.5145,567.7518
84.61,0.5379,1,0,1,621.0872,618.4042
73.38,0.3795,1,0,1,445.5184,678.8576
36.35,0.4011,1,1,0,504.5896,782.2747
68.7,0.2504,1,1,0,400.8485,835.8643
83.5,0.2006,1,0,1,443.9779,521.3976
82.41,-0.7408,2,1,1,422.0763,717.1498
33.76,0.0605,2,1,0,538.9279,1242.162
30.59,1.2482,1,0,0,535.8318,725.3383
65.12,0.824,1,0,0,539.0814,869.9329
74.66,1.3561,2,0,1,472.9386,1097.569
78.86,0.8243,1,0,1,505.1149,662.7367
76.65,1.0276,1,-1,0,507.995,1432.356
43.85,-0.052,1,0,1,382.3122,875.2265
51.01,0.1561,1,0,1,549.6018,877.4436
28.52,0.1842,1,0,0,335.7879,638.0784
65.01,0.1982,1,0,0,489.6918,604.3597
88.7,-0.048,1,0,1,445.1541,557.7143
57.99,0.1743,1,-1,1,330.1252,536.2502
25.95,0.5832,1,0,0,338.4399,425.6052
68.7,0.0416,1,0,1,538.7487,405.3383
62.39,1.4335,1,-1,0,396.4908,588.8771
57.99,-0.2717,1,0,1,443.2567,1539.223
43.85,0.9856,1,0,1,534.7048,797.1312
78.86,1.136,1,0,0,607.896,651.4933
59.89,-0.8464,1,0,1,417.9702,932.9773
30.34,-0.2534,1,0,0,333.836,1138.511
71.39,-0.2843,1,1,1,408.0183,686.0447
31.08,-0.7503,1,0,1,459.5556,683.6347
74.79,0.4442,1,0,0,587.6957,588.8771
51.56,-0.3126,1,0,1,497.4128,830.3831
68.88,-0.2872,2,1,1,412.1508,1281.281
70.1,-0.1809,1,0,1,561.9159,1457.534
79.05,0.8746,1,0,0,536.2701,1751.377
36.92,-1.1399,2,0,1,413.4392,557.7143
76.49,0.9895,2,0,1,548.5238,1601.608
21.64,-0.5912,2,0,1,418.1756,1712.691
62.39,-0.9187,1,0,0,401.8014,855.1688
35.34,1.0479,1,0,0,577.0288,884.0386
71.39,0.0842,2,0,0,416.6096,615.6447
76.49,-0.2979,1,1,1,653.8836,559.542
78.76,-0.0524,1,-1,1,510.7668,1699.095
65.01,0.7883,1,0,0,609.2431,961.7906
76.65,-0.4564,1,-1,0,448.9396,948.6838
25.95,-0.5033,1,1,1,380.4899,666.0256
24.53,-0.0516,2,0,0,480.2547,855.0621
62.39,0.9949,1,0,1,518.1493,521.3976
17,-0.1212,1,-1,0,372.0323,639.848
26.85,-0.3105,1,0,0,353.4576,1138.511
28.48,-0.1789,1,0,1,418.0762,720.7121
25.26,0.2353,1,0,1,328.7033,405.3383
68.7,-0.98,1,0,0,368.835,594.5036
73.91,-0.6656,3,0,1,502.906,1148.679
73.91,0.9047,1,0,1,425.4537,644.5503
28.48,0.0641,1,0,0,436.9504,869.9329
44.14,-0.9051,1,0,0,560.8128,410.2264
51.56,-1.385,1,0,0,446.8292,876.8064
68.7,-0.5621,1,0,0,477.8396,792.6705
65.12,0.2302,1,0,1,485.2975,939.5268
81.05,-0.2634,1,0,1,487.2772,1014.635
17,0.1167,1,0,1,498.8666,718.4232
68.7,0.1707,1,-1,1,352.9829,640.1664
65.23,0.6857,1,0,0,534.6413,752.6338
76.49,-0.5603,2,0,0,526.2642,610.3265
59.76,0.4149,1,0,1,504.4524,799.4451
71.45,0.764,1,0,0,571.3155,785.0401
51.5,1.2207,1,0,0,362.1338,1131.283
80.46,1.2797,1,1,1,654.1234,815.8547
39.02,-0.4748,1,1,0,518.3841,542.0693
57.04,-0.4295,2,1,1,368.7981,702.861
76.49,2.2525,1,0,0,586.7527,536.1598
61.82,1.2639,3,0,0,324.9142,549.8821
62.39,-0.3022,1,1,0,598.1026,1034.444
74.66,2.4096,1,1,0,708.2457,568.1805
62.39,0.685,1,0,1,500.3939,578.5244
22.16,-0.0327,3,0,0,462.2997,707.707
22.16,-0.2349,2,0,0,383.6525,667.426
70.34,1.7587,1,0,1,463.674,922.5173
68.7,0.9865,1,1,1,535.5821,1481.845
86.72,0.7931,1,0,0,451.2926,392.1919
73.91,0.9092,1,0,1,506.4328,684.1351
73.91,0.2457,1,0,0,509.8717,651.4933
37.59,0.2936,2,1,0,349.3007,1186.211
26.62,-0.0189,1,1,0,598.9742,598.0957
32.2,-0.5609,1,0,1,413.536,613.9698
51.56,-0.548,1,0,0,480.1648,835.1373
17,-1.8775,3,0,0,320.9372,792.043
35.34,-0.6082,1,-1,1,264.4483,773.6328
11.74,-0.3428,2,1,1,402.9174,783.1994
74.79,-0.1614,1,0,1,480.1813,922.5173
77.1,0.555,1,1,0,600.0923,673.0297
59.89,0.6166,1,0,0,644.3083,652.9312
30.34,0.3326,1,0,1,322.1772,641.1248
82.41,0.7647,3,0,0,514.5266,611.724
35.07,1.9934,1,0,1,497.5587,718.4232
60.29,-0.0696,1,0,0,453.6968,670.8058
50.15,0.0389,1,0,0,413.5237,830.9699
74.66,2.5453,1,0,1,611.6747,1699.095
61.6,0.4034,1,1,0,692.7454,642.3074
65.12,-0.0736,1,-1,0,336.1737,1644.964
39.02,1.28,1,1,1,522.4862,1264.121
78.86,0.2067,1,0,1,501.9386,943.1797
59.89,-0.026,3,0,0,371.6382,1039.169
81.92,0.088,1,0,1,438.6968,662.7367
71.45,-0.2962,3,0,1,276.7429,1489.799
57.64,1.5662,1,0,0,484.3904,965.3955
74.66,-0.8712,1,0,0,342.6636,634.1043
29.16,-0.5392,1,0,0,434.82,777.3291
65.01,0.3299,1,0,0,462.7556,554.8722
23.8,0.8419,1,0,1,629.984,431.3
18.08,-0.3272,1,-1,0,378.7339,720.8415
28.03,1.0732,1,0,0,397.7757,843.5551
51.5,-0.0127,1,0,1,459.7016,1060.04
70.34,-0.4251,1,0,1,540.0705,809.9561
81.4,1.7008,1,0,1,526.4592,1213.734
24.53,-1.3342,2,0,0,507.1454,1039.342
86.72,1.7114,1,0,0,557.2293,977.3989
39.04,-0.5262,2,0,0,499.1718,995.1476
26.64,0.6693,1,0,1,505.9164,678.8576
82.41,0.5004,1,0,0,612.9999,664.854
78.76,0.9231,1,0,1,490.0664,799.6732
25.95,-0.1148,1,0,1,417.6661,1198.807
66.42,0.5955,1,0,0,563.4175,684.1808
21.13,0.7317,1,0,0,642.602,670.8058
52.72,0.2869,1,0,0,396.1611,856.1546
43.85,0.845,2,0,1,595.4073,1213.734
69.24,-0.0613,1,0,0,406.3107,690.442
75.54,-0.7063,1,0,0,391.9637,1302.116
35.34,0.9195,1,1,1,313.6775,940.1968
51.25,0.1346,1,0,0,441.259,843.5551
43.33,-0.8115,1,1,0,413.6905,1032.512
30.78,0.0879,1,1,1,521.0405,1439.096
62.13,0.2507,1,0,0,369.822,594.5036
72.27,0.1444,3,0,0,570.9779,651.4933
71.39,0.0312,1,0,0,321.776,863.4596
71.39,0.6566,1,0,1,602.6523,521.3976
62.39,-0.1992,1,0,0,351.1149,690.442
57.99,0.662,1,0,0,561.0877,673.3137
44.94,0.3896,1,0,0,480.8632,965.3955
81.4,1.4761,1,1,0,545.1366,634.4443
22.77,-0.0397,1,0,0,542.2698,673.6087
24.98,0.0199,1,0,1,386.3123,1000.093
50.15,0.7079,2,0,0,473.7068,720.4376
78.86,1.8019,1,1,1,522.9357,890.6474
71.39,0.4994,1,-1,1,443.2076,577.0671
24.98,-0.0322,1,1,0,441.592,655.1455
88.31,-1.0024,3,0,0,428.2087,549.4401
23.53,-1.07,2,0,0,568.2192,667.426
80.78,0.5317,1,0,0,636.1787,1071.922
16.38,-0.3203,2,0,1,510.7134,959.4121
16.5,-0.8885,1,1,1,472.1324,790.6581
82.41,1.1431,1,0,0,531.4158,1134.426
62.39,0.4732,1,0,0,344.2012,895.9763
38.18,-0.0337,1,0,0,379.3491,720.4376
68.7,-0.0471,1,0,1,365.668,684.6931
86.72,-0.4342,1,0,1,276.1035,405.3383
64.4,0.949,1,1,0,486.0453,634.4443
62.39,0.473,2,0,1,591.5047,1014.635
25.39,-0.3056,3,0,1,439.0263,431.3
25.95,0.3817,2,0,1,532.1561,875.2265
86.72,1.2956,1,0,0,331.0806,657.2502
17.69,-0.5902,3,0,0,422.7658,774.4093
71.55,-0.1682,1,0,1,589.4024,799.6732
70.89,1.0793,1,0,1,457.8387,1489.799
70.5,1.2592,1,0,1,443.9026,578.5244
53.15,1.1396,1,0,1,572.4579,537.6039
39.02,0.3947,1,0,0,473.2183,752.4463
76.49,-0.3061,1,0,1,388.2093,644.5503
81.92,1.5585,1,0,1,504.9373,1699.095
70.5,0.0907,1,-1,0,441.7787,1143.517
76.65,0.9567,1,0,1,598.7153,736.2656
71.29,0.6666,1,1,0,502.0368,542.0693
19.83,-0.2785,1,0,0,293.991,975.3854
73.91,0.8823,1,0,0,647.222,588.8771
74.79,-1.4891,1,0,0,520.0798,827.5847
17.69,-0.5493,1,0,1,341.6991,726.7811
57.03,1.0304,1,0,0,614.011,856.1546
30.9,-0.2665,1,0,1,408.0955,683.6347
75.43,-1.5928,1,0,0,331.5709,678.6486
76.49,0.0053,1,0,1,439.0787,642.6207
82.41,-0.607,1,0,1,513.5998,718.4232
35.34,0.9723,1,0,1,354.7114,487.9839
68.7,-0.743,1,0,0,315.2013,594.0437
68.7,-0.2825,1,1,1,443.4083,1454.779
58.07,-0.9665,1,1,1,395.6705,471.3478
76.65,0.2048,1,-1,0,304.7586,392.1919
54.55,-0.2258,1,1,1,366.1039,989.6694
17.55,-0.9156,1,1,0,485.197,1391.432
62.39,0.2358,1,0,0,485.7215,1262.969
79.74,-1.0389,3,-1,1,361.8298,1346.386
48.1,-0.9477,1,0,0,273.7783,792.6705
18.08,-1.6439,2,0,0,401.1447,610.6153
79.05,0.2387,1,0,1,422.4384,717.3659
68.7,1.5668,1,0,1,536.611,638.0784
82.41,2.1123,1,0,0,607.3286,596.8058
76.49,0.3855,1,1,1,467.7329,597.2112
57,-1.2218,1,0,1,523.2769,867.3384
11.56,-1.8849,2,0,0,338.7241,679.8349
62.45,-0.9888,1,0,1,370.0339,830.3831
86.72,0.794,2,0,0,519.1463,568.636
17,-0.5836,1,-1,0,342.9952,449.6594
57.38,0.0685,1,1,0,516.941,401.847
78.69,0.3013,1,1,0,554.7339,739.987
81.4,0.3506,1,0,1,477.0786,718.4232
62.45,0.5974,1,0,1,501.9528,776.2908
17.69,-0.2258,1,-1,0,335.3549,1315.706
21.64,-1.014,1,0,0,482.6462,1644.964
65.12,0.4672,1,0,0,469.8083,611.724
39.02,-0.2706,1,1,1,514.4346,901.4194
78.86,1.0302,1,0,1,559.3593,882.8742
71.39,0.5239,1,1,1,588.6503,815.8547
70.89,0.6006,1,0,1,498.4089,857.0239
65.01,1.4299,1,0,1,459.4174,936.4965
