"draw","s1","s2","s3","s4","s5","s6","s7","s8","s9","s10","s11","s12","s13","s14","s15","s16","s17","s18","s19","s20","s21","s22","s23","s24","s25","s26","s27","s28","s29","s30","s31","s32","s33","s34","s35","s36","s37","s38","s39","s40","s41","s42","s43","s44","s45","s46","s47","s48","s49","s50"
1,1.38,0.5,2,2,2,2,1,2,0.5,1,2,1.38,1.38,0.5,1.38,1,2,1,1.38,2,0.5,1.38,1,2,1,1.38,1,1,2,1,1.38,1.38,0.5,0.5,1,1,1,0.5,1.38,0.5,2,2,0.5,2,2,1,0.5,1.38,1.38,1
2,2,2,2,1,1.38,2,0.5,0.5,1,0.5,1,1.38,2,1,0.5,1.38,1,1,1,0.5,2,1.38,2,0.5,1,1.38,1.38,0.5,2,0.5,0.5,0.5,2,1,0.5,1,1.38,2,2,0.5,1,1,1.38,2,2,1,0.5,1.38,0.5,2
3,2,0.5,0.5,1,1,2,1,1,1,0.5,1.38,2,1,1.38,2,1.38,1,0.5,1,0.5,1.38,1.38,1,0.5,2,0.5,1,1.38,0.5,2,1,0.5,0.5,1,0.5,1.38,0.5,2,0.5,2,1.38,1.38,1,1.38,1,1,0.5,1,1,0.5
4,0.5,2,1,2,1,1,0.5,2,0.5,1.38,1,2,2,1.38,1.38,1,0.5,0.5,1,2,2,2,1.38,0.5,2,0.5,2,0.5,2,0.5,0.5,1,2,2,1.38,0.5,1,1,0.5,0.5,1.38,1.38,1.38,1.38,2,1,1,2,0.5,1.38
5,1,2,1,1.38,1,1.38,1.38,1,1.38,0.5,1.38,1.38,1.38,2,0.5,1,1,2,1,2,2,0.5,0.5,0.5,1,0.5,1,1.38,1.38,0.5,1,2,1,1,1,2,1,1.38,2,2,0.5,1,2,1.38,2,2,2,1.38,1.38,2
6,1,1.38,0.5,0.5,1,1.38,0.5,0.5,1,2,2,2,2,1.38,1.38,1.38,1,2,1,1,0.5,2,1,1.38,2,2,1.38,2,1.38,1,2,1,1,1.38,2,2,1.38,1,1,0.5,0.5,1.38,1,2,0.5,0.5,0.5,2,2,0.5
7,1,0.5,0.5,1,0.5,1,1.38,2,1,2,1,1.38,1.38,1.38,1.38,2,1.38,0.5,0.5,2,0.5,2,1.38,2,1.38,1,0.5,1,1,0.5,2,1,1,1.38,1,1.38,2,2,1.38,0.5,2,2,1,1.38,0.5,1.38,0.5,0.5,2,2
8,1.38,0.5,2,1.38,2,2,1.38,0.5,1,2,1,1,1.38,0.5,1.38,0.5,0.5,1,1.38,2,1.38,1.38,1.38,2,1,2,0.5,0.5,2,2,1.38,2,2,2,1,1,2,0.5,1.38,0.5,0.5,1,1.38,2,1.38,0.5,0.5,0.5,1,1.38
9,1,2,0.5,0.5,0.5,2,0.5,2,2,1,1,0.5,0.5,1,1,1,2,0.5,2,1,1,0.5,1,2,0.5,2,2,1,2,1.38,1.38,1,0.5,1.38,1.38,2,0.5,0.5,2,1.38,0.5,1,1.38,1,1,2,1,0.5,1.38,1
10,2,0.5,0.5,1.38,1.38,2,2,2,2,1.38,1.38,2,2,0.5,0.5,1.38,0.5,1,2,0.5,2,2,2,1,0.5,1.38,0.5,0.5,1,0.5,0.5,0.5,1.38,1,0.5,0.5,1,1.38,0.5,1.38,1,2,1.38,1,2,1,1,0.5,1.38,1.38
11,2,2,0.5,0.5,0.5,1.38,0.5,0.5,1.38,0.5,2,2,1,1.38,2,2,1,0.5,1.38,1.38,1.38,1,1.38,2,1,2,0.5,0.5,2,2,1.38,1,1,2,1.38,0.5,1,1,1,1,1.38,0.5,0.5,1,0.5,0.5,1,1,0.5,2
12,0.5,1,1.38,1.38,1,0.5,2,1,1.38,2,1.38,1.38,1,1,2,1.38,2,1,1.38,2,0.5,0.5,1.38,1.38,2,0.5,1,2,1.38,2,0.5,2,2,0.5,2,1.38,0.5,2,0.5,2,1,2,0.5,0.5,1,0.5,0.5,1.38,2,2
13,1,1.38,1.38,1,2,0.5,1,0.5,2,0.5,1.38,2,2,1,2,2,2,2,0.5,0.5,2,0.5,1.38,1,1.38,0.5,1.38,0.5,1.38,0.5,2,1.38,0.5,0.5,0.5,0.5,0.5,1,1.38,1.38,1,2,2,0.5,2,0.5,1.38,1,2,1.38
14,1,2,0.5,1.38,1,0.5,2,1.38,1.38,1.38,1,1,2,0.5,2,1.38,1,0.5,1,2,0.5,1,0.5,1.38,1.38,1.38,2,2,1.38,1.38,1,2,2,2,1.38,2,2,1.38,1.38,0.5,0.5,0.5,2,0.5,0.5,2,1,1.38,1,1.38
15,0.5,0.5,1,1.38,1,2,1,2,1.38,1.38,2,0.5,2,1,2,0.5,2,1,1,1,0.5,1,1,1,1,1.38,2,0.5,1.38,1,1.38,2,2,0.5,0.5,2,1.38,0.5,1.38,1,2,1.38,0.5,2,1,0.5,1.38,2,2,0.5
16,2,0.5,0.5,2,0.5,1,0.5,2,1.38,1,2,1,1.38,1,1.38,1.38,1,2,2,1.38,2,0.5,1,1,1.38,1,1,1,1.38,1.38,2,2,0.5,1.38,1.38,1,2,0.5,1.38,2,1.38,1.38,1,1.38,1.38,1.38,0.5,2,0.5,1
17,1.38,1,0.5,1,1.38,1,0.5,1,1.38,0.5,1.38,0.5,0.5,1.38,1.38,2,1.38,0.5,0.5,1,1,0.5,0.5,1,1,2,2,1,0.5,0.5,2,2,0.5,1.38,0.5,2,2,2,1.38,2,0.5,2,1,1,1.38,2,1.38,1.38,2,1.38
18,2,1.38,1.38,0.5,2,1,1.38,2,1.38,2,1.38,0.5,1.38,1.38,2,2,1.38,2,2,0.5,0.5,0.5,0.5,1,1.38,0.5,2,0.5,1,1,0.5,2,1,1.38,0.5,2,1.38,1.38,1.38,1,2,1.38,1,2,1,2,0.5,1,1.38,0.5
19,0.5,1,1,1,2,2,1,1,1,1.38,0.5,1,0.5,1,2,0.5,2,0.5,1,2,1,1,1.38,2,1.38,1,1.38,1.38,2,1.38,0.5,0.5,1.38,0.5,1,1,0.5,0.5,2,2,1,2,1.38,0.5,2,0.5,1.38,0.5,1.38,1
20,1,1.38,0.5,1,1.38,1.38,1.38,1,1,1.38,1,1,1,1,0.5,2,1.38,2,1.38,0.5,2,1.38,1,1,1.38,2,2,1,2,1,0.5,1.38,2,1.38,0.5,2,2,2,0.5,1.38,1.38,0.5,2,0.5,2,0.5,0.5,2,2,0.5
21,1,2,2,1.38,1,2,1,1,1.38,1.38,1,1.38,1,1.38,0.5,2,0.5,0.5,0.5,1,1.38,2,1,2,1.38,1.38,1.38,2,2,1,2,1.38,2,1.38,1.38,1,1.38,1,2,0.5,0.5,1.38,0.5,1,1,0.5,1.38,0.5,1.38,2
22,0.5,1.38,1,0.5,1.38,1,0.5,1.38,2,0.5,0.5,2,0.5,1.38,1,2,1,2,1,2,1,1,0.5,1.38,0.5,1.38,2,1,1.38,0.5,1,1.38,0.5,1,1.38,0.5,0.5,2,1,2,1,1.38,1.38,1,1.38,2,1.38,0.5,1,0.5
23,0.5,1,0.5,1,1.38,1.38,0.5,1.38,1,0.5,1.38,1,2,1.38,1,2,1.38,0.5,1,2,2,1,1,1,0.5,1.38,1.38,1,1,2,1,1,2,1,1.38,0.5,1,1.38,0.5,0.5,0.5,1.38,0.5,0.5,0.5,2,0.5,1,1,1
24,2,0.5,0.5,1,1,1.38,0.5,1,2,0.5,2,1,0.5,1,1.38,0.5,2,1.38,1.38,1,1,0.5,1,0.5,1,1.38,2,1,0.5,1.38,0.5,1.38,0.5,1.38,1.38,1,0.5,1.38,1,2,1,1.38,1.38,1.38,1.38,0.5,2,1.38,1,1
25,1.38,0.5,2,0.5,0.5,1,1,1.38,1.38,2,2,0.5,1,2,2,2,1.38,0.5,1.38,2,2,2,1,0.5,1,2,2,1,1.38,1.38,1.38,0.5,1,0.5,1,2,1,2,0.5,1,1.38,2,1,0.5,0.5,0.5,2,0.5,1,1
26,0.5,0.5,0.5,1.38,1.38,0.5,1.38,1.38,1,1,0.5,0.5,2,0.5,1,2,1,2,1,1.38,1,1.38,1.38,0.5,1,1.38,0.5,0.5,2,1,1.38,1,1.38,0.5,2,1.38,0.5,1.38,0.5,0.5,0.5,1.38,0.5,1,2,1.38,0.5,1,1,1.38
27,1,2,2,0.5,0.5,0.5,1,0.5,1.38,1,0.5,0.5,1,0.5,2,1,1,1,0.5,1,1.38,1.38,0.5,0.5,0.5,1,1,0.5,1,2,0.5,2,1,2,0.5,2,1.38,1,0.5,0.5,0.5,0.5,1.38,0.5,1,2,1,0.5,0.5,1.38
28,0.5,0.5,1,1.38,0.5,2,2,1.38,2,0.5,2,1.38,1.38,1.38,1.38,1.38,0.5,1,0.5,2,0.5,1.38,0.5,1.38,1,1.38,1.38,2,1,2,1.38,0.5,0.5,1,1,2,1.38,1.38,0.5,0.5,1.38,2,0.5,1,0.5,0.5,1.38,2,1,0.5
29,1.38,1.38,0.5,1,1.38,1,1.38,1.38,1.38,0.5,2,2,1.38,1,1,2,1.38,2,1.38,0.5,1,1,0.5,2,0.5,1,1,0.5,1.38,1.38,0.5,0.5,1,2,2,1,2,1.38,0.5,0.5,1.38,2,0.5,1.38,1.38,1,2,2,0.5,1.38
30,0.5,0.5,2,0.5,1,2,2,0.5,1.38,1.38,1.38,1.38,2,0.5,0.5,1.38,1.38,2,0.5,1.38,1,1,2,1,2,2,0.5,0.5,0.5,1.38,0.5,1.38,1,1.38,2,2,2,0.5,2,0.5,0.5,0.5,2,2,1.38,1.38,0.5,2,0.5,2
31,1.38,1.38,1,0.5,0.5,1,0.5,2,1.38,0.5,1,2,1.38,1.38,0.5,1.38,1,2,1,2,2,1.38,1.38,2,1.38,1,1,1.38,1.38,1.38,1,1.38,1,1.38,0.5,1.38,2,0.5,1.38,0.5,1,2,0.5,2,1,1,1.38,1,0.5,0.5
32,1,1.38,2,1,1,2,1,0.5,0.5,1,1,1.38,1,1,0.5,2,0.5,2,2,1,1,0.5,1,1,0.5,2,2,1,0.5,1,2,2,2,0.5,1,1,1.38,2,0.5,0.5,1.38,1,1,2,1.38,2,2,1.38,1.38,2
33,1,1.38,1.38,2,2,2,1,2,1,1.38,1,0.5,1,0.5,1,1.38,2,1,1,1,2,1,1,1.38,0.5,1,2,1,1,0.5,1,2,0.5,1.38,1,1,0.5,0.5,1,1.38,2,2,2,1.38,1,0.5,2,1,2,1.38
34,1,2,2,2,2,1,0.5,0.5,2,1,0.5,2,1.38,1,0.5,2,0.5,1,1.38,1.38,1,1.38,1,0.5,2,2,1,2,2,1.38,2,0.5,0.5,2,0.5,0.5,1,1,1.38,2,1.38,1.38,2,2,0.5,0.5,2,1,0.5,2
35,1,0.5,2,0.5,1.38,1.38,0.5,0.5,2,1.38,0.5,0.5,1.38,0.5,0.5,1,1.38,0.5,1,2,1.38,0.5,2,1.38,0.5,1,2,0.5,2,2,2,1,1,1.38,2,0.5,1.38,0.5,1.38,0.5,1.38,1.38,2,2,2,2,1.38,1.38,2,1
36,0.5,1,1,1,1,1,1.38,0.5,0.5,0.5,0.5,0.5,1,0.5,2,1.38,1,0.5,0.5,1.38,2,1.38,2,0.5,1,1,1,1,2,1.38,2,1.38,1,1,2,0.5,0.5,2,1.38,1,0.5,1,2,0.5,0.5,1.38,1,0.5,1.38,1.38
37,1.38,2,2,1,1,1.38,1,1.38,0.5,1.38,1.38,1.38,2,1.38,1.38,2,0.5,0.5,0.5,0.5,1.38,1,2,1.38,1,1,1,0.5,0.5,1,1,1.38,1.38,2,1,1,0.5,0.5,2,2,1,1,1,0.5,2,1,1.38,2,0.5,1.38
38,2,0.5,1.38,0.5,1.38,2,1.38,1.38,0.5,2,1.38,1,2,2,1,0.5,1.38,1,1.38,0.5,2,1.38,0.5,1.38,0.5,0.5,0.5,2,1,1.38,1,0.5,1.38,2,1.38,1,1.38,2,1.38,1,0.5,0.5,1,0.5,2,1,2,1,1.38,1
39,1.38,2,1.38,1,1.38,1,0.5,0.5,1.38,0.5,1.38,1,0.5,0.5,0.5,1,0.5,0.5,2,0.5,2,1,1,1.38,1.38,1.38,0.5,0.5,1,1,1,1.38,1,1,1,1.38,1,0.5,1,1.38,2,1.38,1,1,2,0.5,1.38,1,0.5,1
40,0.5,2,1,2,1.38,0.5,0.5,1.38,0.5,2,2,1.38,0.5,1,2,1,1.38,1.38,1,2,0.5,2,1.38,1,2,2,1,2,1,0.5,0.5,0.5,1,0.5,2,2,2,1.38,1.38,1,0.5,1.38,0.5,2,2,1,1.38,1.38,2,1.38
41,0.5,1.38,1.38,0.5,1.38,1,1,1.38,0.5,1,1.38,2,2,0.5,1,1,1,2,0.5,0.5,0.5,1,2,0.5,0.5,1,1.38,0.5,2,1,1,0.5,1,0.5,0.5,2,1.38,2,0.5,2,1,0.5,0.5,1.38,2,1.38,0.5,1.38,0.5,0.5
42,1.38,1.38,0.5,1,1.38,0.5,1.38,0.5,1,1.38,2,2,1.38,2,0.5,1.38,2,0.5,0.5,1,1.38,0.5,1,1,0.5,0.5,0.5,2,1,0.5,1,2,2,1.38,1.38,1.38,2,2,1.38,1,1,1,1,2,2,0.5,1.38,0.5,1,0.5
43,0.5,1.38,1,0.5,2,1.38,1,1,0.5,2,2,1.38,0.5,0.5,1.38,2,0.5,2,1.38,1.38,1,1.38,1.38,1.38,1.38,1.38,0.5,1,0.5,1.38,0.5,2,0.5,0.5,1.38,0.5,1,1.38,0.5,1.38,1,0.5,0.5,1,0.5,0.5,2,1,1,0.5
44,1.38,0.5,1.38,1,1,2,1,1,0.5,1.38,1.38,1.38,1,1,1.38,2,1.38,0.5,2,0.5,0.5,2,2,2,1,1,1.38,0.5,1.38,2,1,1,0.5,2,1,2,1.38,2,1,1,1,0.5,1.38,2,1.38,2,0.5,2,1,1
45,2,2,1.38,0.5,1,2,1,1,1.38,1.38,2,2,0.5,1.38,0.5,2,1,1.38,0.5,1.38,1.38,1,1.38,0.5,2,2,0.5,2,0.5,2,0.5,2,1.38,1,1,0.5,0.5,2,1,2,1.38,0.5,0.5,1.38,0.5,1,1,0.5,0.5,0.5
46,1.38,2,0.5,2,2,0.5,1,2,0.5,2,2,1,1,2,2,1,2,1,2,2,2,0.5,0.5,1.38,0.5,1,1.38,1,0.5,2,0.5,1,1,0.5,1,2,1,0.5,1,1.38,1,2,2,1.38,0.5,1,1,1,2,1
47,2,0.5,0.5,1,1,1,0.5,1,2,1.38,2,2,0.5,1,1,1.38,1,1.38,1.38,0.5,1,2,2,2,0.5,1,1.38,2,0.5,2,1,2,0.5,2,2,1,1,1.38,1.38,2,1.38,1,1.38,1,1.38,1.38,2,0.5,2,2
48,0.5,1.38,0.5,2,0.5,0.5,1,0.5,1.38,1,2,1.38,1,2,2,1.38,0.5,0.5,0.5,2,1,0.5,1.38,1,2,2,1.38,0.5,1,0.5,1.38,0.5,0.5,1.38,2,1,1.38,1,0.5,1.38,1.38,0.5,1,1.38,2,1,1.38,1.38,0.5,0.5
49,2,1,2,1.38,1,0.5,1.38,1.38,1,1.38,0.5,1,1.38,1.38,1.38,2,2,0.5,1,0.5,2,1,1,1.38,1.38,0.5,1.38,1.38,1,1.38,1,1.38,1,0.5,0.5,0.5,2,1,0.5,1.38,1,2,0.5,0.5,0.5,1.38,1,1,1,2
50,2,2,0.5,1,1.38,1.38,1.38,1,0.5,1.38,1.38,1.38,1,1,1,2,1.38,2,1,2,1,0.5,0.5,0.5,2,1.38,1.38,1.38,2,0.5,2,0.5,1.38,0.5,0.5,0.5,2,1.38,2,1,0.5,1.38,0.5,1,2,0.5,1.38,1.38,0.5,0.5
51,1.38,1,0.5,1,2,2,0.5,1.38,2,2,0.5,1,1.38,0.5,2,0.5,1,2,0.5,1.38,1.38,1.38,2,1,1,2,0.5,0.5,1.38,0.5,1,0.5,1.38,1.38,1,1.38,2,2,1,2,2,1.38,2,0.5,0.5,1.38,1,2,0.5,2
52,1.38,2,0.5,0.5,1.38,0.5,1.38,2,1,1.38,2,0.5,0.5,0.5,1.38,1.38,0.5,2,2,0.5,0.5,1.38,1.38,2,2,0.5,1,1.38,2,2,1.38,1,2,1.38,2,1,1.38,1.38,1,1,0.5,0.5,2,0.5,1,1.38,0.5,2,2,1
53,1,0.5,0.5,0.5,1,1,2,1,0.5,2,1,0.5,2,2,1.38,2,1,1.38,0.5,2,1.38,1.38,1,2,1.38,1.38,1.38,0.5,1.38,1,1,2,2,1.38,1,2,0.5,2,0.5,1.38,1,1,1.38,1.38,1.38,2,1,1,1.38,1
54,1.38,1,0.5,2,1.38,1.38,1.38,0.5,1,1,0.5,0.5,0.5,1.38,0.5,2,0.5,1,2,1.38,1,2,1,0.5,1,0.5,1.38,2,0.5,1.38,0.5,1,1,1,0.5,1.38,0.5,0.5,0.5,0.5,0.5,0.5,1.38,1.38,1.38,1.38,0.5,2,1,1
55,1,1,0.5,2,1,1,2,0.5,1.38,1.38,1,0.5,1,1.38,1.38,2,2,1,0.5,2,2,0.5,0.5,1,1.38,1,2,1.38,1.38,1,0.5,1.38,2,1,0.5,1,1.38,1.38,1.38,2,1.38,1,2,1.38,1,1.38,1.38,0.5,0.5,1
56,2,1.38,1,1.38,2,1,2,1,1.38,1,2,0.5,1,1.38,2,1.38,1.38,2,1,1.38,1.38,1.38,1,0.5,1.38,1,1.38,1,2,0.5,1,1.38,0.5,0.5,1.38,2,0.5,0.5,1,2,1.38,1,2,1,2,1.38,1,2,1,1.38
57,2,1.38,0.5,1,1,1,2,1,1.38,0.5,2,1.38,2,0.5,2,1,1.38,1,2,0.5,1,0.5,1,1,1,0.5,1,2,2,1,1.38,0.5,1.38,2,2,0.5,0.5,1,1.38,2,2,1.38,2,1,1.38,0.5,0.5,1.38,1,2
58,2,0.5,1,2,2,0.5,1,1,0.5,1.38,1.38,0.5,1,0.5,1,1,0.5,2,0.5,1,1,1,1,2,0.5,1,2,1.38,2,1,2,0.5,2,0.5,1,1.38,0.5,1.38,0.5,0.5,1.38,1.38,1.38,1.38,0.5,1.38,1,1,2,1.38
59,1,2,0.5,0.5,1.38,1.38,2,1.38,1,0.5,2,2,1.38,1.38,1,1.38,0.5,1.38,1.38,2,1.38,1.38,1,2,2,1,1.38,1,0.5,2,1.38,2,1.38,2,1,1.38,1.38,2,1,1,2,1.38,0.5,1,1,0.5,0.5,1,1,1
60,1,2,1.38,2,1.38,1,2,2,1,1,2,1.38,1.38,1,2,0.5,1,2,2,2,0.5,0.5,0.5,1.38,1.38,0.5,1,1,1,0.5,2,1.38,0.5,1.38,1,1,2,1,1.38,1,1.38,1.38,2,1,2,1,1.38,1.38,0.5,1.38
61,1.38,1.38,2,1,2,1,2,0.5,1,1.38,1.38,2,0.5,1.38,1.38,1,0.5,1.38,1.38,2,0.5,1,1,2,2,1.38,2,1,1,2,1.38,0.5,2,1.38,1,1,0.5,2,0.5,1,1,1.38,0.5,1.38,1,2,2,1,1,2
62,2,2,2,2,1.38,0.5,0.5,1,0.5,1,1,2,1,2,2,1,1,1,1.38,2,0.5,1,1.38,2,0.5,2,0.5,1.38,0.5,2,0.5,2,1.38,1,2,0.5,2,1,1,1,2,1,1,1,1.38,2,1.38,1,2,0.5
63,1.38,1,2,1.38,0.5,1,1,0.5,1.38,0.5,1.38,2,0.5,0.5,2,2,0.5,1,2,1,2,1.38,1.38,2,2,1.38,0.5,1.38,2,0.5,1.38,1,2,1.38,1.38,1.38,1.38,1,1,0.5,2,1.38,1,2,1,1.38,2,1,1.38,1.38
64,2,2,2,1,1,1,1.38,1,2,2,0.5,2,1,0.5,0.5,1,1.38,0.5,1,2,2,2,1.38,2,1.38,2,0.5,1,2,1,1.38,1,2,1,0.5,0.5,0.5,2,1,0.5,2,0.5,1,1.38,0.5,0.5,1,0.5,1.38,2
65,1,1,2,1.38,0.5,1.38,1,2,1.38,1.38,1.38,1.38,1.38,1.38,2,0.5,0.5,1.38,0.5,0.5,1,1,2,0.5,1.38,1.38,2,2,1.38,0.5,1,1.38,1.38,2,1.38,1.38,0.5,0.5,1.38,2,0.5,0.5,0.5,0.5,2,0.5,1.38,1,2,2
66,1.38,0.5,2,0.5,0.5,1,1.38,2,2,2,2,1.38,1.38,2,2,1,1.38,1.38,1,1.38,2,0.5,1.38,1,2,1.38,0.5,0.5,1,1,1,0.5,0.5,2,0.5,1.38,2,1.38,0.5,2,2,1,2,1.38,1.38,0.5,1.38,1,1,2
67,1,1,1,0.5,2,1,1.38,2,0.5,1.38,2,1,2,0.5,1.38,1.38,0.5,2,0.5,0.5,1,0.5,1,1.38,1,2,1,1,1.38,2,1,0.5,0.5,1.38,0.5,1.38,1.38,1,0.5,1,1.38,1.38,1.38,1.38,1.38,1,1.38,1.38,1,1.38
68,1.38,2,2,1,0.5,2,1.38,1.38,2,1,1.38,1.38,1,1.38,0.5,1.38,1,2,2,1,0.5,2,1,1.38,0.5,2,1,1,1,1.38,0.5,1.38,1.38,2,1.38,0.5,2,0.5,0.5,2,2,1.38,1,2,0.5,0.5,0.5,1,0.5,2
69,0.5,0.5,2,1.38,1.38,0.5,0.5,1,1.38,1.38,0.5,1.38,0.5,1.38,1,1.38,2,1.38,1,2,2,0.5,1.38,0.5,1,2,1,0.5,0.5,0.5,1,0.5,1.38,1.38,0.5,1.38,0.5,1,1.38,0.5,0.5,1.38,2,0.5,0.5,1,1.38,1,1.38,1
70,1,2,1,0.5,0.5,2,1,0.5,2,1,2,1.38,0.5,1.38,2,2,0.5,1.38,1,1.38,1.38,1.38,1.38,0.5,2,0.5,1.38,2,2,0.5,1.38,2,1,1,0.5,2,0.5,1.38,0.5,0.5,2,1,1.38,1.38,1.38,0.5,1.38,2,0.5,1.38
71,2,1,0.5,2,1.38,2,1.38,1,2,1.38,0.5,1,1,1,0.5,2,2,0.5,0.5,1.38,0.5,2,0.5,1,1,0.5,1.38,1,0.5,1.38,1,1,1,2,1,1,0.5,1.38,1.38,1,0.5,0.5,0.5,1,0.5,2,2,0.5,2,0.5
72,1.38,1.38,1.38,1.38,1,1,2,0.5,2,2,1.38,2,1,0.5,1,1,2,1.38,1.38,1.38,0.5,1.38,1,2,1.38,0.5,1,0.5,0.5,2,2,1.38,2,0.5,1.38,0.5,1.38,0.5,2,0.5,0.5,2,1.38,2,1,1,1,1.38,2,1
73,1.38,2,1.38,2,2,1,1.38,2,0.5,1,2,0.5,2,1,0.5,0.5,2,0.5,2,1.38,0.5,2,1.38,1,1,0.5,1,0.5,2,0.5,2,0.5,2,0.5,1,1.38,0.5,1.38,1,1.38,1.38,1,0.5,2,1.38,1.38,0.5,2,2,1.38
74,1.38,0.5,0.5,0.5,2,1,2,2,2,2,1.38,0.5,1,0.5,1,0.5,0.5,1.38,1,1.38,1,0.5,1.38,2,1.38,1.38,2,1.38,2,0.5,1,2,2,2,0.5,0.5,1.38,0.5,0.5,1.38,1,2,1.38,1.38,1,0.5,1,2,2,1.38
75,1,2,2,1,2,1.38,1,0.5,0.5,1.38,0.5,2,2,2,1.38,0.5,2,1.38,1,2,1,1,1.38,1,1.38,1.38,2,1,0.5,1,0.5,2,0.5,0.5,2,2,1.38,1.38,2,2,1,2,1.38,0.5,0.5,1.38,1.38,1,1.38,1.38
76,1,1,2,2,0.5,2,1.38,1.38,1,1.38,2,1,1,1,2,0.5,2,2,1.38,0.5,2,0.5,0.5,2,2,0.5,1,2,2,2,1,0.5,1,0.5,1.38,0.5,1,0.5,1.38,1.38,0.5,2,1,2,2,1.38,1.38,0.5,0.5,0.5
77,2,2,2,2,1,0.5,2,1.38,1.38,0.5,1,2,1,0.5,2,2,1.38,1,0.5,1.38,1.38,1,2,2,1.38,2,2,1.38,2,1,0.5,1,2,1.38,2,1.38,1.38,1,1.38,2,1.38,2,0.5,1.38,1,1.38,1.38,1,1.38,0.5
78,1.38,2,0.5,0.5,1,1,0.5,0.5,0.5,1.38,0.5,1,1,2,1,2,0.5,2,0.5,1.38,1.38,0.5,1.38,1.38,1,0.5,0.5,1,2,2,1.38,1.38,1,0.5,0.5,1,0.5,0.5,2,2,1.38,1.38,1.38,1,2,2,2,2,1.38,1.38
79,1.38,1,1,1.38,1,0.5,1,1,2,0.5,1,0.5,1.38,0.5,0.5,0.5,1,1,2,2,1,0.5,2,1,0.5,2,1,1.38,2,0.5,2,0.5,1.38,1.38,1.38,2,1.38,1.38,0.5,2,1,1,2,0.5,0.5,2,0.5,2,2,1
80,0.5,1,0.5,1,0.5,2,1.38,0.5,1.38,1,0.5,2,0.5,1,2,2,2,0.5,1,2,1.38,1,2,1,2,0.5,1.38,1,1.38,1.38,0.5,2,1,1,1.38,0.5,1.38,0.5,1,2,2,1,1.38,1,1.38,1,1.38,0.5,1.38,2
81,0.5,1,1,0.5,0.5,1,1,1.38,1,1,2,1.38,1.38,0.5,2,2,2,1,1,2,2,2,2,0.5,1.38,1.38,0.5,0.5,2,1,0.5,1,1.38,0.5,1,1.38,1.38,1.38,2,1,1,1.38,2,1,2,1,1.38,2,1.38,0.5
82,1,1,1,2,0.5,2,1.38,2,1,2,1,1.38,2,1.38,1,2,1,1,2,1,1,1.38,1,1,0.5,1,1,1.38,0.5,2,1,0.5,2,0.5,1,1,1,1.38,2,1,0.5,1.38,2,0.5,1,1.38,1.38,1,1,1
83,1,1,0.5,1,1,1,1,0.5,2,1,1.38,0.5,1,2,2,0.5,0.5,2,1,1,2,2,1,0.5,0.5,0.5,1.38,2,1.38,0.5,0.5,1,2,2,1,0.5,2,2,1.38,0.5,1.38,1,2,1,1.38,1,2,1,2,1.38
84,0.5,2,1,2,2,1.38,0.5,0.5,1,0.5,1,1,1.38,2,1.38,2,1.38,1.38,2,1,2,1.38,2,1,1,1,1.38,0.5,2,0.5,1.38,0.5,1.38,2,2,2,2,2,2,0.5,0.5,0.5,1,0.5,1.38,2,0.5,0.5,0.5,1.38
85,0.5,1,2,2,1,2,1.38,1,1.38,2,2,0.5,1,2,2,1.38,1.38,2,0.5,0.5,1.38,2,0.5,1,0.5,1.38,1.38,0.5,1,1.38,1.38,0.5,1.38,1.38,1.38,1,0.5,1,1,2,1,0.5,0.5,1,0.5,0.5,1.38,0.5,1.38,2
86,1.38,0.5,1.38,2,0.5,1,1.38,0.5,2,2,1,1,1.38,2,1.38,2,1.38,1.38,1,2,1.38,1.38,1.38,1,0.5,0.5,1.38,1,2,1.38,1,1,1.38,1.38,1,2,1.38,0.5,1,1,2,1,2,1.38,1,2,1.38,1.38,2,2
87,2,2,1,2,2,1,0.5,0.5,1.38,1.38,0.5,1.38,2,1,0.5,1,1,2,2,0.5,1,1,2,1.38,1.38,0.5,2,0.5,0.5,1,1.38,2,1,1.38,2,1,1,1.38,2,1,1.38,1.38,1,1.38,1,1.38,2,2,0.5,1.38
88,1,2,1.38,2,1,1,0.5,1,2,0.5,0.5,0.5,1,2,1,0.5,1.38,2,1,1.38,0.5,1,1.38,1.38,1,1,0.5,1,1.38,0.5,1,1.38,1.38,0.5,1.38,1.38,1.38,1.38,0.5,0.5,1.38,0.5,1,1,1.38,1,1.38,1.38,1,2
89,1.38,2,1.38,1,1.38,1.38,1,0.5,0.5,1.38,1,1,1.38,1,1,2,0.5,0.5,1.38,2,1.38,0.5,2,0.5,0.5,2,0.5,0.5,1,2,1.38,1.38,1.38,1,1,1.38,1.38,0.5,0.5,2,0.5,2,0.5,1.38,1.38,0.5,1,1.38,1,1.38
90,1,1,1,0.5,1.38,0.5,1.38,1.38,1.38,2,0.5,1,0.5,2,1,1,2,0.5,1.38,1.38,1,1.38,1.38,0.5,0.5,0.5,2,0.5,2,2,1.38,1,1.38,0.5,2,0.5,1,0.5,2,0.5,1.38,0.5,2,1.38,1.38,2,2,1.38,2,1.38
91,1,1,1,2,0.5,0.5,1,1,2,0.5,1.38,1.38,1,1,1,2,1.38,2,1.38,0.5,2,1.38,1.38,0.5,2,1.38,0.5,2,1,1,2,1.38,2,1,1.38,0.5,2,1,1,1.38,1.38,0.5,1,2,0.5,2,2,0.5,1,1
92,1.38,2,1,1.38,0.5,1.38,2,0.5,1,0.5,2,1,0.5,1.38,1.38,1,0.5,1.38,2,0.5,2,2,1,0.5,0.5,0.5,0.5,0.5,1.38,1,1.38,0.5,0.5,2,2,2,0.5,0.5,2,0.5,0.5,2,1.38,1,1.38,2,0.5,0.5,0.5,2
93,2,2,2,1.38,1.38,0.5,0.5,0.5,0.5,1.38,2,1.38,2,0.5,1.38,1,1.38,2,1.38,2,0.5,2,0.5,1.38,2,1.38,2,1.38,1,2,2,0.5,1.38,1.38,2,1.38,0.5,2,1,0.5,1.38,1.38,0.5,1.38,1,1.38,1.38,1,2,1.38
94,1,0.5,2,0.5,0.5,1,1,0.5,1,1,2,1,1,0.5,1.38,0.5,1.38,1.38,1.38,0.5,1.38,1.38,1,0.5,1,0.5,1.38,1.38,1.38,0.5,1.38,2,1.38,1.38,0.5,1,1,0.5,0.5,2,1,0.5,2,0.5,0.5,1.38,1.38,1,2,1
95,1.38,0.5,1,2,0.5,0.5,1,1.38,0.5,1.38,2,2,2,1.38,0.5,1.38,0.5,1.38,1.38,1.38,0.5,2,2,1,0.5,1.38,1.38,0.5,1,1.38,1,1,1,1.38,0.5,1.38,2,1,0.5,1,1,1.38,1,1,0.5,1,1,0.5,1.38,1.38
96,1,2,2,1,0.5,0.5,1.38,0.5,2,1,2,2,0.5,1,1,1.38,1,2,1,1.38,1,1.38,0.5,1.38,0.5,1,2,1,2,1,1.38,1,1.38,1,0.5,0.5,0.5,2,1,1.38,2,2,2,0.5,0.5,1,2,1,1.38,0.5
97,1,0.5,1.38,0.5,1,2,2,0.5,2,2,0.5,0.5,1.38,1.38,2,0.5,1.38,0.5,1,2,1.38,2,0.5,2,2,1.38,1,1,2,1,1,1,1.38,1.38,2,1,1,1,1,0.5,0.5,2,1,1.38,0.5,0.5,1,1.38,1,1.38
98,1.38,2,2,2,1,2,1,2,1.38,2,1.38,1.38,2,0.5,1,2,2,1.38,1,1.38,0.5,2,0.5,0.5,0.5,2,1.38,1,2,1.38,2,2,1,1.38,1.38,2,0.5,2,1.38,0.5,0.5,0.5,0.5,1.38,1,1.38,2,1,1.38,2
99,1,2,0.5,2,2,0.5,0.5,1,2,2,0.5,1,0.5,2,1,0.5,2,1.38,1.38,1.38,0.5,1.38,1.38,2,0.5,1.38,0.5,2,1,2,2,2,1,2,1.38,2,2,1.38,1.38,1,1.38,2,0.5,1.38,1,1,2,1.38,1.38,1
100,2,2,1.38,1,0.5,1.38,2,2,2,1.38,2,1,1.38,1.38,0.5,0.5,1,1.38,1,1.38,1,0.5,1.38,0.5,0.5,1,1.38,0.5,2,1,2,1.38,1.38,2,0.5,2,1.38,1.38,2,0.5,2,1,2,0.5,0.5,1.38,0.5,2,0.5,2
101,1.38,0.5,1.38,1,2,1,2,1.38,1.38,1.38,1,1,1.38,2,1.38,1,0.5,1,1,1.38,0.5,0.5,1,1,1,2,2,2,0.5,1,1,1,1.38,0.5,1.38,1,1.38,2,2,2,2,1,1,1,1,1.38,0.5,0.5,2,1
102,1.38,2,2,0.5,0.5,0.5,2,2,0.5,1.38,2,1.38,1,0.5,0.5,2,0.5,1,2,1,1.38,1.38,1.38,1,1,2,1,1,2,1,2,1.38,1.38,1,2,2,1.38,1.38,0.5,0.5,2,1.38,2,2,2,0.5,0.5,0.5,2,1.38
103,0.5,1.38,1.38,1.38,2,1.38,1,2,1,1.38,1,1,0.5,1,2,0.5,2,1,1,0.5,1,2,1,0.5,0.5,1,0.5,2,1.38,1,1,0.5,1.38,1,1,1,1.38,0.5,0.5,1.38,1.38,2,1,1,1,2,1.38,2,1,1
104,1.38,1,2,1.38,2,0.5,1.38,2,0.5,1,1.38,1,0.5,0.5,2,1.38,0.5,2,1.38,2,0.5,1.38,1.38,1.38,1.38,1,2,1,1,0.5,2,0.5,2,1.38,0.5,0.5,1,0.5,1.38,0.5,0.5,2,1.38,2,2,0.5,1.38,2,0.5,0.5
105,1,1.38,0.5,1.38,1,0.5,1.38,0.5,1,1,2,1,1.38,1,2,1,1,0.5,2,0.5,2,1,0.5,1.38,0.5,1.38,1,1.38,0.5,0.5,2,1,2,2,1.38,1,1,1.38,1,1.38,1.38,1.38,2,0.5,1,0.5,0.5,1,0.5,1
106,0.5,1.38,1,1.38,1.38,0.5,0.5,1.38,1,1,1,2,1.38,1.38,1,1.38,1.38,1.38,0.5,2,0.5,0.5,1.38,1.38,0.5,2,0.5,1.38,0.5,1.38,0.5,1.38,1,2,0.5,2,1,1.38,0.5,0.5,1.38,1,1,1,0.5,1.38,0.5,1.38,2,0.5
107,2,1,1.38,1.38,0.5,2,1.38,1.38,2,1,0.5,1,0.5,0.5,1,1.38,1,1.38,1.38,1,1,2,2,0.5,2,1.38,1.38,0.5,2,2,0.5,1,0.5,1.38,1,2,1.38,2,2,0.5,1.38,0.5,1,0.5,2,1,0.5,1,2,0.5
108,2,1,2,1,1.38,0.5,0.5,2,1,1,2,1.38,1,1.38,2,1.38,1.38,0.5,1,1,0.5,1,0.5,0.5,1,2,2,1,0.5,1.38,1,1.38,1.38,0.5,0.5,1,2,2,1.38,2,1.38,0.5,1,1,0.5,1.38,1,2,1.38,2
109,1,1.38,1.38,1.38,0.5,0.5,1.38,1,2,0.5,0.5,1.38,1.38,1.38,0.5,2,1,1,1.38,1,0.5,2,2,1,1,0.5,2,1.38,0.5,2,1.38,0.5,2,0.5,2,2,2,2,1,1.38,0.5,0.5,2,1,1,1,0.5,0.5,0.5,1
110,2,1,0.5,1.38,0.5,0.5,2,1,1,0.5,2,2,1,2,1.38,2,2,0.5,1,0.5,0.5,1.38,1.38,1.38,1,1.38,1,0.5,2,1,1.38,0.5,2,0.5,2,0.5,1,1.38,1.38,1,0.5,1.38,2,1.38,1,1,1.38,2,1,0.5
111,2,0.5,2,1,0.5,2,1,1.38,1,1,0.5,0.5,2,1,0.5,2,2,2,0.5,1,1.38,1.38,1.38,1.38,1,0.5,2,0.5,1,0.5,1.38,1.38,1.38,2,0.5,0.5,1.38,0.5,1,2,1,1,2,2,1,0.5,1,1.38,1.38,0.5
112,1,1.38,1,1.38,1,1.38,2,0.5,2,1.38,2,1.38,2,2,1.38,2,2,2,1,0.5,1,1.38,1,2,1,1.38,1.38,1.38,0.5,0.5,0.5,2,2,1,0.5,1,2,1.38,1.38,2,1,0.5,1,2,1.38,1.38,1.38,0.5,2,1
113,1.38,0.5,0.5,0.5,2,2,2,1,1.38,2,0.5,0.5,0.5,2,2,0.5,1.38,0.5,0.5,1.38,2,0.5,1.38,1,0.5,1,1.38,1.38,0.5,1,0.5,0.5,1.38,0.5,2,1,2,1,1.38,0.5,1,1.38,2,0.5,0.5,2,0.5,2,2,2
114,1,0.5,2,0.5,0.5,1,0.5,2,1,0.5,2,1,2,0.5,2,1,1,1.38,0.5,0.5,2,1.38,0.5,1,0.5,2,0.5,1.38,1,1.38,1.38,0.5,0.5,1.38,2,1.38,1,1,2,1,1,1,0.5,1.38,1.38,0.5,0.5,2,2,1
115,2,2,0.5,2,0.5,2,0.5,1,1,2,2,1,2,1,1.38,0.5,2,1.38,2,0.5,0.5,2,0.5,2,1.38,1,1,0.5,0.5,2,1,1,1,0.5,2,1.38,1,1.38,0.5,2,1,1,1,1.38,0.5,0.5,2,2,2,1
116,0.5,1,1,0.5,1.38,1.38,0.5,1.38,1.38,1.38,2,2,0.5,2,1.38,2,2,1.38,2,0.5,1,0.5,2,2,2,0.5,1.38,1,1.38,2,1.38,1.38,1.38,1,1,1,1,2,0.5,1.38,2,2,2,1,1.38,1,0.5,2,0.5,1.38
117,2,0.5,0.5,0.5,1,1.38,1.38,1,0.5,1.38,1,2,2,1.38,1,0.5,1,2,1,1,2,1,2,2,0.5,1.38,2,1,1,1,1.38,2,1.38,1,2,2,1,1.38,1,1.38,1,0.5,1.38,1,1.38,1,2,1.38,0.5,1
118,1,1.38,0.5,0.5,0.5,1,2,1,1.38,0.5,1,2,2,0.5,2,2,0.5,1,1,1.38,1,1,0.5,2,1.38,2,1,1.38,1,1.38,0.5,1,0.5,1.38,0.5,0.5,1.38,1,2,0.5,2,0.5,2,0.5,0.5,1,1.38,1.38,2,1
119,1,1.38,0.5,0.5,2,0.5,1,1.38,1.38,1.38,1,1,1.38,0.5,0.5,2,1,1,2,2,2,1.38,0.5,1.38,1,1.38,1,2,0.5,1.38,2,1.38,1,2,1.38,1,1.38,2,0.5,0.5,1,0.5,1,1.38,2,2,0.5,2,0.5,1.38
120,1.38,1,1.38,1.38,2,0.5,0.5,1.38,1.38,1.38,1,1.38,1.38,0.5,1.38,0.5,0.5,2,2,2,0.5,2,1.38,1,1,0.5,2,2,0.5,1,0.5,1.38,1,2,2,0.5,1,0.5,1.38,0.5,2,2,1,1,2,0.5,1,1.38,0.5,0.5
121,2,0.5,1.38,0.5,1,2,0.5,2,0.5,1,0.5,0.5,0.5,1.38,1.38,2,1,1.38,1.38,0.5,0.5,2,1,0.5,1,0.5,0.5,2,1,0.5,1,1.38,2,1,2,1,2,0.5,2,2,0.5,2,2,1,1.38,0.5,1.38,1,0.5,0.5
122,0.5,1.38,0.5,1,1,2,1.38,1.38,1.38,1.38,1.38,0.5,2,0.5,2,0.5,2,1,1.38,2,0.5,1.38,2,2,2,1,1.38,2,1.38,0.5,1,1.38,2,0.5,2,1,1.38,1.38,2,2,0.5,0.5,1.38,1.38,1,0.5,2,2,1,1
123,1,1,1,1.38,0.5,1.38,1.38,1.38,1.38,1.38,0.5,1,1.38,2,1.38,2,0.5,1.38,0.5,2,1.38,1,2,0.5,2,0.5,0.5,1.38,1.38,2,1,1.38,0.5,2,0.5,1,1,1,0.5,1,1.38,1.38,1,0.5,0.5,2,2,1.38,2,1.38
124,1.38,1.38,0.5,1.38,1.38,1,2,1.38,2,2,1,1,0.5,0.5,0.5,2,1,2,1.38,1.38,0.5,1,2,1,1.38,1.38,1,0.5,1.38,0.5,1.38,1.38,2,2,0.5,2,1.38,1,2,0.5,1.38,0.5,1,0.5,0.5,1,0.5,1,0.5,2
125,1,1,1,1.38,1,2,1,1,1.38,1,0.5,1,2,0.5,1,1,1.38,2,1,0.5,1,1.38,1.38,1.38,0.5,0.5,1,1.38,2,1.38,1.38,1,1.38,1,2,1,1.38,1,2,2,1.38,0.5,1,1.38,2,0.5,2,1,2,2
126,1.38,2,0.5,1,2,1,1,2,1.38,2,0.5,1.38,2,0.5,2,0.5,1,0.5,2,1.38,2,2,0.5,0.5,1,2,1,1.38,2,2,0.5,0.5,1.38,2,2,1.38,2,1.38,1,1,1.38,1,2,2,2,1,1.38,2,2,1
127,0.5,1.38,0.5,0.5,1.38,2,2,1,2,1.38,1,0.5,1,1.38,1,0.5,1.38,2,0.5,1,1.38,1.38,1,1.38,1,1,1,0.5,2,1,2,1.38,1,1,2,0.5,1.38,1.38,1.38,1.38,2,0.5,1.38,0.5,2,2,2,1.38,2,0.5
128,1.38,1,1,0.5,1,2,1.38,0.5,1.38,1,1,1.38,2,0.5,2,1,0.5,0.5,2,1.38,0.5,0.5,0.5,2,2,1.38,2,1,2,2,2,1,1.38,1.38,2,1.38,2,1,1,1,2,0.5,1,1,1,1,1.38,1.38,2,1.38
129,1.38,1.38,2,1.38,1.38,1.38,1.38,1.38,1,0.5,2,1,1,2,2,2,1.38,1.38,0.5,1,1,0.5,0.5,2,1,0.5,2,0.5,0.5,2,1,2,1.38,1.38,0.5,2,2,1.38,1.38,2,0.5,1.38,1.38,1,0.5,0.5,1,1.38,2,2
130,1,1.38,2,1.38,1,1.38,0.5,0.5,1.38,0.5,1,2,2,2,1,2,0.5,1.38,1.38,2,0.5,0.5,2,1,1,1,1,0.5,2,2,0.5,2,1.38,1.38,2,0.5,0.5,2,1.38,0.5,2,2,0.5,1,1,2,2,1.38,2,0.5
131,0.5,1.38,0.5,2,1.38,1,1,0.5,0.5,2,1.38,0.5,2,1.38,1.38,0.5,1.38,0.5,2,2,1,1,1.38,2,1,1.38,1,2,0.5,0.5,1,1,1.38,1,1,0.5,0.5,0.5,1.38,0.5,1.38,0.5,0.5,1,1.38,1,0.5,1.38,0.5,2
132,0.5,2,1.38,0.5,0.5,1.38,0.5,2,0.5,1,1.38,1,1.38,2,0.5,2,0.5,2,1,1,0.5,2,2,1,0.5,1.38,2,0.5,0.5,1.38,2,2,2,1.38,1.38,0.5,1,2,1.38,1,1.38,0.5,2,2,0.5,1,0.5,1,1,0.5
133,2,0.5,1,2,2,1.38,2,2,2,1,1,1,1,1.38,1.38,2,2,1,0.5,0.5,1.38,1,2,2,2,1.38,1,1.38,2,1,2,1.38,2,0.5,1.38,2,1.38,1.38,1.38,0.5,2,2,0.5,0.5,1,0.5,2,0.5,2,2
134,1,1.38,2,2,2,0.5,2,0.5,2,1,0.5,1,0.5,1.38,1,2,1.38,1,1.38,0.5,1.38,1,2,2,2,2,0.5,0.5,2,0.5,2,1,0.5,1.38,2,2,1,2,0.5,1,0.5,0.5,1.38,1,1.38,0.5,1.38,1.38,0.5,0.5
135,1,1,2,1.38,1,1,1,2,1.38,1,0.5,1,1.38,1,2,1.38,1.38,1,2,1,1,1,1.38,0.5,0.5,2,1.38,2,2,1.38,2,2,1,1.38,2,2,1,2,1.38,2,1.38,1,0.5,1,0.5,1,1.38,2,2,0.5
136,1.38,2,0.5,1.38,2,1.38,1.38,1.38,2,1,1.38,0.5,1.38,2,2,0.5,2,0.5,0.5,1,0.5,1,1.38,1,1,2,2,1,1,0.5,0.5,0.5,0.5,0.5,1,1,1,1.38,1,0.5,1,1.38,1.38,0.5,1,1.38,2,2,1.38,1
137,0.5,2,2,0.5,1,0.5,2,1,0.5,1.38,0.5,1.38,1.38,1.38,1.38,2,2,1,2,2,2,0.5,2,2,1.38,1.38,0.5,1.38,0.5,2,0.5,1.38,1.38,1,0.5,1.38,0.5,1.38,1,2,2,1.38,2,2,1,1,1,2,2,2
138,0.5,2,0.5,0.5,2,1,1,1.38,1,1.38,0.5,1,1.38,0.5,1.38,0.5,1,0.5,1.38,0.5,0.5,1.38,2,1.38,0.5,1.38,2,0.5,1,0.5,2,1,2,1.38,0.5,1.38,2,1,1.38,1.38,2,2,2,1.38,2,1.38,1,1,2,0.5
139,1,1,2,1,1.38,1.38,1.38,1,1.38,1,1,0.5,2,2,1,1.38,1.38,1,2,1,1,0.5,1,0.5,1.38,1.38,0.5,1.38,1,1,1,1.38,0.5,1.38,1,2,1.38,2,1.38,0.5,1,2,0.5,1,1,0.5,1,1.38,1.38,2
140,0.5,2,0.5,1,0.5,1.38,0.5,0.5,1,0.5,1,2,2,1,1,0.5,1,1,1.38,2,2,0.5,1,1,2,1,2,1,1.38,2,1.38,2,1.38,0.5,1.38,2,0.5,2,0.5,2,2,0.5,0.5,1.38,1,1.38,0.5,2,1.38,1
141,1.38,2,1.38,0.5,1,1,2,1.38,0.5,1,0.5,1.38,1,0.5,1.38,1.38,1,1.38,1,2,1.38,1,0.5,2,1.38,2,0.5,1,1.38,1,1.38,1.38,1,0.5,1.38,2,1,0.5,1,0.5,1,1.38,1,2,0.5,1,0.5,0.5,1.38,1
142,0.5,1,2,1.38,1,1,1,0.5,2,1.38,1.38,0.5,2,2,2,2,2,0.5,1,1.38,2,1,2,0.5,2,0.5,1.38,0.5,2,0.5,1,1,0.5,1.38,0.5,1.38,1.38,0.5,1.38,1.38,1.38,2,1.38,1.38,1,1.38,0.5,1,1,2
143,1,1,1,0.5,0.5,1,2,2,1.38,1,2,1,1.38,2,1,0.5,1.38,2,1,2,2,0.5,2,0.5,1.38,0.5,0.5,1,1.38,1,0.5,2,1,0.5,2,0.5,2,1,0.5,1.38,2,1.38,1,2,1,0.5,1,0.5,1,2
144,1,0.5,2,0.5,1.38,2,0.5,1,0.5,2,1.38,1.38,2,0.5,1.38,0.5,0.5,1,2,2,0.5,1.38,2,1,1.38,2,1.38,0.5,2,1,0.5,0.5,2,1.38,2,1,0.5,2,1,2,0.5,1.38,1,0.5,1.38,0.5,1,1,2,1
145,1,2,1,1.38,1.38,0.5,0.5,1.38,1,1.38,1,1,0.5,2,1,0.5,0.5,1,1.38,1,2,0.5,1.38,0.5,0.5,2,1,1,0.5,2,1,0.5,2,1,1,1,0.5,1,1,2,1,0.5,0.5,1.38,1,2,1.38,0.5,1.38,1
146,0.5,1,1.38,1,1.38,1.38,2,2,2,2,1.38,1,2,0.5,2,0.5,1.38,0.5,0.5,2,0.5,1,1,0.5,2,1.38,2,2,2,1.38,1,2,0.5,1.38,2,1,1.38,1.38,0.5,1.38,2,1.38,2,0.5,1.38,2,1.38,2,2,2
147,0.5,2,1.38,1,2,2,1,1.38,1.38,1,1.38,1,1,0.5,1.38,2,0.5,1,2,0.5,2,1.38,1,1.38,1.38,1.38,1,1,2,0.5,1,0.5,0.5,1,2,1,2,1.38,2,2,2,2,1,0.5,0.5,1.38,0.5,2,2,2
148,1,1,2,1,1.38,1,0.5,1.38,0.5,2,2,2,0.5,0.5,2,0.5,0.5,1.38,1.38,1,1,2,2,1,1.38,0.5,2,1,0.5,1.38,2,1.38,0.5,1,1.38,1.38,1,1.38,2,1,1.38,1,1.38,1,2,1,1,0.5,2,1.38
149,2,1.38,2,1.38,2,1.38,1,1,1.38,1.38,1.38,1,2,1.38,1.38,1.38,1,1.38,2,0.5,1.38,1,1.38,1.38,1,1.38,1,0.5,1.38,2,1,1,1,0.5,1,1.38,2,1,1.38,2,2,2,2,1.38,0.5,1.38,1,1,1,1.38
150,2,1,1,0.5,0.5,1.38,2,1.38,1,1,2,0.5,0.5,0.5,0.5,1,0.5,2,0.5,0.5,1,2,1,1.38,0.5,1.38,0.5,1,2,1.38,1,1.38,0.5,1.38,1.38,2,0.5,0.5,2,2,1,1.38,1,1.38,1,1,1,1.38,1.38,1
151,1,1,2,1.38,1.38,1.38,2,2,1.38,2,2,1,1.38,1.38,0.5,2,2,1,0.5,0.5,1.38,1,2,1.38,1,1.38,1,0.5,1.38,2,1,1,1.38,1,1.38,1.38,0.5,1,1.38,1.38,1.38,1.38,1,1,0.5,1.38,1.38,1,0.5,1
152,2,1.38,2,1,1,2,1,2,2,1,1.38,1,0.5,2,1.38,0.5,2,0.5,0.5,0.5,0.5,1.38,1,1,1,2,2,1,2,0.5,1,0.5,1,0.5,0.5,1.38,1,1,0.5,0.5,0.5,1.38,2,1.38,1,1.38,1,1,1.38,1.38
153,0.5,1.38,0.5,0.5,1.38,1,2,1,0.5,2,1,1.38,2,1,1,1.38,1,2,0.5,1,1,0.5,1,2,2,0.5,2,1.38,1,1.38,0.5,2,0.5,0.5,2,1.38,2,1,0.5,1,1,2,2,2,0.5,1,0.5,1.38,1.38,1.38
154,2,0.5,1.38,1.38,0.5,1.38,1.38,1,1.38,0.5,1,1,0.5,1,2,1,1,2,0.5,1.38,0.5,1,1,2,1.38,0.5,1.38,0.5,2,2,2,1,1,2,0.5,0.5,1.38,0.5,1.38,1.38,1,2,0.5,1.38,0.5,1.38,2,2,2,0.5
155,2,1.38,1,0.5,1,1.38,2,1.38,1.38,1,0.5,2,0.5,0.5,0.5,2,2,0.5,2,2,1.38,1.38,1.38,1.38,1.38,0.5,1.38,1,1,0.5,2,2,2,2,1,1.38,1,2,1.38,1,1.38,0.5,2,1,0.5,0.5,1.38,1,0.5,1.38
156,1.38,0.5,1.38,0.5,0.5,1,2,1,2,0.5,2,1.38,2,0.5,1.38,1.38,1,2,1.38,1,1,1,1,1.38,0.5,2,1,1,1,2,0.5,1,1,2,1.38,1,0.5,0.5,0.5,1.38,1,1.38,0.5,0.5,1,0.5,2,0.5,1,0.5
157,1.38,2,2,0.5,1,1.38,0.5,1.38,2,0.5,2,2,2,2,0.5,0.5,2,1,2,1,1.38,2,0.5,0.5,0.5,0.5,1.38,1,2,0.5,0.5,1.38,0.5,1.38,0.5,1,2,2,1,1,1,1.38,1.38,1,1.38,1,1.38,2,2,2
158,1.38,1,1,1.38,1,1.38,2,1.38,1,1,1.38,1.38,1,1,1,2,1,1,1,1.38,0.5,1.38,1.38,2,1.38,1.38,2,2,1.38,2,2,1.38,1,1,0.5,0.5,1.38,0.5,1,1.38,1,0.5,1.38,0.5,1.38,1.38,1.38,2,2,1
159,0.5,1,1.38,0.5,2,0.5,1.38,2,0.5,1,0.5,1.38,1.38,1,1.38,1,0.5,1.38,0.5,2,0.5,0.5,2,1.38,2,0.5,1,1.38,0.5,1,0.5,1.38,1.38,1,1,0.5,1.38,1.38,1,0.5,1.38,1,1,0.5,0.5,1.38,1.38,0.5,2,0.5
160,1,1,0.5,1.38,2,2,0.5,2,2,1,1,1,1,1,1.38,0.5,1,1.38,2,1,2,1.38,1.38,1,1.38,2,2,2,2,1,1.38,2,1.38,2,0.5,0.5,2,1.38,1.38,2,1,2,1,0.5,2,1,0.5,0.5,1,1
161,2,1.38,1,2,1,0.5,0.5,0.5,1.38,1.38,1,0.5,2,1.38,0.5,1.38,1.38,1.38,2,2,1,1,1,1.38,1.38,2,2,2,1.38,1,0.5,1.38,1,1.38,1,2,2,0.5,2,0.5,2,2,1.38,0.5,1.38,0.5,2,0.5,1,1.38
162,2,2,2,2,1,0.5,2,1,1.38,1,2,0.5,1,2,1.38,0.5,0.5,1.38,2,1.38,0.5,2,2,1,1.38,1.38,0.5,1,1,1,2,1.38,1,0.5,1,2,1.38,0.5,2,2,1.38,1,2,1.38,2,1,1.38,0.5,2,1.38
163,1.38,1,2,1.38,1,1.38,2,1.38,1,1.38,2,1.38,0.5,0.5,2,2,0.5,0.5,0.5,1.38,0.5,0.5,1.38,1.38,1,0.5,1,1.38,2,2,0.5,1.38,1,1.38,2,0.5,1.38,2,0.5,1,1,1,1,0.5,0.5,1.38,2,2,2,1
164,0.5,1,2,1,1,2,1.38,0.5,2,1.38,2,0.5,2,1.38,0.5,0.5,1,1.38,1,1,1.38,1.38,1,0.5,1,1.38,2,1,1.38,1,0.5,1,1.38,1.38,1.38,0.5,1.38,1,1,1.38,0.5,0.5,1,2,2,1.38,2,1.38,0.5,1.38
165,1,1,0.5,1.38,2,0.5,0.5,0.5,0.5,1.38,1,1.38,2,2,1,1.38,1,1.38,1.38,1,1.38,1,1,1,0.5,1.38,1,2,1,1.38,2,0.5,1.38,2,1.38,1.38,1.38,1,1,0.5,1,0.5,0.5,2,1,0.5,1.38,0.5,2,0.5
166,0.5,0.5,1,0.5,2,1.38,1.38,0.5,2,1,1,0.5,0.5,0.5,0.5,0.5,1.38,1,1,1.38,0.5,1.38,1.38,2,1,0.5,1.38,2,1,0.5,1.38,1,1.38,2,1,1.38,2,2,1.38,1,1.38,1.38,1,2,0.5,2,1.38,1,2,1
167,1,1.38,1,2,1.38,1,2,1.38,0.5,1,2,1,1,1,2,1,0.5,1,1,1,0.5,1,2,1,1.38,1.38,0.5,1.38,1,2,0.5,1.38,0.5,2,0.5,1.38,0.5,2,0.5,1,1,1.38,1.38,1.38,1,2,2,1.38,0.5,1
168,1.38,2,0.5,2,1.38,1.38,1.38,1,1,2,2,1.38,2,0.5,2,2,1,2,1.38,1,2,1.38,1,0.5,0.5,1.38,0.5,1.38,1,1.38,2,2,1.38,2,2,2,0.5,2,0.5,0.5,2,2,0.5,0.5,1.38,1.38,2,2,1.38,1
169,1,1.38,1,0.5,1,0.5,2,0.5,0.5,0.5,1.38,2,1.38,1,2,1.38,2,1.38,1,2,2,2,1.38,2,1,2,1,0.5,0.5,1,1,1,2,1,2,1,2,0.5,1,1.38,1.38,1,1,0.5,2,2,2,1.38,0.5,2
170,0.5,1.38,2,1,1,1,1,1.38,1.38,2,1.38,0.5,1.38,1,1.38,1,2,0.5,0.5,1,0.5,2,2,1,0.5,2,1.38,1,1,0.5,2,1,2,2,0.5,2,0.5,1,1.38,0.5,0.5,0.5,0.5,2,0.5,1.38,2,1.38,1,1
171,2,0.5,2,1.38,2,1,1,1,1,1,1,0.5,1,2,2,0.5,1.38,1,1.38,2,0.5,2,1.38,2,0.5,0.5,1,1,1,1.38,0.5,1.38,1.38,1,2,1,0.5,0.5,1.38,2,2,1,1,1,1.38,1,1.38,0.5,2,0.5
172,0.5,1.38,1.38,2,0.5,1,2,2,2,1.38,1.38,2,1,2,1,1,2,2,1,2,1,1,2,2,1,2,1,1.38,1.38,1,1,1,2,2,2,2,0.5,1,1.38,2,2,0.5,1,1,0.5,1,1,0.5,1.38,1.38
173,2,1,0.5,2,1,1,0.5,1.38,1,2,2,1.38,1,0.5,1,1.38,0.5,1.38,2,1,2,2,2,2,0.5,2,1.38,1,2,1,1,2,2,0.5,0.5,1.38,1,1,1,0.5,0.5,2,1.38,1.38,0.5,1,1,2,1.38,2
174,1,0.5,0.5,1.38,0.5,1.38,2,1,2,1,0.5,2,2,1,2,0.5,1.38,2,1.38,0.5,0.5,1,0.5,1,0.5,0.5,1.38,0.5,2,2,2,2,1,0.5,1.38,0.5,1,1,2,1,0.5,0.5,2,0.5,1,0.5,1,0.5,0.5,1.38
175,1,1,1.38,2,1,1.38,0.5,0.5,1,2,1,0.5,2,1.38,2,1.38,2,1.38,0.5,1,1,2,1,2,2,1.38,1.38,2,1,1,1,2,1.38,1.38,0.5,2,1,2,1.38,0.5,1,1.38,1.38,0.5,1.38,2,0.5,2,0.5,2
176,1.38,1,0.5,1.38,0.5,1.38,0.5,2,1.38,1,0.5,0.5,2,2,2,1.38,1.38,0.5,0.5,2,0.5,0.5,2,2,1,1,1.38,2,1.38,1,2,2,2,1.38,1.38,2,0.5,1,0.5,2,0.5,0.5,1.38,1,2,0.5,1.38,2,2,2
177,1,0.5,1.38,2,1.38,1,1.38,1,2,0.5,0.5,0.5,1.38,1,0.5,1.38,1,2,1.38,2,2,1.38,0.5,1.38,1.38,1.38,2,2,0.5,2,1,1.38,0.5,1,0.5,1.38,2,2,2,2,1,1,1,1.38,2,0.5,0.5,2,1,0.5
178,1,2,2,0.5,1,1,2,1,1,2,0.5,2,1.38,1.38,2,1,1.38,2,1.38,1,0.5,0.5,0.5,1.38,1.38,1.38,2,2,1,1.38,1.38,0.5,1,1,2,2,0.5,1.38,0.5,1,1.38,1,0.5,1,2,1,1,1,2,0.5
179,0.5,1,1,1,0.5,1.38,1.38,0.5,1,0.5,0.5,0.5,1,1.38,1.38,1.38,1,0.5,1,1.38,1.38,2,1.38,1.38,1.38,1.38,1.38,0.5,1,1,1,1.38,1,1.38,1,1,1,1.38,1,1.38,1,0.5,0.5,0.5,1.38,1,1.38,0.5,0.5,1
180,0.5,1.38,2,1,1,0.5,0.5,1,1.38,1.38,1,1.38,2,1,0.5,0.5,1.38,1,1,1,2,1.38,1.38,1,1.38,0.5,1,2,1.38,1.38,2,2,1.38,1.38,1.38,1,1,1,2,1,1.38,1,1.38,1.38,0.5,1.38,1,2,0.5,0.5
181,1,1.38,2,1.38,0.5,0.5,0.5,1.38,0.5,0.5,2,2,2,1.38,1,2,0.5,0.5,2,0.5,2,2,1.38,1.38,0.5,1,2,2,2,0.5,1,0.5,1,1,1,2,0.5,2,1.38,0.5,2,1,1,1.38,2,1.38,1.38,1.38,0.5,1
182,1.38,2,2,1.38,2,1.38,1,1.38,2,0.5,1.38,2,1.38,0.5,2,0.5,2,0.5,0.5,2,1,1,2,1.38,0.5,1,1.38,1.38,2,1.38,0.5,1.38,2,1.38,2,2,1.38,0.5,1.38,2,1,2,0.5,1,1.38,1,2,1,2,1
183,2,2,2,1.38,1,2,2,1,1.38,1,0.5,0.5,0.5,2,1.38,2,1,0.5,0.5,0.5,2,0.5,1,0.5,1.38,0.5,1.38,1.38,1,1,1,0.5,2,2,1.38,2,0.5,2,0.5,1.38,1,0.5,0.5,1.38,1.38,2,0.5,0.5,1.38,2
184,2,2,1,1.38,0.5,1.38,0.5,1,1,2,1,1,2,1,0.5,1,1,0.5,2,1.38,2,1.38,0.5,0.5,0.5,1,1,0.5,2,1.38,1.38,2,2,1,2,1,1.38,1.38,2,1.38,0.5,2,1.38,2,2,2,0.5,2,1.38,2
185,2,1,0.5,0.5,0.5,1,0.5,1,0.5,1.38,2,2,0.5,0.5,2,2,1,1.38,1,0.5,2,1.38,1,0.5,1.38,0.5,0.5,1,1,1,1.38,1,2,2,2,0.5,1.38,0.5,2,2,1,0.5,1,1,0.5,1.38,1.38,2,1,1.38
186,1,2,2,1.38,2,2,2,0.5,1.38,2,2,2,1.38,1.38,1.38,1.38,1,0.5,1,1,1.38,0.5,0.5,0.5,1,2,1,2,1.38,1.38,1,1.38,1,2,1,1,2,0.5,1,0.5,1.38,1.38,2,1,2,0.5,1.38,2,0.5,1
187,1,1,1,1.38,2,0.5,2,1.38,1.38,0.5,1,1,2,0.5,0.5,1.38,0.5,2,1.38,2,2,1,1,2,1.38,1,2,2,1.38,1.38,0.5,2,2,2,0.5,1.38,0.5,2,1,1,0.5,1,1,2,1.38,1,0.5,2,0.5,2
188,1,1,0.5,1,1.38,1,1.38,0.5,1,0.5,0.5,2,1.38,2,2,0.5,1.38,1,1.38,2,1.38,1.38,1.38,1.38,2,0.5,0.5,2,0.5,1.38,1,0.5,2,0.5,2,0.5,1,1.38,1.38,0.5,2,0.5,1.38,0.5,2,1,1.38,0.5,0.5,1
189,1.38,0.5,1,2,2,1,1.38,0.5,0.5,2,2,1.38,1,0.5,0.5,1,1,1.38,1.38,0.5,1.38,1,1.38,2,1.38,2,0.5,1,2,1,0.5,1.38,1.38,0.5,1,0.5,1.38,1.38,1.38,1.38,0.5,1.38,0.5,0.5,0.5,1,0.5,1,1,1
190,2,0.5,0.5,2,1.38,1.38,1.38,2,0.5,1.38,1,1.38,1,1,1,0.5,1.38,0.5,1,1,0.5,2,1,2,1.38,1,2,1.38,1.38,1.38,0.5,2,1.38,1.38,2,0.5,1,2,1.38,0.5,1.38,2,2,1,0.5,1,1.38,1,2,0.5
191,0.5,0.5,0.5,2,1,1.38,1.38,2,0.5,1.38,1.38,2,0.5,1.38,2,1.38,1,2,0.5,2,2,2,2,0.5,1.38,1.38,1,2,0.5,2,1.38,1,1.38,0.5,2,1,2,1.38,1,1.38,2,1.38,1,1.38,1,0.5,2,2,0.5,2
192,1,0.5,1,2,1,2,1.38,0.5,2,1.38,2,2,2,1,1,1,1.38,1,2,0.5,0.5,2,1.38,1.38,1.38,1.38,1,0.5,1.38,0.5,1.38,1,0.5,0.5,2,1,0.5,1,1.38,1.38,1,2,1.38,1.38,0.5,1,0.5,1.38,0.5,0.5
193,2,1.38,1,1.38,0.5,1.38,1.38,1.38,0.5,2,1,1,0.5,0.5,1.38,1.38,1,1,0.5,2,1.38,1.38,1,0.5,1.38,1,1.38,0.5,0.5,1,2,1.38,0.5,2,1.38,2,1.38,1.38,2,0.5,1,2,1,1.38,2,0.5,1,1,1,1
194,1.38,2,0.5,0.5,2,2,2,0.5,0.5,2,1,1.38,0.5,0.5,2,1,0.5,1,1.38,1.38,2,1.38,1,1.38,0.5,1,0.5,1,2,0.5,2,2,1,1.38,0.5,1.38,0.5,2,0.5,1,1,2,2,1.38,2,1.38,2,1,2,1.38
195,1.38,2,1,1,2,1,0.5,0.5,0.5,0.5,1.38,0.5,1.38,1,1,0.5,1,1,2,2,2,0.5,1,1,1,1,1.38,0.5,2,1,2,0.5,2,1,1.38,1,1.38,2,2,1.38,1.38,1,1.38,1,0.5,1,1,1,0.5,0.5
196,1.38,1.38,1,0.5,2,2,1,0.5,1.38,2,1.38,0.5,0.5,1,1,1.38,2,0.5,0.5,2,2,1,2,1.38,2,2,0.5,1.38,1,1.38,0.5,1.38,1,2,1.38,2,1,0.5,1,0.5,1.38,1,2,1,0.5,1.38,1,2,0.5,2
197,1.38,1,1,0.5,1,0.5,0.5,1.38,2,0.5,2,0.5,2,2,2,1.38,2,1.38,1,0.5,1.38,2,2,1,1,0.5,2,1,0.5,0.5,1.38,2,1,1,1.38,1,1.38,2,0.5,1.38,1,1.38,1,2,1.38,2,1,2,1,1.38
198,2,0.5,0.5,1.38,1.38,2,0.5,1.38,0.5,2,1,1.38,1,1,0.5,1,2,1.38,1.38,0.5,1,1.38,1,1,1,1,0.5,1.38,2,0.5,2,2,2,1,2,1.38,0.5,1,2,1.38,1,0.5,1,0.5,1,1,1.38,2,1.38,2
199,0.5,1.38,0.5,0.5,1.38,0.5,2,1,1.38,0.5,2,1,0.5,0.5,0.5,2,1.38,1,0.5,0.5,1,0.5,1.38,1.38,0.5,0.5,2,1,0.5,1.38,0.5,1,1,2,2,1.38,2,1,1,0.5,0.5,1.38,0.5,1.38,0.5,0.5,1.38,2,2,1.38
200,2,1.38,0.5,0.5,2,0.5,0.5,0.5,1,1.38,2,2,0.5,1.38,0.5,1.38,0.5,1,2,1,0.5,0.5,0.5,2,1,0.5,1.38,1,1.38,0.5,0.5,2,0.5,1,1.38,1,0.5,0.5,2,1,1,2,2,0.5,0.5,2,2,0.5,2,1
201,1,2,2,1.38,2,1.38,2,0.5,0.5,1.38,1,2,1,1.38,1,1,1.38,0.5,0.5,1,0.5,0.5,2,0.5,1,2,1.38,2,2,0.5,0.5,1,2,2,0.5,0.5,0.5,1.38,1,2,1,1.38,1,0.5,1,1.38,2,1,2,1.38
202,1.38,1.38,1,2,1,0.5,0.5,0.5,2,1.38,1.38,1,1.38,1,0.5,0.5,1,1,2,2,2,1.38,0.5,1.38,0.5,1,0.5,1.38,1.38,1.38,2,1,2,0.5,1,2,2,1,1.38,1.38,1,0.5,0.5,1.38,2,2,1.38,2,1,1
203,2,2,2,0.5,1,1.38,1,2,1.38,0.5,1.38,1.38,0.5,1,0.5,2,2,2,1,2,1,1.38,1.38,2,0.5,0.5,0.5,1,1,1,2,1.38,1,1.38,1,1.38,1.38,0.5,2,1,1,1,1,1,1.38,0.5,1,0.5,0.5,1.38
204,1,0.5,0.5,1.38,2,1,1.38,1.38,1,2,1.38,2,0.5,1,1.38,2,0.5,1.38,1.38,1.38,1,0.5,0.5,1.38,2,2,0.5,1.38,1,1.38,2,0.5,1,1.38,1,1.38,0.5,1,2,1,0.5,0.5,2,2,0.5,2,2,1.38,2,0.5
205,0.5,2,1.38,1.38,1.38,2,1,1,1,0.5,2,2,1.38,2,0.5,0.5,0.5,1.38,1,1,1.38,2,2,0.5,1,2,1,1.38,1,1.38,0.5,2,1.38,2,1,1,1,1,2,1.38,2,1.38,2,0.5,1,2,0.5,1,1.38,0.5
206,0.5,2,0.5,0.5,2,0.5,1.38,1.38,2,1.38,1,0.5,1.38,2,1,1.38,1.38,0.5,2,2,0.5,1,1.38,1,1,2,1.38,0.5,1.38,1.38,1.38,2,2,0.5,0.5,0.5,0.5,0.5,0.5,1.38,1,1.38,2,1.38,1,1.38,0.5,0.5,1.38,2
207,1.38,1.38,2,2,0.5,0.5,1.38,0.5,0.5,2,0.5,1,0.5,1.38,2,1,0.5,2,0.5,0.5,1,1,1.38,1.38,2,1.38,0.5,1,1,1.38,2,1,0.5,1,1,1.38,2,1.38,2,0.5,1,0.5,2,1,2,1,0.5,2,2,2
208,2,1,2,2,1.38,0.5,2,1.38,2,2,1.38,2,1.38,1.38,0.5,1.38,0.5,2,1,1,1,1.38,2,0.5,1,2,1.38,2,2,2,2,2,1.38,1.38,0.5,0.5,2,2,1.38,1,1,2,0.5,1.38,1.38,1.38,0.5,2,1,0.5
209,1,2,1.38,1.38,0.5,0.5,1.38,0.5,0.5,2,2,1.38,0.5,2,2,0.5,2,1,1,1,1.38,0.5,2,1,0.5,0.5,1.38,0.5,2,1.38,1,2,1,2,0.5,1,1.38,0.5,0.5,2,2,2,1,1,1,2,0.5,0.5,1.38,0.5
210,2,1.38,0.5,2,1,1.38,1,1.38,1,1,1.38,1,1,1,2,0.5,0.5,2,0.5,0.5,1.38,1,0.5,2,1,2,2,1,1.38,1,2,0.5,1.38,1.38,1.38,0.5,0.5,0.5,1.38,1,0.5,1.38,0.5,1,0.5,0.5,1,0.5,1.38,2
211,1,0.5,1,0.5,0.5,2,2,1.38,2,1,1,2,0.5,0.5,1.38,2,1,1.38,0.5,0.5,2,1,1.38,2,0.5,1,2,1,1.38,1,0.5,2,2,1,0.5,1.38,1,0.5,2,0.5,0.5,1,0.5,2,1,0.5,1.38,1.38,1.38,1
212,2,0.5,1.38,2,1.38,1,2,2,1.38,1.38,0.5,0.5,1,0.5,1,1,1.38,0.5,2,1.38,1,1,2,2,1,1.38,2,2,1,1,2,1,2,2,1,0.5,2,0.5,0.5,1,0.5,1.38,1,0.5,1,2,1,1,0.5,2
213,0.5,1.38,2,1.38,1,1,0.5,2,0.5,2,2,1.38,2,0.5,1,2,1,0.5,0.5,2,0.5,0.5,2,2,1,0.5,1.38,1,1.38,1,1.38,1,1.38,1.38,1,1,2,0.5,0.5,2,1,0.5,1.38,1,2,1.38,2,1,0.5,0.5
214,1,0.5,0.5,1.38,0.5,1.38,2,1.38,2,2,0.5,0.5,1,1,0.5,2,2,1.38,2,1.38,0.5,2,2,2,1.38,1,2,0.5,1,0.5,0.5,0.5,1.38,0.5,1,1.38,1,0.5,1.38,1.38,0.5,2,0.5,0.5,0.5,1,2,1,0.5,0.5
215,1,0.5,1,1,0.5,0.5,0.5,0.5,0.5,1,0.5,1,1,2,2,0.5,2,1.38,1.38,0.5,1,0.5,1.38,0.5,1.38,0.5,2,1,2,0.5,1.38,2,1,1,0.5,1.38,1,1.38,1,2,0.5,0.5,1.38,0.5,1.38,1.38,2,2,1.38,1.38
216,1.38,2,2,1.38,1.38,1,1.38,2,1.38,2,1.38,1,1,1,2,2,2,2,2,1.38,1.38,1.38,1,1.38,1.38,1.38,2,1,2,0.5,2,1.38,1.38,1.38,2,0.5,1,0.5,1,2,2,1,1,2,0.5,2,1.38,2,2,2
217,2,2,1,0.5,0.5,1,0.5,2,1,0.5,0.5,1.38,2,1.38,1,1,2,2,0.5,1,2,0.5,1,2,0.5,0.5,1,2,1,1,2,0.5,0.5,1,1.38,1,0.5,2,0.5,2,1,1,0.5,1,1,0.5,1,0.5,1,2
218,0.5,1.38,1,0.5,1.38,1.38,0.5,1,1.38,1.38,1.38,1,1.38,1,1,2,0.5,0.5,1.38,2,0.5,2,1.38,2,2,1.38,0.5,2,0.5,1.38,2,1.38,1,0.5,0.5,1.38,1,2,1,1,1.38,0.5,1.38,1.38,2,1.38,0.5,1.38,2,1
219,1.38,1,0.5,1,1,1.38,0.5,0.5,2,2,1,1.38,2,1,2,1,1,0.5,2,2,0.5,0.5,2,1,1.38,0.5,1,0.5,1,0.5,1,2,2,2,1.38,1.38,1.38,1,1,0.5,1.38,0.5,2,1.38,0.5,1,0.5,1.38,0.5,2
220,0.5,2,1.38,1,1.38,0.5,1.38,0.5,0.5,1.38,0.5,2,0.5,1,0.5,2,1,0.5,2,2,0.5,2,1,1.38,1,1,1,0.5,2,1,0.5,2,1.38,1.38,1.38,0.5,2,2,1.38,1.38,1.38,2,0.5,1,0.5,1,1.38,2,2,1.38
221,2,2,1.38,1.38,0.5,1,0.5,1,0.5,0.5,0.5,2,2,1,0.5,1,2,0.5,2,2,0.5,0.5,2,0.5,1.38,0.5,1,1,1,0.5,1.38,2,2,2,1.38,1,0.5,1.38,2,1.38,1.38,2,0.5,1,1,1.38,1.38,1,0.5,0.5
222,1.38,2,0.5,0.5,0.5,2,1,1.38,2,2,1.38,1,2,0.5,1,1.38,1,0.5,1,2,0.5,1.38,1,2,2,1.38,2,1.38,0.5,0.5,1.38,1.38,1.38,0.5,0.5,1.38,1,1,1.38,0.5,0.5,1,0.5,0.5,2,1.38,2,1,1,2
223,0.5,2,0.5,2,2,0.5,2,2,0.5,1.38,1.38,2,0.5,2,1.38,1.38,1.38,1.38,1,2,1.38,2,1,2,1,1.38,1,1,0.5,0.5,1.38,1,1.38,1,1,0.5,2,0.5,1,2,0.5,1.38,1,0.5,2,1.38,1,0.5,1,0.5
224,1.38,2,0.5,2,1.38,1.38,1.38,2,1.38,1,2,1,0.5,1.38,2,2,1,0.5,0.5,0.5,2,0.5,2,1,0.5,1.38,1.38,1,2,2,0.5,2,2,1,1.38,0.5,1.38,2,1,2,1.38,0.5,0.5,1.38,1,1,1,1.38,0.5,2
225,0.5,0.5,1,1,0.5,1.38,1,0.5,2,1.38,0.5,1,1,1,1.38,1,1.38,1,1.38,2,1,1,1,2,1.38,1.38,1,2,1,1.38,1.38,2,2,2,0.5,0.5,1,2,1,0.5,1,1,1.38,1,2,0.5,2,2,1.38,0.5
226,1.38,1,0.5,2,2,1,2,0.5,1,0.5,2,2,0.5,1.38,0.5,2,0.5,1,0.5,1.38,1,0.5,1,2,0.5,1,2,0.5,1,1.38,1,0.5,1.38,2,0.5,2,1,2,1,1,0.5,1,1,2,2,2,0.5,1,0.5,1.38
227,0.5,1,1.38,1,1,1,0.5,0.5,0.5,1.38,0.5,0.5,1,2,0.5,1,0.5,0.5,0.5,1,2,1.38,1,1,1.38,1,1,0.5,1,1.38,0.5,1.38,1.38,1,2,2,2,0.5,2,1,1,1,2,0.5,2,1,0.5,0.5,1,2
228,2,0.5,0.5,0.5,2,0.5,2,1,1,1,2,2,2,1.38,0.5,0.5,2,1.38,1,0.5,1.38,1,1,1,1.38,2,2,0.5,0.5,2,2,0.5,2,0.5,1.38,1,0.5,1,1.38,2,1.38,1.38,1,1,2,0.5,1.38,0.5,1,0.5
229,1,0.5,2,0.5,2,1.38,2,0.5,1.38,1.38,1.38,0.5,1,2,2,2,0.5,0.5,0.5,2,1.38,1.38,1,1.38,0.5,1.38,0.5,2,1.38,1.38,2,1,1,1.38,2,0.5,2,2,1.38,1,1.38,2,2,1.38,1,1,2,1.38,0.5,1.38
230,0.5,1,2,1.38,0.5,1,1.38,2,1.38,0.5,1,1,2,2,2,1,2,1,0.5,1.38,1,0.5,0.5,2,1,1,1.38,1,1,1.38,2,2,1.38,2,2,1.38,1.38,0.5,2,0.5,0.5,0.5,0.5,1,1.38,0.5,0.5,1.38,1.38,1.38
231,1,2,1.38,2,0.5,2,0.5,1,1.38,1.38,0.5,1.38,2,2,1,2,2,0.5,1,1.38,1.38,1.38,1,1,1,1,0.5,2,1,2,1,0.5,1,2,0.5,1.38,1,1.38,1.38,1.38,0.5,2,1,0.5,1,2,1.38,1,0.5,1.38
232,0.5,1.38,2,1,1.38,1.38,1,1,2,1.38,1.38,2,1.38,1,0.5,1,1,1,1,2,1.38,2,1,1,0.5,0.5,2,1.38,1,1,0.5,0.5,0.5,0.5,1.38,1.38,2,0.5,1,2,2,1,2,0.5,1,1.38,1,1.38,2,1
233,1.38,1.38,1.38,1,0.5,0.5,1,1,2,1,1,2,0.5,1.38,1.38,0.5,2,1.38,2,1,1.38,2,1,1,1.38,1,1.38,1.38,0.5,1,1,1,1.38,1.38,1,1.38,1.38,0.5,0.5,1,1.38,0.5,0.5,1.38,1.38,0.5,2,1.38,1.38,1.38
234,1.38,1.38,0.5,0.5,0.5,0.5,1.38,1,0.5,2,2,1,1.38,1,2,2,1,1,1.38,1.38,2,2,1.38,1.38,2,1.38,1.38,2,1.38,1,1.38,1.38,2,0.5,1.38,2,0.5,0.5,0.5,1.38,0.5,2,1,0.5,1,2,1,0.5,1,1.38
235,1.38,0.5,0.5,1,0.5,1.38,1,0.5,2,0.5,1.38,0.5,2,2,0.5,1.38,2,0.5,1.38,0.5,0.5,1.38,1,2,0.5,0.5,1,1.38,1,1,1.38,1,1,0.5,1,2,1,0.5,1.38,2,1.38,2,1,1,0.5,2,2,1,2,1
236,1,1.38,0.5,1.38,1.38,1,0.5,2,2,1,1,0.5,1,2,1.38,1,1,0.5,1,0.5,1.38,0.5,1,2,2,1.38,0.5,1.38,1.38,2,0.5,1,0.5,1.38,0.5,1.38,0.5,0.5,1.38,1,2,1,2,2,1,0.5,1.38,0.5,0.5,2
237,1.38,1.38,1,1,2,0.5,1.38,1,1,2,1,0.5,1,1.38,1,0.5,1.38,1.38,1,1,2,1,1,2,1,0.5,1.38,1.38,2,0.5,1.38,2,1.38,1.38,0.5,0.5,2,1,1,2,1.38,0.5,0.5,0.5,1,1,1.38,0.5,0.5,0.5
238,1,1,2,1.38,0.5,2,1.38,0.5,1,1,0.5,1.38,1.38,2,2,0.5,1.38,2,1,0.5,1.38,1,2,1.38,1,1,1.38,2,0.5,1,0.5,1.38,2,1.38,1.38,0.5,1.38,1,0.5,1.38,1.38,0.5,0.5,1,1,0.5,2,2,0.5,0.5
239,1,2,0.5,2,0.5,2,1.38,2,1.38,1.38,2,2,1,2,0.5,1,1.38,2,1.38,0.5,0.5,1.38,0.5,2,2,1.38,0.5,0.5,0.5,1.38,1.38,0.5,1.38,1.38,1,2,0.5,1.38,1.38,1.38,1.38,2,2,1.38,2,2,0.5,2,2,1
240,0.5,1.38,0.5,2,2,1,0.5,0.5,1.38,2,0.5,2,2,2,0.5,1,2,1,1,1,2,1,2,1,0.5,0.5,2,0.5,0.5,2,0.5,1.38,1.38,1.38,2,0.5,0.5,0.5,1.38,2,1,0.5,0.5,0.5,1.38,0.5,1,0.5,1.38,1
241,2,2,2,2,0.5,1.38,0.5,1.38,1,1.38,2,1.38,1.38,2,1.38,2,1,1,1.38,2,1,0.5,1,1.38,1,1.38,1.38,1,1.38,1.38,0.5,0.5,1,0.5,2,2,1.38,1.38,1.38,2,2,2,1.38,0.5,0.5,0.5,1.38,0.5,2,1.38
242,1.38,0.5,0.5,1.38,1.38,1,1,1,1,1.38,1.38,1,0.5,2,0.5,1.38,2,1.38,1.38,2,2,1.38,1,1.38,2,1.38,2,0.5,1.38,1.38,0.5,0.5,1,1,1.38,2,1.38,2,0.5,0.5,1.38,2,0.5,1,0.5,1,1,1,0.5,1.38
243,0.5,2,0.5,2,1.38,2,0.5,1.38,2,1,1.38,2,0.5,0.5,1,1.38,1.38,1.38,1,2,1,1.38,2,1.38,0.5,2,1.38,1,1,1,1.38,2,0.5,2,1,2,1,1,0.5,1,1,1,2,1.38,1,2,0.5,2,1.38,0.5
244,1.38,2,1,0.5,1,1,2,2,1.38,1.38,0.5,1,0.5,2,0.5,2,1.38,1,1.38,2,1,0.5,1,1,2,2,2,0.5,2,0.5,2,1.38,2,2,1.38,0.5,2,0.5,1,2,0.5,1,1,0.5,1,1.38,1.38,1,2,2
245,2,0.5,0.5,0.5,1,1.38,0.5,2,0.5,1.38,0.5,0.5,1.38,1.38,1,2,1.38,1.38,2,0.5,2,2,2,1,1,2,2,0.5,1,2,0.5,0.5,1,1.38,2,2,0.5,1.38,1,0.5,1.38,2,1.38,0.5,1.38,1.38,0.5,1.38,1.38,1
246,0.5,0.5,2,1,0.5,2,0.5,1.38,2,2,2,0.5,0.5,2,0.5,0.5,2,2,1,2,2,0.5,1,1,0.5,0.5,2,2,1,2,2,1,1.38,2,0.5,2,1.38,1,0.5,1.38,1,1.38,1,2,1.38,0.5,2,2,1.38,1.38
247,2,1,2,0.5,1,1.38,0.5,2,1.38,1,2,1.38,0.5,0.5,1.38,2,2,1.38,2,1,2,0.5,0.5,2,1,2,2,1,1.38,2,1.38,2,0.5,2,2,1,2,2,2,1.38,1.38,2,0.5,0.5,1,2,1.38,1.38,1.38,2
248,1.38,1,0.5,2,2,1,0.5,2,2,2,2,1,1,1.38,1.38,1,0.5,1.38,2,1.38,0.5,1.38,2,1.38,1,0.5,1,1,0.5,0.5,0.5,2,1.38,2,1,2,1.38,1,2,2,1.38,1.38,1.38,1.38,2,1,1,1,0.5,1
249,2,0.5,1,1,1.38,1.38,0.5,0.5,1,1.38,2,0.5,0.5,0.5,0.5,2,1.38,1,2,0.5,1,1.38,1,0.5,1,2,1.38,1.38,2,0.5,2,2,0.5,0.5,2,2,1,1,1.38,0.5,1.38,0.5,2,1.38,0.5,1,2,2,1,1
250,1,2,1.38,0.5,1,0.5,1.38,1.38,1,2,0.5,2,2,0.5,1,0.5,1,0.5,0.5,0.5,1.38,1.38,0.5,1.38,2,1.38,1.38,2,1.38,1,2,2,1,2,1.38,2,1,2,0.5,1.38,2,0.5,2,0.5,1.38,0.5,1,2,1.38,1
251,2,1,1,1.38,1,1,1.38,0.5,2,1,1.38,1.38,1.38,1.38,1,2,2,0.5,1,1,1.38,1.38,2,1.38,2,1,0.5,1,0.5,2,1,2,0.5,1,0.5,1.38,1.38,1.38,0.5,1,2,1.38,0.5,0.5,2,0.5,1,1.38,2,2
252,1,0.5,2,2,1,2,1.38,1.38,1.38,0.5,0.5,1.38,2,0.5,1,2,2,0.5,1.38,0.5,0.5,1.38,1.38,1.38,0.5,1,2,1,0.5,0.5,1.38,1.38,0.5,1.38,1.38,1,1,1,2,1,1,0.5,2,1,1.38,2,1,0.5,2,1.38
253,2,2,2,1,0.5,1,2,2,0.5,1.38,1,1,1,0.5,2,1,2,1,2,1,1,2,1.38,1,1.38,0.5,1.38,1.38,0.5,2,1,0.5,1.38,1.38,1,0.5,0.5,2,2,2,1.38,0.5,1,0.5,1,0.5,2,1,0.5,2
254,2,1,1.38,1,1,1.38,0.5,0.5,1,0.5,0.5,1.38,0.5,1.38,1,2,1,2,0.5,1.38,1.38,0.5,1,2,2,1.38,2,1,0.5,1,2,2,2,1,2,1.38,1,0.5,1,1,1.38,1,1,0.5,0.5,2,1.38,1,1.38,0.5
255,1,0.5,1.38,1,0.5,2,1,2,1,2,1.38,1.38,1,1,2,0.5,2,0.5,2,1.38,0.5,0.5,2,2,2,1,2,2,1.38,2,2,1.38,1,1.38,1,1.38,1,1,0.5,1,0.5,2,0.5,0.5,2,0.5,2,1,1,0.5
256,1.38,1,0.5,0.5,0.5,0.5,2,0.5,1.38,2,0.5,0.5,1.38,1,0.5,1,2,1,1,1.38,1.38,0.5,2,1.38,2,1.38,2,2,1,0.5,1,2,1,1,0.5,1,1.38,0.5,0.5,1.38,1.38,0.5,1.38,0.5,2,2,2,2,1.38,1.38
257,1.38,1,1.38,0.5,1.38,1.38,2,1.38,1.38,1.38,1.38,2,0.5,1.38,1.38,1.38,1.38,0.5,1,0.5,2,0.5,1,1.38,1,2,1,2,1,1,0.5,1.38,0.5,0.5,1,0.5,1.38,1.38,1.38,0.5,1.38,2,0.5,1,2,1,0.5,2,0.5,0.5
258,2,2,1.38,2,1,2,1,2,2,1.38,1.38,2,1.38,1.38,1,0.5,1.38,1.38,1.38,1,1.38,1,1.38,2,1,1.38,0.5,1,1,1.38,1,0.5,0.5,2,2,0.5,1.38,2,1,1,2,0.5,1,0.5,1.38,0.5,2,1,2,1
259,1,0.5,2,1.38,0.5,2,1.38,1,1.38,1.38,2,1.38,0.5,2,1,1,2,1.38,0.5,2,1,2,1,1.38,1.38,1.38,0.5,1.38,1.38,0.5,1,1.38,1.38,1.38,1,1.38,1,1,1,1.38,1.38,0.5,2,1,1.38,1.38,0.5,0.5,1.38,1
260,0.5,2,2,0.5,0.5,2,1,1,2,1,1,1.38,0.5,1,1,2,0.5,1.38,2,0.5,1,2,1.38,1.38,1,1.38,0.5,1.38,0.5,2,2,1,0.5,1.38,0.5,1.38,0.5,2,1.38,1.38,1,1.38,1.38,0.5,0.5,1,1.38,1.38,0.5,2
261,1,2,0.5,0.5,2,2,1,1,1,0.5,2,1,0.5,1,0.5,1.38,2,1.38,2,1.38,1.38,1,0.5,0.5,0.5,1,1.38,2,1.38,1,1,1.38,1.38,1.38,1,1,1,1.38,2,0.5,0.5,2,1,2,1,1.38,1.38,1,1,1
262,0.5,1.38,0.5,1.38,2,0.5,0.5,1.38,2,2,1.38,2,1.38,0.5,0.5,0.5,2,1,2,0.5,2,1.38,1,0.5,1,0.5,0.5,1.38,1,2,2,1,1.38,1,1,2,2,1.38,1.38,0.5,0.5,1.38,1,1.38,1,1.38,0.5,2,1.38,2
263,2,1.38,1,1.38,1,1.38,2,0.5,2,2,2,2,0.5,1,2,0.5,1,1.38,2,1,1.38,1.38,1.38,1.38,0.5,1,2,0.5,2,0.5,0.5,1.38,2,1,1,1,2,1.38,1,1.38,2,0.5,2,0.5,1.38,1,1.38,2,2,1.38
264,1.38,0.5,1.38,1.38,1.38,1,2,2,2,2,1,1,1.38,1,0.5,1,2,1,0.5,2,0.5,1.38,1.38,2,1.38,1,1.38,1,2,1.38,1.38,2,1,0.5,2,2,1,1,1.38,2,2,0.5,2,1.38,2,0.5,1,1,1,1
265,1.38,2,2,0.5,1.38,2,2,1,1,1.38,1.38,2,1,2,2,0.5,0.5,1,1,1,2,1,0.5,2,0.5,0.5,0.5,1,0.5,0.5,1.38,1.38,2,1,0.5,0.5,1.38,2,1,1.38,1.38,1,1,2,1,1.38,1,2,1,1.38
266,1,0.5,2,2,1,1,1,1.38,1,0.5,1.38,0.5,2,2,2,2,2,0.5,2,2,2,1.38,0.5,0.5,0.5,2,0.5,1.38,0.5,2,1,1,1,1,1.38,0.5,1.38,1,1.38,1.38,0.5,1.38,2,2,1.38,1,2,1.38,1,2
267,1.38,1.38,1,1.38,0.5,0.5,0.5,2,2,2,1,2,1.38,2,2,2,0.5,1.38,0.5,1,1.38,0.5,1,2,1.38,0.5,1.38,1,1.38,2,0.5,1,0.5,1.38,2,1,1,1,1.38,2,1,2,2,1.38,0.5,1.38,0.5,1.38,1.38,2
268,1.38,2,1.38,1,1.38,2,1,0.5,1.38,1,1,1,0.5,0.5,1,0.5,1,1.38,1,1.38,1.38,1.38,1,2,0.5,1,1,2,0.5,2,2,2,1,1,1.38,1.38,0.5,0.5,1,1,0.5,1,1,2,2,1,1,0.5,0.5,1.38
269,0.5,1.38,2,2,1,0.5,1.38,1.38,1,0.5,1,1.38,1,2,1,1.38,1.38,0.5,0.5,1,1,1,1,2,1,1,1.38,2,2,2,2,2,2,1.38,1,1,1.38,1.38,0.5,1,1,0.5,2,1,2,2,1,1.38,2,0.5
270,1,0.5,0.5,1.38,1.38,2,1.38,0.5,1,0.5,2,0.5,1,2,1,0.5,1.38,2,1.38,1,0.5,1.38,1.38,1,1.38,0.5,1,0.5,0.5,1,0.5,0.5,0.5,2,1.38,1,1.38,2,1,0.5,2,0.5,1,0.5,1.38,1.38,1.38,2,1,1.38
271,1.38,0.5,1.38,0.5,2,1,1.38,0.5,1,2,0.5,0.5,1.38,1,1,2,0.5,1,1.38,2,1.38,1.38,1.38,0.5,1.38,1,1.38,1.38,0.5,2,2,2,1,1.38,1.38,0.5,0.5,1,1.38,1.38,1.38,0.5,1,1,1.38,1.38,0.5,1.38,2,1
272,2,1.38,2,2,0.5,1,0.5,1.38,0.5,2,1,1.38,1,0.5,1,1.38,2,1.38,1,1,0.5,2,1.38,1.38,2,0.5,1.38,1,1.38,0.5,1.38,1,2,0.5,1.38,0.5,1,0.5,1.38,1.38,0.5,1.38,1.38,1,2,2,1.38,0.5,0.5,2
273,0.5,1.38,1,0.5,1.38,1,0.5,1,0.5,1.38,1.38,2,1.38,1,2,0.5,2,1,2,1.38,1,0.5,1.38,2,1,0.5,1,0.5,1,0.5,1,1,2,2,0.5,1.38,1,0.5,2,0.5,0.5,1.38,1,1.38,1,1,1.38,1,1,2
274,0.5,1.38,0.5,1.38,1,2,2,0.5,0.5,0.5,1,1,1.38,0.5,0.5,1.38,1.38,1.38,1,1.38,2,1.38,1,0.5,0.5,0.5,2,1,1,2,1,1.38,2,2,1.38,1.38,0.5,2,2,2,1,2,0.5,1,1,1.38,0.5,1.38,1.38,1
275,2,1.38,0.5,2,1,2,2,1,2,1.38,1,1,0.5,0.5,1.38,1.38,2,0.5,1,1,1.38,1,1.38,2,1,1.38,2,2,1.38,1,1.38,1,1,0.5,1,1.38,2,2,1,0.5,1.38,1,0.5,1,1.38,0.5,1,2,2,2
276,2,1,1.38,1,0.5,1.38,0.5,1,0.5,1,2,2,0.5,0.5,1.38,1,0.5,0.5,1.38,1.38,0.5,2,1,0.5,1.38,1.38,1.38,2,1.38,0.5,0.5,0.5,2,1,2,2,2,1.38,0.5,2,1,1,0.5,1.38,0.5,2,1.38,2,1,1
277,2,0.5,1,0.5,2,1,2,1,1.38,1,2,1,1.38,1.38,1,1.38,0.5,1.38,1.38,0.5,0.5,1.38,1.38,2,1.38,0.5,0.5,1.38,1.38,1.38,0.5,0.5,0.5,2,1,0.5,0.5,0.5,1,1,1,1,1.38,1.38,1,2,2,0.5,1,1
278,2,1,1.38,0.5,1.38,1.38,1,1,1.38,2,0.5,2,0.5,1,0.5,1,2,1,1,0.5,1.38,1,2,0.5,1.38,1.38,1,0.5,2,2,1,1,1.38,1,2,2,2,0.5,0.5,1,2,1.38,2,2,1,1,1.38,1,1,2
279,1,1.38,1,0.5,0.5,0.5,1,0.5,2,2,1.38,2,1.38,0.5,1,0.5,2,0.5,0.5,1,0.5,0.5,1.38,0.5,1.38,1.38,1,1.38,1,2,2,2,1.38,0.5,1.38,0.5,1.38,1,2,1.38,2,1,0.5,1.38,2,0.5,1.38,1,2,0.5
280,1.38,0.5,2,0.5,1,1,1.38,1.38,1.38,1,1,2,1.38,1.38,0.5,1.38,1,2,2,1.38,2,1.38,2,1.38,0.5,1,0.5,1,2,1,1,1,2,2,0.5,0.5,1,0.5,2,2,0.5,2,1,1,1,1.38,0.5,1.38,1.38,0.5
281,1.38,1.38,1,1,1.38,0.5,1.38,1,1.38,2,2,2,2,1,0.5,1,2,1,1,0.5,1.38,1,0.5,0.5,0.5,0.5,1.38,2,1,2,1.38,0.5,2,1,1,2,0.5,1,2,0.5,2,1.38,1,1,1.38,0.5,1,2,1,2
282,2,0.5,2,2,1,0.5,1.38,2,0.5,0.5,0.5,0.5,1,2,1.38,2,2,0.5,2,0.5,1,2,1.38,2,1.38,2,1.38,1,2,0.5,0.5,1.38,1,1.38,2,1.38,1,2,0.5,0.5,1,2,2,1.38,2,1,1,1,0.5,0.5
283,0.5,2,2,2,0.5,0.5,1.38,1,0.5,1,1.38,0.5,0.5,2,2,0.5,0.5,2,0.5,2,1.38,1.38,1,1,0.5,2,1,2,1.38,1.38,1.38,1.38,1.38,1,1,1,1.38,1,0.5,0.5,2,1,1.38,1,1,1,0.5,0.5,1,1
284,2,1.38,1.38,1,2,2,0.5,1,1,2,0.5,2,1,2,0.5,1.38,1,2,0.5,1,1.38,1,1.38,1,1.38,1,1,0.5,2,0.5,1.38,0.5,0.5,1,0.5,1,0.5,0.5,2,0.5,1.38,1,1,1.38,2,0.5,0.5,0.5,0.5,0.5
285,2,1,1,0.5,0.5,0.5,0.5,2,1,2,2,0.5,1,0.5,1,1,1,1,1,2,2,2,0.5,0.5,0.5,2,2,1,1.38,2,2,2,2,2,2,1.38,2,0.5,1.38,1,0.5,1,0.5,0.5,1.38,1.38,1.38,2,2,1.38
286,1.38,1.38,1,0.5,2,1.38,1,2,1,1,0.5,1,0.5,1,0.5,2,1.38,1,2,2,1,1.38,1.38,1,1.38,2,1,0.5,1,1.38,1,0.5,0.5,1.38,0.5,2,2,1.38,1,1,1,1.38,1,2,0.5,1.38,1,1.38,1.38,1
287,0.5,1,2,2,0.5,2,1,1,1,2,1.38,1,1,1,2,2,0.5,2,2,2,0.5,1,1.38,1.38,0.5,0.5,2,2,1.38,1.38,2,1,1.38,1,2,0.5,0.5,1.38,2,1,1,1,0.5,1.38,0.5,0.5,0.5,1,1,2
288,1,0.5,0.5,1,1.38,2,1,1,1,1.38,2,1,2,0.5,0.5,1.38,2,1,1,1.38,1,2,0.5,2,0.5,2,1,1,0.5,1,0.5,2,0.5,0.5,0.5,2,1.38,1.38,1.38,2,0.5,1,0.5,0.5,0.5,1,2,2,0.5,0.5
289,0.5,2,1.38,1.38,2,2,2,0.5,2,1.38,1.38,0.5,0.5,0.5,1,0.5,2,2,2,0.5,2,1,0.5,1.38,0.5,0.5,2,2,0.5,0.5,1,1,1,1.38,1,2,1.38,0.5,0.5,1.38,2,2,1.38,0.5,2,1,2,2,1.38,0.5
290,1.38,1.38,1.38,2,1.38,2,2,0.5,0.5,1,1,1,2,1,1.38,2,0.5,1.38,1,0.5,2,1,1,2,1.38,1,2,1,1.38,2,2,0.5,2,0.5,2,0.5,2,1,0.5,2,1,0.5,0.5,1,1.38,1,0.5,2,2,1.38
291,1.38,0.5,0.5,0.5,1.38,2,1,2,1.38,0.5,0.5,0.5,2,0.5,1,1.38,1,0.5,1.38,0.5,2,2,1.38,0.5,2,1.38,1.38,1.38,2,1,0.5,0.5,1.38,0.5,0.5,1.38,1,2,1,0.5,0.5,0.5,0.5,0.5,0.5,0.5,2,1.38,2,2
292,0.5,0.5,2,2,0.5,0.5,1,0.5,0.5,1,0.5,1.38,1.38,0.5,2,2,2,1.38,2,1,0.5,1,1,1,1.38,2,1.38,1,1.38,2,1.38,1.38,1.38,2,2,1.38,2,2,1,1,2,2,1.38,1,1.38,0.5,1,1,2,0.5
293,2,1,1,1.38,0.5,1,0.5,1.38,0.5,1.38,1,2,1,2,1.38,2,0.5,0.5,0.5,1.38,2,1,1.38,0.5,1.38,1,1.38,1.38,1,1,0.5,1,1,0.5,2,1.38,1,1.38,1,0.5,0.5,1,2,2,1.38,0.5,2,0.5,0.5,1
294,1.38,0.5,1.38,1.38,2,0.5,0.5,0.5,1,1.38,1.38,1.38,0.5,1.38,0.5,1,1.38,2,2,1,2,1.38,2,1.38,2,1.38,1.38,1.38,0.5,0.5,1.38,0.5,0.5,1.38,1,2,0.5,2,1,2,2,0.5,0.5,0.5,2,0.5,1.38,2,2,0.5
295,0.5,1.38,0.5,2,0.5,2,2,0.5,2,1,0.5,1,1,1,2,1,2,1.38,1.38,2,0.5,2,0.5,0.5,1.38,1,1,1,0.5,0.5,1.38,1.38,2,2,2,1,2,1,0.5,1.38,0.5,0.5,0.5,0.5,2,1,0.5,2,1,1.38
296,0.5,2,1.38,0.5,1.38,1.38,0.5,1,1.38,2,1.38,1.38,0.5,1.38,0.5,1.38,0.5,0.5,1.38,2,2,0.5,1,2,1.38,2,1,0.5,1.38,1,0.5,1,1,2,2,0.5,1.38,1,0.5,2,0.5,0.5,0.5,1.38,1.38,1.38,1.38,1,0.5,0.5
297,1,1,0.5,1,0.5,0.5,1,0.5,2,2,1,0.5,0.5,2,1,1,2,2,0.5,1,2,0.5,1.38,0.5,1,1.38,0.5,1,1.38,1,2,0.5,1.38,0.5,1.38,1.38,2,0.5,2,0.5,1.38,1.38,1.38,1,0.5,2,0.5,1,1,0.5
298,1,0.5,1,2,2,1,0.5,0.5,2,1.38,1,0.5,1.38,1.38,1,0.5,1.38,0.5,1,2,1,1.38,1,2,0.5,0.5,1.38,1,1.38,0.5,2,0.5,1.38,0.5,1,2,1,1.38,2,1,1.38,0.5,2,1,2,0.5,2,2,0.5,1.38
299,1.38,0.5,0.5,1.38,0.5,1,1.38,1.38,1,1,2,1,1.38,1,1.38,0.5,2,2,0.5,1.38,1,0.5,1,2,1.38,0.5,1,2,2,2,0.5,2,2,1.38,1.38,2,1,1,1,1,2,0.5,0.5,2,1,1.38,1,1,1,1.38
300,2,2,2,0.5,0.5,1,0.5,2,2,1.38,1,0.5,1.38,1,0.5,1.38,1.38,1.38,2,1,2,1,1,1.38,1.38,0.5,2,1,1,1.38,1,0.5,0.5,0.5,0.5,1,2,1.38,1,1.38,1.38,0.5,1,1,1,2,1.38,1,1.38,1
301,1,0.5,2,0.5,0.5,2,2,1.38,0.5,1,1.38,1.38,1.38,0.5,2,1,1,1,2,1.38,1.38,1,2,0.5,0.5,1,0.5,2,1,2,1.38,1,0.5,0.5,1.38,0.5,1,1,2,0.5,0.5,1,1,1.38,1.38,0.5,1.38,1.38,0.5,2
302,1,0.5,0.5,0.5,0.5,0.5,1,2,1,1,0.5,2,1,1,0.5,2,0.5,2,2,1.38,0.5,2,1,0.5,1,1,2,0.5,2,2,1.38,1.38,1,0.5,2,2,2,0.5,2,0.5,0.5,1,1.38,1,1.38,1,0.5,0.5,2,1.38
303,0.5,2,0.5,0.5,1,1.38,1.38,1,1,1.38,1.38,0.5,2,1.38,2,0.5,1,2,1.38,0.5,0.5,2,2,1.38,0.5,1.38,1,2,1.38,1,1.38,1.38,0.5,1.38,1,1,1.38,1,1,0.5,2,2,0.5,0.5,1.38,1.38,0.5,1.38,1.38,2
304,1.38,1.38,1.38,1.38,0.5,1.38,2,0.5,1,1,0.5,1,2,0.5,1,1,1,0.5,1,1.38,1,0.5,0.5,0.5,1,0.5,1.38,2,1,2,2,1,2,1,0.5,2,0.5,2,0.5,1.38,0.5,1.38,1,1,2,0.5,0.5,1,2,1.38
305,1,1,1,2,2,1.38,1.38,1.38,0.5,1.38,1,2,1.38,1.38,2,0.5,1.38,0.5,0.5,1,1.38,1,2,1.38,1,0.5,1,1.38,0.5,1,2,1,2,1.38,1.38,2,0.5,1,0.5,0.5,2,1,1,0.5,0.5,2,1,2,0.5,0.5
306,2,0.5,1,0.5,2,2,1.38,1.38,1,1.38,0.5,0.5,0.5,1,1,2,1.38,0.5,1.38,0.5,0.5,2,0.5,1,2,2,1,1,1,0.5,0.5,1,2,0.5,0.5,1,2,0.5,1,1.38,1.38,2,0.5,2,0.5,2,0.5,0.5,1.38,1
307,1.38,1,0.5,1,1,0.5,1,1.38,2,0.5,2,0.5,1,1,2,1.38,1,2,0.5,1,1.38,1.38,0.5,0.5,0.5,1.38,2,1.38,1,1,1.38,0.5,0.5,0.5,2,1.38,2,2,2,1.38,0.5,1,2,2,1,1.38,0.5,1.38,0.5,0.5
308,2,0.5,1,1,1,2,0.5,0.5,0.5,2,1.38,0.5,1,1.38,0.5,1.38,1,2,2,1,1,2,2,1.38,0.5,1.38,0.5,1,1.38,1.38,1,1.38,2,2,1,1.38,0.5,0.5,1.38,0.5,1.38,1,1,1,2,1.38,1.38,0.5,0.5,0.5
309,1.38,1.38,1,1,1.38,0.5,1,1,1.38,2,1,0.5,1.38,0.5,1.38,1,1.38,1,2,1,1.38,1.38,2,1,0.5,1,1,0.5,1.38,0.5,0.5,0.5,1,1,1,0.5,0.5,1.38,1,1,1.38,1,1,1,0.5,2,1,1.38,0.5,1
310,0.5,2,0.5,0.5,0.5,2,2,1,2,2,1,1.38,1,1.38,1.38,2,1,0.5,2,2,1.38,1,0.5,1,2,2,2,0.5,2,1,2,0.5,2,0.5,1.38,2,2,1,2,1,1,1,0.5,1,1,1,0.5,1.38,2,1
311,1,2,1.38,2,1,0.5,2,0.5,1.38,0.5,1,2,0.5,1,1.38,2,0.5,2,2,0.5,2,2,1.38,2,0.5,1.38,0.5,1.38,0.5,1,2,0.5,1,0.5,0.5,2,2,1,1.38,1.38,1,0.5,0.5,1.38,1.38,1,1.38,1.38,0.5,0.5
312,0.5,2,0.5,1,1,1,1,0.5,0.5,2,1.38,0.5,1,0.5,1.38,0.5,2,1.38,1.38,1,2,1,1.38,1.38,1.38,2,0.5,1,1.38,0.5,0.5,0.5,1.38,1.38,1.38,2,0.5,1.38,1.38,0.5,1.38,2,1,0.5,0.5,1.38,1.38,1,1,2
313,1,0.5,2,1.38,2,0.5,2,1,1.38,1,1.38,0.5,0.5,2,0.5,1,1.38,1.38,0.5,2,1,1,1,0.5,1.38,1,0.5,0.5,1,0.5,2,1,2,1.38,0.5,2,0.5,0.5,0.5,0.5,1,1,1.38,1,1,0.5,1,0.5,0.5,2
314,2,1.38,1,2,1,0.5,0.5,2,1,1.38,1.38,0.5,1,1.38,1.38,2,0.5,2,0.5,2,1,1,0.5,1.38,1.38,1.38,0.5,2,0.5,2,0.5,1.38,1.38,1.38,1,2,1,1.38,1.38,1.38,1.38,1.38,2,1,2,1.38,1,1,2,1
315,1,0.5,2,1,1.38,2,2,1,1.38,0.5,0.5,1.38,0.5,1,1,2,1,0.5,1,0.5,2,2,2,0.5,1,1,2,0.5,1,2,0.5,2,0.5,1.38,1.38,2,1,2,2,2,0.5,1.38,2,2,2,2,1.38,1,2,2
316,1.38,1,1.38,2,1,2,1.38,2,2,1.38,1.38,1.38,0.5,2,0.5,0.5,1.38,1.38,1.38,2,1.38,1.38,1.38,0.5,1,1.38,1,1.38,0.5,1.38,1,0.5,2,1,0.5,1.38,1.38,0.5,2,2,0.5,1.38,0.5,1,1.38,0.5,0.5,1.38,0.5,1.38
317,1.38,1,1.38,0.5,1,0.5,1,1,1,1,2,2,2,2,1,2,1.38,0.5,2,0.5,0.5,0.5,0.5,1,0.5,0.5,2,2,2,1,1.38,2,2,2,1,1,0.5,1.38,1,2,0.5,1.38,1.38,1,1.38,2,2,1,2,0.5
318,2,1,1,2,0.5,1,0.5,2,0.5,0.5,1,0.5,2,1.38,1,2,2,1.38,1,1.38,1.38,1.38,1,1.38,1.38,1.38,2,0.5,0.5,0.5,1,2,2,2,1,0.5,0.5,1.38,2,1,1.38,2,1.38,1.38,2,1,2,2,1,2
319,0.5,1,2,1.38,0.5,2,1.38,1,0.5,1.38,1.38,1,1.38,2,2,0.5,1.38,1,1.38,2,1.38,0.5,0.5,0.5,1.38,2,1.38,1.38,2,2,2,1.38,0.5,1,1.38,1.38,1,1.38,0.5,1.38,1,1.38,2,2,0.5,1.38,1.38,1.38,2,0.5
320,2,2,1,0.5,1,2,1,0.5,1.38,2,2,0.5,1,2,2,1,0.5,0.5,2,1.38,1.38,0.5,2,0.5,0.5,0.5,1.38,2,0.5,0.5,2,1.38,0.5,2,1,0.5,0.5,2,2,1.38,2,2,2,0.5,1,2,0.5,1,1.38,1.38
321,2,0.5,0.5,1,1,2,0.5,1,1,1.38,0.5,1,0.5,0.5,2,0.5,2,0.5,1.38,1,2,2,0.5,1.38,2,2,2,0.5,1.38,1,1,2,1,2,2,0.5,1,1.38,1.38,1,2,2,1,0.5,2,0.5,1.38,2,2,0.5
322,0.5,0.5,2,1.38,1.38,2,2,2,0.5,1.38,2,1.38,1.38,2,2,2,0.5,1,2,1,2,1.38,1,0.5,0.5,1,2,0.5,0.5,1.38,1,2,0.5,1,0.5,1,1.38,2,2,0.5,0.5,2,0.5,1,1.38,2,2,1.38,1.38,1.38
323,0.5,2,1,1,1.38,1,1,1,2,0.5,0.5,0.5,2,1,2,1.38,1.38,1.38,1.38,0.5,2,1.38,0.5,1.38,1.38,2,0.5,1,0.5,1.38,0.5,1.38,1.38,1,1.38,2,2,0.5,2,1,1,2,2,0.5,1.38,1,1,2,0.5,1
324,2,1,2,1,1.38,0.5,1.38,2,0.5,1.38,1.38,1.38,0.5,1,2,1,0.5,2,2,1.38,2,1.38,0.5,2,1.38,1.38,0.5,2,0.5,0.5,1.38,1.38,1.38,0.5,0.5,1.38,2,0.5,2,1,1.38,1,1,1,1.38,0.5,0.5,2,2,1
325,1,2,0.5,1.38,2,1.38,1,1.38,2,0.5,0.5,0.5,1.38,0.5,0.5,1.38,1.38,1.38,1,2,1.38,1,1,0.5,1.38,1.38,1,0.5,1,0.5,1,1,1.38,2,1,2,1.38,1.38,1.38,2,0.5,1,1.38,0.5,1.38,1,1,1,1,0.5
326,1.38,0.5,1,2,0.5,1.38,1.38,0.5,2,1,1,1.38,0.5,0.5,1,1,0.5,1.38,1,0.5,0.5,2,1.38,2,1,0.5,1,0.5,1.38,0.5,1,2,1.38,1,1.38,2,0.5,0.5,0.5,1,1,0.5,1,0.5,2,1,1.38,2,1,1
327,2,1,0.5,1,1.38,0.5,1,0.5,1.38,1,1.38,1,0.5,1.38,1.38,1,2,2,2,2,1,1.38,0.5,0.5,1,1.38,1.38,1.38,1,2,0.5,0.5,0.5,1,2,1.38,2,1,0.5,0.5,1,2,1.38,1.38,1,1,1.38,1,1,0.5
328,0.5,1,1.38,2,1.38,0.5,2,2,0.5,1,1,1,1,1.38,0.5,1.38,1,1.38,1,1,1,1,1,2,1,1.38,1.38,2,0.5,2,1,1.38,0.5,1.38,0.5,0.5,0.5,1.38,1,0.5,2,0.5,2,0.5,0.5,1,1.38,1,2,0.5
329,0.5,0.5,1,2,2,2,1.38,0.5,0.5,1,1,1,2,1,0.5,0.5,1.38,1.38,2,1,2,2,2,2,2,2,0.5,1,1,1,1.38,2,0.5,1,0.5,0.5,1,1,2,0.5,1,2,0.5,0.5,0.5,0.5,0.5,0.5,1.38,1.38
330,2,1,1.38,2,0.5,1.38,2,2,0.5,1.38,1.38,1.38,2,1,0.5,1,0.5,1,1,1,1.38,1,2,1.38,0.5,2,1,0.5,1,1,1,1,1.38,1,1.38,1.38,0.5,2,1,1.38,1,2,1.38,1.38,2,1.38,1,2,1.38,1.38
331,2,1.38,2,0.5,1.38,2,2,2,1.38,1.38,1,2,2,0.5,0.5,2,1,2,1.38,1.38,2,2,0.5,2,0.5,1,1.38,0.5,1,0.5,0.5,2,1,2,0.5,1,1.38,2,2,2,1,0.5,2,0.5,1,2,0.5,1.38,2,2
332,0.5,0.5,0.5,2,0.5,1,1.38,2,1,1,1,1.38,1.38,1,0.5,0.5,0.5,2,1,2,0.5,1,2,0.5,0.5,0.5,2,1.38,1,2,1,1,1.38,0.5,1.38,1.38,0.5,2,2,2,2,1,2,2,0.5,0.5,1.38,1.38,0.5,2
333,1,2,0.5,0.5,0.5,2,1,0.5,1.38,1,2,0.5,1,1.38,0.5,1.38,0.5,2,1,1,1.38,0.5,1,0.5,1,0.5,1.38,0.5,2,2,0.5,2,0.5,2,2,1.38,0.5,1,0.5,1.38,0.5,2,1,2,2,1.38,2,1.38,2,0.5
334,2,0.5,2,0.5,0.5,0.5,2,2,1.38,2,2,1.38,2,2,0.5,1,0.5,0.5,0.5,2,1,1.38,2,2,1.38,1.38,1.38,1.38,1,2,2,2,2,1.38,1.38,1,1.38,0.5,1.38,2,1,1.38,1.38,0.5,1.38,2,2,1,1,2
335,0.5,1.38,1.38,1,2,1.38,1.38,1,1,1.38,1.38,1,1,1.38,2,1,0.5,1,1,2,2,0.5,1.38,1,1.38,1.38,1.38,2,1.38,1.38,1.38,1.38,1,2,2,1,2,1,1,1.38,1,1.38,0.5,1,0.5,0.5,0.5,0.5,1.38,1
336,0.5,0.5,2,0.5,1,1,1,2,2,0.5,1,0.5,2,1.38,0.5,1.38,1,1.38,1.38,2,1,1,2,1,1.38,1.38,2,1,2,1.38,1.38,2,2,0.5,0.5,1.38,0.5,2,2,0.5,2,1,2,1,2,1,1,2,1,2
337,2,0.5,2,1,2,1,1,2,0.5,2,2,1.38,2,1,1,1.38,1.38,1.38,1,0.5,1.38,0.5,1,2,0.5,0.5,2,1,1.38,1,1,2,2,1.38,1,1,2,2,1,1,0.5,1.38,2,1,2,1.38,1,1.38,0.5,0.5
338,0.5,1.38,2,1.38,2,1.38,1.38,1.38,1.38,2,1.38,0.5,0.5,0.5,1.38,1.38,2,0.5,2,1.38,1.38,2,0.5,1,0.5,0.5,1.38,0.5,2,0.5,2,1.38,1,1,1.38,1.38,0.5,1.38,2,0.5,0.5,2,2,0.5,2,1,1,0.5,1,1.38
339,1,2,0.5,2,1.38,2,1,1,1.38,1.38,2,0.5,1.38,0.5,2,2,1,0.5,1.38,2,1.38,1,0.5,2,2,1,1,0.5,1.38,0.5,0.5,0.5,2,0.5,0.5,2,2,2,1.38,0.5,1.38,0.5,2,0.5,2,2,1.38,1.38,1,0.5
340,0.5,0.5,2,0.5,2,2,1,1.38,2,2,1.38,2,2,1,0.5,1,0.5,1,2,0.5,1,2,1,0.5,1,1,0.5,0.5,1,1,1.38,1,1.38,1,1,1.38,1,1,1.38,2,2,0.5,1.38,1,1,1,1.38,0.5,1.38,1.38
341,1.38,1,1.38,1.38,1.38,1,1.38,2,0.5,2,2,2,1.38,1,0.5,2,0.5,0.5,2,1,0.5,1,1,1.38,2,1,2,1.38,1.38,1.38,1.38,2,0.5,0.5,1.38,2,2,0.5,1,1,2,1.38,0.5,0.5,2,2,1,0.5,1.38,1.38
342,2,1.38,1,1.38,0.5,0.5,1,0.5,1,1.38,2,1,1,0.5,1,1,1.38,2,0.5,1,1,2,1,1.38,1.38,1.38,2,0.5,0.5,1,1.38,0.5,2,0.5,0.5,0.5,1.38,1.38,1,1.38,0.5,1.38,0.5,1,1.38,1.38,1,2,0.5,1.38
343,1.38,2,1.38,1,0.5,1,0.5,1,1,1.38,0.5,0.5,0.5,0.5,0.5,1,1,2,2,0.5,1,0.5,0.5,0.5,1.38,1.38,0.5,2,2,0.5,1.38,0.5,1.38,1.38,1,1.38,0.5,0.5,1.38,0.5,1,2,1,2,0.5,2,1,1,1,1
344,2,1,1,1.38,1.38,0.5,2,0.5,1,2,0.5,2,2,0.5,0.5,1,2,1,0.5,1.38,1.38,0.5,1.38,2,0.5,1,1,1.38,0.5,2,2,1,1.38,1,2,1,1.38,2,1,1.38,0.5,1.38,1,0.5,1,1,2,1.38,1,1
345,1.38,0.5,1,1,2,1,2,2,2,0.5,1.38,0.5,1.38,2,1,0.5,1.38,1,1.38,2,1,1.38,0.5,2,1.38,0.5,2,1,2,1,1,1.38,1.38,1.38,1.38,1,1,1.38,1,1.38,1,1,0.5,1,1,1.38,1,1,1,0.5
346,1,1,1.38,0.5,1.38,2,1.38,1.38,0.5,1.38,0.5,2,0.5,0.5,1.38,0.5,1.38,1.38,1.38,1.38,1.38,2,0.5,2,2,1,0.5,1,0.5,0.5,0.5,0.5,2,2,1.38,1.38,1,1,2,0.5,1,0.5,1,0.5,1.38,1,1,2,0.5,1.38
347,0.5,2,1,1,1,1,1.38,1,1,0.5,2,0.5,0.5,1,2,0.5,0.5,0.5,0.5,1.38,1.38,2,0.5,1.38,2,2,1.38,1,1.38,2,2,1,2,1,0.5,1.38,0.5,2,1.38,2,1,1.38,1,0.5,0.5,1.38,0.5,2,1.38,2
348,1.38,2,2,0.5,1,1.38,0.5,1,1,1.38,0.5,2,2,1,2,2,2,2,2,1,2,1.38,2,2,1.38,1.38,2,1,2,0.5,2,1.38,0.5,0.5,1,2,0.5,1,0.5,0.5,1,1,2,0.5,1,0.5,1.38,1.38,2,1
349,1.38,1,1,1,1,1.38,1,2,0.5,1,1.38,0.5,1.38,2,2,1.38,0.5,1.38,2,1.38,1.38,1,1.38,2,0.5,1,1.38,1.38,1.38,1,2,2,2,0.5,2,0.5,2,1,2,2,2,1,2,1.38,1.38,1,2,0.5,0.5,0.5
350,1,1,1,0.5,2,1.38,1.38,1.38,2,1,2,1,1,2,2,1,2,1,1,1,1,1,0.5,1,0.5,1,0.5,1.38,0.5,0.5,2,1.38,0.5,2,1,1.38,1.38,0.5,0.5,1.38,2,2,0.5,2,1.38,1.38,1.38,1,2,1.38
351,1,1,0.5,1.38,1.38,2,1.38,1.38,1.38,2,2,1.38,0.5,2,1,1.38,0.5,0.5,0.5,0.5,0.5,1,1,0.5,1.38,1.38,1.38,0.5,0.5,1,1,1,1.38,0.5,1,1,2,1,0.5,1,1,1,2,2,2,1,1.38,2,1,2
352,2,1.38,2,1.38,1.38,1,2,0.5,1.38,1.38,2,0.5,1,2,1.38,1.38,1,1.38,1,0.5,0.5,1,1,2,0.5,1.38,0.5,1,0.5,1,2,1.38,0.5,1.38,1.38,2,1,2,0.5,0.5,0.5,0.5,2,2,1.38,1.38,1.38,1,0.5,1
353,1,1.38,1.38,2,1,1,1,1,1.38,1.38,2,0.5,2,0.5,1,1.38,1.38,1,2,0.5,1,2,1.38,1,1,1,0.5,1.38,1,1,0.5,2,1,2,0.5,0.5,1,2,2,1,0.5,2,1,1.38,1.38,1.38,2,1,2,0.5
354,0.5,1.38,0.5,2,2,2,1.38,2,0.5,1.38,2,0.5,1.38,0.5,2,0.5,1.38,1.38,2,2,1,1.38,1.38,1.38,0.5,2,0.5,1.38,2,1,2,0.5,0.5,1.38,1.38,1,0.5,0.5,1,0.5,1,2,0.5,2,1,0.5,2,1.38,2,0.5
355,1,1,0.5,2,1.38,0.5,2,2,2,0.5,1.38,2,2,1,0.5,1,0.5,1,1.38,1.38,1,1.38,1.38,2,0.5,0.5,1.38,2,1.38,1,0.5,2,2,0.5,1.38,1.38,2,0.5,1.38,2,0.5,1,1.38,2,1,1,1.38,0.5,1.38,1
356,1,1.38,1.38,2,0.5,2,1.38,2,1,0.5,0.5,1.38,2,1.38,2,0.5,1.38,0.5,0.5,1.38,1.38,1,2,1.38,1.38,0.5,1,1,1.38,1.38,0.5,1,0.5,1,2,0.5,2,1,1,0.5,1.38,2,0.5,2,0.5,2,1,1.38,0.5,2
357,1.38,0.5,1,1,0.5,0.5,1.38,2,1.38,0.5,1.38,1.38,2,1,2,1.38,1.38,1.38,0.5,1.38,1.38,2,1,1.38,1,0.5,1.38,2,0.5,1.38,2,1,0.5,1,1.38,1.38,2,1,0.5,1,1,2,0.5,0.5,1,1.38,1.38,2,1.38,2
358,1,1.38,0.5,0.5,0.5,1.38,0.5,2,1,1,2,2,0.5,2,2,0.5,1,1.38,1,2,1,2,2,2,0.5,0.5,2,1,1,1,1,1,1,2,1,0.5,1,1,0.5,2,1.38,1.38,0.5,2,1.38,0.5,0.5,1,1,0.5
359,0.5,1,0.5,1.38,1,2,1.38,1,1.38,2,2,1,1,2,0.5,0.5,2,2,2,1,1,1,0.5,0.5,1,1,0.5,0.5,1.38,1,1,2,0.5,1,2,0.5,2,1,1,0.5,1.38,1.38,1,1.38,2,1,1.38,0.5,1.38,2
360,2,0.5,2,0.5,1.38,2,1.38,1.38,1.38,1.38,1,0.5,0.5,1,0.5,0.5,1.38,0.5,1,1,0.5,2,1.38,0.5,2,1,1.38,1,1.38,1,1,1.38,2,1,0.5,1,1,0.5,0.5,1,0.5,1.38,2,0.5,1,0.5,1,1,0.5,1
361,0.5,1.38,1,1,1,2,1,1.38,2,2,1.38,1.38,2,1.38,2,0.5,1,1,1,2,2,2,2,1,2,0.5,2,1,1,1,1,2,1,1.38,1.38,2,0.5,1,0.5,1.38,0.5,2,2,1.38,1,1.38,1,0.5,0.5,2
362,0.5,0.5,0.5,1,0.5,0.5,1.38,1.38,2,1,1.38,1.38,2,1,0.5,1.38,0.5,2,1,1,2,0.5,1.38,0.5,1.38,2,2,1,1.38,2,1,0.5,0.5,0.5,0.5,2,0.5,1,0.5,0.5,0.5,1.38,1,2,1,1,1.38,1.38,1,2
363,2,2,1,2,2,0.5,1,0.5,0.5,2,1.38,1,1,2,1.38,0.5,1,1.38,0.5,1.38,2,1,1.38,0.5,1.38,1.38,1.38,1,0.5,2,2,1,1,1.38,1.38,1,1,2,1,0.5,1.38,1,1,1.38,1,0.5,0.5,1,1.38,2
364,1,0.5,1,0.5,1,0.5,1.38,2,1,1.38,2,1.38,1.38,1.38,2,1,0.5,0.5,1,1.38,0.5,1.38,2,0.5,2,2,1.38,1,1.38,0.5,1,1.38,2,0.5,2,0.5,0.5,1,1.38,1.38,1,2,1.38,1,1.38,0.5,2,2,1.38,0.5
365,0.5,1.38,1.38,1,0.5,2,1,0.5,1.38,1,2,1.38,1.38,2,0.5,1,1.38,2,1.38,1.38,1.38,0.5,2,1,1.38,1.38,1.38,0.5,1.38,2,0.5,0.5,1.38,1.38,1.38,2,2,0.5,1.38,1,2,1,1,2,1,2,1.38,0.5,2,0.5
366,0.5,2,1.38,2,0.5,1,0.5,1.38,1.38,1,1.38,0.5,1,2,0.5,2,1.38,2,1,2,1,1,2,2,2,1.38,2,2,1,1.38,2,2,0.5,1,1,1,1.38,2,1,1.38,0.5,2,1,1.38,2,2,1.38,1,1,1
367,0.5,2,1,1,2,1,2,0.5,1,2,2,1,2,2,2,2,0.5,0.5,1.38,1.38,1,2,0.5,2,0.5,2,0.5,1,0.5,0.5,2,1.38,0.5,2,1,1.38,1.38,1,1.38,2,1,2,0.5,0.5,1,0.5,0.5,1.38,1.38,2
368,2,1,0.5,0.5,0.5,0.5,2,0.5,2,1,2,1,0.5,2,1,1,1.38,1.38,0.5,1,1.38,0.5,0.5,2,0.5,2,1.38,1,1.38,0.5,1.38,1.38,1.38,1.38,0.5,0.5,1,1,1.38,0.5,1,0.5,1.38,1.38,0.5,2,1,2,2,0.5
369,1.38,1,2,0.5,1,2,2,1,0.5,2,2,1.38,0.5,1.38,1,1.38,0.5,1,1,2,0.5,1,1.38,0.5,1,0.5,0.5,1,1,1.38,1,0.5,0.5,1,0.5,0.5,1,1.38,0.5,0.5,1.38,1,2,1.38,2,1,0.5,0.5,0.5,1.38
370,0.5,2,1,1,2,1.38,0.5,1.38,0.5,1.38,0.5,1.38,1,1,1,2,1,1.38,1.38,1.38,1.38,1.38,1,2,1,0.5,0.5,2,2,0.5,0.5,0.5,1.38,0.5,1.38,1,2,0.5,1.38,0.5,1.38,1,2,1.38,2,2,2,0.5,2,2
371,2,2,1,2,1,1.38,1.38,1,2,2,1,1,1,2,1,0.5,2,1,1.38,0.5,1,1.38,2,2,1.38,0.5,0.5,1,1.38,0.5,0.5,2,0.5,1.38,0.5,2,1,1,2,2,1.38,1.38,1.38,2,2,0.5,2,2,1,2
372,1,1.38,0.5,1.38,0.5,2,1,1,1.38,2,0.5,1,2,1,2,1,1,1.38,0.5,1,2,0.5,2,0.5,2,2,1.38,1,0.5,2,1,1,1,1.38,0.5,2,1.38,1,2,1.38,2,1,1.38,1,1,2,1.38,1,1,1.38
373,1,1.38,0.5,2,2,2,0.5,0.5,0.5,0.5,1.38,0.5,1.38,1.38,2,1.38,2,2,2,1.38,1,1.38,0.5,1.38,1,1.38,2,0.5,1,1,2,1.38,2,0.5,1,1,0.5,2,1,2,1.38,0.5,1,1.38,1.38,0.5,1.38,0.5,1.38,1.38
374,1,2,0.5,0.5,2,1,2,1,1,0.5,1,1,1,0.5,1.38,1.38,1.38,2,2,1.38,1.38,1.38,0.5,0.5,1,0.5,0.5,2,1.38,0.5,2,0.5,1.38,1,1,2,2,0.5,2,2,1.38,2,2,0.5,1,1,1,0.5,1,0.5
375,0.5,1,1,2,1.38,1.38,1,1.38,0.5,2,1.38,2,1,1.38,1,0.5,0.5,1.38,1.38,2,1,0.5,0.5,2,2,2,0.5,2,0.5,2,2,2,1.38,0.5,2,0.5,1,2,2,0.5,0.5,0.5,0.5,1.38,2,1,1.38,0.5,0.5,1
376,2,1.38,1,0.5,0.5,2,2,2,1.38,0.5,1,1,1,1.38,0.5,0.5,2,0.5,0.5,2,1.38,2,1.38,0.5,1.38,0.5,1,1.38,1.38,1,0.5,0.5,1.38,1.38,0.5,2,1.38,1.38,1,0.5,2,1.38,1,1.38,2,1.38,2,0.5,1.38,1
377,1,1.38,2,2,0.5,1,1,2,1,1,2,1.38,1,2,2,1.38,2,1.38,2,1,2,2,0.5,1.38,1.38,1,1,1.38,1.38,1,0.5,0.5,0.5,2,2,1.38,0.5,1.38,2,0.5,2,1.38,0.5,2,0.5,0.5,2,1.38,1.38,2
378,1.38,1.38,0.5,1.38,1.38,2,0.5,0.5,2,2,2,1.38,1,1.38,1,0.5,2,1.38,1,0.5,1,2,2,1,2,1,1,0.5,1,1,0.5,0.5,0.5,1.38,1.38,1.38,1,2,1.38,1.38,2,1.38,0.5,1,1,2,1,0.5,0.5,0.5
379,1,1,1,2,1.38,1,2,0.5,1,2,0.5,1,0.5,1.38,2,2,0.5,0.5,1,0.5,1.38,1,1.38,2,0.5,2,2,0.5,2,1.38,1.38,2,0.5,0.5,1,2,1.38,0.5,0.5,0.5,1,2,1.38,1,2,0.5,2,1,1,2
380,0.5,1,0.5,1.38,0.5,2,1.38,1.38,0.5,0.5,0.5,1.38,1,2,1.38,2,1,1.38,0.5,0.5,2,2,1.38,1,1,2,1,2,1.38,1.38,0.5,1,1.38,1,2,0.5,1,0.5,1,1,0.5,1,0.5,1,0.5,2,1,0.5,2,1.38
381,1.38,1.38,0.5,0.5,1,2,1.38,1,0.5,2,2,1,1,1.38,2,0.5,1,1.38,1.38,0.5,1,2,1.38,1,1,0.5,1,1.38,2,1,1.38,1,2,2,1.38,1,1.38,1.38,1,2,1,0.5,0.5,1,2,0.5,1,1.38,1.38,0.5
382,0.5,1.38,1.38,2,1,1.38,0.5,0.5,1.38,1.38,1,1.38,0.5,0.5,1.38,1.38,2,2,0.5,1.38,1,2,2,1,0.5,1.38,1.38,2,2,0.5,0.5,1.38,1.38,1,1.38,0.5,0.5,1,0.5,2,1.38,2,0.5,1.38,1.38,1,0.5,1,1,1
383,1,1,1.38,2,1,1,1.38,2,1,1,1,1,0.5,0.5,0.5,0.5,1.38,2,2,1,1.38,1,2,2,2,2,2,2,0.5,1,2,2,1,2,1,0.5,2,1.38,0.5,2,2,0.5,1,2,1.38,0.5,1,1,0.5,1
384,1.38,1,1,2,1,0.5,0.5,1.38,0.5,1,0.5,1,1.38,0.5,2,0.5,1,0.5,1.38,0.5,1,2,1.38,1.38,2,1.38,1.38,0.5,1,0.5,2,2,1,2,1.38,1,1,1.38,2,1,0.5,1.38,1.38,1.38,1.38,1.38,2,0.5,1.38,0.5
385,1.38,0.5,1,1.38,2,2,0.5,0.5,0.5,1,2,1.38,1,2,1,0.5,0.5,2,1.38,0.5,0.5,1.38,2,1,0.5,2,1.38,1.38,0.5,1.38,1.38,1,0.5,1.38,0.5,1,1,1,2,1.38,1,2,1.38,1.38,0.5,2,0.5,1,1.38,0.5
386,1,2,2,1.38,2,1.38,2,2,1.38,2,2,0.5,1.38,2,1,0.5,1,2,2,2,0.5,2,2,0.5,2,1,2,1,0.5,1.38,2,0.5,1.38,1,1,0.5,0.5,2,1.38,1,1,1.38,1.38,1.38,1,1.38,1.38,1.38,1.38,1
387,0.5,1,0.5,0.5,2,0.5,1.38,1.38,2,1,2,1.38,0.5,2,2,1,0.5,1,1,0.5,1,1,2,2,1,0.5,1,0.5,0.5,1,2,1.38,0.5,1.38,2,1.38,1.38,1.38,0.5,1,2,2,1,0.5,1.38,0.5,1.38,1,0.5,1
388,1,0.5,0.5,1.38,2,1.38,1.38,1.38,2,2,1.38,0.5,1,1.38,1.38,0.5,1.38,1.38,1,1,1,1,1,0.5,2,0.5,1,1.38,1,1,0.5,1,1,1,1.38,0.5,1,1,1,2,2,1.38,1.38,1,1.38,0.5,2,2,2,1.38
389,2,1,1,2,0.5,2,0.5,1.38,1,1.38,0.5,1.38,1,0.5,0.5,2,1.38,1.38,0.5,1,1,1,1,1.38,1,2,1,1.38,0.5,1,2,2,2,2,2,0.5,1,0.5,1.38,1,2,0.5,2,0.5,1.38,1,1,2,1,1
390,1.38,1.38,0.5,0.5,2,1.38,1,2,2,0.5,1.38,0.5,0.5,2,1.38,1,0.5,2,1,0.5,0.5,2,2,1.38,0.5,1,1,1.38,1.38,2,1,1,2,1,2,1.38,0.5,0.5,2,1.38,1,0.5,1.38,2,1,1.38,1.38,1,1,0.5
391,0.5,1,1,2,0.5,2,2,0.5,2,1,1.38,2,2,1.38,1,2,1,0.5,2,1.38,2,1.38,1,1,0.5,2,1.38,0.5,1.38,2,1,1,0.5,1,1,0.5,0.5,2,2,1.38,1,1.38,1.38,1.38,0.5,1.38,2,1.38,1,1.38
392,1.38,1,0.5,0.5,2,1,0.5,1.38,1,1,1.38,1.38,1.38,1.38,1.38,1.38,0.5,0.5,0.5,2,0.5,1,1,1.38,2,0.5,1.38,2,0.5,0.5,0.5,1,1,0.5,0.5,1,2,1,2,1.38,1.38,1,1.38,1.38,2,0.5,2,1,1.38,0.5
393,1.38,0.5,1,1,1.38,2,0.5,1.38,0.5,2,2,1,1,1,1,0.5,1.38,0.5,1.38,1.38,0.5,1.38,0.5,1,2,1,0.5,1.38,1.38,0.5,1.38,0.5,1.38,0.5,0.5,0.5,1,1.38,1,1,0.5,1.38,1.38,0.5,1.38,2,2,0.5,1.38,1.38
394,2,0.5,2,1.38,2,2,1.38,1,2,2,1,1.38,2,1,1,2,1,1.38,0.5,1.38,2,1,1.38,2,1.38,0.5,0.5,0.5,2,0.5,2,1,2,0.5,1.38,1.38,1,0.5,2,2,2,2,1.38,1.38,1,1.38,1.38,1.38,0.5,0.5
395,0.5,0.5,1,2,0.5,1,2,1.38,1,1,2,1,0.5,2,1,2,0.5,1.38,2,1.38,0.5,1,1,0.5,1,2,2,2,0.5,1,2,2,1,1.38,1,0.5,2,2,1.38,2,1,1.38,1,2,2,2,2,2,2,0.5
396,2,1.38,1,0.5,1,2,1,1.38,1.38,1,1,1.38,2,0.5,1.38,1.38,1.38,0.5,1,0.5,0.5,1,1.38,1.38,1.38,0.5,1.38,0.5,1.38,1.38,1,1.38,2,0.5,1,0.5,1.38,1,1,1,2,1.38,1,1,1.38,1.38,0.5,1.38,1.38,0.5
397,0.5,2,0.5,1,0.5,2,0.5,1.38,2,1.38,1,1.38,1,1,2,1,2,0.5,1,1,0.5,2,1,1.38,1,2,2,0.5,1,0.5,1.38,2,1,1.38,1,0.5,1,0.5,1.38,1,1,1,2,0.5,2,0.5,0.5,2,1,1.38
398,1.38,2,2,2,2,1.38,1,2,0.5,1,0.5,2,0.5,1,0.5,0.5,0.5,1,1,2,1,1.38,1,0.5,2,0.5,0.5,1.38,0.5,2,0.5,1,1,0.5,1,1.38,1.38,1,2,1.38,1,1,1,2,1.38,0.5,1.38,2,2,0.5
399,1,0.5,1,1,2,2,1.38,1.38,1,0.5,1.38,1.38,2,2,1.38,2,0.5,1,0.5,1.38,2,1,1.38,2,0.5,1.38,1.38,1.38,2,1.38,1.38,0.5,2,0.5,1,0.5,2,1,0.5,0.5,2,0.5,1,1.38,2,1,2,1,1.38,0.5
400,1,2,1,1.38,1,2,2,1,1.38,1,1,1.38,2,2,1,2,1.38,1.38,1,1.38,2,1.38,2,2,1,1.38,0.5,1,2,1,0.5,0.5,0.5,1.38,2,0.5,1,1,1,1.38,1,0.5,0.5,2,2,1.38,1,1.38,2,2
401,1.38,2,0.5,2,2,0.5,1.38,1.38,1,1,0.5,2,2,1,2,2,0.5,1.38,2,2,1,2,1.38,0.5,1.38,0.5,1,1,1.38,0.5,2,1.38,1.38,2,2,1,0.5,1.38,2,1,0.5,1.38,0.5,1,0.5,1,0.5,0.5,0.5,0.5
402,0.5,1,1.38,1.38,0.5,1.38,2,1.38,2,1.38,1,0.5,0.5,2,0.5,1,1,2,1.38,0.5,1.38,0.5,1.38,1.38,2,1,0.5,1,2,1.38,0.5,1,1,0.5,1,0.5,2,2,1,1,1.38,2,1,1,1.38,2,0.5,1,0.5,0.5
403,0.5,2,0.5,0.5,0.5,2,0.5,1.38,1.38,2,0.5,1.38,0.5,1.38,0.5,1,1,1.38,1,1,1,0.5,1.38,0.5,0.5,2,1,0.5,1,0.5,0.5,1.38,2,0.5,1,1.38,2,1.38,1,1.38,0.5,0.5,1,1.38,1,2,0.5,2,2,1
404,1.38,1,1,1.38,1.38,0.5,1.38,1,0.5,0.5,1.38,2,0.5,1,1,1.38,2,0.5,1.38,0.5,1,1,1,0.5,1,1,1,1,1,1,2,1,1.38,1.38,1,1.38,1.38,1.38,2,1,1,1.38,1.38,2,1.38,2,1.38,1.38,0.5,0.5
405,1,2,1,1.38,1.38,1,2,1.38,2,2,2,2,1,1.38,1,0.5,1,1,1,1.38,1.38,2,2,1.38,1,2,2,2,0.5,1.38,2,2,0.5,1.38,2,0.5,2,1.38,1,0.5,1,1,1.38,1,0.5,1,0.5,0.5,1.38,0.5
406,1,1,0.5,0.5,2,2,1.38,2,1,1,2,2,1,1.38,0.5,1.38,1.38,0.5,1.38,1,0.5,1.38,2,2,0.5,1.38,1.38,2,2,1,1.38,2,0.5,0.5,0.5,1.38,0.5,1,1.38,1,1.38,1,0.5,0.5,1,2,2,0.5,2,1.38
407,1.38,1.38,0.5,2,0.5,1,1,1.38,0.5,1,2,0.5,0.5,0.5,1,1.38,0.5,2,1.38,1,0.5,1.38,2,2,1.38,2,1,1.38,1.38,0.5,1.38,1.38,1,2,0.5,2,0.5,1.38,1.38,0.5,1,1.38,1,0.5,1.38,0.5,0.5,1,1.38,1.38
408,0.5,1,1.38,0.5,0.5,0.5,1.38,0.5,2,2,0.5,1.38,1.38,0.5,1,1.38,0.5,1,1,1.38,1,1.38,1.38,1,1.38,1.38,1,1.38,1.38,1.38,1.38,1.38,0.5,1.38,2,1.38,1.38,2,1.38,2,0.5,1.38,1,2,1,1,1.38,1.38,2,2
409,2,0.5,2,1,1.38,2,1,1,2,1.38,2,1.38,1,0.5,1.38,1.38,1,2,2,1,0.5,1.38,1.38,2,2,1,0.5,0.5,1.38,1,2,1.38,1.38,0.5,1,2,0.5,1,1.38,0.5,1,1.38,1,1,2,0.5,1,0.5,2,0.5
410,1.38,2,0.5,2,0.5,1.38,1,2,1.38,1,1.38,1,2,2,1.38,1.38,1,2,1,1,2,0.5,1,1,1,1,2,2,0.5,1,1,0.5,2,0.5,0.5,0.5,1,0.5,2,0.5,2,1,2,1,1,0.5,0.5,2,0.5,0.5
411,0.5,1,1.38,1.38,1,1,1.38,1.38,0.5,2,1.38,0.5,0.5,0.5,0.5,0.5,0.5,0.5,1,1.38,2,1,2,1,2,1.38,1,2,1,1,0.5,1,1.38,0.5,1,1.38,0.5,2,1.38,1.38,1.38,1.38,2,2,1,2,2,0.5,1.38,1.38
412,1,2,1.38,1.38,1.38,1.38,0.5,1.38,1.38,1,1,0.5,0.5,0.5,2,1,2,1.38,1,0.5,2,2,0.5,0.5,1.38,2,2,1.38,1.38,2,0.5,2,1.38,0.5,0.5,1,2,2,0.5,1,2,2,2,2,2,0.5,1,0.5,2,1
413,0.5,1.38,2,1,1.38,0.5,0.5,0.5,1.38,1.38,1.38,1.38,0.5,1.38,2,1.38,1,0.5,0.5,0.5,1,1,1,1,1,1,1.38,0.5,2,1.38,1.38,1.38,0.5,1,1.38,0.5,1.38,0.5,2,1.38,0.5,2,1,0.5,1.38,2,2,0.5,0.5,2
414,1.38,2,0.5,0.5,1,0.5,2,2,2,2,0.5,0.5,2,0.5,1.38,0.5,2,1.38,1,2,0.5,1,1.38,0.5,1.38,2,1.38,1,2,1.38,0.5,1,2,1.38,1.38,0.5,0.5,1,1.38,2,1.38,1.38,1.38,0.5,2,0.5,1.38,1.38,1.38,0.5
415,1,0.5,1.38,2,1,2,1.38,1,1,2,2,0.5,0.5,2,0.5,1,0.5,0.5,1,0.5,1,1.38,1,0.5,0.5,1.38,0.5,2,0.5,2,0.5,0.5,0.5,1.38,2,1,0.5,0.5,0.5,0.5,0.5,0.5,1,0.5,2,0.5,0.5,2,0.5,2
416,0.5,0.5,1,1.38,0.5,2,1.38,0.5,1,2,0.5,0.5,1,2,1,0.5,2,1,1.38,1,1,0.5,2,1,1.38,1.38,0.5,2,0.5,2,1.38,1.38,0.5,0.5,1.38,0.5,0.5,2,2,0.5,0.5,1.38,0.5,1.38,1,1,0.5,2,0.5,1
417,2,0.5,1,1.38,0.5,1,1.38,0.5,0.5,1.38,2,1,1.38,1.38,1,1,1.38,1.38,2,2,1.38,0.5,1,0.5,2,1,1,1,0.5,2,0.5,1,0.5,2,1,1,1,1.38,2,1,1.38,0.5,2,1,1,2,1,1,0.5,0.5
418,0.5,0.5,1,1,1.38,2,1,0.5,1,0.5,0.5,1.38,0.5,0.5,0.5,1,2,0.5,2,2,1.38,1,0.5,1,0.5,2,1.38,0.5,1.38,1,1,1.38,1.38,0.5,1,2,1,1.38,2,2,1.38,0.5,1,1.38,2,1,1.38,0.5,1,2
419,1.38,1.38,1,2,2,1.38,1,2,2,2,0.5,1,2,2,1,1.38,1,1.38,0.5,1.38,1.38,0.5,0.5,1,0.5,1.38,1,0.5,1,0.5,1.38,1.38,1.38,1.38,1,2,1.38,1.38,2,0.5,0.5,1,2,2,1,1.38,1,0.5,2,1.38
420,2,1.38,2,1.38,1,0.5,1.38,2,2,1.38,1.38,1.38,1,0.5,2,2,0.5,1,2,1,1,2,1.38,1.38,1,1.38,0.5,1.38,1,2,1.38,1,1.38,1,1,0.5,2,1,2,1.38,0.5,1.38,0.5,1.38,2,2,1.38,1,0.5,2
421,2,1,1.38,1,1,2,1,1,1.38,1,1.38,2,1,1.38,1.38,1.38,2,0.5,2,2,2,2,1.38,0.5,1.38,0.5,0.5,1,1.38,2,1,1,2,0.5,0.5,1,0.5,2,0.5,1,1,1,2,0.5,0.5,1,0.5,1,1.38,2
422,1.38,1,1,1,1.38,0.5,1,0.5,1,1,1,2,0.5,0.5,1.38,1,1.38,0.5,1,1.38,1,1.38,1.38,1.38,1.38,1.38,1.38,2,2,2,0.5,2,2,2,1,2,2,2,1,1.38,2,1,1.38,1.38,2,0.5,2,1,2,1
423,0.5,1,0.5,2,1,1,1,1.38,1.38,1.38,1.38,1,1,0.5,2,1,1.38,1,1.38,1,0.5,1,2,0.5,1.38,2,0.5,1.38,2,0.5,0.5,1,0.5,1,1.38,1,2,1,1,2,0.5,1.38,1.38,1,1.38,1.38,2,1.38,0.5,1
424,1.38,1,1.38,1,0.5,2,2,2,1,2,1,1.38,0.5,0.5,2,0.5,0.5,1,1.38,0.5,1.38,0.5,0.5,1.38,0.5,2,0.5,0.5,2,1,1.38,1.38,1.38,0.5,2,1,0.5,0.5,2,0.5,1.38,1,1.38,2,1,2,2,2,2,2
425,1.38,0.5,2,1.38,1,0.5,1,1,2,0.5,2,1.38,2,1.38,2,1.38,1.38,1,1,1,2,0.5,1.38,0.5,0.5,2,1.38,2,0.5,1.38,2,1.38,0.5,0.5,1.38,1,1,1.38,1,2,0.5,1.38,2,2,2,1,0.5,0.5,1,2
426,2,2,1,1.38,0.5,0.5,1.38,0.5,1,1.38,1.38,1,0.5,1.38,1.38,1,2,1.38,2,0.5,0.5,2,2,1,2,2,1.38,1.38,2,1,2,0.5,0.5,1.38,0.5,1,2,2,1,1.38,1,1.38,2,1.38,2,1.38,1.38,0.5,1.38,1
427,1,1,1.38,2,0.5,1.38,0.5,0.5,1,2,1,1,2,1,0.5,2,2,2,1,1,1,0.5,2,1,1,1.38,1,1.38,1.38,2,1,1,2,0.5,1,1.38,1,2,1.38,1.38,2,0.5,1,1,2,0.5,2,1.38,0.5,2
428,1.38,1.38,0.5,2,2,2,1.38,1.38,1,1.38,1,1,1.38,2,1.38,2,0.5,1,1,1.38,1,2,0.5,1,0.5,2,1,0.5,0.5,1.38,2,1,1.38,2,1.38,1,1,2,1,2,0.5,1,0.5,1.38,0.5,0.5,0.5,0.5,1,0.5
429,1,2,0.5,1.38,2,0.5,1.38,1,1,1.38,2,1.38,0.5,1,1.38,1,1.38,0.5,0.5,0.5,1,2,2,1,2,1,1,2,0.5,1,2,2,1.38,1.38,1.38,1.38,1,2,2,0.5,0.5,1.38,0.5,1,0.5,2,2,0.5,1.38,1
430,2,2,1,0.5,0.5,1.38,1.38,0.5,1,2,2,1,1,2,2,2,0.5,1,1.38,1.38,0.5,1.38,1.38,1,1,2,0.5,2,1.38,0.5,0.5,0.5,1,1,1,1,2,2,1.38,1.38,2,2,0.5,1,2,2,1,2,1.38,1
431,0.5,1,0.5,1,1.38,1.38,2,0.5,1,0.5,2,2,0.5,2,2,2,2,0.5,1.38,0.5,2,1,2,2,1,0.5,0.5,1.38,1,2,1.38,1.38,1.38,1,1.38,2,1.38,0.5,1.38,2,0.5,0.5,1.38,1.38,1,0.5,2,0.5,0.5,0.5
432,2,2,0.5,1,0.5,1,0.5,0.5,2,1.38,1.38,1.38,0.5,1,1,1,0.5,1,1.38,0.5,1.38,0.5,1,1,2,2,0.5,2,1.38,0.5,1,1.38,2,0.5,0.5,1.38,1,2,1.38,1,0.5,1,0.5,1,1,0.5,1.38,1.38,0.5,2
433,0.5,2,1.38,1,0.5,1.38,1.38,2,1,2,0.5,2,1,2,1.38,1.38,1,1.38,0.5,0.5,1,1,1,0.5,1.38,2,2,1.38,1,1,2,2,1.38,2,1.38,1.38,2,0.5,2,0.5,1.38,1,2,0.5,2,1,0.5,1.38,1.38,2
434,1,1.38,0.5,0.5,0.5,1,1.38,2,1,1.38,1.38,1.38,1,0.5,1,1,1.38,1.38,0.5,0.5,1.38,1,1.38,1,0.5,1,1,2,1.38,1.38,2,1.38,1.38,1.38,1.38,0.5,1,0.5,2,0.5,1.38,1.38,1.38,2,0.5,1.38,2,2,1.38,0.5
435,1,1,0.5,1.38,1,0.5,2,1,1,1.38,1.38,2,2,1,2,1,2,1.38,2,0.5,1,2,0.5,2,0.5,0.5,1,2,1,1,2,2,1,0.5,0.5,0.5,1,2,1,1,2,1.38,1,1.38,1,0.5,1,1.38,1,0.5
436,1.38,1.38,0.5,1.38,2,0.5,1,1,1.38,1,0.5,1.38,1,1.38,1,0.5,0.5,0.5,0.5,1.38,1.38,1.38,2,0.5,2,1,2,0.5,1.38,1,2,2,1,1,0.5,2,0.5,1.38,2,2,0.5,1.38,0.5,0.5,1,2,1.38,1,0.5,1
437,2,1.38,2,0.5,0.5,1.38,1,1,2,2,1,1,2,1.38,1,1,2,1.38,1.38,2,0.5,0.5,1,2,0.5,2,1.38,2,1,0.5,1.38,0.5,0.5,0.5,0.5,2,0.5,1.38,1,1,1.38,1,1,1,2,1,0.5,1.38,1.38,2
438,0.5,1,2,1,1.38,0.5,1,1.38,1,1,0.5,1.38,1,0.5,1,0.5,1.38,0.5,0.5,2,1,0.5,1,1.38,1.38,1.38,2,2,1,1.38,1,1.38,1.38,0.5,1,1,1.38,2,1,0.5,0.5,1.38,2,0.5,2,0.5,0.5,2,0.5,0.5
439,1.38,1,1.38,1.38,1,1,2,1.38,0.5,1,0.5,1.38,1.38,1,1,0.5,2,1,1.38,1,1,1,1.38,1.38,0.5,1.38,1,0.5,0.5,0.5,1,1,2,2,1,1.38,1.38,1,1.38,1,1.38,2,1,0.5,2,1,2,2,1.38,2
440,2,2,1.38,1.38,1.38,2,2,2,0.5,1.38,1,0.5,1.38,1.38,1.38,2,1.38,1,0.5,1.38,1.38,0.5,0.5,1.38,0.5,1.38,1.38,1.38,1,1.38,1.38,1.38,2,1.38,1.38,2,1.38,1,2,2,0.5,1,0.5,1,0.5,1,1.38,1.38,0.5,1
441,1.38,0.5,0.5,0.5,1,0.5,1,0.5,1.38,2,2,1,1.38,2,0.5,1,1,1.38,1.38,0.5,0.5,2,0.5,1,1,2,1,2,0.5,1.38,0.5,1,1,2,1.38,2,2,0.5,1.38,2,2,1.38,1.38,0.5,0.5,1,1.38,2,0.5,0.5
442,2,2,1.38,1,0.5,2,2,0.5,2,1,1,2,1.38,1.38,2,2,1,2,1,0.5,1,0.5,0.5,1.38,1.38,1,1,0.5,2,1.38,1,2,1.38,1,1.38,2,2,1,1.38,1,1,2,0.5,2,1,2,1,1.38,1,1.38
443,0.5,0.5,1,1.38,2,2,1.38,1.38,1,0.5,2,1.38,0.5,0.5,1.38,1.38,1,0.5,2,0.5,1.38,1,0.5,2,2,2,1.38,2,2,1.38,1.38,1,2,0.5,1.38,0.5,2,0.5,2,1,0.5,1.38,2,0.5,0.5,2,1,0.5,2,2
444,0.5,1,1,0.5,2,1.38,1.38,1.38,0.5,1,2,1,1,1.38,2,1,2,2,1,1,1.38,2,1,1,0.5,1.38,2,2,2,1,1,2,1,1.38,1,0.5,1,1.38,1,0.5,1.38,0.5,1.38,1,1,2,2,2,1.38,1
445,0.5,1.38,2,1,2,1.38,2,2,2,1,0.5,1,1,1.38,1,0.5,1,2,1,1,1,0.5,1,2,2,0.5,1.38,2,2,1,1,1.38,0.5,1.38,1,1,1.38,2,1,1.38,1,0.5,1,2,1,2,0.5,1,1.38,1.38
446,1,1.38,1,2,2,1,1,2,2,1,1.38,1,0.5,2,1.38,2,1,2,1.38,1.38,0.5,0.5,0.5,1.38,1.38,1,0.5,1,1,1,2,2,2,2,1,1.38,1,0.5,0.5,1,0.5,1.38,0.5,0.5,0.5,1,2,1,0.5,2
447,2,1,1.38,0.5,2,0.5,1,1,1.38,1,0.5,0.5,2,2,1,2,1.38,1.38,2,1.38,1,1.38,1,1.38,1.38,0.5,1.38,1,1.38,1.38,2,1,2,0.5,0.5,0.5,0.5,1,1.38,1,1.38,0.5,1,2,2,2,0.5,0.5,1.38,0.5
448,1,1.38,0.5,0.5,2,0.5,0.5,1,2,0.5,0.5,1,1.38,0.5,2,1,1,1.38,2,0.5,1,2,2,2,2,1.38,0.5,1,1.38,0.5,0.5,1,2,1,1,1.38,1.38,1.38,0.5,1.38,0.5,2,2,2,0.5,1,1,2,0.5,0.5
449,0.5,1.38,1.38,0.5,2,1.38,1.38,2,2,1,2,1.38,2,1,0.5,2,0.5,1.38,2,1,0.5,1.38,2,0.5,1.38,2,0.5,1,1,1,1,2,1,1,2,1,0.5,2,1.38,1.38,2,1.38,1,2,1.38,1,1,1.38,2,1
450,1,0.5,1,2,0.5,0.5,2,0.5,0.5,1.38,2,1.38,1,0.5,1.38,1,1,2,1.38,1.38,1.38,0.5,1.38,0.5,1.38,0.5,1.38,1,1.38,0.5,1.38,0.5,1.38,1.38,1.38,2,1,0.5,1,0.5,1,0.5,0.5,1.38,1.38,0.5,0.5,0.5,2,0.5
451,1,1.38,1,2,0.5,2,1,1,1.38,1,1.38,1,1,1,0.5,0.5,1,1.38,2,1,1.38,0.5,0.5,1,2,0.5,1,0.5,2,0.5,1,0.5,0.5,1,1,1.38,1.38,0.5,2,2,1.38,2,2,1,0.5,1.38,2,0.5,1,0.5
452,2,1.38,0.5,2,1,0.5,0.5,0.5,1,1.38,1.38,2,2,0.5,1.38,1.38,2,1.38,1.38,0.5,2,1.38,2,2,0.5,1,1.38,1.38,0.5,1,1.38,1.38,0.5,0.5,1,1.38,1.38,0.5,2,2,1.38,2,0.5,2,0.5,1.38,0.5,1.38,0.5,2
453,2,2,1,1,2,2,0.5,0.5,2,1.38,1.38,1,1,2,1.38,2,1,1,1.38,1,0.5,0.5,0.5,2,0.5,0.5,2,0.5,0.5,1.38,1,0.5,1.38,1.38,0.5,2,2,0.5,1.38,1.38,0.5,2,1,0.5,1,0.5,1,1.38,0.5,1.38
454,2,2,1.38,0.5,1.38,2,0.5,2,0.5,1.38,1,1.38,0.5,1.38,0.5,0.5,2,1,0.5,1.38,1,1,1,0.5,1.38,0.5,0.5,2,2,2,1.38,2,0.5,0.5,1.38,2,2,1,1.38,2,0.5,1.38,1.38,1.38,1.38,1,1,1.38,1,0.5
455,0.5,0.5,1,0.5,1.38,0.5,2,0.5,1.38,1,0.5,1.38,0.5,1,1.38,1,0.5,1.38,2,2,1.38,0.5,2,0.5,2,2,2,0.5,0.5,2,0.5,1,0.5,0.5,1,2,1.38,0.5,1.38,1,0.5,0.5,2,0.5,1,1.38,2,2,0.5,1
456,1.38,1,0.5,2,0.5,0.5,2,1,1,2,1,0.5,1.38,1.38,1,2,2,2,1.38,1.38,0.5,1.38,0.5,2,0.5,1.38,1,1.38,0.5,0.5,0.5,2,1.38,0.5,1.38,1,1.38,0.5,2,1,1.38,1.38,1.38,0.5,1.38,1.38,1,0.5,1.38,1
457,2,0.5,1,2,0.5,0.5,1,1.38,1.38,1.38,1.38,1,2,0.5,0.5,0.5,1.38,0.5,2,2,1.38,1.38,0.5,0.5,2,0.5,1,1,2,0.5,1.38,2,1,1.38,2,1,2,1,1,0.5,0.5,1.38,0.5,1,1.38,1,1.38,1,2,0.5
458,1,1,1,2,0.5,0.5,1.38,1,1,0.5,1,1.38,1,1.38,1,1.38,2,2,0.5,1,1,2,0.5,0.5,1.38,0.5,0.5,2,1,0.5,2,0.5,1.38,1.38,2,2,2,2,2,2,1,1,2,1,1.38,1,0.5,1.38,0.5,0.5
459,0.5,1,0.5,1,0.5,1,2,1.38,1,2,0.5,1.38,2,2,1,1.38,1.38,1,2,2,2,1,2,0.5,0.5,0.5,1.38,2,1,1,1,1,0.5,1,1,2,2,2,0.5,0.5,1,1,2,0.5,1,1.38,2,1,0.5,1
460,1,1.38,0.5,2,2,2,1.38,1.38,2,0.5,1.38,1.38,2,1,0.5,0.5,2,2,1,0.5,1.38,2,1.38,1,1,2,2,0.5,1,2,0.5,2,0.5,2,1,0.5,2,1,1.38,1.38,0.5,0.5,0.5,1.38,0.5,2,1,1.38,1,1
461,0.5,1.38,1,1,2,1.38,1,0.5,1,1,1.38,0.5,1.38,2,1.38,2,1.38,1,0.5,2,0.5,0.5,1,0.5,1.38,1.38,1.38,2,1.38,0.5,1.38,1.38,2,1.38,1,0.5,2,1,0.5,0.5,0.5,2,0.5,1,0.5,1.38,2,1.38,1,1.38
462,0.5,1,2,2,1,0.5,1,0.5,1,1,1.38,0.5,0.5,1,2,2,0.5,2,1,2,1,0.5,0.5,0.5,0.5,1,2,1.38,1.38,1.38,0.5,1.38,0.5,1,1.38,0.5,2,1.38,1,2,1.38,1.38,2,1,2,1,1.38,1,1,2
463,0.5,2,1,0.5,1.38,0.5,1.38,2,0.5,1,0.5,0.5,1.38,0.5,2,0.5,1.38,1,0.5,0.5,1,1,1,1,1.38,1,0.5,2,1,0.5,1.38,0.5,1.38,1,2,1.38,1,2,2,1.38,0.5,1.38,2,2,1.38,1,2,0.5,0.5,2
464,0.5,2,2,0.5,1.38,1.38,1,1,2,1.38,1.38,1,1,0.5,2,2,1,0.5,1,1,2,1.38,1,1,1.38,1.38,1.38,2,0.5,1,1,0.5,0.5,2,1,2,1.38,2,1.38,1,1,2,2,1.38,0.5,1,1,1,2,1.38
465,1.38,1.38,2,2,1.38,1,1,1.38,1.38,1.38,2,1.38,0.5,1.38,1,0.5,0.5,1.38,0.5,0.5,1.38,1.38,0.5,2,2,1,0.5,2,2,2,0.5,1.38,1,1,2,1.38,1,1,0.5,2,1,1,0.5,1.38,0.5,1,1,2,1.38,1
466,0.5,2,2,1,1.38,0.5,1,2,0.5,1.38,1,1,2,1,2,1,0.5,1,0.5,1,0.5,1,1,0.5,1,2,0.5,0.5,1.38,1,1.38,0.5,1.38,1,2,0.5,1.38,1.38,1.38,1,2,0.5,0.5,1,0.5,2,1.38,0.5,1.38,2
467,1.38,2,0.5,1.38,0.5,0.5,0.5,0.5,0.5,1.38,1.38,1,2,0.5,1.38,2,1,0.5,1,2,2,1,1,0.5,2,2,1.38,0.5,1.38,1,0.5,0.5,2,1.38,1,2,1,1,1,1,2,0.5,1,2,1.38,2,1,1.38,1.38,0.5
468,0.5,1,0.5,1,1,1,2,1,1.38,1.38,0.5,1,1.38,1,1.38,1,1,1.38,0.5,2,2,2,2,1,1,1,1,1,1,2,1.38,1,0.5,2,0.5,1.38,1.38,2,0.5,1.38,1.38,1,2,2,0.5,0.5,0.5,1.38,1,2
469,2,0.5,1.38,0.5,0.5,2,1.38,1,2,0.5,1,2,2,1.38,0.5,1,1.38,2,0.5,1,2,2,1,1.38,1.38,1.38,1,2,0.5,1,1,2,1,1,2,2,0.5,1.38,0.5,0.5,1.38,1,2,0.5,2,1,1,0.5,2,1.38
470,0.5,0.5,1.38,2,1.38,1,1.38,2,1.38,1,2,2,2,0.5,0.5,0.5,1.38,1,1.38,1,0.5,0.5,1.38,1,0.5,1,1.38,1,0.5,1.38,0.5,0.5,0.5,1,1.38,1.38,1,0.5,0.5,0.5,1,0.5,2,1.38,1,2,2,1,0.5,1
471,1.38,2,1,1.38,2,1.38,1.38,1,1.38,1.38,0.5,0.5,1.38,2,1.38,0.5,1.38,1.38,0.5,1,1,1,0.5,0.5,1,2,1.38,1.38,2,0.5,0.5,2,1,2,1.38,2,2,1,1,2,0.5,1,1,1,2,1.38,0.5,1,0.5,0.5
472,1,1.38,1,0.5,1.38,1,1.38,0.5,1.38,0.5,2,2,1,2,2,1,2,1,2,2,1,2,2,1,1,0.5,1,2,2,0.5,0.5,1,1,1,1.38,0.5,1.38,1.38,1,2,2,1,2,0.5,1,1.38,1.38,0.5,1,1.38
473,2,0.5,1.38,1,0.5,1.38,2,0.5,2,1,0.5,2,1,1.38,1,0.5,2,0.5,1.38,0.5,0.5,0.5,1.38,1.38,2,1.38,2,1.38,1.38,1,2,2,1,1,1,1,1,1,0.5,2,2,1,1.38,1.38,0.5,2,1.38,1.38,1.38,2
474,0.5,2,0.5,2,1.38,1.38,0.5,1.38,2,0.5,1.38,2,2,1,1.38,1,1,0.5,1.38,1.38,1.38,1.38,1.38,2,2,1.38,1.38,1.38,2,1.38,1,2,1.38,1,1.38,0.5,2,2,1,0.5,0.5,1,2,1,1.38,0.5,2,0.5,1.38,0.5
475,1,1,1.38,1.38,0.5,0.5,1,1,1,2,1.38,1.38,1.38,1,2,0.5,1.38,0.5,2,1,2,0.5,1,1,0.5,0.5,1,1.38,2,1,2,1,1.38,2,2,1.38,1.38,1,1.38,2,1.38,1.38,2,1.38,1.38,1.38,1,2,2,1
476,1.38,0.5,1.38,1.38,2,1.38,0.5,1.38,0.5,1,2,1,1,0.5,2,2,1,1,1.38,1.38,1.38,1,2,1,0.5,2,0.5,1.38,2,0.5,1.38,1,1.38,2,0.5,0.5,1.38,1.38,2,1,1,0.5,2,2,1.38,0.5,2,0.5,1.38,1.38
477,1.38,0.5,0.5,1,0.5,2,2,0.5,0.5,1,1,1.38,0.5,0.5,1,2,0.5,1,2,1.38,0.5,1,1,0.5,1,0.5,2,1,0.5,1.38,1,1.38,2,2,2,1,2,2,2,1.38,0.5,1,1,0.5,1.38,0.5,0.5,0.5,2,1
478,1,0.5,2,0.5,1.38,1.38,0.5,1.38,2,2,0.5,2,1,1,0.5,0.5,2,2,1.38,0.5,1.38,1,1.38,1,1,0.5,2,2,0.5,1,1,1,2,1.38,2,1.38,2,1.38,1.38,2,0.5,0.5,2,1.38,1,2,1.38,1,1,1
479,1,1,1.38,1.38,0.5,1.38,0.5,1.38,1,1,1,2,2,2,1.38,1.38,1,0.5,0.5,1,2,1.38,0.5,1.38,1,0.5,2,0.5,2,1,1,2,1,2,1.38,1,1,0.5,1.38,2,2,1.38,0.5,0.5,1,0.5,1,2,1.38,0.5
480,1,1,2,1.38,0.5,2,1.38,2,1.38,2,1.38,0.5,2,2,2,0.5,1,1,0.5,2,2,1,0.5,1,1.38,1,2,2,2,2,1.38,1.38,0.5,2,1.38,1.38,1.38,2,2,2,2,1.38,0.5,0.5,0.5,0.5,1.38,0.5,1.38,2
481,0.5,2,1.38,1.38,2,0.5,1,1,1.38,1,1,0.5,1,2,1,1.38,1,0.5,1,1.38,0.5,1.38,1,1,0.5,1.38,2,1,1.38,0.5,2,1,1,0.5,2,0.5,1,2,1,2,0.5,1,1,1,0.5,1.38,2,1,1,2
482,0.5,2,0.5,0.5,1.38,1,2,0.5,2,1,0.5,0.5,2,0.5,0.5,0.5,2,2,1,2,1,1.38,1,2,2,0.5,0.5,2,2,1.38,0.5,1.38,0.5,0.5,1,0.5,1,2,2,1.38,0.5,0.5,0.5,1.38,1.38,1.38,1.38,1,0.5,1.38
483,1.38,1.38,1,1,0.5,1.38,1,0.5,1.38,0.5,1.38,2,0.5,0.5,1,2,1.38,1.38,2,1,1,0.5,2,1.38,2,2,2,2,1.38,1,1.38,0.5,1,0.5,1.38,1,2,0.5,1,2,1.38,1.38,1,1,1.38,0.5,1,1,1.38,2
484,2,0.5,2,0.5,0.5,0.5,2,1.38,1,1,1,0.5,1,1.38,1,1.38,2,2,0.5,0.5,1.38,1.38,1.38,2,1,0.5,1,1,1,2,2,1,1,1,1.38,1.38,2,1.38,0.5,1,1,2,1.38,2,0.5,0.5,0.5,1,1,2
485,0.5,1,1,1,1.38,2,0.5,2,1.38,2,0.5,1,2,1,1,1.38,1,0.5,1.38,0.5,0.5,1,2,2,0.5,0.5,2,0.5,1.38,2,0.5,1,0.5,1.38,0.5,2,2,0.5,1.38,1.38,2,0.5,2,2,2,0.5,0.5,1.38,1.38,1
486,1.38,0.5,1.38,0.5,1,0.5,1,0.5,2,0.5,2,2,2,0.5,2,1,1.38,0.5,0.5,2,2,1.38,1.38,2,1,1,0.5,1.38,1,1,1,0.5,1.38,1.38,1,1,1,2,0.5,1,1.38,0.5,1,0.5,1,0.5,0.5,1.38,0.5,0.5
487,1,1,2,0.5,1.38,2,1,0.5,1,1.38,1.38,1.38,0.5,1.38,2,0.5,2,1,1,0.5,1,2,0.5,0.5,1,0.5,1.38,1.38,1,1,1,0.5,1.38,1,0.5,1,0.5,2,2,0.5,1.38,2,2,2,0.5,1,2,2,1.38,2
488,1.38,1.38,0.5,1.38,1.38,1.38,2,1,1,0.5,2,1,0.5,2,2,1.38,2,1.38,1,1,1,2,1,1,1.38,1.38,1,1.38,1.38,1.38,1.38,1.38,0.5,2,1,0.5,0.5,0.5,1.38,1,1,0.5,1,1,2,1.38,1,0.5,2,1.38
489,1.38,1.38,0.5,1.38,0.5,2,1,0.5,2,0.5,1.38,1,2,2,1.38,2,1.38,1,1,0.5,1.38,2,1,2,1,2,1.38,0.5,2,1.38,1,1,2,0.5,1,0.5,2,1.38,1.38,1,2,1.38,2,1,1,1,1,1.38,0.5,0.5
490,1,1.38,0.5,1.38,1.38,1,1,1.38,2,1.38,0.5,1.38,1,1,1,1,1,1,1.38,0.5,1,2,0.5,0.5,1.38,1.38,1,1.38,2,1,1,1,2,1,0.5,0.5,0.5,0.5,2,2,1.38,2,2,2,0.5,1,0.5,1,1.38,1.38
491,1,0.5,1,2,2,0.5,1.38,1.38,1,0.5,2,1.38,0.5,1,1,1,0.5,2,1,0.5,0.5,1,0.5,0.5,1.38,1.38,1.38,1,1,1.38,1.38,1,1.38,0.5,0.5,2,1.38,1.38,0.5,0.5,1,1.38,1.38,1,2,0.5,1,2,1,1
492,1.38,0.5,1,0.5,0.5,1,0.5,1.38,1,1.38,0.5,0.5,1.38,2,1.38,1,0.5,1,0.5,1.38,1.38,2,1,1,2,2,2,1.38,1,1.38,1.38,2,0.5,1.38,1.38,1.38,1.38,1,2,0.5,1.38,2,1.38,2,2,2,0.5,2,1,2
493,0.5,1,1.38,0.5,1,2,1,0.5,2,0.5,1.38,0.5,1,1.38,2,1.38,0.5,1.38,1.38,0.5,2,0.5,2,2,1,0.5,1,0.5,1.38,0.5,1.38,2,2,2,0.5,1.38,2,1,1,1.38,0.5,1,2,0.5,1.38,1,0.5,1.38,1,2
494,2,0.5,0.5,2,0.5,1,2,1.38,1,1.38,1,1,0.5,1.38,0.5,1.38,1,1,1,0.5,1,2,2,2,2,1.38,2,1,2,1.38,2,2,1,2,2,2,2,1,0.5,1.38,0.5,1.38,0.5,2,0.5,0.5,1.38,2,2,1.38
495,0.5,2,1.38,1.38,1,1.38,2,1,1,1.38,1.38,1.38,2,1,2,1,2,0.5,2,2,0.5,0.5,1.38,0.5,1.38,1,0.5,1.38,1,1,1,0.5,1,1.38,1.38,2,0.5,0.5,1,0.5,2,0.5,0.5,1.38,1.38,2,1.38,1.38,0.5,0.5
496,0.5,1.38,1.38,1.38,1,2,2,1,0.5,0.5,0.5,0.5,2,1,2,1.38,2,0.5,1.38,1.38,0.5,0.5,0.5,2,1.38,1.38,1,1.38,1.38,0.5,2,1.38,2,1.38,1.38,1.38,2,0.5,1.38,1.38,1.38,0.5,0.5,1,1.38,1,1.38,1,0.5,1
497,1.38,1,2,1,1,1.38,2,0.5,1.38,0.5,1.38,1.38,2,1,0.5,1.38,2,2,1,2,0.5,2,2,0.5,0.5,1.38,1,0.5,1,0.5,1,2,1,1,1.38,2,1.38,0.5,2,2,1,1,2,1.38,0.5,2,0.5,1,1.38,2
498,0.5,2,0.5,2,1,1,1,2,1.38,2,1.38,0.5,2,1.38,1,1,1.38,1.38,2,2,1.38,1.38,1,1,1.38,2,2,1,1,2,1,2,2,1,2,1,0.5,2,2,1.38,1.38,1.38,1,1.38,1.38,1.38,1,0.5,1,1
499,1,2,2,0.5,1.38,1.38,1.38,1,0.5,0.5,0.5,1,2,0.5,1,1.38,2,1,2,2,1.38,1.38,1.38,2,2,1.38,1,2,1.38,1.38,1,0.5,0.5,1,1.38,0.5,1,1,0.5,1.38,0.5,2,1.38,0.5,1.38,2,1,0.5,1,1.38
500,0.5,1,2,1,0.5,1.38,2,1.38,0.5,1,0.5,0.5,0.5,1,0.5,0.5,1,0.5,1,0.5,2,2,1,0.5,2,0.5,1,2,0.5,1,2,1.38,2,2,2,2,1.38,1,2,0.5,1.38,1.38,0.5,1,1,1.38,2,2,1.38,2
501,1,2,1,1.38,1.38,2,2,1.38,0.5,1.38,1,0.5,1.38,2,1.38,2,2,1.38,2,1,1.38,2,1,0.5,1,2,1.38,1.38,1.38,1.38,1.38,1,1,2,2,1,2,1,1,1.38,1.38,1,0.5,0.5,1,0.5,1,2,1,1
502,0.5,1.38,2,0.5,1.38,2,1.38,0.5,0.5,0.5,1,1.38,0.5,2,0.5,2,2,1.38,2,1,2,0.5,2,1.38,2,0.5,0.5,1.38,1,1.38,0.5,0.5,2,2,1,1,1,1.38,1.38,0.5,1,1.38,2,0.5,0.5,1,1.38,1.38,0.5,0.5
503,1,1.38,1,1,1,1,1.38,2,1,1.38,0.5,1.38,1,1,1.38,1.38,1.38,1,1.38,0.5,1,1.38,0.5,1,1,2,1.38,1.38,0.5,2,0.5,2,1.38,1.38,1.38,2,1.38,1.38,2,1.38,1.38,2,1.38,2,1,1,1.38,2,0.5,2
504,1.38,0.5,0.5,2,1,1,2,1,1,1,2,2,1,2,0.5,1,0.5,1,0.5,2,1.38,2,1,1,1,1,0.5,1,2,0.5,1,2,0.5,2,2,1,1,1,2,1,1.38,0.5,0.5,2,2,1,2,0.5,0.5,1.38
505,0.5,1.38,1,0.5,0.5,2,2,2,0.5,1.38,2,1,1.38,0.5,0.5,2,2,1.38,1.38,0.5,2,0.5,1.38,1.38,1.38,1.38,2,1,1,1,0.5,2,1,2,1,2,1,2,0.5,1.38,1.38,0.5,2,0.5,1,1,0.5,1,0.5,1
506,1,0.5,2,2,1.38,1.38,0.5,2,2,1,2,1,0.5,2,0.5,1,2,1,2,2,1.38,2,1,0.5,2,2,1,0.5,1.38,2,2,2,0.5,1,1.38,2,1,1.38,1,2,0.5,1,1,2,0.5,2,2,1,0.5,0.5
507,2,0.5,1,0.5,2,1.38,1.38,0.5,1,2,1.38,2,2,1.38,2,2,0.5,0.5,0.5,1.38,2,1,2,1,1,0.5,2,1.38,1.38,1.38,0.5,2,2,2,0.5,1,0.5,2,0.5,2,1,2,2,1.38,1.38,1,1.38,0.5,1,1.38
508,1,1.38,0.5,2,1,0.5,1.38,0.5,1.38,1,2,0.5,2,0.5,2,0.5,0.5,2,0.5,2,1.38,2,2,0.5,0.5,1.38,2,1.38,0.5,2,1,0.5,1.38,2,1.38,2,1.38,1,1.38,1.38,0.5,1.38,2,2,1.38,1,1.38,2,0.5,1
509,2,0.5,1,0.5,2,1.38,2,2,2,0.5,1,1,2,1,1.38,2,1,2,1.38,0.5,0.5,2,2,0.5,1.38,2,2,1.38,1,1.38,0.5,0.5,2,0.5,0.5,1,1,2,2,2,1.38,2,0.5,2,1,0.5,1,1,0.5,1
510,2,1,1.38,1.38,1,0.5,2,2,1.38,2,0.5,2,1,1.38,1,1.38,1,1,1.38,2,2,2,2,0.5,0.5,2,2,1.38,1,1,0.5,1.38,1,1.38,1,1,1,2,0.5,2,1,1,1,2,2,0.5,1.38,1,1,0.5
511,1,1,1,2,1,2,2,2,0.5,0.5,0.5,2,1,1.38,1.38,1,1,1,1.38,1,0.5,2,2,1.38,1,0.5,1,2,0.5,0.5,1,0.5,2,2,2,0.5,1,0.5,2,1,1,1.38,2,0.5,1.38,2,0.5,0.5,1,0.5
512,1,1.38,2,0.5,1.38,0.5,2,2,1.38,1,1.38,2,1,1,2,0.5,1,2,1,0.5,2,1.38,1.38,1.38,1,1,1.38,0.5,0.5,1,2,2,2,0.5,0.5,2,2,0.5,1.38,2,0.5,1,2,0.5,1,0.5,2,1.38,2,1.38
513,2,1,1,1.38,1,0.5,1,1,2,1.38,1.38,0.5,1.38,0.5,2,0.5,2,1.38,0.5,1,1,0.5,1.38,1.38,0.5,1.38,1,0.5,0.5,1.38,1.38,1.38,2,2,1,2,1,1,1,0.5,1.38,2,0.5,1.38,2,1,1,1.38,1.38,1
514,1,1,0.5,1,1.38,1,1.38,2,2,1.38,1.38,1,0.5,1,2,2,0.5,1,2,1,0.5,0.5,0.5,1.38,1.38,1,1.38,2,0.5,2,0.5,1.38,1.38,2,1.38,1,2,1.38,1,1.38,0.5,2,1.38,0.5,2,1,1,1.38,2,1.38
515,0.5,1.38,2,2,1.38,1.38,1,2,1,2,2,1.38,2,1,1.38,0.5,2,2,2,2,0.5,1,1,0.5,1.38,2,0.5,1,1.38,1,1,1.38,0.5,1.38,2,1,0.5,0.5,2,2,1,0.5,1.38,1.38,1,0.5,0.5,1.38,0.5,1.38
516,2,1.38,1,2,1,2,1,1.38,2,1.38,1.38,0.5,1.38,2,2,1.38,1,1,1,2,1,2,0.5,1.38,2,2,1,1,0.5,2,1.38,1,1.38,1,1,1,1,0.5,1.38,1,0.5,1.38,1,1,1.38,1.38,1,0.5,1,2
517,1,0.5,2,2,1,0.5,2,1,0.5,2,1.38,1,2,1.38,0.5,0.5,0.5,0.5,0.5,2,2,1.38,2,0.5,1,0.5,0.5,2,1.38,1,2,1,1,1.38,2,1.38,0.5,2,2,0.5,0.5,0.5,0.5,2,1.38,2,2,0.5,2,2
518,2,2,1.38,1.38,1,0.5,0.5,1.38,1.38,0.5,1.38,1.38,1,0.5,2,1.38,2,1,2,1.38,2,1,0.5,1.38,1,2,0.5,0.5,1.38,2,1,0.5,1,0.5,0.5,1,0.5,0.5,1.38,2,1,2,0.5,1.38,1,0.5,0.5,1.38,1,0.5
519,1,1.38,2,1,1,1,1,1.38,0.5,1.38,1.38,0.5,2,0.5,1,0.5,1,2,1,1,1,2,2,2,2,1,1,1.38,2,1.38,1.38,0.5,1,2,2,1.38,0.5,1,1.38,2,1.38,2,2,0.5,1.38,1.38,1.38,1,0.5,1
520,2,0.5,0.5,2,1.38,2,2,1.38,1,1,1,1.38,1,2,1.38,2,0.5,1.38,2,1,1.38,0.5,1.38,1,1,1.38,1,2,0.5,1.38,1.38,0.5,1.38,0.5,1,1,1,1.38,0.5,0.5,1.38,1,1,1.38,1,1.38,2,2,1,2
521,2,1.38,1,1,2,1.38,1,2,1,1.38,1.38,2,0.5,1.38,0.5,0.5,1,2,1.38,1,1.38,0.5,0.5,2,1,0.5,1,2,1.38,1,1.38,1.38,2,2,1.38,2,1,2,1,1,0.5,2,0.5,0.5,1.38,0.5,1.38,1.38,1,2
522,2,0.5,1,1.38,1.38,1,1,2,2,0.5,0.5,0.5,1,1,2,1.38,1.38,1.38,2,0.5,1,2,0.5,1.38,1.38,2,1.38,1.38,1,1.38,1.38,2,1,1,1.38,1,1,0.5,2,0.5,1,1,1,2,1,0.5,1.38,1.38,1.38,0.5
523,2,2,0.5,1,1.38,1.38,1,2,2,1,1.38,1.38,1.38,0.5,2,1,2,2,2,0.5,2,1.38,1.38,1,0.5,2,2,1.38,2,1.38,1.38,1,1.38,1,2,2,0.5,0.5,1,0.5,0.5,2,0.5,0.5,1,0.5,2,2,0.5,1
524,1.38,1,2,1,2,0.5,0.5,1,1.38,0.5,0.5,2,0.5,1,0.5,1.38,2,2,1.38,2,1,0.5,2,1,1,2,1,1,0.5,1,1,1.38,1.38,1.38,2,1,1.38,0.5,0.5,2,1.38,1.38,1,1,2,0.5,1.38,1,2,1.38
525,1.38,0.5,1.38,2,0.5,2,0.5,1.38,2,1,2,2,0.5,1.38,1,1,1.38,2,1,2,0.5,2,1,2,1.38,1.38,1,1,1,2,2,1,0.5,0.5,1,2,1.38,1.38,1,1,2,2,1,1.38,1,2,2,1.38,1,1
526,0.5,0.5,1,2,1.38,1.38,0.5,1,1.38,1,2,1,1.38,2,2,2,1,2,0.5,1.38,2,0.5,2,1.38,1.38,2,1,1,1,1.38,2,1.38,0.5,1,2,1.38,1.38,1.38,2,1,1.38,1.38,2,1.38,0.5,0.5,0.5,2,0.5,0.5
527,2,2,0.5,0.5,1,0.5,1.38,1.38,1,2,1.38,1.38,1.38,2,1,1.38,2,0.5,1.38,1.38,0.5,1,1,1,1,2,1.38,2,1.38,1.38,1,1.38,2,0.5,2,2,1,1,2,2,1,1,1,1.38,1,1,0.5,2,1.38,0.5
528,0.5,1,1.38,0.5,1,2,0.5,1.38,1.38,1.38,1,1.38,1,1.38,0.5,1.38,0.5,1,1,1,0.5,1.38,2,2,0.5,1.38,1.38,1.38,0.5,0.5,2,1.38,2,1.38,1.38,1,0.5,1.38,0.5,1,0.5,2,0.5,0.5,2,1.38,0.5,1.38,0.5,2
529,1.38,2,1,1,0.5,0.5,1.38,2,1.38,2,0.5,1.38,1.38,0.5,1,1.38,0.5,2,1,0.5,2,0.5,1,1,2,2,2,0.5,0.5,0.5,1,0.5,1.38,1,1.38,1.38,0.5,1,1.38,2,0.5,1.38,0.5,2,2,0.5,2,1.38,1,2
530,0.5,2,2,2,1,1.38,2,1.38,0.5,1.38,0.5,1,1.38,0.5,0.5,2,0.5,1.38,0.5,2,2,2,0.5,1.38,1,2,1.38,1,0.5,0.5,0.5,1.38,0.5,1,0.5,0.5,2,1,1,0.5,1.38,1.38,1.38,1,2,2,2,2,1.38,0.5
531,0.5,1,1,0.5,2,2,2,1,2,1.38,1,2,0.5,1.38,2,2,0.5,0.5,0.5,0.5,1.38,0.5,1.38,2,1,1.38,0.5,2,1.38,0.5,1,1.38,0.5,0.5,1,2,0.5,2,1,1,1,1.38,1.38,2,1,2,1.38,0.5,0.5,0.5
532,2,2,1,1,1.38,1,1.38,2,0.5,0.5,1,1.38,0.5,2,1,1.38,1.38,2,0.5,0.5,2,1.38,2,1,1.38,0.5,0.5,2,2,2,1,0.5,0.5,0.5,2,0.5,1,2,1.38,0.5,0.5,1,1.38,1,1,2,2,1.38,1.38,1
533,1.38,1,2,1.38,0.5,0.5,1,0.5,0.5,1,2,2,0.5,1.38,0.5,1,0.5,1,2,0.5,1.38,2,2,2,2,1.38,0.5,0.5,1.38,1,0.5,1,1,2,1.38,1,1.38,2,1.38,2,2,0.5,1.38,1.38,2,1,1.38,0.5,2,1.38
534,0.5,1.38,1,0.5,1.38,0.5,1,1.38,2,0.5,0.5,0.5,0.5,2,0.5,1.38,0.5,0.5,1,0.5,2,1.38,2,1.38,0.5,1.38,1.38,1,0.5,2,0.5,2,1.38,1,1.38,2,0.5,1.38,2,2,1.38,1,1,1.38,1.38,0.5,1.38,0.5,0.5,0.5
535,1,1,1,0.5,2,2,2,2,1.38,0.5,1,2,1,1,1,1,1,0.5,0.5,2,0.5,0.5,2,2,1.38,1,0.5,1.38,0.5,1,0.5,1.38,1.38,0.5,0.5,0.5,1.38,1.38,0.5,0.5,1,2,1,1,2,0.5,1,0.5,2,2
536,1.38,1,1,0.5,2,2,0.5,1.38,2,0.5,2,0.5,1.38,0.5,1,2,2,1.38,1,0.5,0.5,1.38,2,2,2,1,2,1.38,1.38,1,1.38,1,2,1.38,0.5,1.38,0.5,1,1.38,1.38,1.38,2,0.5,1,0.5,1,1,1.38,2,1.38
537,0.5,2,1.38,1,1.38,2,1.38,0.5,1,0.5,1,2,2,2,1,1.38,0.5,1.38,2,0.5,0.5,2,2,1,0.5,0.5,0.5,1,0.5,1,0.5,1,2,1.38,1.38,2,0.5,1,1.38,1.38,1,1,2,1,1,2,1,1,2,1
538,1,1.38,0.5,1,1,0.5,0.5,1.38,0.5,2,1,1,0.5,1.38,1,1,0.5,0.5,0.5,2,0.5,1,1,1.38,1.38,1.38,0.5,2,1,1,1,1,2,0.5,0.5,0.5,1,1,0.5,0.5,0.5,2,1,1.38,2,2,0.5,1,1,0.5
539,0.5,2,0.5,1.38,1,1.38,0.5,1.38,1,0.5,2,1.38,2,2,0.5,1,1,1,2,2,0.5,2,1,1.38,1,1,0.5,1.38,1.38,1.38,1.38,1.38,2,2,1,2,0.5,2,0.5,0.5,2,0.5,1.38,1,1.38,1.38,1,0.5,1.38,1
540,0.5,2,2,0.5,0.5,1,1,1.38,1,0.5,1.38,0.5,0.5,1.38,1.38,1,1.38,0.5,0.5,1,0.5,2,1.38,1.38,2,2,2,0.5,2,1.38,1.38,1.38,1.38,0.5,0.5,1.38,1,1,0.5,1.38,1,0.5,2,0.5,1,1.38,1,1,0.5,0.5
541,0.5,2,1,2,0.5,2,0.5,1.38,2,2,1.38,2,1.38,1,2,0.5,1.38,0.5,1.38,0.5,1,1.38,1,2,0.5,1.38,2,2,0.5,1.38,2,2,1,2,0.5,1,1.38,1,1.38,2,1.38,2,1.38,1.38,2,2,2,1.38,1.38,1
542,2,1.38,2,2,1,0.5,2,0.5,1,1.38,2,1,1,2,0.5,2,1.38,0.5,0.5,0.5,2,1,0.5,2,2,2,2,1,1,1,2,0.5,2,1.38,0.5,0.5,1.38,1,1,0.5,1,1,1.38,1.38,1,2,1,2,0.5,2
543,1.38,1,0.5,2,0.5,1,1,1,1,0.5,0.5,1,0.5,1.38,0.5,1,1,2,2,1.38,0.5,1.38,1.38,1,1,2,0.5,2,1,1,1,2,2,1,2,0.5,1,1.38,2,1,1,2,2,1.38,2,2,1,1.38,1.38,0.5
544,2,1.38,2,0.5,2,2,0.5,1.38,0.5,1,2,1,0.5,2,0.5,0.5,1.38,1.38,2,2,2,1,1,1.38,2,1.38,1.38,0.5,2,0.5,2,1,0.5,1.38,0.5,2,1.38,1,0.5,1,1.38,1.38,0.5,1.38,2,0.5,0.5,1,2,1.38
545,2,2,2,0.5,1.38,2,2,2,1.38,1.38,2,1,0.5,2,2,1.38,1,1,1.38,0.5,1,0.5,1,1,1.38,0.5,0.5,1,0.5,1.38,1.38,0.5,0.5,1,0.5,0.5,1.38,1.38,1,1.38,1,1,1,1,2,0.5,1.38,2,0.5,1.38
546,1.38,1.38,1.38,0.5,1.38,2,1,1,0.5,1.38,0.5,1,2,2,0.5,1.38,1,2,2,0.5,1,1.38,0.5,1.38,2,2,1,1.38,2,1,0.5,1,0.5,2,1,0.5,2,1,1.38,2,1.38,1.38,1,1.38,1.38,1.38,2,1.38,1.38,0.5
547,0.5,2,1.38,2,1.38,1.38,1.38,1.38,1.38,1,0.5,2,1.38,1.38,0.5,2,1,2,1.38,0.5,2,2,2,2,2,0.5,1.38,1,1,1,2,1.38,1,1.38,2,1,1.38,1,0.5,1.38,2,0.5,0.5,0.5,0.5,0.5,1.38,2,1.38,1
548,2,1.38,1,1,1.38,2,0.5,1.38,2,1.38,1.38,1,1.38,1.38,0.5,2,1,1.38,2,1.38,2,0.5,1,2,1.38,2,1,1.38,0.5,1,1.38,0.5,0.5,1,2,1,1.38,2,2,2,1,1.38,0.5,2,1,2,1.38,1,0.5,2
549,1.38,0.5,1,2,1.38,1,0.5,0.5,1.38,0.5,0.5,1,1.38,1,0.5,0.5,1,0.5,1,1,1,1.38,0.5,0.5,1.38,1.38,1.38,2,0.5,0.5,1.38,1.38,2,1.38,1.38,1,0.5,2,1,0.5,2,1,2,2,1,0.5,1,1,1,2
550,1.38,1.38,0.5,0.5,1.38,2,2,2,1.38,2,1.38,1.38,2,2,1.38,1.38,1,1,1.38,1.38,1,0.5,0.5,1.38,2,1,2,0.5,1,2,1,1.38,1.38,2,1,0.5,1.38,1,1.38,1,1.38,0.5,1.38,0.5,0.5,2,2,1.38,2,0.5
551,1,2,2,0.5,1,1.38,1,1.38,1,0.5,2,0.5,1.38,0.5,0.5,1.38,2,1,1,1,2,0.5,2,2,2,0.5,0.5,1.38,2,1,0.5,1,2,2,1.38,0.5,2,1,0.5,0.5,1.38,1,1,1.38,1,1,0.5,0.5,1.38,1.38
552,1,1.38,1,0.5,0.5,0.5,1.38,2,1,1.38,1.38,2,0.5,0.5,1.38,1,1,1,1,1.38,0.5,0.5,1,2,2,2,1,1.38,2,0.5,1.38,2,0.5,2,1.38,2,1.38,1,2,1.38,1,1,2,0.5,1,1.38,1.38,1,2,1.38
553,0.5,1.38,0.5,1.38,1,1,0.5,0.5,0.5,1,1.38,1.38,0.5,1.38,1,0.5,1.38,1,1.38,1.38,1,2,1.38,0.5,0.5,1.38,2,1.38,1,1,2,1.38,2,1,2,1,1.38,0.5,0.5,2,1,0.5,1,1.38,1.38,2,2,1.38,1,1.38
554,1.38,1,0.5,1,0.5,0.5,2,1,1,2,1.38,0.5,2,2,0.5,1.38,1,1,1.38,2,2,1,2,1.38,1,1,1.38,1,0.5,1.38,1.38,1,2,0.5,0.5,1.38,1.38,1,1,1.38,0.5,2,2,1.38,1.38,1.38,1,0.5,1.38,1
555,1.38,0.5,2,1.38,2,2,2,1,1.38,1,1.38,0.5,2,1,1,2,1,1.38,2,2,1.38,1,2,2,0.5,1,2,1.38,0.5,1,1,0.5,0.5,1.38,0.5,2,2,1.38,1.38,2,1.38,0.5,1.38,1,1,1,2,0.5,1.38,1.38
556,1.38,0.5,1,1.38,0.5,1.38,1,0.5,1,2,0.5,2,0.5,1,0.5,1.38,0.5,2,0.5,0.5,2,2,1,0.5,1,1.38,1,0.5,0.5,0.5,1.38,0.5,2,1.38,1.38,1,2,1,1,1.38,1.38,2,2,1.38,2,1,2,1,2,1.38
557,1,1.38,2,0.5,2,1.38,0.5,2,1.38,1.38,2,1,0.5,0.5,1.38,1.38,1.38,2,0.5,2,0.5,2,1.38,1.38,1,1.38,1,2,2,0.5,2,0.5,0.5,1.38,1,1.38,2,1.38,1.38,0.5,2,0.5,0.5,2,1.38,0.5,2,2,2,0.5
558,1.38,1,0.5,2,0.5,1.38,1,0.5,0.5,1,1.38,2,2,1.38,1.38,1.38,1.38,2,2,1.38,0.5,2,0.5,2,1,2,1,1,2,1,2,2,1,1.38,0.5,1.38,1.38,2,1,2,0.5,2,2,2,1.38,2,2,1,1,1.38
559,0.5,1,0.5,1,1,2,1,0.5,1,1,1.38,2,0.5,1,1,0.5,1,1,1,2,1.38,2,1.38,2,1,0.5,1.38,0.5,1,0.5,1.38,0.5,1.38,1.38,1.38,1.38,1.38,1.38,2,0.5,0.5,1.38,0.5,1,0.5,2,1,2,1,2
560,0.5,1,1.38,1,1.38,0.5,1,2,1.38,1.38,1.38,2,0.5,1,1.38,2,0.5,1.38,2,1.38,1.38,1,2,0.5,1,1,1,2,1.38,2,0.5,1.38,2,1.38,1.38,1.38,1.38,2,0.5,1,2,0.5,0.5,0.5,2,2,0.5,2,2,0.5
561,1,1.38,1,2,1.38,1,2,0.5,1,2,0.5,1,1.38,1.38,1.38,0.5,1,1,1.38,1,1,1,2,2,1,2,0.5,2,1.38,0.5,1.38,1,1,2,0.5,0.5,1,0.5,0.5,2,1.38,1.38,1,1.38,1.38,0.5,2,2,1,2
562,1.38,1.38,0.5,0.5,1,1.38,1,1,2,2,1,1.38,0.5,1.38,1.38,2,1,0.5,1,1,1.38,2,2,1.38,0.5,1,1,2,2,1.38,1.38,1.38,2,1,1,1,1,1,2,2,0.5,1.38,1,1.38,2,1,2,2,1.38,0.5
563,1.38,1,1.38,2,2,0.5,1,2,2,0.5,1,0.5,2,0.5,2,2,1.38,2,0.5,0.5,1,1,1,1.38,1.38,1,2,1,1.38,1.38,2,0.5,2,1,1,1.38,2,2,1,0.5,1.38,0.5,0.5,0.5,1,1,2,0.5,2,2
564,1,2,1.38,1,1,1,1,1.38,1.38,0.5,2,1.38,1,0.5,2,1.38,1.38,1.38,0.5,1.38,1.38,1,1.38,1,0.5,0.5,1.38,2,0.5,1,0.5,0.5,2,1.38,1.38,1,1,0.5,2,0.5,1,2,1,1.38,0.5,1,0.5,0.5,1.38,1.38
565,1,0.5,1.38,0.5,0.5,0.5,0.5,1.38,1,1,1.38,1.38,0.5,1,2,1.38,1.38,1,1,1,1,1.38,1,1,1,0.5,0.5,0.5,0.5,1,1.38,0.5,1,0.5,2,1.38,0.5,1.38,0.5,2,0.5,1,1,2,1.38,0.5,2,1,1.38,1
566,2,2,0.5,0.5,2,1.38,0.5,1,2,0.5,0.5,0.5,0.5,0.5,1,0.5,0.5,0.5,2,1,1,0.5,1,1,0.5,2,2,1,1,0.5,2,1.38,1,1.38,0.5,2,1,1.38,1.38,1.38,2,1.38,1.38,1.38,0.5,1,0.5,0.5,2,1
567,1,1,1.38,1,0.5,1,1,1,0.5,1,1,2,2,2,2,2,1.38,2,1.38,1,1.38,1.38,2,0.5,0.5,0.5,2,2,1,1,2,1,1,1,0.5,2,1.38,1,0.5,0.5,0.5,0.5,1,1.38,1,1,0.5,2,0.5,2
568,0.5,1.38,0.5,1.38,1,2,0.5,0.5,1,0.5,1.38,0.5,2,0.5,1,0.5,0.5,1.38,1,0.5,1,0.5,2,0.5,1,1,1,1,1,0.5,1,1.38,0.5,1.38,1.38,1.38,0.5,0.5,1.38,0.5,0.5,0.5,2,1.38,1.38,2,1,2,1,1
569,1,2,1.38,1.38,2,1.38,2,0.5,2,0.5,2,1.38,1.38,0.5,1,1,1,1,2,2,2,1,2,1.38,1,2,2,0.5,2,0.5,1.38,2,2,1,0.5,2,1.38,0.5,1,1.38,2,1.38,2,2,1.38,2,1.38,1.38,1.38,0.5
570,0.5,1,2,2,2,2,2,1.38,2,0.5,0.5,1,2,0.5,1,1,2,0.5,1.38,1,2,0.5,1,1.38,1,0.5,2,0.5,0.5,2,1.38,2,1.38,0.5,1.38,1.38,2,1.38,1.38,1,0.5,2,0.5,0.5,1,2,1.38,1,1.38,0.5
571,1,1.38,0.5,1.38,2,2,1.38,1.38,1.38,1,2,1.38,1,1.38,0.5,1.38,2,1,1,1,2,0.5,1.38,0.5,1.38,1.38,1.38,1,1,0.5,0.5,2,0.5,1,1.38,2,1.38,1.38,1.38,2,1,1,2,1,1.38,0.5,1,1,1.38,1.38
572,2,1.38,1,1.38,2,1.38,2,2,1.38,1.38,1,2,1.38,0.5,2,2,1.38,1.38,1,1,1.38,1,0.5,0.5,1,0.5,1.38,1.38,2,0.5,0.5,1.38,1,1.38,1,1,0.5,2,1,1.38,0.5,2,1.38,1,0.5,2,1.38,1.38,0.5,1
573,1.38,2,1,1,1,1,1.38,1,1,1,2,1.38,1.38,1,1.38,1.38,1.38,1.38,1.38,1,0.5,0.5,1.38,2,1,0.5,1.38,2,2,2,0.5,2,0.5,0.5,0.5,1.38,1.38,2,0.5,1.38,1,2,0.5,1.38,1,0.5,0.5,2,2,0.5
574,1.38,2,1,0.5,1.38,2,1.38,2,1,0.5,2,0.5,1.38,1.38,0.5,1,1,2,1,2,2,1.38,1.38,2,1,1,0.5,2,0.5,1,2,0.5,1,1,1,0.5,1.38,1,2,1,1.38,1.38,2,0.5,1,1.38,1,1.38,1,1
575,2,1,1.38,1.38,1.38,1.38,1.38,1.38,0.5,0.5,2,0.5,2,1,2,1,1,2,0.5,1.38,0.5,2,1.38,1,2,0.5,0.5,1.38,0.5,0.5,1.38,1.38,1,2,0.5,2,1.38,1.38,0.5,1.38,1.38,1.38,0.5,2,1.38,0.5,1.38,0.5,0.5,2
576,2,2,2,0.5,1,1.38,2,2,0.5,1.38,2,0.5,1,1,2,1,1,0.5,1.38,0.5,1.38,1.38,2,0.5,0.5,0.5,1,1,2,1,0.5,1,1,1.38,1.38,1.38,0.5,1,0.5,2,1.38,1,1,0.5,1,0.5,1,0.5,0.5,1
577,2,2,0.5,0.5,1.38,2,0.5,0.5,0.5,1.38,1.38,2,0.5,1,1,1,2,1,0.5,2,1.38,0.5,2,1,2,1,1.38,1,0.5,0.5,1,1,2,2,0.5,1.38,1.38,0.5,0.5,0.5,1,2,2,0.5,2,2,2,1,1.38,2
578,1,1,1,2,2,1,2,1.38,0.5,2,0.5,1.38,1.38,1.38,1,1.38,1.38,2,1,1.38,1,1,0.5,0.5,2,1.38,1,1,1.38,1,1.38,1,0.5,1,1.38,2,0.5,1,2,2,0.5,2,2,2,0.5,2,1.38,1,1.38,2
579,0.5,2,1.38,1.38,0.5,1,2,1,1.38,1,1.38,1,0.5,2,0.5,1,0.5,1.38,1.38,2,2,1.38,1,0.5,1,0.5,1.38,1,0.5,0.5,1.38,2,2,2,2,1,0.5,1.38,0.5,0.5,1,0.5,2,0.5,1,0.5,1,0.5,1,1.38
580,1.38,2,0.5,2,1,1.38,1,1,1,2,1.38,0.5,0.5,1,0.5,1.38,2,1,1,1,1,0.5,2,1.38,2,2,2,1.38,2,0.5,1,1,0.5,0.5,0.5,1.38,2,1,1.38,0.5,1.38,1,1,1.38,1.38,0.5,0.5,2,1,1.38
581,2,2,2,0.5,1.38,2,2,1.38,1.38,2,1,2,1.38,1,1.38,0.5,1.38,1,0.5,2,2,1,1,1.38,1.38,1,0.5,1,2,1,0.5,2,1,2,0.5,2,1,0.5,2,1,2,2,0.5,0.5,2,2,2,1,0.5,1.38
582,1.38,0.5,1.38,0.5,1.38,1,1,0.5,2,1,1,1,2,1,2,1,1,1.38,2,1,2,2,0.5,2,0.5,1.38,2,1.38,1,1.38,0.5,0.5,2,1,1,1,1.38,1.38,1.38,1.38,1.38,1,0.5,1,0.5,2,1.38,0.5,2,1.38
583,2,0.5,0.5,2,1,0.5,1,2,1.38,1,1,1,0.5,0.5,0.5,0.5,2,2,2,1.38,1.38,2,1.38,1.38,2,2,2,1.38,2,1,1.38,1,2,1,1.38,0.5,0.5,2,1,1,0.5,1.38,1,0.5,0.5,2,1.38,0.5,1,1
584,1,2,2,0.5,1,1,1.38,1.38,2,0.5,2,1.38,0.5,0.5,2,0.5,0.5,1.38,2,1,1,1,0.5,1.38,2,0.5,1.38,1.38,0.5,1,1.38,1,0.5,1.38,1,1,1.38,2,0.5,0.5,1,2,0.5,1.38,2,1.38,0.5,1,2,1.38
585,2,2,1.38,0.5,0.5,1,1.38,1,1,0.5,1.38,0.5,1.38,1,0.5,0.5,1.38,2,1,1,0.5,1,1,1,0.5,1,2,0.5,1.38,0.5,0.5,1,2,1.38,1,2,2,1.38,1,0.5,1,1,2,1,1,1,1.38,0.5,0.5,1.38
586,2,1.38,1,2,0.5,0.5,0.5,2,1,2,1,2,0.5,0.5,2,2,0.5,1,2,1.38,2,1.38,2,2,1,0.5,2,1.38,1,1,0.5,1,2,1,1,1,1,0.5,1.38,0.5,2,1.38,0.5,2,0.5,0.5,1.38,1.38,1.38,0.5
587,0.5,1,2,1,1.38,2,0.5,1,1,1.38,1,2,1.38,1.38,0.5,2,2,2,1,0.5,0.5,1.38,0.5,1,1.38,2,1,1,2,2,0.5,1.38,1,2,0.5,1,1.38,0.5,2,1.38,1.38,0.5,0.5,1,2,2,1,1.38,0.5,2
588,0.5,0.5,1,2,1,1.38,1,1.38,2,1,0.5,2,1.38,1,1.38,1,1,1,0.5,0.5,0.5,0.5,1.38,2,1,2,1,0.5,0.5,1,2,0.5,1.38,1.38,1.38,0.5,1.38,1.38,2,1.38,1.38,1.38,1,0.5,2,1.38,2,1.38,0.5,0.5
589,1,1,2,0.5,2,1.38,1.38,1,1,2,1.38,1.38,1,1,0.5,1.38,1.38,2,2,1.38,1,0.5,1.38,0.5,1.38,1,0.5,0.5,1,2,1.38,2,0.5,1.38,1,0.5,2,1,1,1,1,1,2,1,1.38,1.38,1.38,1,0.5,1
590,1.38,1.38,0.5,1.38,1.38,1.38,2,2,1.38,1.38,1,1,1,1.38,2,1.38,0.5,2,1,2,0.5,1,1.38,0.5,1,2,1,1,1,2,0.5,1.38,2,0.5,1.38,2,1.38,1,0.5,1,1.38,0.5,1,1.38,2,0.5,1.38,1,1.38,0.5
591,2,1.38,1.38,1,2,1.38,2,1,2,1.38,0.5,2,1,0.5,1.38,0.5,1,2,1,1,1,2,0.5,1.38,1,1,2,1.38,2,0.5,0.5,0.5,1,2,2,1.38,2,1.38,2,2,1,1.38,1,1,1.38,1.38,1.38,1.38,0.5,1.38
592,0.5,2,2,0.5,1.38,1.38,0.5,1.38,1,1.38,0.5,0.5,1.38,2,1,2,0.5,0.5,1,2,2,1.38,0.5,1,2,0.5,1.38,2,0.5,1,0.5,1,1,2,0.5,0.5,2,1,0.5,0.5,1.38,1,1,0.5,1,1.38,2,0.5,1.38,1.38
593,1,2,0.5,1,0.5,1.38,1.38,2,0.5,1,2,1,1.38,0.5,2,1,2,1.38,0.5,0.5,2,1.38,2,2,1,1.38,0.5,2,1.38,1.38,2,1.38,1,1.38,1,1.38,1,2,0.5,2,2,2,1,2,1,1,2,1,1.38,1
594,0.5,0.5,1.38,0.5,1.38,1,0.5,1.38,1.38,0.5,2,0.5,1.38,1.38,0.5,1.38,0.5,1.38,0.5,1,0.5,2,0.5,1.38,1.38,0.5,0.5,0.5,1.38,2,2,1.38,1.38,2,1.38,2,1.38,2,2,1.38,0.5,2,0.5,0.5,2,1,1.38,1.38,1.38,0.5
595,1,1.38,1,1.38,1.38,2,1,1,0.5,1,2,0.5,1.38,1,1,1.38,2,0.5,1.38,0.5,1,0.5,1.38,1,2,1.38,1,0.5,0.5,2,1.38,0.5,1.38,0.5,2,1,2,1.38,0.5,2,0.5,1,2,0.5,2,1.38,2,1,1,1
596,1.38,2,1.38,0.5,1.38,1,2,2,0.5,1,2,1,2,0.5,1,1.38,1,1.38,1.38,0.5,0.5,1.38,0.5,2,1.38,0.5,2,1,1,1,1.38,2,2,1.38,1,1,0.5,2,1.38,0.5,0.5,1,1.38,2,0.5,2,0.5,0.5,1.38,1.38
597,2,2,1.38,2,2,1.38,1,2,2,2,1.38,0.5,2,1.38,1.38,0.5,1,0.5,2,2,1.38,2,0.5,1.38,1,1,1,2,1.38,2,2,2,1.38,0.5,0.5,1.38,2,0.5,1.38,0.5,2,0.5,1.38,2,2,2,1.38,0.5,2,1
598,0.5,1.38,0.5,1,1.38,2,2,0.5,2,1,0.5,0.5,2,1,1,1,2,1.38,1,1.38,1,1.38,1.38,0.5,1,1,0.5,1.38,1.38,0.5,2,2,1,0.5,1,1.38,1.38,1,0.5,2,1,1,1.38,1.38,2,0.5,1.38,1,0.5,0.5
599,0.5,1.38,1.38,0.5,0.5,1.38,1.38,1,0.5,0.5,1,0.5,1.38,0.5,1.38,1.38,1.38,2,1.38,1.38,0.5,2,1.38,0.5,1,1,1.38,2,2,1.38,0.5,1.38,1,0.5,2,2,2,0.5,1,1,1.38,1.38,1.38,2,2,1,1.38,2,2,2
600,1,0.5,1,2,1.38,0.5,2,0.5,0.5,0.5,0.5,0.5,1,0.5,0.5,0.5,2,1,1.38,2,1,1.38,1.38,1.38,1.38,1.38,2,0.5,2,1,1.38,1,1.38,2,1,1.38,1,1.38,1,1.38,0.5,2,2,2,2,0.5,2,2,0.5,2
601,0.5,1.38,1,1,1,2,0.5,2,0.5,1,0.5,2,1,1,0.5,1,2,0.5,2,1.38,1.38,2,1.38,0.5,0.5,2,1,0.5,1.38,1,1,2,2,1.38,1.38,0.5,1.38,1.38,1,0.5,1,0.5,2,0.5,2,0.5,1,0.5,1.38,1
602,2,1,0.5,1.38,1.38,1.38,1.38,1.38,0.5,1.38,1.38,0.5,1.38,2,1,1.38,2,1.38,1.38,1.38,1.38,0.5,1,1,1,1.38,1.38,0.5,0.5,1,2,1,2,1.38,1,0.5,2,0.5,1.38,0.5,2,1.38,1,1.38,1,0.5,2,1.38,1,1.38
603,1.38,0.5,1.38,2,1.38,1.38,2,1.38,0.5,1,2,1.38,1.38,2,0.5,1.38,2,2,1.38,2,1,1.38,1.38,1.38,1,0.5,0.5,1,2,1.38,1,1.38,0.5,1.38,1.38,1.38,1,0.5,0.5,2,0.5,0.5,1,0.5,1,1,2,0.5,1,1
604,0.5,1.38,1,1,0.5,1,1.38,0.5,1,1,1,2,1.38,2,0.5,2,0.5,2,0.5,2,2,2,2,0.5,0.5,1.38,0.5,1,1,2,0.5,1,2,0.5,1,0.5,1,1,1.38,1,2,0.5,0.5,2,0.5,1,1.38,2,0.5,1
605,0.5,1.38,1,2,1.38,0.5,0.5,2,1,1,2,2,1.38,2,0.5,2,1.38,1,1.38,0.5,1,0.5,2,2,0.5,1,1,1,1.38,1.38,1.38,2,0.5,1.38,1,2,2,1.38,0.5,1.38,1.38,1.38,1,1.38,2,2,1,0.5,2,0.5
606,2,1,1.38,1.38,2,2,0.5,0.5,1.38,0.5,1,1,1.38,1,1.38,1.38,2,0.5,0.5,0.5,0.5,2,1.38,1,1.38,1.38,0.5,1,1,0.5,1.38,1,0.5,2,0.5,2,1,2,0.5,0.5,1,1.38,2,0.5,0.5,1,2,0.5,2,1.38
607,2,1.38,1.38,2,1.38,1.38,2,1,0.5,1,2,2,0.5,1.38,1.38,1,1.38,0.5,0.5,2,0.5,0.5,1,2,1,2,2,0.5,1.38,2,0.5,0.5,0.5,0.5,0.5,1,0.5,1,1,2,2,0.5,1,0.5,2,2,1,0.5,0.5,2
608,1,0.5,1,1,1,1,1,2,2,0.5,1.38,1,1.38,1,2,1.38,1,0.5,1,0.5,1.38,1,0.5,2,1,1.38,1,2,1,1,2,0.5,1.38,0.5,0.5,2,1.38,1.38,0.5,1.38,1.38,1,1,2,1.38,1.38,1.38,0.5,2,2
609,1,0.5,0.5,1.38,0.5,0.5,1.38,1.38,0.5,2,0.5,0.5,0.5,1.38,1,0.5,0.5,1.38,0.5,1,2,1.38,1,1.38,1,2,0.5,2,1,1.38,1,0.5,0.5,1.38,2,0.5,0.5,1,1.38,1.38,2,1.38,1.38,2,1,1.38,1.38,0.5,1.38,2
610,2,1.38,2,2,1.38,2,1.38,0.5,1,2,0.5,2,1,2,1,2,0.5,1,1.38,1,1.38,2,0.5,2,1,0.5,0.5,2,1.38,1.38,1,1,1.38,1.38,1.38,2,1,1,2,0.5,2,2,1.38,1,0.5,2,0.5,1,2,1
611,0.5,1.38,1.38,1,1,1.38,1,2,0.5,2,0.5,1.38,1.38,1,1,1.38,1.38,1,1.38,1.38,1,0.5,0.5,2,0.5,1,1.38,1,1,0.5,0.5,2,1.38,1,1.38,1,1.38,0.5,2,1.38,1,1.38,1.38,0.5,0.5,1,1,0.5,2,1.38
612,1,1,1.38,1,1,0.5,1.38,1.38,1,1.38,1.38,1,0.5,2,1.38,1.38,1,2,1.38,2,0.5,0.5,0.5,1.38,2,0.5,2,0.5,2,2,0.5,2,1.38,0.5,2,2,1,0.5,2,2,2,2,1.38,1.38,1.38,1,0.5,2,1.38,2
613,1,2,2,1,1,2,1.38,2,1.38,0.5,2,1,0.5,1.38,2,2,2,1,0.5,1.38,2,1.38,0.5,1.38,0.5,2,1.38,2,2,1.38,1,1.38,2,2,1,0.5,1,0.5,1,0.5,0.5,2,1,1.38,0.5,2,2,0.5,0.5,1.38
614,0.5,1.38,2,1.38,1,2,2,0.5,1.38,1,2,2,1.38,1,1.38,1,1,2,1.38,1,0.5,1.38,0.5,2,0.5,2,1.38,2,1.38,1.38,2,1.38,0.5,2,0.5,2,2,1,1,2,1,1,1.38,1.38,2,1.38,2,1.38,2,0.5
615,1.38,0.5,0.5,2,1.38,0.5,1.38,1.38,1,0.5,0.5,1,2,1,1,1.38,1,0.5,1,1.38,2,0.5,0.5,0.5,2,2,0.5,1.38,0.5,1.38,1,1.38,2,0.5,0.5,2,0.5,2,0.5,1,1.38,2,1,0.5,1.38,1,2,1,2,1.38
616,1,1.38,1.38,0.5,0.5,2,1,0.5,1.38,1.38,1.38,1,1.38,1,2,1,2,2,1.38,1.38,1,1,2,2,2,1.38,0.5,1,0.5,2,1,1,0.5,1,2,1.38,2,2,0.5,0.5,2,0.5,1,1.38,2,2,1.38,2,1,0.5
617,0.5,1.38,2,0.5,2,1,1.38,0.5,2,1.38,0.5,2,1.38,1,2,1.38,0.5,2,2,1,2,1,0.5,1.38,1.38,1,0.5,0.5,1,1,1,1.38,0.5,1,1.38,2,1,2,1.38,1,1.38,2,1.38,0.5,1.38,2,2,0.5,1,1.38
618,1,0.5,0.5,1.38,1,1,2,1.38,1,1.38,0.5,2,1.38,1.38,1,0.5,1.38,1,1,2,1.38,0.5,0.5,1.38,0.5,0.5,0.5,2,0.5,0.5,0.5,1,1,1,1,1.38,1.38,0.5,2,2,1,2,2,2,2,1,1.38,1,2,1.38
619,2,2,1.38,0.5,0.5,1,1,2,0.5,1.38,0.5,1.38,2,0.5,1,2,2,1.38,1,2,2,1.38,1,2,2,2,1,2,1,1.38,0.5,1,2,1.38,0.5,1.38,1,0.5,0.5,1,2,1,2,0.5,1,2,1,1,1,1
620,1,0.5,1,1.38,0.5,2,2,1.38,0.5,0.5,1,2,0.5,1.38,2,1.38,1.38,1.38,0.5,1,1,2,2,1,2,1.38,1,1,1.38,2,1.38,1,1.38,0.5,0.5,0.5,0.5,2,1,1.38,1,1,1.38,2,0.5,2,2,0.5,1,0.5
621,2,2,2,1,1.38,1.38,1.38,1,2,1.38,2,1.38,1.38,2,1,1.38,0.5,2,0.5,2,2,1.38,0.5,1.38,2,1,1,1,0.5,2,2,1.38,0.5,2,1.38,0.5,2,0.5,1.38,1.38,0.5,1.38,0.5,1,1,0.5,0.5,2,1.38,1
622,1,1,2,2,2,1.38,2,2,0.5,0.5,1,0.5,0.5,1.38,2,2,1,2,0.5,1.38,1,1.38,1,1,0.5,2,1,0.5,1,0.5,1.38,0.5,1,0.5,1.38,1.38,1,2,0.5,1.38,1.38,1,1.38,1.38,1,1.38,2,0.5,2,0.5
623,1,1,1,1.38,1.38,1.38,2,1.38,0.5,1,2,1,1.38,1,0.5,0.5,1,0.5,0.5,0.5,0.5,2,1.38,1.38,1.38,1.38,1.38,0.5,1.38,1.38,0.5,1,1,1,0.5,1.38,0.5,1,1,0.5,1,0.5,1,2,0.5,2,1,1.38,0.5,0.5
624,0.5,1,1.38,1,0.5,0.5,1,1.38,1,1,1.38,1.38,2,1,1.38,0.5,0.5,1,2,2,1.38,0.5,1,0.5,1,2,1,1,1.38,2,1.38,0.5,0.5,1.38,2,0.5,1,2,2,0.5,0.5,0.5,1,1.38,0.5,1,2,2,2,1.38
625,0.5,0.5,1,1,2,1.38,1.38,2,1,1,1.38,2,2,2,1,1.38,1,0.5,1,0.5,0.5,1,1.38,2,0.5,2,2,1.38,2,1,2,0.5,0.5,2,0.5,1,1,1,1,1,0.5,1.38,1.38,0.5,1.38,1.38,0.5,1,1,1.38
626,2,0.5,2,0.5,0.5,2,1,0.5,1.38,0.5,1.38,2,1,0.5,1,0.5,1,1.38,1.38,1,0.5,1.38,1,1.38,2,0.5,1,0.5,1,0.5,2,1.38,0.5,1,0.5,1.38,0.5,0.5,0.5,1.38,2,2,2,1,1.38,1.38,1,1,2,1.38
627,2,1.38,2,1,1.38,1,2,1.38,1.38,2,1.38,0.5,2,1.38,1.38,1.38,2,1,1,2,2,0.5,1.38,1,2,1,0.5,1.38,1.38,2,1.38,1.38,0.5,1.38,2,1,2,0.5,1,0.5,1.38,2,0.5,1.38,2,1.38,2,2,0.5,1.38
628,1,1,0.5,1,1,0.5,1,1,0.5,1,1.38,1,0.5,1,1.38,1.38,1,2,0.5,1.38,1,1.38,0.5,0.5,0.5,0.5,1,1,2,0.5,0.5,2,1,1.38,1.38,1.38,1.38,1.38,2,1,1.38,1.38,2,0.5,2,0.5,2,1.38,0.5,1.38
629,2,1,1,2,2,1,2,1,1,1.38,1,2,1,1,0.5,2,2,0.5,2,0.5,0.5,1,1.38,0.5,1,1,0.5,1.38,1,2,1.38,0.5,0.5,1,2,2,2,0.5,1,0.5,1.38,0.5,1,1,0.5,0.5,0.5,1,1.38,1
630,1,1,1.38,1.38,0.5,1,1,0.5,2,1.38,0.5,0.5,2,1.38,1.38,1.38,1.38,1.38,1,0.5,2,1.38,1,0.5,0.5,0.5,2,1,0.5,0.5,1.38,1,1.38,2,0.5,2,1,1.38,0.5,1,2,2,2,0.5,0.5,0.5,2,2,0.5,2
631,1.38,1,0.5,0.5,1.38,0.5,1.38,1,2,1,0.5,2,0.5,1,2,0.5,1.38,0.5,1,2,1,0.5,1.38,0.5,0.5,1,1,1.38,1.38,0.5,1.38,2,1,0.5,2,2,2,0.5,1,2,2,0.5,2,1,0.5,0.5,1.38,1.38,1.38,1.38
632,2,1.38,2,0.5,1.38,0.5,1,1,1.38,0.5,2,0.5,1,1.38,0.5,1.38,1.38,0.5,0.5,2,2,0.5,1.38,1.38,1,0.5,1.38,1.38,2,2,2,2,2,1,1,1.38,1.38,2,2,1,0.5,2,2,0.5,1.38,1.38,1,1,1.38,2
633,2,2,0.5,2,1,1,0.5,1.38,2,1.38,1,2,1,0.5,2,1,0.5,0.5,0.5,2,1.38,1,1,0.5,1,1.38,1,2,0.5,2,2,2,1.38,2,1.38,0.5,1.38,0.5,1,1.38,1,1,0.5,0.5,1,1,2,1,0.5,2
634,1.38,0.5,1.38,2,2,1,1.38,2,1.38,0.5,1.38,1,1.38,1.38,0.5,1,2,1,1.38,1,0.5,2,2,1.38,1.38,0.5,1,1,1.38,0.5,2,1.38,2,2,1,0.5,2,1,1,2,1,2,1,0.5,2,0.5,1,2,1,0.5
635,1,1,1,1,1.38,0.5,0.5,2,0.5,0.5,1.38,2,0.5,0.5,2,0.5,1.38,1,2,1.38,1,2,1.38,0.5,1.38,1.38,2,2,0.5,1,1.38,1.38,2,1,1,1.38,1,0.5,1,0.5,1,2,1.38,1.38,0.5,1,2,1.38,0.5,2
636,0.5,1.38,1,1,0.5,1.38,2,2,1,2,2,1.38,1,1.38,0.5,2,2,1,0.5,1,1,1.38,1.38,1,2,1.38,1,1,2,1.38,1.38,2,2,1,2,1,2,2,0.5,2,0.5,2,1.38,0.5,1,1.38,1,1,0.5,1.38
637,1,2,1.38,0.5,0.5,1,1.38,1.38,1.38,1,2,0.5,2,0.5,0.5,1,1,2,1,1,1.38,1.38,2,1,1.38,1,1,1.38,2,2,1,1.38,0.5,1.38,0.5,0.5,1,0.5,1.38,0.5,0.5,0.5,0.5,1.38,2,2,1.38,1.38,0.5,0.5
638,2,1.38,1,0.5,2,2,0.5,2,1.38,2,2,1.38,1.38,1,2,0.5,1.38,0.5,0.5,2,1.38,1.38,1.38,1.38,1,1.38,1,2,1.38,1.38,2,0.5,1.38,1.38,1.38,1,0.5,0.5,2,0.5,2,1.38,1,0.5,2,1,2,2,0.5,1.38
639,0.5,0.5,1,1,1,0.5,1,0.5,0.5,1,1.38,0.5,0.5,1.38,1,1.38,1.38,1.38,0.5,1.38,1.38,1,1,2,0.5,2,1,0.5,1.38,1.38,0.5,1,0.5,1,2,1.38,0.5,1,1,0.5,0.5,0.5,1,1.38,1.38,1,1.38,1.38,2,1
640,0.5,0.5,2,1.38,1.38,1.38,2,0.5,1,2,1,0.5,0.5,1,1.38,0.5,0.5,2,2,0.5,0.5,2,2,2,1.38,0.5,0.5,1.38,1,0.5,2,2,1,2,1,1.38,0.5,0.5,2,1,1,1.38,0.5,1,0.5,2,2,1.38,2,0.5
641,1,0.5,0.5,0.5,1,0.5,0.5,1,1,1,1.38,1,2,0.5,1.38,0.5,1.38,2,1.38,2,2,1,1,1,2,0.5,1.38,1,1.38,1.38,1.38,1.38,1,2,1.38,0.5,0.5,0.5,2,1.38,1.38,2,1.38,1,1,2,0.5,0.5,1.38,2
642,1,0.5,1.38,1.38,2,2,2,0.5,2,1,1.38,0.5,2,2,1,2,0.5,0.5,1,1.38,0.5,1.38,0.5,1,1.38,2,1,2,1,1.38,1.38,2,2,1,0.5,2,1,0.5,0.5,2,2,1.38,0.5,2,1.38,1.38,0.5,0.5,0.5,2
643,0.5,2,1.38,1,2,0.5,1,0.5,2,1.38,0.5,2,2,2,1,2,2,1.38,1,0.5,0.5,1.38,0.5,1,2,1.38,1,2,1.38,2,2,2,1,1.38,1.38,1,1,2,1.38,1,1.38,0.5,2,2,0.5,2,0.5,0.5,0.5,1
644,0.5,0.5,2,1.38,0.5,1.38,0.5,0.5,0.5,2,0.5,0.5,1,1,2,2,1,0.5,0.5,0.5,1,2,1,2,1,1.38,1.38,0.5,1.38,1.38,1.38,2,0.5,1,2,1,0.5,1.38,1,1.38,1.38,0.5,1,2,2,0.5,1.38,1.38,1,1
645,2,0.5,1,2,0.5,0.5,2,1,1.38,1,1,1,2,2,2,0.5,1,1,1.38,1,1,0.5,1.38,1,1,1.38,1.38,1.38,1.38,1.38,1.38,1.38,1,2,1,0.5,0.5,1,1.38,0.5,2,1,1.38,1.38,0.5,1,1,1.38,1.38,2
646,1.38,0.5,1,2,1.38,1.38,0.5,1,1.38,2,2,2,1.38,1.38,0.5,2,2,1,2,2,2,1,1,1.38,1,1,1.38,0.5,1.38,1.38,0.5,0.5,0.5,2,1,0.5,1.38,0.5,2,1.38,0.5,1.38,1.38,1.38,1.38,0.5,2,0.5,0.5,1.38
647,0.5,2,0.5,1,1.38,0.5,1,0.5,2,1,0.5,2,2,1.38,0.5,0.5,2,0.5,1,1,1.38,1.38,0.5,1.38,1.38,0.5,2,1.38,1.38,1,1,1,1.38,2,2,0.5,0.5,1,1,0.5,1.38,2,1,1,0.5,2,0.5,1,2,2
648,0.5,1,1,0.5,1,1.38,1,1,1.38,2,0.5,1,1,1.38,0.5,1.38,0.5,1,2,2,0.5,0.5,2,1.38,0.5,2,1.38,1,1,0.5,2,1,1.38,0.5,1.38,0.5,2,0.5,2,1.38,2,2,1.38,0.5,1,0.5,2,1,2,1.38
649,1.38,0.5,0.5,0.5,2,1,1,2,1,2,0.5,1,1,2,1.38,1.38,1.38,2,0.5,0.5,0.5,0.5,0.5,0.5,1,1.38,1.38,2,1.38,2,0.5,2,0.5,1.38,1,1,2,1.38,0.5,2,0.5,1,0.5,0.5,1.38,2,1,1.38,1.38,1
650,0.5,0.5,2,0.5,2,1.38,0.5,2,1,2,2,1,0.5,1.38,1.38,1,2,1.38,1.38,1,1.38,1,1.38,1,1,2,0.5,1.38,0.5,2,0.5,1,1.38,2,1,0.5,1,0.5,0.5,2,1.38,1,2,1,1,0.5,1.38,1.38,2,1
651,1.38,0.5,0.5,1,0.5,0.5,0.5,0.5,2,1,1.38,2,0.5,0.5,2,0.5,0.5,1.38,1,0.5,2,1,1,0.5,1,1,1.38,1,1.38,0.5,1.38,1,0.5,1,1,0.5,1.38,1.38,1.38,1,2,1.38,2,2,1,1.38,1,1.38,0.5,1.38
652,1.38,2,1,0.5,2,1,1.38,2,2,1,2,0.5,1,1.38,0.5,1.38,0.5,1.38,2,0.5,2,1,1.38,1.38,2,2,0.5,1.38,1,1,1,1.38,2,1.38,1.38,0.5,0.5,1,0.5,2,1.38,0.5,1.38,1.38,0.5,2,1,1.38,2,1.38
653,1.38,1.38,0.5,1,1.38,1.38,1.38,0.5,1,1.38,0.5,1,1,2,2,1,1.38,1,1,2,2,0.5,0.5,1.38,1,1.38,1,2,2,1.38,1,0.5,1,1.38,1.38,1,1.38,0.5,0.5,2,0.5,2,2,0.5,0.5,0.5,0.5,1.38,1,2
654,1.38,1,1,0.5,1,1,1.38,0.5,0.5,1,1.38,1,1,1,0.5,2,0.5,0.5,2,2,1.38,0.5,2,2,2,1,0.5,1.38,2,1.38,1.38,1.38,1,1.38,1,1.38,1,1,0.5,1.38,2,1.38,0.5,2,0.5,2,2,2,1.38,1.38
655,1,1,1,2,2,0.5,0.5,1,0.5,2,1,1,2,1,0.5,1,1,1,2,0.5,0.5,0.5,0.5,1.38,2,2,0.5,1.38,0.5,1.38,2,1.38,1.38,1,1,0.5,0.5,2,2,2,2,0.5,1.38,0.5,1.38,2,1.38,1,1,2
656,1,1,1,2,2,1,2,1.38,1,1.38,1,1,1.38,0.5,2,1,2,2,1.38,1.38,2,2,1.38,1.38,2,0.5,1.38,2,2,1,1,1,1.38,1.38,2,0.5,1,1.38,1.38,1,1,2,0.5,2,1.38,1,1.38,1,1,1
657,2,1.38,0.5,2,0.5,1.38,1.38,0.5,0.5,2,1.38,1,2,1.38,2,1,2,2,2,1,0.5,2,1.38,0.5,1.38,1.38,2,1,1.38,0.5,2,2,1.38,1.38,0.5,1.38,2,1,0.5,0.5,1.38,2,1,0.5,1.38,2,2,0.5,0.5,0.5
658,0.5,2,1,2,2,0.5,1.38,1.38,1.38,2,0.5,2,0.5,2,1.38,1.38,1.38,1.38,0.5,0.5,1,1.38,0.5,1,1.38,1,0.5,1,2,0.5,0.5,0.5,2,2,1,1.38,2,0.5,1,0.5,2,2,1,0.5,1.38,1,1,1.38,1.38,1
659,1,1.38,1.38,1,0.5,1,2,2,1.38,1.38,1.38,2,2,1,0.5,2,1,0.5,0.5,1.38,2,0.5,1.38,0.5,1,2,2,2,1,2,2,2,1.38,1.38,1,0.5,2,0.5,2,1,2,0.5,0.5,0.5,0.5,1,1.38,1,1.38,2
660,0.5,2,1.38,0.5,1,1.38,1.38,1,1.38,2,1,1,0.5,2,1.38,1,0.5,1.38,1,0.5,2,0.5,0.5,0.5,2,1,0.5,2,0.5,1,2,2,1.38,1,2,1.38,1,0.5,0.5,0.5,0.5,1,1.38,1.38,2,0.5,1,2,1,0.5
661,1.38,1.38,0.5,1.38,2,1.38,1,1.38,1,0.5,2,1,1,0.5,1,0.5,2,1,1.38,1.38,0.5,1,1.38,1,1,1.38,1.38,1.38,1,0.5,1.38,0.5,1,1,2,2,1.38,0.5,2,0.5,1,1,1,0.5,1.38,1.38,0.5,1,0.5,0.5
662,1.38,1.38,0.5,2,0.5,2,1.38,1,0.5,1,1.38,0.5,1.38,0.5,0.5,1.38,1,1.38,1.38,1,1.38,2,1.38,1,0.5,2,0.5,1.38,2,1,0.5,0.5,0.5,0.5,2,0.5,1,1,1,1.38,1.38,1,2,1,1,1.38,1,0.5,0.5,1
663,0.5,2,2,2,0.5,2,2,0.5,1,1,2,1.38,2,0.5,1.38,2,0.5,1,1,2,1,0.5,0.5,1.38,1.38,1.38,1,1.38,1,1.38,2,1,1.38,0.5,2,1,2,2,0.5,0.5,1,1,1.38,1,1,2,1,1.38,1.38,0.5
664,1,1.38,1,1,2,2,1.38,0.5,2,2,2,1,1,1,2,1,1,1,1,0.5,1.38,0.5,1,1.38,1,1,1,1,1,1.38,2,0.5,2,2,2,0.5,1,2,1.38,1,0.5,1,0.5,0.5,1.38,0.5,1.38,0.5,1.38,1.38
665,1.38,0.5,2,1,1.38,1.38,2,1,0.5,2,1,1,1,2,0.5,1,2,2,1,1,1,1,2,2,0.5,0.5,2,1.38,0.5,1.38,1,2,0.5,0.5,0.5,1,1.38,0.5,2,1.38,1.38,0.5,0.5,0.5,0.5,1.38,1.38,2,1,0.5
666,0.5,1,1,1.38,2,0.5,1.38,0.5,0.5,0.5,1.38,1,1,2,1,1.38,1.38,0.5,0.5,0.5,0.5,1.38,0.5,1.38,1,2,2,0.5,2,1.38,1.38,0.5,0.5,0.5,1,1.38,1.38,1.38,1.38,0.5,2,1.38,1.38,1.38,1,2,1,1,1,2
667,0.5,2,1.38,1,2,0.5,1.38,1.38,0.5,2,2,1.38,0.5,1,1,0.5,2,2,1.38,0.5,1.38,1,1,1.38,1,1.38,0.5,1,0.5,1.38,0.5,1.38,1.38,2,2,0.5,2,1.38,0.5,2,0.5,1,1,0.5,0.5,2,1,2,1.38,1
668,1.38,1,0.5,2,0.5,0.5,0.5,0.5,2,1,1,1.38,1,1,0.5,2,1.38,1,0.5,0.5,2,1.38,1.38,1,0.5,0.5,1,1.38,0.5,1,1.38,1,0.5,1,1.38,0.5,1,1.38,1.38,0.5,0.5,2,0.5,1,1,1,1.38,1,1.38,2
669,1,1,0.5,2,2,0.5,1,1,2,1.38,1,1.38,1.38,1.38,2,0.5,1.38,1,2,1.38,1,0.5,2,1,2,2,1.38,1.38,2,1,0.5,1.38,2,1.38,0.5,0.5,1.38,1,0.5,0.5,1.38,0.5,1.38,1.38,0.5,1,0.5,0.5,0.5,2
670,0.5,1.38,0.5,1,1,0.5,2,1.38,2,2,1,0.5,1.38,2,1,1,1.38,0.5,1,1,0.5,2,2,2,2,1,2,1.38,2,2,1,1.38,0.5,2,1,2,1.38,1,1,0.5,2,0.5,1.38,1.38,1.38,1.38,1,2,2,0.5
671,1,1,1,2,1.38,1.38,0.5,2,2,2,2,1.38,0.5,1,2,1,0.5,2,2,1.38,1,2,0.5,1.38,0.5,2,2,0.5,1,2,2,1,2,2,1.38,1,0.5,1.38,0.5,2,1.38,2,1.38,2,2,2,0.5,0.5,1,0.5
672,0.5,1.38,1.38,2,1,0.5,2,1.38,1.38,0.5,2,1.38,0.5,2,0.5,1,2,1.38,1,1,2,0.5,1.38,0.5,2,0.5,0.5,0.5,0.5,1.38,0.5,1.38,1,0.5,1,1,1,1,1,0.5,0.5,1.38,1,0.5,1,0.5,0.5,2,2,1
673,0.5,0.5,1.38,0.5,0.5,2,1.38,1.38,1,1,0.5,1.38,1.38,1.38,0.5,2,2,2,1,1,0.5,0.5,1,2,1.38,0.5,2,0.5,2,2,0.5,0.5,2,1,1,2,1,1.38,1.38,0.5,2,1.38,2,1,1,2,1,1.38,0.5,1.38
674,0.5,1.38,2,2,1.38,2,2,1,1.38,0.5,0.5,1.38,1,0.5,1,0.5,1.38,0.5,2,1,1.38,0.5,0.5,1,2,1.38,1.38,2,1,1.38,2,1.38,1.38,2,0.5,1,1,2,0.5,1.38,2,0.5,1,1.38,1.38,1.38,0.5,1,1,1
675,0.5,1,1,0.5,0.5,2,1.38,0.5,0.5,0.5,1,2,2,0.5,2,2,1.38,0.5,2,0.5,0.5,1.38,2,1,2,0.5,1,1.38,2,1.38,1,2,0.5,0.5,0.5,1,1,0.5,2,1,1.38,1,1,1.38,1,1,1.38,1.38,0.5,1.38
676,2,2,2,0.5,0.5,0.5,2,0.5,0.5,1.38,0.5,1.38,1,2,2,0.5,1,2,1,2,1.38,0.5,1,1.38,1,1,0.5,1.38,2,0.5,1.38,1.38,1.38,0.5,1,2,1.38,2,2,1,1.38,2,0.5,1,1,1.38,2,2,1.38,0.5
677,2,0.5,2,1.38,1,1,2,2,1.38,1.38,1.38,0.5,2,1,1,2,1.38,2,1,1.38,2,0.5,0.5,1.38,1.38,2,0.5,1,2,2,1,1,1,0.5,2,1.38,2,1.38,2,1.38,1,0.5,2,2,1.38,2,1.38,1.38,0.5,2
678,1,1,1,2,1,1.38,0.5,2,2,0.5,1,2,1.38,0.5,2,0.5,1,0.5,1.38,1,1.38,1.38,1,1,2,2,2,0.5,1,1,2,0.5,1,1,2,1,0.5,2,1.38,1.38,0.5,1,2,2,2,1.38,1,0.5,1.38,1.38
679,2,0.5,2,1,0.5,0.5,1.38,1.38,1.38,0.5,1,2,2,1.38,1,2,2,0.5,1,1,1,1,2,0.5,0.5,0.5,0.5,2,2,1,1,0.5,0.5,0.5,2,1.38,1.38,0.5,1.38,0.5,1.38,0.5,1,0.5,0.5,2,2,0.5,1,1
680,1.38,1,0.5,1,0.5,1,2,1,1.38,1,1.38,1,2,1,1.38,2,2,1,2,1.38,1.38,0.5,2,0.5,2,0.5,1.38,0.5,2,0.5,2,1,2,2,0.5,0.5,1.38,1.38,0.5,1.38,1,1.38,1,1,1,1,1.38,0.5,1.38,2
681,1.38,0.5,2,0.5,1,2,2,1,0.5,2,0.5,1.38,2,0.5,2,2,0.5,0.5,1.38,2,1,1,0.5,2,2,1,0.5,1,1,2,2,2,2,1.38,0.5,1.38,1,2,0.5,1,1,1.38,0.5,1,2,0.5,1,1.38,1,1.38
682,1,0.5,1,1.38,0.5,2,0.5,1,0.5,2,2,1.38,0.5,2,1,0.5,1,0.5,2,1.38,1,0.5,2,2,2,2,2,0.5,1,1.38,2,1.38,2,0.5,2,0.5,0.5,0.5,1.38,2,2,1.38,2,2,1,0.5,1.38,0.5,2,1.38
683,2,1.38,0.5,1.38,1.38,2,1.38,0.5,2,0.5,0.5,1.38,0.5,1.38,1.38,1.38,1.38,0.5,1.38,0.5,1,0.5,0.5,1.38,0.5,2,2,2,2,0.5,0.5,1,2,1.38,1,0.5,0.5,1,2,2,2,0.5,2,1,2,2,1,1,0.5,0.5
684,1,1.38,0.5,2,1,2,1,0.5,0.5,1.38,0.5,0.5,1,2,2,1.38,0.5,2,1.38,1,0.5,2,2,1.38,2,1.38,1.38,1,0.5,1,2,2,1.38,1.38,1.38,1,2,1,1,1,2,2,1,1.38,1.38,1,1.38,1,1,2
685,1,1.38,2,1.38,2,1.38,2,1,0.5,1.38,1.38,1,1.38,1.38,2,1,0.5,2,1,2,0.5,1,0.5,0.5,1,1.38,1,1.38,1,1,1.38,2,0.5,1,0.5,0.5,1,1,1.38,1.38,1.38,1,1.38,2,1,1,1.38,1,0.5,1
686,2,1.38,2,1.38,0.5,1,1,1,2,0.5,1.38,1,1,1.38,2,1.38,2,1.38,1,1.38,0.5,1,2,1.38,1.38,2,2,2,2,1,1.38,1,0.5,0.5,2,2,1,0.5,1,1,2,0.5,0.5,2,1.38,0.5,1,1.38,0.5,0.5
687,1.38,1.38,1,2,1,0.5,1,1,0.5,0.5,1.38,0.5,0.5,2,1.38,0.5,1.38,0.5,1,2,2,0.5,2,2,2,1.38,0.5,1,2,0.5,1,0.5,1,0.5,2,2,1,1,0.5,1,2,1,1,2,1,1.38,1,0.5,1.38,2
688,1.38,1.38,1.38,1,1.38,0.5,1,2,1.38,1,1.38,2,1,1.38,1,2,2,1,1.38,2,2,1,0.5,0.5,1.38,0.5,0.5,2,1,1.38,1,1,1.38,1.38,1,0.5,1,1,2,0.5,1,2,1,1,1,0.5,1,1,0.5,0.5
689,0.5,2,1,2,0.5,1,1.38,1.38,1.38,0.5,2,2,1,2,1.38,1,2,1.38,2,1.38,1.38,0.5,2,1.38,2,1.38,1,1.38,1.38,1,1,1.38,1.38,0.5,0.5,0.5,2,1.38,1.38,0.5,1.38,2,0.5,1.38,2,1,0.5,2,0.5,0.5
690,2,1.38,0.5,1.38,1.38,1.38,2,0.5,1,0.5,0.5,0.5,2,0.5,0.5,2,1.38,0.5,1.38,1.38,2,0.5,2,1,0.5,1,0.5,0.5,1,0.5,1,2,2,2,0.5,0.5,0.5,0.5,0.5,1.38,1.38,0.5,1,2,0.5,1.38,1.38,1.38,1,0.5
691,2,2,1,2,2,1.38,1,0.5,0.5,1,0.5,1.38,2,0.5,0.5,0.5,1,2,2,2,2,2,2,1,1.38,1,1,0.5,2,1.38,0.5,2,1,2,1.38,2,1.38,2,1,2,2,1,1.38,0.5,1.38,1.38,1.38,1,2,1
692,2,2,1.38,0.5,0.5,0.5,2,1.38,0.5,0.5,1,2,1.38,2,2,1.38,0.5,1.38,1,1.38,2,1.38,1.38,0.5,1.38,2,1.38,1.38,1,1.38,0.5,2,1,2,2,2,2,1,1.38,1,1,1.38,2,2,0.5,1,1,2,1,1
693,1.38,2,1.38,1.38,1,1.38,0.5,2,2,0.5,1,1.38,1,2,2,1.38,1.38,1,0.5,1,0.5,0.5,1.38,1.38,2,0.5,2,2,0.5,1.38,1.38,0.5,0.5,0.5,0.5,1,2,2,0.5,0.5,1.38,1.38,2,2,1,2,0.5,1,2,1.38
694,1.38,2,2,0.5,1.38,1.38,0.5,2,0.5,2,2,1.38,2,1,0.5,1,2,2,1,1.38,1,0.5,0.5,2,1.38,0.5,2,0.5,2,1,1,2,2,1.38,0.5,1,1.38,2,0.5,2,0.5,2,1.38,1.38,1.38,1,1,2,2,1
695,1,1.38,2,1.38,0.5,1,2,1,1,0.5,1.38,0.5,2,2,2,1,1,0.5,1.38,1.38,1.38,1.38,1.38,1,1,1.38,1.38,0.5,2,2,1.38,1,2,1.38,1,1,0.5,1.38,1,2,1.38,1,0.5,2,1,0.5,0.5,0.5,1.38,1
696,2,2,1,2,1.38,1.38,1,1,1,1.38,1,1,0.5,0.5,1.38,2,2,1,1.38,1.38,0.5,0.5,1.38,1,2,1,1,2,2,1,2,1.38,1.38,0.5,0.5,1,0.5,1.38,2,2,0.5,0.5,1.38,0.5,2,1.38,1.38,0.5,1.38,1
697,1.38,2,2,0.5,2,1,2,0.5,0.5,0.5,2,1.38,1,1.38,1,2,1.38,0.5,1.38,1.38,1.38,1,2,0.5,1,1,0.5,0.5,0.5,2,1,1,2,2,1,0.5,1.38,1,1,1.38,2,0.5,1.38,1.38,2,0.5,1,0.5,1.38,2
698,0.5,1,1.38,1,1,1,0.5,2,1.38,2,1.38,0.5,2,1,0.5,1.38,1.38,1.38,1,1.38,2,1.38,1.38,0.5,1,0.5,0.5,0.5,1.38,1.38,0.5,1.38,1,2,1,2,1.38,1,1.38,1,0.5,1,2,1,1.38,1.38,1,2,0.5,1
699,1,1,1,1,0.5,1.38,1,1,2,2,0.5,1,1,2,0.5,1,1.38,2,1,2,0.5,1.38,1,1,2,2,2,0.5,0.5,2,0.5,1,1,1.38,0.5,0.5,0.5,1,2,0.5,0.5,1,1,1,1.38,1,2,1.38,1,2
700,2,1.38,1,1,1.38,1,1,1.38,2,2,1,1,2,1,2,0.5,1,1.38,2,1.38,0.5,1.38,1.38,1.38,0.5,2,1,1,0.5,0.5,1.38,2,0.5,1.38,1,0.5,1.38,1,2,0.5,1,2,1.38,1,2,1,1,2,1.38,0.5
701,1.38,2,1,1.38,0.5,0.5,1.38,1,0.5,2,0.5,2,2,1,2,1.38,0.5,1.38,2,2,2,1,0.5,0.5,0.5,0.5,2,0.5,1,2,1,1,1.38,1.38,1,1,1,2,1.38,2,2,2,2,2,1,0.5,1.38,2,2,2
702,0.5,1.38,1.38,1,1.38,0.5,1.38,1.38,0.5,0.5,0.5,1.38,1,2,1,0.5,1,1,2,1,1.38,2,1,1.38,1,1.38,0.5,2,1.38,0.5,0.5,1,1,1.38,2,2,2,1,2,0.5,2,1,0.5,1.38,0.5,1.38,0.5,1.38,2,1.38
703,1,1.38,1,2,1.38,2,2,0.5,1,0.5,0.5,0.5,1.38,1.38,0.5,0.5,0.5,1,1.38,2,1.38,1,1.38,2,0.5,1.38,2,0.5,1,0.5,2,1,0.5,0.5,2,2,1,0.5,0.5,1.38,1,1.38,2,1,0.5,1,1,1,1.38,2
704,1,0.5,0.5,2,1.38,1.38,1,2,1.38,1.38,0.5,2,1.38,2,1.38,0.5,1,1.38,0.5,2,0.5,2,1.38,1,0.5,0.5,1,1.38,0.5,2,0.5,1.38,1,2,1.38,0.5,1.38,1.38,2,0.5,1.38,0.5,1.38,0.5,1.38,2,1,1,0.5,1.38
705,1,1,1,0.5,1,1,2,1,1,2,2,1.38,2,0.5,2,1.38,1.38,1.38,0.5,0.5,1.38,2,1.38,1,0.5,0.5,1,1.38,1,1,1.38,1,1.38,2,1,0.5,2,1,1.38,1.38,0.5,2,1.38,1.38,1,1.38,0.5,0.5,1,0.5
706,2,1,1,0.5,0.5,0.5,1.38,1,1,2,1.38,0.5,0.5,0.5,1.38,0.5,2,1.38,1,1.38,0.5,0.5,0.5,1.38,0.5,2,1.38,2,0.5,0.5,0.5,1.38,1.38,0.5,0.5,2,1,0.5,0.5,0.5,1,2,0.5,1,1.38,1,1,0.5,0.5,1
707,1.38,1.38,1,1.38,1,1.38,1,1,1,2,1,1,1.38,1.38,1.38,2,0.5,1,2,2,0.5,0.5,2,1,1.38,0.5,1,2,2,1,2,1.38,1.38,1.38,1,1.38,0.5,0.5,1.38,0.5,1,1.38,1.38,1.38,1.38,2,1,2,1.38,2
708,0.5,1,0.5,0.5,2,2,1.38,1,0.5,1.38,0.5,2,0.5,0.5,2,1,1,2,1,0.5,0.5,0.5,1,2,1,0.5,0.5,0.5,1.38,2,2,2,0.5,2,0.5,2,2,1,0.5,0.5,2,0.5,1.38,2,1,0.5,1,2,2,1
709,0.5,1.38,1,2,1.38,1.38,0.5,1.38,2,1,1,0.5,1.38,1,2,1,2,1.38,1.38,0.5,1.38,2,1,1,0.5,2,1.38,2,0.5,0.5,1.38,1.38,1.38,1.38,2,0.5,2,1.38,1,0.5,1,1,1,1,1,0.5,1.38,2,1,1.38
710,1.38,2,2,0.5,1.38,2,0.5,1,1,2,0.5,1,0.5,1,1.38,0.5,1.38,1.38,0.5,0.5,1,0.5,1,0.5,0.5,1,1,1.38,0.5,0.5,1,1,1.38,1,0.5,0.5,1,2,1.38,1,2,1.38,1,2,1,1.38,1,1.38,1.38,0.5
711,2,2,2,2,2,2,2,0.5,1,1,0.5,0.5,0.5,1.38,1.38,2,0.5,1.38,0.5,1,1,1,1.38,0.5,1.38,0.5,1.38,1.38,1,1.38,0.5,0.5,1,0.5,1.38,0.5,1,1.38,1.38,0.5,1.38,1,1.38,2,1,0.5,2,1.38,2,1.38
712,0.5,1,2,1.38,1,2,0.5,2,0.5,1.38,1.38,1,1.38,1,1.38,1,1.38,2,2,2,1.38,0.5,0.5,1.38,1.38,1,2,1,2,1.38,0.5,2,2,1,0.5,1.38,2,0.5,2,1,2,0.5,2,1,1.38,2,1,1,1.38,2
713,1.38,1,2,1,2,0.5,1,2,1,1,0.5,0.5,1,0.5,1.38,1,1.38,0.5,1,0.5,1,1,1.38,1,1,1.38,1,1.38,0.5,1,1.38,1,1.38,1.38,2,1,2,0.5,1.38,2,0.5,1.38,0.5,1.38,2,1,1,0.5,0.5,2
714,2,0.5,1.38,1,2,0.5,1,1,2,1.38,1,2,2,0.5,1,0.5,1,1,1,2,0.5,1.38,2,1,1,0.5,2,0.5,0.5,0.5,0.5,1,2,1.38,1.38,0.5,0.5,1,0.5,1,0.5,1.38,1.38,0.5,1.38,1,0.5,2,0.5,0.5
715,1,2,2,2,1.38,2,1.38,1.38,0.5,0.5,1,2,1.38,1,0.5,0.5,1,2,1,0.5,0.5,1,2,1.38,2,1,1.38,2,2,0.5,1,2,2,1.38,0.5,1.38,0.5,1,0.5,0.5,2,2,0.5,2,1,0.5,0.5,0.5,1,1
716,2,1,1,1,2,1,1.38,0.5,2,1,2,1,0.5,1,2,1.38,1,0.5,0.5,0.5,1,0.5,1.38,0.5,2,2,1.38,2,1.38,1.38,2,1.38,0.5,1,0.5,0.5,1,2,1,0.5,0.5,0.5,2,1.38,1,0.5,1,1,1.38,1.38
717,1,0.5,0.5,1,1,1.38,1.38,1.38,1.38,1.38,1,0.5,1,2,2,2,2,2,0.5,0.5,1,1,0.5,1.38,1,0.5,1,1.38,0.5,1.38,1,2,2,0.5,1.38,0.5,1.38,0.5,2,0.5,0.5,1.38,1,0.5,1,1,0.5,2,1,1.38
718,0.5,1,0.5,1.38,2,1,1.38,1,1,1,1,0.5,1.38,2,2,2,0.5,1,0.5,1,2,1.38,1.38,1,0.5,1,1.38,2,1,2,0.5,1,0.5,1,1.38,1,2,1,0.5,1,0.5,1,0.5,2,0.5,1.38,0.5,0.5,1.38,2
719,1,2,2,1,0.5,0.5,1,2,2,2,1.38,1.38,2,1.38,0.5,1.38,1.38,0.5,0.5,0.5,1.38,2,1,2,0.5,2,1,0.5,1,2,0.5,0.5,0.5,0.5,1.38,1,0.5,1.38,2,2,1.38,0.5,0.5,2,2,1.38,0.5,0.5,1.38,2
720,1.38,0.5,2,1.38,2,0.5,2,1,0.5,2,0.5,1,2,2,1,1.38,2,1,1.38,0.5,1,0.5,1,0.5,0.5,0.5,0.5,1.38,1,1.38,0.5,1.38,2,0.5,2,1,1.38,2,1,2,2,1,1,1,1.38,1,2,0.5,1,1
721,1,2,1.38,0.5,0.5,1.38,1,1.38,0.5,1.38,0.5,2,2,1,1.38,0.5,0.5,0.5,2,1,0.5,1.38,1,1.38,2,1,1,0.5,0.5,1.38,1.38,2,2,0.5,0.5,0.5,0.5,1.38,1,2,0.5,2,1.38,1,1.38,1,1.38,0.5,1,1.38
722,1.38,1,2,1.38,0.5,1,0.5,1,1.38,2,1,1,0.5,0.5,0.5,2,0.5,0.5,1.38,1,1,0.5,2,1,2,1,2,1.38,1.38,1.38,1,1.38,1,2,0.5,1,1,1,1,2,2,0.5,0.5,2,1.38,2,1.38,0.5,1,2
723,1.38,2,0.5,1.38,1.38,2,1.38,1,1.38,1,1,2,0.5,1.38,1,2,1,2,1,1.38,1.38,0.5,1.38,2,1,1.38,2,2,1,1.38,0.5,1,1,2,1.38,0.5,2,0.5,1.38,1.38,2,1,1.38,1.38,1,0.5,2,1,1.38,0.5
724,2,2,2,0.5,2,2,1,1,2,2,1,1,2,2,1,1.38,0.5,2,1,0.5,2,1,1,0.5,2,2,1,1,1,2,0.5,1.38,2,2,2,1,1.38,2,1,0.5,0.5,0.5,0.5,0.5,2,0.5,1.38,1,2,2
725,2,1.38,2,2,1,2,1,0.5,0.5,1.38,0.5,1,1.38,1,2,0.5,2,1,0.5,0.5,0.5,0.5,1,1.38,0.5,1.38,1.38,1.38,2,1,1.38,1.38,1,2,2,2,2,1.38,2,2,1,1,2,0.5,0.5,2,0.5,2,0.5,1
726,0.5,1,0.5,1.38,1.38,2,1.38,2,1.38,1.38,1.38,1.38,2,0.5,1.38,2,0.5,2,1,1,1.38,1,1,0.5,1.38,1.38,0.5,1.38,2,1,0.5,1,0.5,1,1,1.38,0.5,1,1.38,2,2,1.38,1.38,0.5,1,2,0.5,1.38,0.5,2
727,1,0.5,2,2,2,1,1,0.5,0.5,1,1,2,1.38,0.5,1.38,1,2,0.5,1,0.5,0.5,0.5,1,0.5,0.5,2,1.38,1,1.38,2,2,1.38,1.38,1.38,2,0.5,0.5,0.5,1,1,1.38,1,1.38,0.5,0.5,2,2,2,1,1
728,0.5,1.38,0.5,2,1.38,1,2,2,1,1.38,1.38,2,2,2,1.38,1,1.38,1.38,2,0.5,0.5,1.38,0.5,1.38,2,0.5,2,1,1.38,1,1,1,1.38,1,2,1.38,0.5,2,1,0.5,0.5,1.38,2,1.38,0.5,2,1.38,0.5,0.5,0.5
729,1.38,0.5,1.38,2,1,1,1.38,2,2,1.38,0.5,1.38,1,1,2,1.38,1.38,1,2,1,1.38,1.38,0.5,1,2,0.5,1.38,2,0.5,2,0.5,1,0.5,1,1,0.5,1,1,2,2,1,1,1,2,1,1,0.5,2,0.5,1
730,0.5,1.38,1.38,1.38,1,2,0.5,0.5,1,1.38,1.38,1,0.5,1.38,1,1,1,0.5,2,2,2,2,1.38,1,1,2,0.5,0.5,0.5,1.38,1,1.38,2,2,2,0.5,2,1,2,2,1,1,1.38,0.5,1.38,1,1,2,1.38,1
731,2,1,1,0.5,0.5,1,1,0.5,1.38,2,1.38,2,1,0.5,0.5,0.5,1,1.38,1.38,0.5,1.38,2,0.5,0.5,1,1,0.5,0.5,2,0.5,1,1.38,2,2,0.5,1,2,1.38,1.38,2,0.5,1.38,1,0.5,0.5,2,0.5,1,0.5,0.5
732,1,0.5,0.5,0.5,0.5,2,2,1.38,1,2,1,2,2,2,1.38,0.5,0.5,2,1.38,0.5,1.38,1.38,0.5,2,0.5,1,2,0.5,0.5,2,2,2,0.5,2,1.38,1,1.38,1,0.5,1,2,0.5,0.5,1.38,2,1,1.38,1,0.5,0.5
733,1,1,1,1,2,1,2,0.5,1,1,1.38,2,1.38,2,1,1,0.5,2,0.5,1.38,2,1.38,1.38,1.38,2,1.38,1.38,1.38,0.5,1.38,2,0.5,1,2,0.5,1,1.38,2,2,2,1.38,2,2,1,1.38,1,1.38,2,0.5,1
734,1,2,0.5,1,1,1.38,0.5,0.5,2,1,1,0.5,0.5,0.5,2,1,2,2,0.5,1.38,2,1.38,0.5,2,1,1,1.38,2,0.5,0.5,0.5,1,1,1.38,1,1,1.38,0.5,0.5,1.38,1,1,0.5,1.38,1,0.5,1,1.38,0.5,1.38
735,1,1,1.38,0.5,2,1.38,0.5,0.5,1.38,1,1.38,1.38,2,2,2,0.5,0.5,1,1.38,1.38,1,1,2,2,2,0.5,1.38,0.5,0.5,2,2,1,2,2,1.38,0.5,1.38,1,2,1.38,1,0.5,0.5,0.5,2,2,1.38,2,2,2
736,0.5,0.5,0.5,1.38,2,0.5,2,2,1.38,1,1,1.38,1,2,0.5,0.5,0.5,2,0.5,1.38,1.38,1.38,0.5,0.5,2,1.38,2,0.5,1,0.5,0.5,0.5,1,1,2,1,1,0.5,0.5,0.5,1.38,0.5,2,1,2,1,2,1.38,2,0.5
737,1.38,1,1.38,1.38,1.38,1,1,1.38,0.5,2,1,0.5,2,1,1.38,1.38,1,1.38,1.38,0.5,2,1,1,1,1.38,1,0.5,1,1.38,1,2,2,2,1,0.5,1.38,1.38,0.5,1,0.5,0.5,1.38,1.38,2,1,1.38,1.38,2,1.38,1
738,0.5,0.5,1,1.38,1,1.38,2,1,1,1.38,2,1.38,0.5,2,1.38,2,0.5,0.5,2,1.38,1,2,1.38,0.5,1,1,1.38,2,1,0.5,2,1,1,1,0.5,1.38,1,1,0.5,0.5,0.5,1.38,2,2,1,1.38,1.38,0.5,1.38,1.38
739,0.5,1,2,1,1,1,1,0.5,2,1,1.38,2,0.5,1,2,2,0.5,0.5,1.38,0.5,1,2,0.5,0.5,1,1,2,1.38,0.5,1,2,2,1,1,0.5,1,0.5,1.38,0.5,1.38,1.38,0.5,1.38,1,0.5,1.38,0.5,0.5,1,1.38
740,1.38,1,1,0.5,1,2,2,1.38,0.5,0.5,2,1,0.5,1.38,0.5,2,0.5,2,1.38,2,2,1,2,1,2,1.38,1,0.5,1.38,0.5,1,1.38,2,1.38,1.38,1,1,1.38,0.5,1,0.5,1.38,1.38,2,1.38,1,2,2,0.5,1.38
741,2,1.38,1,2,0.5,1,0.5,0.5,0.5,2,1,2,2,1,1,1.38,2,0.5,0.5,1,1,1,2,2,1.38,1.38,0.5,1,2,2,1.38,2,2,0.5,0.5,0.5,1,2,2,1,1.38,1.38,1.38,1.38,0.5,1,1.38,2,1.38,0.5
742,0.5,2,1,2,0.5,1,1,1.38,1,1.38,2,2,1.38,1.38,1.38,0.5,1,2,0.5,1,1,2,2,2,1.38,0.5,0.5,1,1.38,1.38,2,0.5,1.38,1,0.5,2,1,2,0.5,2,2,0.5,1.38,1,1,1.38,1.38,1.38,0.5,0.5
743,0.5,0.5,1,0.5,1.38,2,1,1,1,2,1,1,1,0.5,1.38,0.5,2,1,2,1.38,1,1.38,1.38,1.38,0.5,1,2,0.5,1,1.38,0.5,1,1,1.38,2,2,2,1,1.38,2,2,1.38,1.38,0.5,0.5,0.5,2,1.38,1,1
744,1.38,0.5,0.5,1,1.38,2,1.38,1.38,1.38,2,1,0.5,1,0.5,0.5,0.5,1,2,1,1,0.5,1.38,1.38,1.38,1,1,0.5,2,1.38,0.5,2,1.38,1,0.5,0.5,0.5,0.5,1,0.5,1.38,2,2,1.38,2,1,0.5,1,1,1,1
745,2,2,1,0.5,1,1,1.38,2,2,0.5,1,2,1,1.38,1,2,1.38,1.38,2,2,2,2,2,2,2,1,1,1,1.38,2,1,0.5,0.5,1,2,2,2,2,1.38,2,0.5,1,2,0.5,2,1,2,2,0.5,1.38
746,2,1,1,0.5,1,0.5,2,1,1,1,1,1.38,1,1.38,2,2,0.5,0.5,2,0.5,2,0.5,1.38,1.38,1,1.38,2,1,0.5,2,1,1,1,0.5,0.5,1,2,1,1,1,1,2,1,1,1,0.5,1.38,2,1.38,0.5
747,0.5,1.38,1.38,1,1,2,1.38,1,2,0.5,1,1,0.5,1.38,1,1,2,0.5,1.38,2,1,0.5,1.38,2,0.5,0.5,0.5,1.38,2,0.5,1.38,1,2,1,0.5,1.38,2,1.38,1.38,2,2,1,2,1.38,1.38,0.5,1.38,1,0.5,1.38
748,2,1.38,1,1.38,1,1.38,1.38,0.5,1.38,1,1,0.5,1.38,0.5,2,1,0.5,1,0.5,1.38,0.5,1.38,2,2,0.5,0.5,1,1,2,0.5,1.38,1,1,1,1,0.5,2,1,1.38,0.5,2,2,1,2,2,1.38,1.38,0.5,1,1
749,2,0.5,2,1.38,2,1.38,1,2,1.38,2,1,0.5,0.5,2,0.5,1,1,1.38,1.38,0.5,2,1.38,2,1,1,0.5,1.38,1.38,1,2,1,0.5,1.38,1.38,1,0.5,1.38,0.5,2,1.38,1,2,2,1.38,1.38,2,1.38,2,0.5,1.38
750,1,1.38,1,2,2,1,1,1.38,1,1.38,0.5,0.5,2,2,0.5,1.38,1,0.5,2,1,1.38,1.38,0.5,2,2,1.38,1,1,1,1.38,0.5,1,1,0.5,1,0.5,0.5,2,2,0.5,0.5,0.5,2,1.38,1,2,1,2,2,2
751,0.5,2,1,2,1,2,0.5,0.5,2,1.38,1.38,1.38,2,2,2,2,1,0.5,1,2,2,2,2,1,0.5,1,1.38,2,1,0.5,2,1.38,1.38,1,0.5,0.5,0.5,1.38,0.5,2,1.38,2,0.5,1,2,1.38,1,0.5,1,1.38
752,1,1.38,1,2,2,1.38,1.38,2,2,2,1,2,1.38,0.5,1.38,2,0.5,0.5,0.5,0.5,2,1,2,1,1,1.38,1,1,0.5,1,1,1.38,1.38,1.38,1,1.38,1,1.38,1.38,1.38,1.38,2,1.38,0.5,0.5,0.5,2,1.38,2,1.38
753,1,1,2,0.5,1,1.38,0.5,2,1,1.38,1,1,2,1.38,1,2,1,2,1,0.5,0.5,0.5,1,2,1,1,2,1,0.5,0.5,1.38,2,2,0.5,1.38,1.38,0.5,2,2,2,1,1.38,1,1,1.38,1,2,0.5,1,0.5
754,0.5,2,0.5,1,0.5,1.38,1.38,2,2,2,1.38,0.5,1,1,0.5,1,1,1,1,1.38,1.38,1.38,1,1,1,1.38,0.5,1.38,1,1.38,2,1,1.38,0.5,1.38,0.5,0.5,2,1,1,2,1.38,2,0.5,0.5,0.5,1.38,1,1.38,1.38
755,1,1,1,1.38,1.38,2,2,2,2,1.38,2,1,1,2,1,1,1.38,2,2,1.38,1,1.38,2,1.38,2,1,0.5,1,0.5,2,2,1.38,1,1.38,2,2,1,1,1,1,1,2,0.5,1,1.38,1.38,1.38,1.38,1.38,1
756,1.38,0.5,1,1,2,0.5,0.5,0.5,1,1,0.5,0.5,1,2,2,0.5,0.5,1,1,2,1,2,0.5,0.5,0.5,2,1.38,2,1,1,1.38,0.5,1,2,0.5,1,1,1,2,1,1.38,2,1,0.5,1.38,2,2,1,0.5,2
757,1,2,1.38,1,1,1.38,1.38,2,1.38,2,1.38,0.5,1,1.38,2,1,0.5,1.38,1,1,1,2,1,2,1,2,0.5,2,2,1,2,1.38,1.38,0.5,1.38,0.5,2,0.5,2,1,1,0.5,1,1.38,0.5,1,0.5,1,1.38,2
758,1.38,2,1,1.38,2,1,1,1.38,1.38,1,0.5,1,1,1,1,1.38,0.5,2,0.5,2,1.38,2,1.38,1.38,2,1.38,1.38,0.5,2,0.5,1,0.5,1.38,2,2,1,1.38,0.5,1,2,1.38,2,1.38,2,1,0.5,2,1.38,1,1
759,0.5,1.38,2,0.5,0.5,1.38,0.5,1,1,1.38,1,1,0.5,0.5,1.38,0.5,1.38,2,1,0.5,0.5,2,1,1,2,1,1.38,1,2,0.5,2,0.5,1.38,1.38,2,1.38,1.38,1.38,1,1.38,1.38,1,0.5,1,2,1,0.5,2,1,1
760,1.38,0.5,2,2,1.38,2,0.5,0.5,1,1,0.5,2,1.38,1,1,0.5,0.5,1.38,2,2,0.5,2,1.38,1.38,1.38,2,1,2,1,0.5,1,0.5,2,1.38,1,1,1.38,1.38,1,1,1.38,1.38,2,1,0.5,1,0.5,1,0.5,0.5
761,1.38,1.38,2,2,1,1.38,0.5,2,2,0.5,0.5,1,2,1,1,0.5,1.38,2,2,1.38,0.5,2,2,0.5,1,1.38,1,1,1,0.5,0.5,0.5,2,1.38,1.38,2,1,2,0.5,0.5,1.38,0.5,2,2,1,1.38,2,1,2,2
762,1.38,1.38,1,1.38,1,2,2,1,2,2,1.38,2,0.5,2,1.38,0.5,2,2,0.5,1,1.38,1,0.5,2,0.5,0.5,0.5,0.5,1.38,0.5,1.38,2,1.38,2,1.38,0.5,2,2,1.38,2,0.5,2,1,0.5,1,0.5,0.5,0.5,1,0.5
763,1.38,1.38,2,0.5,1,0.5,2,0.5,1,1.38,0.5,1,2,2,0.5,1,1,2,2,1,1,2,0.5,1.38,1,0.5,0.5,1,2,1.38,1,0.5,2,0.5,2,1.38,0.5,0.5,2,1.38,0.5,1,0.5,2,1.38,0.5,1.38,1,1.38,1.38
764,0.5,0.5,1,2,1.38,1.38,2,0.5,2,1,0.5,2,2,0.5,0.5,1.38,1,0.5,2,2,0.5,1,1,1.38,0.5,0.5,1,0.5,1.38,1.38,1,0.5,1.38,2,2,0.5,1.38,2,1.38,1,2,2,1,1,1.38,1,2,1.38,1,1.38
765,0.5,0.5,1.38,1,0.5,1.38,1.38,1,1,0.5,0.5,0.5,1.38,2,1.38,0.5,1.38,1.38,0.5,2,1.38,0.5,0.5,1.38,1,2,1.38,0.5,2,2,1,1.38,2,1,1.38,1,1.38,0.5,2,1,2,1.38,0.5,2,0.5,0.5,2,2,0.5,1.38
766,1,2,1,0.5,1,1.38,1,2,0.5,2,1.38,1.38,1,0.5,1,0.5,1.38,0.5,0.5,1,2,1,0.5,1,2,2,2,1,1.38,0.5,1,1,0.5,1,2,1.38,0.5,1,1,1,1,1,1,0.5,1,0.5,1.38,1.38,1.38,0.5
767,1.38,2,0.5,1,1,1,0.5,2,1.38,1.38,2,0.5,1.38,0.5,1.38,1,2,2,1.38,0.5,2,1,1,1,0.5,2,1,1,1.38,2,1.38,2,2,1.38,1,2,1.38,0.5,0.5,0.5,0.5,1.38,1.38,0.5,1.38,1.38,2,0.5,1.38,1.38
768,0.5,0.5,2,1.38,2,0.5,0.5,1,2,1,0.5,1.38,2,1,1,2,0.5,1.38,1.38,1.38,2,2,0.5,0.5,1,1.38,1,0.5,2,1.38,2,2,0.5,1.38,2,2,0.5,0.5,1.38,0.5,2,0.5,0.5,1,1,1,1,2,0.5,1.38
769,0.5,1.38,1.38,2,1.38,1.38,1.38,2,1,1,1,0.5,2,1.38,1,1.38,0.5,1.38,1,0.5,0.5,2,0.5,2,0.5,1.38,2,0.5,0.5,2,1.38,1.38,2,2,2,2,1,2,1,2,2,1.38,2,1.38,0.5,2,1.38,0.5,1.38,2
770,1.38,2,2,0.5,0.5,0.5,0.5,2,2,1.38,1.38,1,0.5,2,2,0.5,1,1.38,2,1,1.38,1,2,0.5,1.38,2,1,0.5,1,1,1,1.38,0.5,2,2,1,0.5,2,2,2,1.38,2,1.38,1,2,2,0.5,1,2,1
771,2,1.38,0.5,1.38,2,2,1.38,1.38,1.38,1.38,1,2,2,1,0.5,1,2,1,1,0.5,2,1.38,0.5,0.5,2,1.38,1,1,0.5,1,1.38,0.5,0.5,0.5,2,2,2,1,2,2,2,1.38,1.38,2,0.5,0.5,1,1.38,0.5,0.5
772,1,1.38,2,1.38,1,0.5,1,1,0.5,1,2,1.38,1,1.38,1,2,0.5,2,2,1,2,1.38,1.38,0.5,2,2,2,1.38,1.38,1.38,2,1.38,0.5,1.38,2,2,1,1,1.38,1,0.5,2,1.38,1,0.5,0.5,1.38,1,0.5,2
773,1.38,1,2,1,1.38,0.5,1,2,0.5,1,1,2,1,2,1.38,1.38,0.5,2,1.38,0.5,1.38,0.5,1.38,1.38,1.38,0.5,1,1,1.38,1.38,1.38,2,0.5,1,2,2,2,2,1,1,0.5,1.38,1,2,2,1,0.5,0.5,1,1
774,2,1.38,2,1.38,0.5,2,2,0.5,0.5,1,1,1.38,1,1,0.5,2,2,1.38,1.38,1.38,0.5,0.5,2,2,2,1.38,0.5,1.38,1.38,2,2,0.5,2,2,1,1.38,1,0.5,1.38,1.38,2,1,0.5,1.38,2,0.5,0.5,0.5,0.5,1
775,1,1,0.5,0.5,1,2,1,1,1,1,1.38,0.5,0.5,1.38,1.38,0.5,1.38,0.5,1,2,1,1,1,0.5,1,1,0.5,1.38,2,0.5,1,1.38,1.38,2,2,0.5,1.38,1,1.38,1,2,1,2,1,1.38,1,1.38,2,1.38,2
776,1,2,1.38,2,0.5,0.5,1,2,1,0.5,0.5,1,1.38,0.5,1,2,1,0.5,1.38,2,1,1,0.5,2,1.38,1.38,1.38,0.5,0.5,0.5,2,1,1,2,2,2,2,1.38,2,2,2,1.38,1,0.5,1,0.5,1,0.5,0.5,0.5
777,0.5,1,2,1.38,1.38,1.38,2,0.5,1,1.38,0.5,1.38,1,2,2,0.5,1,1.38,1.38,0.5,0.5,1.38,2,2,0.5,1.38,1,0.5,1,1,1.38,1.38,2,0.5,0.5,1.38,2,0.5,1,1,1.38,1.38,1,1.38,2,1,0.5,1.38,0.5,1
778,2,1.38,1,1,1,1.38,2,0.5,1,0.5,2,2,1.38,0.5,1.38,1,1.38,0.5,1.38,2,0.5,0.5,2,1.38,1,0.5,1.38,0.5,1.38,1,1.38,0.5,1.38,0.5,1.38,0.5,2,2,0.5,0.5,1,1,2,0.5,2,1.38,2,1,0.5,2
779,1.38,2,0.5,1.38,2,1.38,1.38,2,1,1,1.38,1.38,1.38,1,0.5,1.38,1,1,2,1.38,0.5,2,2,2,2,2,1.38,1,1.38,2,0.5,2,1.38,1,0.5,2,2,1.38,2,0.5,2,2,1,0.5,1,1,1.38,2,0.5,1.38
780,1.38,2,1.38,1.38,1,1.38,0.5,0.5,0.5,1,1,1,1,1.38,0.5,1.38,1.38,2,2,1,0.5,1,1,1.38,1.38,1.38,0.5,1.38,0.5,2,0.5,1,2,1.38,1,1,1,1.38,0.5,0.5,1.38,2,2,1.38,1,1.38,1.38,2,1.38,0.5
781,1.38,2,1.38,2,0.5,2,1.38,2,1,0.5,1,1.38,1,1,1.38,1.38,0.5,1,0.5,2,0.5,1,1,1.38,1.38,1.38,1.38,2,1.38,0.5,1.38,1.38,0.5,1.38,1,1,2,1.38,1,0.5,2,1,1.38,0.5,0.5,0.5,1,0.5,2,1.38
782,0.5,0.5,1.38,1,2,1.38,0.5,1.38,1,1,1.38,2,1.38,1,2,1,1.38,1.38,2,2,1.38,0.5,1.38,1.38,1.38,2,0.5,2,0.5,1,1,1,1,1.38,2,1,2,0.5,1.38,0.5,1.38,0.5,0.5,2,0.5,2,0.5,0.5,1.38,1.38
783,2,0.5,2,2,1,2,2,1.38,1,1,1,1.38,1,1,1,2,2,1.38,1,1,0.5,1.38,0.5,1.38,0.5,1.38,0.5,0.5,1.38,1,2,1.38,1,1,1.38,2,1,0.5,2,2,2,1,1.38,2,2,1.38,2,1,1,1
784,2,1.38,1,1,1,0.5,0.5,0.5,2,2,2,2,2,0.5,2,1.38,2,2,1.38,1,1,2,2,2,0.5,2,1.38,1.38,1,2,0.5,1.38,2,1.38,2,2,1.38,2,2,0.5,2,0.5,2,1,1.38,1,0.5,1.38,2,2
785,1.38,1,0.5,1.38,0.5,0.5,1,1,2,2,1.38,2,1.38,2,0.5,1,2,0.5,2,2,1,1.38,0.5,0.5,1,1,0.5,1,1,1.38,1,1,1,1.38,1,1.38,2,2,2,1.38,0.5,1.38,1.38,1.38,0.5,1.38,2,1,2,1.38
786,2,0.5,2,1.38,0.5,1.38,2,1,1.38,1.38,1.38,0.5,1,0.5,1.38,1,1,2,1.38,1.38,2,1,0.5,0.5,0.5,1.38,1,1,2,0.5,0.5,2,0.5,1,0.5,1,1,1.38,1.38,1.38,0.5,2,0.5,1,0.5,2,1.38,1.38,2,2
787,1,1.38,1,1.38,1,2,1,1.38,1.38,1.38,0.5,2,1,0.5,1.38,2,1,2,1,1,1.38,1.38,1,1,0.5,1.38,2,1.38,2,1.38,1.38,0.5,0.5,1.38,0.5,2,1.38,1.38,0.5,0.5,1.38,0.5,1.38,1,1.38,2,0.5,1,2,2
788,0.5,1,1,0.5,0.5,1,2,1.38,1.38,1,0.5,1,2,0.5,0.5,0.5,0.5,2,0.5,0.5,2,1.38,2,2,2,1.38,1.38,2,1.38,1.38,1.38,2,1.38,1.38,2,1,2,1.38,2,1,1.38,1.38,2,0.5,1,2,1,1.38,0.5,0.5
789,2,0.5,0.5,2,1,1,0.5,1,2,0.5,2,1,1,1.38,0.5,0.5,0.5,2,1,0.5,1,0.5,2,2,2,1,1,0.5,1,1.38,1,0.5,2,1.38,2,0.5,2,2,0.5,0.5,1.38,2,0.5,1.38,0.5,0.5,2,0.5,2,1.38
790,2,2,2,0.5,1.38,1.38,2,1.38,1,1,1,2,1,0.5,2,1.38,0.5,0.5,1.38,1,2,2,1,1,0.5,0.5,1,2,1.38,0.5,1.38,1.38,1.38,0.5,1,0.5,1.38,1.38,1.38,2,0.5,0.5,2,0.5,1.38,0.5,2,0.5,1.38,0.5
791,1,1.38,0.5,0.5,1.38,0.5,1,1,1,1,1,2,1,0.5,0.5,0.5,1.38,2,0.5,1.38,1.38,1,2,0.5,0.5,2,1.38,0.5,1.38,1,1,2,0.5,2,0.5,1.38,0.5,1.38,0.5,2,0.5,0.5,0.5,2,1.38,1,2,1,1,1.38
792,2,0.5,1,1.38,1,0.5,0.5,0.5,1.38,1.38,2,1,1,1.38,2,2,1.38,2,0.5,1.38,1,1.38,1.38,1.38,1,1.38,0.5,1,1,0.5,0.5,0.5,2,2,1,2,1.38,2,2,0.5,2,0.5,0.5,1.38,1,0.5,1,2,1,1.38
793,0.5,1.38,0.5,2,1.38,1,1.38,2,2,1,1.38,1.38,1,1,1,1,2,1,1.38,0.5,0.5,2,1.38,1,1,1,2,2,1.38,2,1,0.5,1.38,1,0.5,2,1.38,1,0.5,2,1,1.38,1,2,2,1.38,2,1,0.5,1
794,2,2,0.5,1.38,0.5,1,1,0.5,0.5,2,1,0.5,2,1.38,1.38,0.5,2,1.38,2,1,2,0.5,0.5,0.5,1,2,2,0.5,1.38,2,1.38,2,2,1,2,1.38,0.5,1.38,0.5,0.5,1.38,1.38,1,1.38,0.5,1,2,1,0.5,1
795,1.38,2,1,1.38,0.5,1,1.38,0.5,0.5,1,0.5,0.5,1,1,1,0.5,1.38,2,0.5,0.5,1.38,1.38,1.38,0.5,1,2,2,1.38,1.38,2,1,1,1,1.38,1,0.5,1.38,1.38,1.38,0.5,1,1,0.5,0.5,1,0.5,0.5,0.5,0.5,1
796,2,2,0.5,2,2,1,1,2,2,2,0.5,0.5,1.38,2,0.5,1.38,1,1.38,2,1,2,0.5,1,2,0.5,0.5,1.38,0.5,1,0.5,2,2,2,2,0.5,2,1,1,0.5,0.5,0.5,0.5,0.5,0.5,1,2,0.5,1,1.38,0.5
797,2,1.38,1,2,1.38,1,1.38,1,1.38,2,1.38,2,1,2,1,0.5,1,1,2,1.38,2,0.5,0.5,0.5,0.5,1,0.5,1.38,1.38,1,1,2,1.38,1,1.38,1.38,1.38,2,0.5,2,0.5,0.5,2,0.5,0.5,0.5,1,0.5,2,2
798,1.38,2,2,1.38,2,0.5,1.38,1,2,2,1.38,1,1.38,1,1.38,1,2,1,1,1.38,1,1.38,0.5,1,1,2,1,1,0.5,1.38,2,1.38,1.38,1,2,1,2,2,2,2,2,0.5,1,2,1,1,0.5,0.5,2,2
799,1,1.38,2,0.5,1.38,1,0.5,2,1.38,1,1,1.38,0.5,2,0.5,1,0.5,2,0.5,0.5,0.5,1.38,2,2,1,1,2,2,0.5,0.5,1.38,2,2,1.38,0.5,0.5,1,2,1.38,1.38,1,1,1,1,1.38,1,0.5,1,1.38,1.38
800,1,1.38,1.38,2,1,0.5,1.38,1.38,1.38,0.5,1.38,0.5,0.5,2,0.5,2,0.5,2,2,1,1,1.38,0.5,0.5,1.38,1,0.5,2,1,1,1.38,1.38,2,1,1,2,1,2,2,0.5,0.5,0.5,1,1,0.5,1.38,2,0.5,2,1.38
801,1.38,1.38,2,1,2,1.38,1,1,1.38,0.5,1.38,2,2,1,2,1,1,1.38,1.38,1.38,2,2,2,1.38,2,1,0.5,2,1.38,1,2,0.5,1.38,2,2,1.38,1,2,1,0.5,1.38,1.38,1.38,0.5,1,2,0.5,0.5,2,2
802,1.38,1.38,1,1.38,0.5,0.5,1,1,1.38,2,0.5,0.5,2,2,1,2,1,1.38,0.5,1.38,0.5,1,1.38,1.38,2,1,1.38,1.38,2,1.38,2,1.38,2,0.5,1,2,1,1.38,1,1,2,2,2,1.38,1.38,1,1.38,1.38,0.5,1
803,2,2,0.5,2,0.5,1.38,2,0.5,1.38,2,1,0.5,2,2,1.38,2,2,0.5,1,1.38,2,1,0.5,0.5,1.38,0.5,0.5,1.38,0.5,0.5,2,1.38,1.38,1.38,2,0.5,1.38,1.38,2,1,2,1.38,1,1,1.38,1.38,0.5,1.38,1.38,1.38
804,1,0.5,0.5,1,1,0.5,2,0.5,2,0.5,2,0.5,0.5,2,1.38,2,2,1.38,1,1.38,1.38,1,1,1.38,1.38,2,1,1.38,1.38,0.5,0.5,2,0.5,1,1.38,0.5,0.5,0.5,1,2,1,2,0.5,0.5,1.38,0.5,1,0.5,0.5,1.38
805,1,0.5,1.38,1,0.5,0.5,1.38,0.5,0.5,2,1.38,0.5,1.38,2,2,1.38,1.38,1.38,1,1.38,0.5,0.5,0.5,1,2,1.38,0.5,0.5,1.38,1.38,0.5,0.5,2,1,2,1,1.38,2,0.5,2,2,2,0.5,2,0.5,1.38,1.38,2,1.38,1
806,1,1.38,1,1,1,1.38,2,2,1,2,1.38,0.5,0.5,0.5,2,0.5,2,1.38,0.5,2,2,1.38,1,1,1,0.5,1.38,1.38,1,2,1.38,1.38,2,0.5,0.5,1,1.38,1,0.5,0.5,1,2,2,2,0.5,1.38,0.5,0.5,1,1
807,0.5,1.38,2,2,1,1,0.5,0.5,0.5,1.38,1,2,1,1.38,1,0.5,2,0.5,2,0.5,1.38,0.5,2,1,2,1,0.5,0.5,1,1,2,1,1.38,2,0.5,2,1.38,1,1.38,1.38,1,1.38,0.5,1,1,1,2,1,1,1
808,2,2,1.38,2,1.38,1,0.5,0.5,0.5,1.38,1,1.38,1.38,1,1,1,2,0.5,0.5,0.5,1.38,1.38,2,0.5,0.5,1.38,1.38,1.38,1.38,0.5,1,1,1.38,0.5,1.38,1.38,0.5,2,2,0.5,1,1.38,0.5,1.38,0.5,2,2,2,1,1
809,2,0.5,2,2,2,0.5,1.38,0.5,0.5,0.5,1.38,1,1.38,2,2,0.5,2,2,1.38,1.38,0.5,1,1,1.38,0.5,2,0.5,2,1,1.38,2,1,0.5,2,0.5,1.38,1,0.5,0.5,1.38,2,1,2,2,1.38,2,2,1.38,1.38,0.5
810,2,1,1,0.5,1,1.38,2,0.5,2,0.5,1.38,2,2,0.5,0.5,1.38,2,1,1.38,0.5,1.38,2,1.38,1,0.5,2,0.5,1,1,1.38,0.5,1.38,1,0.5,0.5,2,0.5,2,1,0.5,2,0.5,2,0.5,2,1.38,2,1,1,1.38
811,1.38,1.38,2,1,1.38,1,1,0.5,2,1.38,1,0.5,2,1.38,2,1.38,1,0.5,2,0.5,1,0.5,1,2,1,2,2,0.5,1.38,0.5,1,1.38,0.5,1,2,1.38,1,1,2,1,2,1,0.5,1,2,1.38,2,1.38,2,0.5
812,2,0.5,2,1,2,2,0.5,0.5,2,1,2,1.38,0.5,2,0.5,2,0.5,0.5,0.5,1,1,1,1,1,2,1.38,1,1.38,1.38,1,0.5,1,2,0.5,1.38,2,2,2,0.5,2,1.38,1,2,1.38,0.5,1,2,2,1.38,2
813,1.38,0.5,2,0.5,0.5,1.38,1.38,0.5,0.5,1.38,2,1,1,2,1,1,0.5,2,1,1.38,0.5,2,0.5,1,2,1.38,1.38,2,2,0.5,0.5,1.38,2,1,0.5,0.5,1.38,1,2,1.38,2,1,2,2,1.38,2,0.5,2,0.5,1
814,1.38,2,2,0.5,1,1,1.38,0.5,1,1,2,2,1,2,1,1,0.5,1.38,0.5,0.5,0.5,2,1,1,0.5,1.38,0.5,2,2,1,0.5,2,0.5,1.38,2,2,0.5,2,1.38,2,1.38,1,0.5,1.38,2,0.5,1,0.5,1.38,0.5
815,1,1,2,2,2,0.5,1,0.5,1.38,1.38,1.38,1,0.5,0.5,1,1.38,1,2,1.38,1,1,1.38,0.5,1,2,1.38,2,2,0.5,0.5,0.5,1,1.38,0.5,0.5,2,1.38,1,0.5,1.38,0.5,0.5,1,1.38,1.38,1.38,0.5,0.5,1,0.5
816,1.38,0.5,1.38,1,1,1,0.5,0.5,1.38,2,2,2,0.5,0.5,2,2,2,1.38,1,1.38,1.38,2,1.38,1,1.38,1,2,1.38,0.5,0.5,2,0.5,2,2,0.5,1.38,0.5,0.5,0.5,1,0.5,1,1.38,1,0.5,2,1.38,1.38,2,1
817,1.38,0.5,1,1,2,2,0.5,0.5,2,2,1.38,1.38,0.5,1,2,1.38,2,2,0.5,1,1.38,1,1,0.5,0.5,1.38,1.38,2,1.38,1,0.5,2,1,0.5,1.38,0.5,1.38,2,2,2,0.5,0.5,0.5,2,2,0.5,1,1.38,2,1
818,0.5,1,1,0.5,2,0.5,0.5,2,0.5,2,1.38,1,1,2,2,2,0.5,0.5,2,0.5,2,1,0.5,2,0.5,2,2,1,2,0.5,1.38,1.38,0.5,0.5,1.38,1.38,1,1,1,0.5,1,0.5,0.5,2,1.38,0.5,1.38,2,1,1.38
819,0.5,0.5,2,2,2,1,0.5,2,1.38,2,1.38,1,1,0.5,2,1,1.38,1,2,1.38,1,2,2,1,2,1.38,1,1.38,0.5,0.5,2,2,0.5,1.38,2,1.38,0.5,0.5,1.38,1.38,0.5,0.5,2,1.38,2,1,1.38,0.5,2,1
820,1,0.5,2,1,0.5,1,2,1.38,1.38,1.38,1,1.38,1,0.5,1,1.38,0.5,0.5,1,1.38,2,2,1,2,0.5,0.5,1.38,1.38,0.5,0.5,0.5,2,2,0.5,1.38,1.38,1.38,1,1.38,0.5,1,0.5,1.38,1.38,1,1,1,0.5,2,2
821,0.5,1.38,2,1.38,1.38,0.5,1.38,1,1.38,2,2,2,1.38,1,2,1,1.38,1.38,2,1,1,1,1.38,1,1,1,1.38,2,1,1.38,1,2,0.5,2,2,1,1.38,1,0.5,0.5,2,1,2,1.38,2,2,0.5,1,2,0.5
822,1,1.38,1,2,2,1.38,1,1,1.38,1.38,1.38,1.38,1.38,2,0.5,1.38,1.38,0.5,1,1.38,2,1,0.5,0.5,1,1,1.38,1.38,2,1.38,1.38,0.5,2,2,1,1.38,0.5,1.38,1,2,1,2,2,0.5,1,2,0.5,2,1,1
823,1,0.5,2,2,2,1,2,1.38,1,1,0.5,0.5,1,1.38,2,2,1,0.5,2,0.5,1.38,1,1.38,1.38,2,1,2,1,2,2,1.38,1,2,0.5,1,0.5,1.38,2,1.38,0.5,1,0.5,2,1,0.5,0.5,2,1.38,1,1.38
824,1.38,0.5,1,1.38,1,1,2,1.38,1.38,0.5,0.5,1.38,0.5,2,0.5,1.38,1.38,2,1,1.38,0.5,1,0.5,1,2,0.5,1.38,0.5,0.5,2,1,1,1.38,0.5,2,1.38,1,2,2,1,1.38,2,0.5,1.38,1,0.5,1.38,1.38,1,0.5
825,1,1.38,0.5,1.38,1,0.5,1,1,2,1.38,2,2,0.5,0.5,0.5,2,0.5,2,1.38,1,2,1,2,2,1,0.5,1,1.38,2,0.5,1.38,1.38,2,2,1,1.38,1,2,2,1,0.5,0.5,2,1.38,0.5,1.38,0.5,0.5,0.5,1
826,0.5,2,0.5,0.5,0.5,2,0.5,1.38,0.5,0.5,0.5,0.5,1,1.38,2,1,1,2,2,2,2,2,1.38,1,1.38,2,0.5,1,1.38,2,1.38,2,0.5,0.5,1.38,1.38,1,1.38,1,1,1,1.38,2,2,1.38,1,1.38,0.5,1,2
827,1,2,2,1,1,1.38,0.5,1,1,0.5,1.38,1,2,1,2,1,0.5,1,2,1.38,1.38,1,1.38,0.5,2,1.38,1.38,1.38,1,1,0.5,1,1.38,2,1,0.5,1.38,1,0.5,1.38,1,1,1,0.5,1.38,0.5,0.5,1,0.5,1
828,1,1.38,1.38,1.38,2,0.5,1,1.38,0.5,2,1,1.38,1.38,0.5,1,0.5,1.38,1.38,1,2,0.5,1,0.5,1.38,1,2,1.38,0.5,1.38,2,1,1,2,0.5,0.5,2,1.38,0.5,2,1.38,1.38,0.5,1.38,0.5,1,0.5,2,2,1.38,2
829,0.5,1.38,2,0.5,2,1.38,1.38,2,1.38,0.5,0.5,1.38,2,1.38,2,2,1,1,1,1.38,1,1,0.5,0.5,2,0.5,0.5,1,2,0.5,1.38,0.5,1,1.38,0.5,1.38,1,2,1.38,1.38,2,1.38,0.5,0.5,2,1,0.5,1,0.5,1
830,0.5,1,0.5,2,0.5,1.38,1,0.5,1.38,2,1.38,1,1,0.5,0.5,1,1.38,2,2,1,2,2,1.38,1,1.38,2,1,0.5,1.38,1.38,0.5,1.38,2,1,1.38,1.38,1.38,2,1,1,1,1,2,2,2,0.5,2,1,2,2
831,0.5,1,1,2,1,0.5,1.38,0.5,2,0.5,0.5,0.5,1.38,1.38,1,1.38,0.5,1.38,0.5,2,1,1.38,1,1,1.38,2,1,2,0.5,1.38,1.38,1,1.38,1.38,0.5,1.38,0.5,1,1,1,2,1.38,1,1,2,1.38,1,0.5,1.38,1
832,2,2,0.5,0.5,1.38,0.5,1,1.38,2,2,0.5,1,0.5,0.5,2,1,0.5,1.38,1.38,0.5,1,1.38,1,1,1,2,1,1.38,2,1.38,1.38,1.38,0.5,1,1.38,1,2,0.5,2,0.5,0.5,2,1.38,1,1,0.5,2,1.38,1.38,1.38
833,2,1.38,1.38,1,2,1.38,1.38,0.5,1,0.5,0.5,1.38,1.38,1.38,2,0.5,1,2,1,1.38,1.38,1.38,1.38,1,1.38,1,2,2,1,0.5,1.38,2,0.5,1,1,1,0.5,1,0.5,1,2,2,1,2,2,1,2,0.5,1.38,1
834,0.5,1,1,2,2,2,0.5,1.38,1,1,1.38,1.38,0.5,0.5,1,2,0.5,1,1.38,0.5,1.38,1.38,2,1.38,0.5,1.38,2,1,1,1.38,0.5,1.38,2,1.38,0.5,0.5,2,0.5,1,1,1.38,1,0.5,0.5,1,0.5,2,2,1.38,1.38
835,2,0.5,1.38,1.38,2,1.38,2,1,1,1,1.38,1.38,2,2,2,0.5,1.38,2,2,1.38,2,1,2,0.5,1.38,2,0.5,1.38,1.38,1.38,1.38,1,1,2,0.5,1,1.38,1,0.5,2,2,0.5,1,0.5,0.5,2,0.5,1,2,1
836,2,1.38,1,0.5,0.5,2,1,1.38,1.38,1,1,1.38,0.5,0.5,1.38,1,2,1.38,1.38,0.5,1,1.38,2,1.38,1,2,0.5,1,2,1.38,0.5,2,2,1.38,1.38,1,1,1,1,0.5,1,0.5,1.38,0.5,2,1.38,1,2,1.38,1.38
837,1.38,2,1,1.38,2,1.38,1,1,1,0.5,2,2,1,1,2,1.38,1,0.5,1,1,1,2,0.5,2,1,0.5,1.38,0.5,1,0.5,2,1,1,0.5,1,0.5,1.38,1,1.38,0.5,1,2,2,0.5,0.5,1.38,1.38,0.5,0.5,0.5
838,0.5,0.5,1.38,1,2,1.38,2,1,1.38,1.38,1,1.38,1,2,1.38,1.38,2,1.38,1,0.5,0.5,1.38,1,1,1,1.38,0.5,2,2,0.5,0.5,1,1,1,2,1.38,1.38,2,1,2,0.5,0.5,1,0.5,2,2,1.38,2,2,1
839,1,0.5,1.38,1,1,2,1.38,1,2,2,1.38,2,2,1,2,2,1.38,1.38,1.38,1.38,1.38,0.5,0.5,0.5,1,0.5,2,0.5,1,0.5,0.5,0.5,0.5,1.38,1,1.38,0.5,1,2,1,1.38,2,0.5,1.38,1,1,1,1.38,1,1.38
840,2,0.5,0.5,2,1.38,1,0.5,1.38,1.38,1,1,0.5,1,1.38,2,2,2,0.5,1.38,0.5,1.38,1.38,1,1,2,1,2,2,0.5,1.38,1,1.38,2,0.5,1.38,1,1.38,0.5,2,1,1,1,1,2,2,2,2,1,2,1.38
841,1.38,0.5,0.5,2,0.5,1,2,1.38,2,0.5,1,2,2,1.38,1.38,1.38,1.38,2,1.38,0.5,2,0.5,2,1,1.38,2,1.38,1.38,1,0.5,0.5,1.38,0.5,1,2,1.38,0.5,0.5,2,0.5,1,1.38,1.38,1.38,1,1.38,0.5,1,0.5,1
842,1.38,1,1.38,2,1.38,2,1.38,0.5,2,2,2,1,1.38,1.38,0.5,1.38,2,1,2,1,1,0.5,0.5,2,0.5,1,2,2,1,0.5,2,2,1,1.38,0.5,1.38,0.5,1,1.38,1.38,0.5,1.38,2,2,1,1,1,1.38,1,1
843,1.38,1,1,2,1,0.5,1.38,1.38,1,2,1,2,0.5,0.5,2,2,1,1,1.38,0.5,2,2,1.38,2,1,0.5,1.38,0.5,1.38,2,1,0.5,1,0.5,0.5,2,1,2,2,1,2,2,0.5,2,2,1.38,1.38,1,2,1
844,1,1,2,1.38,1.38,2,0.5,2,0.5,2,0.5,2,2,2,1,0.5,1,1,1,1,0.5,1.38,1.38,1.38,2,0.5,2,1.38,0.5,1,1,0.5,0.5,1,1,0.5,1.38,1,2,2,2,1,1.38,1,1.38,0.5,0.5,2,0.5,1.38
845,1,1.38,1.38,1.38,0.5,1,0.5,1.38,1,1,1.38,0.5,1.38,1.38,1.38,1.38,1,0.5,1.38,1,1,1,1,2,0.5,1,2,0.5,1,1,1.38,2,0.5,1.38,0.5,2,0.5,1.38,1.38,1.38,2,2,0.5,1.38,2,1.38,1,0.5,1.38,2
846,0.5,1.38,2,1,0.5,0.5,0.5,1,1.38,1.38,1,0.5,1,0.5,1.38,1.38,1.38,0.5,0.5,0.5,1,1,1,1,0.5,2,1,1.38,0.5,1,0.5,2,1,2,0.5,1,0.5,1.38,1,1,1,1.38,1,1,2,0.5,1.38,1,1.38,1
847,0.5,1.38,2,2,2,1,1,1.38,1,1.38,1.38,0.5,0.5,2,2,1.38,2,0.5,2,1,2,0.5,1,0.5,0.5,1,0.5,1.38,2,1.38,1.38,1.38,2,0.5,0.5,0.5,1,0.5,2,1,2,0.5,0.5,0.5,1,2,0.5,2,1,1.38
848,2,1,1,0.5,1,0.5,2,1.38,1,2,2,2,0.5,0.5,0.5,2,1,2,1.38,0.5,2,1.38,1.38,1,2,1.38,2,0.5,0.5,2,2,1,1.38,0.5,1,1.38,0.5,1.38,1,1.38,1,1,1,1.38,0.5,1,1,2,2,0.5
849,1,2,1,1,0.5,0.5,0.5,0.5,1.38,0.5,1.38,1.38,0.5,2,2,0.5,2,1,0.5,1.38,0.5,2,2,1.38,2,0.5,1,1.38,0.5,1,0.5,1,1,1,1.38,0.5,0.5,2,2,0.5,0.5,2,2,2,1,0.5,0.5,2,2,1.38
850,0.5,1,0.5,0.5,1,1,1,0.5,1.38,1,0.5,1.38,1.38,1,1.38,1.38,2,2,1,2,1.38,0.5,0.5,1.38,0.5,1.38,1.38,1,1,2,1.38,2,2,1,1,2,0.5,2,1,1,0.5,1.38,1.38,1.38,1.38,1,0.5,1.38,0.5,1
851,1,2,0.5,0.5,1.38,1.38,2,1,0.5,1.38,0.5,1,2,0.5,2,1,1,1.38,0.5,1.38,2,1.38,0.5,1.38,1.38,1.38,1,0.5,2,2,1,1,2,1,0.5,1.38,1.38,1.38,1,2,1.38,1,2,2,1,2,0.5,1,1.38,2
852,1.38,1,1.38,1,0.5,2,1,1,1.38,0.5,1,2,1.38,1.38,0.5,2,1.38,1.38,0.5,1,1.38,1,2,0.5,1,2,1,0.5,1.38,2,1.38,1.38,0.5,1,1,2,0.5,1,0.5,0.5,0.5,1.38,0.5,1.38,2,0.5,1,1,2,1
853,0.5,1.38,2,1,2,1,0.5,0.5,2,2,1,1.38,0.5,0.5,0.5,1,0.5,1.38,2,1,2,1,2,2,2,0.5,1,2,1,0.5,2,0.5,1.38,1.38,1.38,1.38,2,1.38,1,1,0.5,1.38,1.38,1.38,1.38,1.38,1.38,1.38,1.38,0.5
854,2,1,1,1.38,2,1,0.5,2,0.5,1,1.38,1,0.5,1.38,2,0.5,0.5,2,0.5,2,1.38,1.38,2,1,1,2,1,2,1.38,0.5,1,1.38,2,2,0.5,2,0.5,1,0.5,0.5,1,1.38,1.38,1.38,1.38,0.5,1.38,1,1.38,1
855,1.38,0.5,1,0.5,2,1,1.38,1,1.38,2,1.38,1,1,2,1.38,1.38,1,1.38,0.5,1,2,1.38,1,1.38,0.5,1.38,1,1,2,2,1.38,0.5,1.38,2,1.38,1,2,0.5,0.5,2,1,0.5,2,1.38,1.38,0.5,1.38,2,2,2
856,0.5,0.5,2,0.5,0.5,2,1.38,1.38,2,1,0.5,1,1,1.38,1.38,0.5,0.5,2,1,2,2,0.5,1.38,1,0.5,1.38,1.38,1.38,0.5,0.5,1,0.5,1,1.38,2,1,1,0.5,0.5,1,1,2,2,2,1,2,1.38,1,1,2
857,1,0.5,1,2,1.38,2,1,0.5,1.38,0.5,0.5,1.38,0.5,0.5,1.38,0.5,2,1,2,0.5,0.5,0.5,0.5,1.38,2,0.5,1,1,2,2,1,1.38,2,2,0.5,2,0.5,1,1.38,1,1,1.38,1,2,0.5,0.5,1,1.38,1.38,2
858,1.38,1,1,1.38,0.5,1,2,1,0.5,1,0.5,0.5,2,1,0.5,1.38,2,2,1,2,1.38,1.38,0.5,0.5,2,1.38,0.5,2,0.5,2,1,2,1,1,1,1.38,2,0.5,2,2,1.38,1.38,1.38,0.5,1.38,1,1,1,2,1
859,0.5,2,2,1.38,2,2,2,0.5,1.38,2,1.38,0.5,0.5,2,1,1,2,1,1,0.5,1.38,1.38,2,0.5,0.5,0.5,1.38,2,2,0.5,1,1.38,2,1.38,0.5,1.38,1,0.5,2,1,1,1,1.38,1,1.38,1.38,1,1,1,1
860,2,0.5,1.38,2,1,2,1,1.38,1,2,0.5,0.5,1.38,1.38,1,2,1.38,1,1,1.38,0.5,1.38,0.5,0.5,2,1.38,1.38,0.5,0.5,1.38,0.5,0.5,2,0.5,0.5,2,1.38,0.5,1,1,2,1,1.38,2,2,1,2,1,2,2
861,0.5,1.38,1.38,0.5,0.5,0.5,1,1.38,1.38,1.38,0.5,0.5,1.38,0.5,0.5,0.5,2,1.38,0.5,1,0.5,0.5,1,2,1.38,2,2,2,2,0.5,1.38,0.5,1.38,0.5,0.5,2,1,0.5,2,0.5,2,0.5,0.5,0.5,1,0.5,1,2,2,1.38
862,1,1,1,2,1.38,1.38,1.38,0.5,2,0.5,2,1.38,1,0.5,2,1.38,1,0.5,1,2,2,1,0.5,1,0.5,1.38,0.5,0.5,2,1.38,1.38,1,2,1,0.5,0.5,0.5,0.5,1.38,1.38,1,1.38,0.5,2,0.5,2,1.38,2,0.5,1.38
863,1.38,0.5,0.5,0.5,0.5,1.38,2,2,1.38,2,1,1,0.5,2,2,1,1,1,1.38,1.38,0.5,1,2,1.38,0.5,1.38,1.38,1.38,2,1,1,1.38,0.5,1,0.5,0.5,1.38,0.5,1.38,0.5,2,0.5,1.38,1,0.5,1,2,1,1.38,1.38
864,0.5,1,1,0.5,0.5,1,2,0.5,1,1,1.38,0.5,2,1,2,2,2,0.5,1,1,1,2,2,2,1.38,0.5,0.5,1,0.5,2,2,0.5,1.38,1.38,1,2,1,0.5,0.5,0.5,0.5,1.38,0.5,2,1.38,0.5,2,2,0.5,0.5
865,0.5,1,0.5,1,2,0.5,1.38,0.5,1,1,2,1.38,1.38,1.38,2,1.38,1.38,0.5,2,0.5,2,1.38,0.5,1.38,2,2,1.38,2,1.38,1.38,1.38,1,1,1.38,1,1,1.38,1,1,1,1.38,0.5,1.38,0.5,1,1.38,0.5,1,1,2
866,1,0.5,0.5,2,1,2,1.38,1,0.5,2,0.5,0.5,1,1.38,2,2,1,1.38,2,2,1.38,1.38,1,1.38,2,0.5,0.5,2,2,2,0.5,0.5,1,0.5,2,0.5,2,2,2,0.5,1,0.5,0.5,1,1,1.38,2,2,1.38,1
867,1,1,2,1,0.5,1,1.38,1.38,1,0.5,1.38,1,0.5,1,2,0.5,0.5,0.5,1,2,2,1,0.5,2,0.5,1.38,0.5,0.5,2,2,2,1,0.5,2,2,1.38,1.38,0.5,2,0.5,2,0.5,0.5,1.38,2,2,0.5,1,1.38,0.5
868,2,0.5,2,1.38,0.5,1,2,1.38,1.38,0.5,2,2,1,2,0.5,2,1.38,2,1.38,0.5,1,2,0.5,1,2,0.5,1,0.5,1,1.38,1,1.38,1.38,0.5,0.5,1,1.38,2,1.38,2,2,2,2,1.38,2,2,2,1,0.5,1
869,1.38,1.38,1.38,1.38,1,2,1,2,1.38,1,1.38,0.5,0.5,0.5,0.5,1,0.5,1.38,0.5,1,2,1,1.38,0.5,1,2,1.38,2,1,2,1,0.5,1,0.5,0.5,2,0.5,1.38,1.38,2,1.38,2,2,1,1.38,2,1,2,0.5,0.5
870,0.5,0.5,2,0.5,2,2,1.38,1.38,2,1,1.38,1,1,0.5,0.5,1,0.5,1,1.38,0.5,0.5,2,1,1.38,0.5,1,2,1.38,1,1,2,2,1,1,2,2,1,1.38,1,0.5,2,1.38,1.38,2,0.5,2,0.5,0.5,0.5,1
871,1,1,1.38,2,0.5,1.38,1.38,1.38,2,1.38,1,0.5,2,1,0.5,1.38,1.38,1,1.38,1,2,0.5,0.5,0.5,1.38,1.38,0.5,0.5,1.38,1,0.5,0.5,0.5,2,1.38,1.38,1.38,1,1,1.38,1,2,1.38,2,1.38,0.5,1,1,1,1.38
872,1.38,0.5,1,0.5,0.5,0.5,0.5,1.38,1,1,2,0.5,1.38,1.38,0.5,1,1,1,1.38,0.5,1.38,0.5,2,1.38,0.5,1,2,1.38,1.38,1.38,1.38,1,1.38,1.38,0.5,0.5,2,0.5,2,0.5,1.38,2,1,0.5,1,2,1,1.38,1,1
873,2,1,1,1.38,1,2,0.5,1.38,0.5,0.5,0.5,1.38,1.38,0.5,2,1,2,1.38,1.38,1.38,1,2,1,2,1,1,1.38,2,1,2,2,1,1,2,1.38,1.38,0.5,1,0.5,1,1,0.5,1.38,1.38,1,1.38,0.5,1,2,0.5
874,2,1.38,2,0.5,0.5,1.38,0.5,1,1.38,0.5,0.5,0.5,0.5,0.5,2,1,1,1.38,2,0.5,1.38,1,1.38,2,1,1.38,1,2,2,1,1,2,2,1.38,2,1,1.38,1,0.5,0.5,0.5,1,1,1.38,2,2,2,0.5,1.38,1.38
875,0.5,2,0.5,2,2,0.5,0.5,1.38,1,2,1.38,0.5,0.5,1,1.38,1.38,0.5,2,1,1,1.38,2,0.5,0.5,1,1,1,1,0.5,2,1.38,0.5,1,0.5,1.38,0.5,0.5,1.38,2,1,2,2,1,0.5,2,0.5,0.5,2,0.5,1
876,0.5,0.5,2,1.38,2,0.5,2,2,1.38,1.38,1.38,0.5,0.5,0.5,2,1,0.5,0.5,0.5,0.5,1,1.38,1,2,1,1,1,0.5,1.38,0.5,0.5,1.38,1.38,1.38,1.38,2,2,0.5,0.5,2,0.5,1.38,0.5,0.5,0.5,2,1,1,1,1
877,1,1.38,1,1.38,1,0.5,2,1.38,0.5,2,2,1.38,0.5,2,0.5,1.38,2,1,0.5,0.5,1,0.5,2,2,0.5,2,1,0.5,0.5,1.38,1,1.38,2,2,2,2,0.5,1,1.38,0.5,0.5,1.38,1.38,0.5,1.38,1,1,2,1,2
878,2,0.5,1.38,2,1,2,2,1.38,1.38,0.5,1,1,2,1,2,2,1,1,0.5,1.38,1.38,1.38,1.38,0.5,1.38,0.5,2,1,2,1,2,1,2,2,1.38,2,0.5,0.5,0.5,2,0.5,1,1,1.38,1,0.5,1.38,1,1.38,0.5
879,1,2,1,0.5,1,1,2,2,2,1.38,2,1,1,1.38,1.38,0.5,1,1.38,2,1,1.38,2,0.5,0.5,1,0.5,2,0.5,2,1.38,0.5,2,1,2,1.38,1,1.38,2,0.5,2,1.38,0.5,1.38,1.38,0.5,2,1,1,0.5,1.38
880,1.38,1,1,2,2,2,0.5,1,1.38,2,1.38,2,1.38,2,0.5,0.5,0.5,2,1,1.38,1.38,1.38,1,0.5,1.38,1.38,2,0.5,1.38,0.5,2,1,2,0.5,1,0.5,2,2,2,1.38,1.38,1,1,2,1,2,1,0.5,2,1
881,2,1,2,1.38,1,2,0.5,2,1,1.38,2,2,1.38,0.5,2,1.38,0.5,1.38,1,2,0.5,1,1,2,2,1,1,1.38,0.5,1,1,1,1.38,1,0.5,1.38,0.5,0.5,1,1,1.38,1.38,1.38,1.38,2,2,2,1,2,1
882,1,1,1.38,0.5,2,1,1.38,1,2,1.38,2,2,0.5,1.38,1.38,2,2,1,1.38,2,1,0.5,0.5,0.5,1,2,1.38,0.5,1,1,2,2,2,1,1,1,1.38,0.5,2,0.5,0.5,1.38,0.5,0.5,1.38,0.5,2,1.38,1.38,1
883,2,0.5,1,1,2,2,0.5,1,1,1.38,1,0.5,1.38,1.38,2,1.38,0.5,0.5,1.38,2,1.38,2,0.5,2,2,1,1,0.5,1.38,0.5,1,1.38,0.5,1,1.38,1.38,1,1,2,1,2,1,1,1,1,1.38,0.5,2,1.38,1.38
884,1,2,1.38,0.5,1.38,2,0.5,0.5,2,2,2,2,1,1.38,1,1,1,1,1.38,0.5,2,2,1.38,1,0.5,1.38,2,0.5,2,1.38,0.5,1.38,1.38,2,1,1,2,1,2,0.5,1,0.5,1,2,1,1,0.5,1,1.38,0.5
885,1,2,1,1,0.5,2,2,2,0.5,0.5,1.38,1.38,1.38,1.38,2,1.38,0.5,1.38,1,1,1.38,2,2,0.5,2,1,1.38,1.38,1.38,0.5,0.5,1.38,1.38,2,1,1,0.5,0.5,1.38,0.5,2,0.5,0.5,2,1.38,1,0.5,1,0.5,1.38
886,2,1.38,2,0.5,1,0.5,1.38,2,1,0.5,1,0.5,1,1.38,1,0.5,0.5,1,0.5,1.38,1,0.5,0.5,1.38,1,1.38,2,0.5,0.5,0.5,1,1,1.38,0.5,2,1,0.5,1.38,1,1,2,0.5,0.5,1,0.5,0.5,0.5,0.5,1,0.5
887,1.38,2,0.5,1.38,2,2,2,1,2,1,1,1,1,1.38,2,2,2,0.5,1.38,1,0.5,1.38,1,1.38,2,0.5,1.38,1,0.5,2,1.38,2,1,2,1,1,1,2,0.5,1,1.38,1.38,1.38,1,1.38,0.5,2,1.38,1,2
888,1,1,1.38,0.5,0.5,2,2,1,0.5,0.5,1.38,0.5,1.38,1.38,2,2,1,0.5,1,2,0.5,1,2,1.38,1,1,2,1,1.38,0.5,1,2,1.38,2,0.5,0.5,1.38,0.5,0.5,1,2,0.5,1.38,2,1,1.38,1.38,1.38,0.5,1
889,0.5,1,1,1.38,1.38,1.38,0.5,2,0.5,0.5,1,1.38,1.38,1,1,1,0.5,0.5,0.5,1,1.38,1,2,1,1.38,1,1.38,0.5,1,1,0.5,1,2,2,2,1,0.5,1.38,1.38,1.38,1,1,1.38,2,0.5,0.5,0.5,1,1.38,0.5
890,1,1,1.38,1.38,1,0.5,1,2,2,1.38,2,2,1,1.38,1.38,1.38,1,0.5,2,1.38,1.38,2,0.5,0.5,1.38,1.38,2,1,1,1,0.5,1.38,1.38,0.5,1,1.38,0.5,1.38,1,1,1,1,0.5,2,1.38,2,0.5,0.5,2,2
891,1,2,0.5,0.5,0.5,2,1,2,2,0.5,1,0.5,0.5,1.38,0.5,1,1,1.38,2,0.5,1,2,1.38,0.5,1,1,1,0.5,0.5,0.5,1,1,1,1,0.5,1,1,2,0.5,1,1,1.38,0.5,1.38,1.38,1,2,1.38,1.38,0.5
892,1,1,0.5,1,2,1,1.38,0.5,1,2,0.5,1.38,0.5,1.38,2,1.38,1.38,2,0.5,1,1,0.5,2,2,2,1.38,0.5,1,2,1,0.5,1.38,2,1,2,0.5,2,1.38,1,1.38,1.38,2,1,0.5,2,1,1.38,1,1.38,2
893,1,2,1.38,1.38,1.38,1.38,1,1.38,0.5,0.5,1,1,2,1.38,1.38,0.5,2,1,1.38,0.5,1.38,1,0.5,1,1.38,1,1.38,0.5,1.38,0.5,2,1.38,2,0.5,1,2,2,2,0.5,0.5,2,0.5,1,1.38,1.38,1,0.5,1.38,0.5,1.38
894,0.5,2,1,1.38,0.5,1.38,2,2,0.5,2,2,2,2,1.38,2,1,0.5,1.38,1.38,2,0.5,0.5,0.5,1.38,1,1,1.38,1,1.38,0.5,1.38,0.5,1,0.5,1.38,1,1.38,0.5,2,1,2,2,0.5,2,0.5,1,1.38,2,0.5,1
895,1,1,0.5,1.38,1,1,1,1.38,1,0.5,2,2,1.38,2,2,1,1.38,0.5,1.38,1.38,1.38,0.5,1,0.5,1.38,0.5,1,2,2,0.5,1.38,1.38,1,0.5,1,0.5,1,1,0.5,0.5,1,1,2,2,1,0.5,1,1.38,2,2
896,2,2,2,1.38,1.38,1.38,0.5,1.38,1,1,1.38,0.5,0.5,1,0.5,2,2,0.5,2,0.5,1.38,1,1,2,2,2,1.38,0.5,1.38,2,1.38,0.5,2,1.38,0.5,2,1,1.38,0.5,2,2,0.5,1,0.5,1.38,1,1.38,1.38,0.5,2
897,0.5,0.5,2,1.38,0.5,1,1,1.38,0.5,1,0.5,1,1.38,0.5,0.5,0.5,2,2,1.38,1.38,2,1.38,1.38,1,1.38,2,1.38,1,1,2,2,1.38,1,0.5,0.5,1.38,1,0.5,1.38,1,0.5,1,2,0.5,1,1,2,0.5,1,1.38
898,0.5,1.38,1.38,0.5,0.5,1,1.38,2,1.38,2,2,1.38,2,2,0.5,1.38,2,1,0.5,2,2,1,1.38,1,1,1,0.5,2,1,1,1,1,0.5,2,2,1.38,0.5,0.5,1,0.5,2,0.5,1,1.38,1.38,2,1.38,2,1,1.38
899,1.38,1.38,1.38,2,2,1,1,2,0.5,1.38,0.5,0.5,0.5,1.38,1.38,1,1,1.38,2,1.38,1,2,1,1,1.38,1.38,2,2,0.5,2,0.5,1.38,1.38,1.38,1.38,1.38,2,1,0.5,1,1,1.38,1.38,1.38,1,1,2,2,1,1
900,1,1.38,1.38,2,1.38,0.5,1.38,0.5,1.38,1,0.5,0.5,1,0.5,2,2,2,0.5,1,2,1,1,2,0.5,0.5,1.38,1.38,2,2,1,1,2,1.38,1.38,2,0.5,1,1.38,1,1,2,2,1,0.5,1,1.38,0.5,0.5,0.5,2
901,0.5,2,0.5,1,1,1,1,1.38,1.38,2,2,2,0.5,1.38,1,0.5,0.5,0.5,1,1,0.5,1,0.5,2,1.38,2,0.5,1.38,1.38,0.5,1.38,2,1,1,2,1,1.38,0.5,1.38,0.5,1.38,1,1,1.38,0.5,1.38,1.38,0.5,2,2
902,1,2,2,2,0.5,1,0.5,1.38,0.5,2,1,0.5,0.5,0.5,2,1,2,2,1,0.5,1,1,1.38,0.5,0.5,1,0.5,2,1.38,1.38,1.38,1.38,0.5,1,1.38,0.5,0.5,1.38,1.38,1.38,1.38,0.5,1.38,1.38,2,2,1,2,1,1
903,1.38,0.5,1,1,0.5,1.38,1.38,1.38,2,2,0.5,0.5,1,1.38,1,1,1.38,0.5,2,0.5,1.38,1,1,1.38,1.38,1.38,2,1,0.5,1.38,2,1.38,1,1,1,0.5,1,2,1,2,1,0.5,2,1,1,2,1,2,1,1.38
904,0.5,2,1.38,1,2,1,0.5,2,1,2,2,0.5,0.5,1,1,1,1,0.5,1,0.5,1,0.5,0.5,1,2,0.5,2,2,0.5,2,1,2,0.5,0.5,2,1,2,1.38,0.5,0.5,0.5,1.38,1,1.38,0.5,1,1.38,0.5,1.38,0.5
905,0.5,1,0.5,1,2,1,1.38,2,2,1,2,1,2,1.38,0.5,1,1.38,0.5,2,1.38,0.5,1,1.38,1,1.38,1.38,1.38,1,2,2,1,1,1.38,1,1.38,1.38,1,2,2,0.5,0.5,1.38,1.38,2,1.38,0.5,1,2,1.38,1.38
906,0.5,1,1.38,1.38,1,1.38,2,1.38,1,1,0.5,1.38,1,1,2,1,0.5,1,1.38,1.38,1,0.5,1,1,1.38,0.5,1.38,2,1,1.38,0.5,1,0.5,1,1.38,1.38,0.5,1.38,0.5,1,1,1.38,2,0.5,2,2,1,2,1.38,0.5
907,0.5,2,2,2,1.38,1.38,1.38,2,0.5,0.5,2,0.5,0.5,0.5,2,1,1.38,0.5,0.5,1,2,1.38,1.38,1,2,0.5,1.38,0.5,1.38,2,2,0.5,1.38,1.38,1,1.38,1,1.38,2,0.5,1,1.38,2,1.38,0.5,0.5,2,1.38,2,0.5
908,2,1.38,2,0.5,1.38,2,0.5,2,2,2,0.5,2,1,0.5,2,2,0.5,2,1.38,1.38,2,0.5,2,2,1,2,1.38,0.5,1.38,2,0.5,0.5,1.38,2,1,2,0.5,1.38,1,1,1.38,0.5,0.5,1.38,1,2,1,2,0.5,0.5
909,0.5,1.38,2,1.38,0.5,1,1,1.38,0.5,1,2,2,0.5,2,0.5,1.38,2,2,1.38,0.5,2,0.5,1,1,1,0.5,0.5,2,0.5,1.38,1.38,2,2,0.5,1.38,2,0.5,1.38,0.5,2,2,2,2,1,1,1.38,2,1,1,1.38
910,1.38,1,0.5,0.5,1.38,1.38,1,1,2,1,0.5,1.38,2,2,2,2,2,1.38,2,1,2,0.5,1.38,1.38,1,1.38,1,0.5,2,1,1,0.5,2,1,1,0.5,1,1.38,1.38,1.38,1,2,1,1.38,2,1.38,2,0.5,1.38,1.38
911,1,2,1,2,1.38,1,0.5,1,1.38,1.38,2,1.38,2,0.5,1,1,0.5,1.38,0.5,1.38,2,1,2,1.38,2,0.5,0.5,1.38,2,0.5,1,1,1,1.38,2,2,0.5,1,1,0.5,1,2,2,1.38,2,1.38,0.5,1.38,1,0.5
912,1.38,0.5,1.38,2,1,1,2,0.5,1.38,1.38,1,0.5,1,0.5,0.5,1.38,1.38,1,1.38,0.5,2,2,0.5,1.38,1.38,1.38,0.5,1,1,1,1.38,2,2,1,1.38,1,1.38,1,1.38,0.5,2,1.38,1,2,1.38,1.38,0.5,1,1.38,1.38
913,0.5,1.38,0.5,2,2,0.5,1,2,1,1.38,0.5,1,0.5,1,2,1.38,2,2,1.38,1.38,0.5,1.38,0.5,1,2,1,2,1,0.5,1,1,0.5,2,1.38,1.38,2,2,0.5,2,1.38,0.5,2,0.5,0.5,1.38,2,2,0.5,1.38,0.5
914,1,0.5,1,1.38,1,1,2,2,1,2,1.38,1,0.5,1.38,0.5,2,2,1,1.38,1.38,1,0.5,2,2,0.5,0.5,0.5,0.5,2,1.38,2,2,0.5,2,0.5,2,0.5,2,0.5,0.5,2,0.5,1.38,1,1,1.38,2,1,1,2
915,0.5,0.5,1.38,1.38,1,0.5,2,2,1.38,1,1.38,0.5,2,2,1,1,1.38,1,1,1.38,2,0.5,2,0.5,1.38,2,1.38,1.38,2,1.38,2,0.5,1.38,1.38,1,1,0.5,0.5,2,1,2,1.38,0.5,2,0.5,1,1.38,1.38,1.38,1
916,0.5,1.38,2,1,2,2,1.38,1.38,2,0.5,1,2,1,1.38,0.5,2,2,1.38,2,2,1.38,1.38,1,1,2,2,1.38,2,1,0.5,1,0.5,1,1.38,0.5,2,2,0.5,1,2,1.38,1,0.5,1.38,0.5,1.38,2,0.5,0.5,1.38
917,2,2,1.38,1.38,2,2,2,1,0.5,0.5,1,1,1,2,1.38,1.38,0.5,1,1,1,0.5,0.5,0.5,1.38,1,2,0.5,2,1.38,1.38,0.5,0.5,0.5,0.5,2,1.38,2,2,1.38,2,1.38,0.5,2,1,2,1,1,0.5,0.5,2
918,1.38,0.5,1.38,2,1,0.5,0.5,1,0.5,0.5,2,0.5,0.5,2,1,2,1.38,1.38,1.38,2,1,0.5,1,1,1,0.5,1,0.5,1.38,0.5,0.5,1.38,0.5,1,0.5,0.5,1,0.5,2,1,0.5,1,2,0.5,2,0.5,1.38,2,1,1.38
919,2,1.38,1.38,1.38,0.5,2,1,2,0.5,0.5,0.5,0.5,2,1.38,0.5,0.5,0.5,1,1,2,2,2,1.38,0.5,0.5,1,0.5,0.5,2,1,0.5,1.38,2,0.5,1,0.5,2,1,2,1.38,1,1.38,1.38,1.38,0.5,1,0.5,1.38,0.5,2
920,0.5,1,2,0.5,0.5,1.38,0.5,0.5,2,1,1.38,1,0.5,0.5,1.38,0.5,0.5,0.5,0.5,1,1.38,1,1.38,2,0.5,1,2,1.38,1,0.5,1,1,1,1.38,1.38,1.38,1.38,1,1.38,2,0.5,2,0.5,1,1,0.5,1,2,1.38,1.38
921,0.5,1,1,2,1.38,2,0.5,1.38,2,2,1.38,2,1,1.38,1.38,0.5,2,2,0.5,0.5,2,1,2,2,2,1.38,0.5,0.5,1.38,1.38,1.38,1,1.38,0.5,2,1,0.5,0.5,2,2,1.38,0.5,1.38,1,1,2,1,1.38,0.5,2
922,0.5,2,1.38,1,1,1,1.38,1.38,1,1.38,0.5,1.38,1,2,2,1,1.38,2,1,0.5,0.5,0.5,1,2,1.38,1,2,1.38,1.38,1,0.5,1,1.38,1.38,2,1,1,2,1.38,1,1.38,2,0.5,1.38,2,2,1,1.38,1,1
923,0.5,2,2,2,0.5,1,1.38,2,0.5,0.5,0.5,1.38,1.38,1,0.5,0.5,1,0.5,2,0.5,1,2,0.5,1,1.38,1.38,0.5,1.38,2,0.5,1.38,0.5,2,1.38,2,1.38,1,1,1,2,1.38,0.5,1.38,1.38,1.38,1.38,2,2,1,2
924,1.38,1.38,1.38,1,1.38,1,1,1.38,2,1.38,0.5,2,1,0.5,1.38,1,2,1.38,1.38,2,2,0.5,1,1,2,1,0.5,1,1.38,1.38,1.38,1.38,2,1.38,1.38,1.38,2,2,1.38,1.38,1.38,1,1,2,1,1.38,1,2,2,1
925,0.5,2,1.38,0.5,1.38,1.38,1.38,2,1,0.5,1.38,1,0.5,0.5,1,1,1,2,1.38,1.38,1.38,2,1,2,2,1,2,1.38,0.5,2,1,1,0.5,1,2,1,1,1.38,0.5,0.5,2,2,1,2,1.38,0.5,1,2,2,1.38
926,2,2,0.5,2,1,1,2,0.5,2,1,1.38,0.5,1.38,1,2,2,0.5,0.5,1,0.5,1,1,1,2,0.5,1,1,1,1.38,2,1.38,1,2,1,0.5,1,1,1.38,2,0.5,2,1.38,1.38,1,0.5,2,0.5,1.38,1,0.5
927,1,2,0.5,2,0.5,0.5,1.38,1.38,1,1,2,1.38,1.38,1.38,0.5,0.5,2,1.38,1,2,1.38,0.5,2,1,0.5,1.38,2,1,1,1,0.5,2,0.5,0.5,1.38,1.38,1.38,1,1,2,0.5,0.5,0.5,0.5,1.38,0.5,1,0.5,1.38,2
928,1,0.5,1,0.5,0.5,0.5,0.5,1.38,1.38,2,2,1,2,0.5,0.5,1,2,2,0.5,0.5,1,0.5,1,1,1,1,1,0.5,2,1.38,0.5,1,2,0.5,0.5,2,1.38,1.38,0.5,0.5,0.5,1,0.5,1.38,2,1.38,0.5,1.38,0.5,1
929,2,0.5,0.5,2,1.38,0.5,0.5,0.5,0.5,1.38,1.38,2,0.5,0.5,0.5,1,1,1,2,1.38,2,1,0.5,0.5,1.38,1.38,1.38,1,1,2,2,1.38,1.38,2,1,2,1,0.5,2,1.38,1.38,1,2,0.5,1.38,2,1.38,1,1,1.38
930,1.38,1.38,2,0.5,1.38,0.5,0.5,1,0.5,1,2,1,1,1.38,1,0.5,2,1.38,0.5,0.5,1,1,2,2,2,1.38,2,1,0.5,0.5,2,1,1,1,1.38,1.38,1,1.38,1,0.5,0.5,1.38,1.38,0.5,1.38,1.38,2,1.38,1.38,0.5
931,0.5,1,2,1.38,1.38,0.5,1.38,0.5,0.5,0.5,0.5,2,1.38,2,0.5,1,2,1.38,1,0.5,0.5,1,1,1.38,1,0.5,0.5,1.38,1.38,1,1.38,0.5,1,1,0.5,1,0.5,1.38,2,1.38,1,0.5,1.38,1.38,2,0.5,1.38,0.5,0.5,1
932,1.38,2,0.5,0.5,1.38,0.5,0.5,1.38,1.38,0.5,2,0.5,0.5,1.38,0.5,1.38,1.38,0.5,1.38,0.5,1.38,2,1.38,2,1,1.38,0.5,1.38,1.38,1,1.38,1,1.38,2,1,1,1,0.5,1.38,1,0.5,0.5,1.38,2,1,2,0.5,0.5,0.5,2
933,0.5,1.38,1.38,2,0.5,1,2,1,2,2,0.5,0.5,0.5,1,2,2,0.5,0.5,2,1.38,2,1,1,1,1.38,2,2,2,2,0.5,1,1.38,2,2,2,1.38,0.5,1,0.5,2,1,2,1.38,0.5,1.38,2,1,0.5,2,1.38
934,1,1.38,0.5,2,1,0.5,1.38,1,1.38,1.38,0.5,0.5,1,2,0.5,1,1,2,0.5,1.38,2,2,1,1,1,0.5,1.38,1,1,2,2,1,2,0.5,1,0.5,2,0.5,2,0.5,1,1,2,1.38,1,0.5,2,1.38,2,2
935,2,2,1,1,1,1.38,2,1,2,2,2,0.5,1,1.38,0.5,0.5,2,1.38,1,0.5,0.5,1.38,1,0.5,1.38,0.5,1,0.5,0.5,1.38,1,0.5,1,1,1.38,1,0.5,1,2,1.38,1,0.5,1,1,1,2,0.5,0.5,2,2
936,2,1.38,2,2,1,1,1.38,2,1,0.5,1.38,0.5,0.5,0.5,1.38,2,2,1.38,1.38,1,1.38,0.5,1.38,1,0.5,0.5,2,0.5,0.5,1.38,0.5,1.38,1,2,1,0.5,1.38,1,2,0.5,0.5,2,2,0.5,1,2,0.5,1.38,2,1.38
937,2,0.5,2,0.5,2,2,0.5,1.38,1,1.38,1,1.38,1,0.5,2,2,1.38,2,1,1,1.38,0.5,1.38,2,0.5,1.38,1.38,1.38,1.38,2,1,1.38,0.5,0.5,1,1.38,1,2,0.5,1.38,1.38,1,1.38,0.5,1.38,1,1,0.5,0.5,0.5
938,1,2,0.5,2,1,0.5,2,1.38,1,1,1,1,2,1.38,1.38,1,1,1.38,1.38,0.5,0.5,1.38,1,1.38,2,2,1,1,0.5,2,0.5,2,1,1.38,2,1,1,2,1,1,1,1,2,1,1.38,0.5,0.5,0.5,1,1.38
939,1.38,2,1.38,2,1,0.5,1.38,0.5,1.38,1.38,1.38,1.38,0.5,1,2,2,0.5,2,1,2,1,0.5,1.38,2,1.38,0.5,1,1,1.38,0.5,0.5,2,0.5,1,0.5,1.38,0.5,0.5,0.5,1,1.38,1,1.38,1,2,1.38,0.5,1,1.38,1
940,0.5,0.5,1.38,2,1.38,0.5,1.38,1,0.5,1,0.5,0.5,0.5,2,1,1,0.5,1.38,0.5,0.5,2,1,1.38,1.38,0.5,0.5,0.5,0.5,0.5,1.38,2,1.38,1,1,1.38,1,2,0.5,1,1,2,2,1,1.38,2,1.38,1.38,1,1,1
941,1.38,1,0.5,2,1,1,1.38,0.5,2,1.38,1.38,1,1.38,1,1.38,0.5,1,1.38,0.5,0.5,1,1,1,2,1,0.5,1,2,0.5,1.38,2,1,2,2,1.38,1,2,0.5,1,1.38,1,1.38,1.38,2,1,2,1,0.5,1.38,1.38
942,0.5,2,1.38,1,2,2,1,0.5,2,2,0.5,2,1,0.5,2,1.38,0.5,1.38,0.5,2,1.38,1.38,2,0.5,1,1,2,1,0.5,1,2,1,1.38,1,1.38,0.5,1,0.5,0.5,1,2,0.5,1.38,1.38,2,1.38,2,1.38,1.38,1
943,1,1,1,0.5,1.38,1.38,0.5,2,1.38,1,1,1.38,2,2,1.38,1.38,1.38,1.38,2,1,0.5,2,2,1,1,1.38,0.5,2,2,1.38,1.38,2,1,1.38,1.38,1,1.38,0.5,1,1.38,0.5,0.5,2,1.38,1,2,1,1,1,2
944,1.38,0.5,0.5,0.5,1,2,2,1.38,2,1,0.5,0.5,1,1.38,2,2,0.5,0.5,1.38,2,0.5,1,0.5,1,1,1,1.38,1.38,1.38,2,1,1,1.38,0.5,1,1,0.5,1,0.5,2,1.38,1.38,1.38,1,2,2,1,0.5,2,1
945,1.38,1,1.38,1,0.5,0.5,1,1.38,2,0.5,1,2,0.5,1.38,0.5,0.5,2,1,1.38,1.38,1,2,1,1,0.5,1,0.5,1.38,2,2,0.5,2,0.5,0.5,1,1.38,1,0.5,0.5,1,1,1.38,1.38,0.5,1,0.5,1.38,1.38,0.5,1.38
946,1.38,1,2,2,0.5,1.38,1,2,0.5,1.38,2,1.38,1,0.5,1.38,0.5,1,1,0.5,2,1.38,1,1,2,2,2,2,0.5,0.5,0.5,1.38,0.5,1,1,0.5,1,2,2,2,1.38,1,2,1,2,0.5,1,0.5,1,1.38,1
947,2,1,1.38,2,1.38,0.5,1,0.5,2,0.5,1,1,2,0.5,1.38,1.38,2,0.5,1,2,1,1.38,1.38,1.38,1.38,1.38,0.5,0.5,1,1,1,1,2,1,1.38,1,2,1.38,1.38,1.38,2,2,2,1,2,2,0.5,0.5,0.5,1
948,0.5,0.5,1.38,1,2,2,0.5,2,0.5,1,1,0.5,1.38,2,2,1.38,1,0.5,1,0.5,1,0.5,2,2,0.5,2,2,2,0.5,0.5,1,2,1.38,2,2,1.38,1,1,1.38,2,0.5,1,1.38,0.5,2,1.38,2,1,2,1
949,2,1,1,1.38,2,1,1,1,1,1,1.38,1,0.5,0.5,1,0.5,2,1.38,1,0.5,1,2,1,1,1,2,2,2,1,2,1.38,1.38,2,1,1.38,1.38,0.5,0.5,0.5,1,2,0.5,0.5,2,1.38,1.38,0.5,2,0.5,0.5
950,0.5,1.38,1,1.38,0.5,2,1,1.38,2,0.5,1.38,1,2,2,1,0.5,1.38,0.5,2,2,2,0.5,1,1,1.38,2,1,0.5,2,0.5,0.5,1.38,0.5,1.38,2,0.5,0.5,2,0.5,2,2,2,1.38,2,1.38,0.5,1,1.38,0.5,1.38
951,2,0.5,1.38,2,1.38,2,2,2,1.38,0.5,1,1.38,1.38,1,1.38,0.5,0.5,1.38,0.5,2,1,1.38,2,0.5,1.38,1.38,0.5,2,0.5,1.38,0.5,1,1,0.5,1,0.5,0.5,2,1.38,1,1,1.38,0.5,2,1,2,0.5,2,1.38,1.38
952,1.38,0.5,1,1,0.5,1,0.5,1,0.5,1.38,2,1,1,2,2,1.38,1,0.5,0.5,0.5,0.5,0.5,1.38,1.38,0.5,0.5,1,1,1.38,2,1.38,1.38,0.5,1,1.38,1,1,1.38,0.5,2,1.38,1.38,0.5,1,1.38,1,1,1.38,1,1
953,1,2,1.38,2,2,1,1,2,1.38,1,2,2,1.38,1.38,2,2,1.38,1,0.5,1,0.5,2,1,1,1.38,1,0.5,0.5,1,1.38,2,1.38,0.5,0.5,1,0.5,1.38,0.5,0.5,1,2,1.38,2,1,1.38,0.5,1.38,1,1.38,1.38
954,1.38,0.5,2,1.38,0.5,1.38,1,1,2,2,2,1.38,1.38,1,0.5,1,1.38,1,0.5,1,1,2,2,1,0.5,1,1,2,2,1.38,0.5,2,1,2,1.38,0.5,0.5,0.5,2,0.5,1.38,0.5,1.38,1.38,2,2,1.38,0.5,1,1
955,2,2,0.5,1,0.5,2,1.38,1.38,1,1,2,0.5,1.38,1,1,2,2,1,1,0.5,1.38,0.5,0.5,0.5,1,1.38,1,1.38,2,1.38,0.5,2,1.38,1.38,1,1,1,1,1.38,0.5,2,1.38,1,1.38,2,2,1.38,1,1,1
956,0.5,1,0.5,1,1.38,0.5,1,1.38,1,1,1,0.5,0.5,1,1.38,2,0.5,1,1,2,1.38,0.5,1.38,0.5,2,1,0.5,2,1,1,0.5,1,0.5,1.38,0.5,2,0.5,0.5,2,1,1,1.38,0.5,0.5,1.38,1.38,0.5,0.5,1.38,1
957,1.38,0.5,1,1,1.38,1,1,2,1.38,2,1.38,0.5,2,1,1,1,1.38,0.5,1.38,1,2,2,1.38,1.38,0.5,2,1,0.5,0.5,2,0.5,2,1,1,2,1,2,1,1,2,1.38,2,0.5,2,1.38,2,1.38,1.38,1.38,1.38
958,1.38,1,0.5,0.5,0.5,2,2,2,0.5,2,0.5,2,1,1,0.5,0.5,0.5,0.5,0.5,2,0.5,0.5,1,0.5,0.5,2,0.5,2,1.38,1,0.5,1,1.38,0.5,1.38,1,0.5,0.5,2,1,0.5,0.5,1.38,2,0.5,1.38,1.38,1.38,0.5,2
959,1,1,1,2,1,1,2,2,0.5,0.5,2,2,0.5,2,1.38,1,1.38,0.5,1.38,2,1.38,1,0.5,1.38,1.38,2,1.38,0.5,0.5,1,0.5,0.5,0.5,1,2,1,1,0.5,1.38,2,1.38,2,2,0.5,2,1,1.38,1,1.38,2
960,1.38,2,1,1,1.38,1.38,2,0.5,2,1.38,0.5,1.38,1,2,2,1,0.5,0.5,1,2,1,0.5,1,1.38,1,2,1,1.38,2,2,1,2,2,1,1.38,2,0.5,1,0.5,0.5,1,0.5,1.38,2,1,1,2,0.5,1.38,1.38
961,1.38,1,2,0.5,1.38,1.38,1,1,1.38,2,0.5,1,0.5,0.5,1.38,2,0.5,1.38,2,1.38,1.38,2,0.5,0.5,1,1,2,0.5,1.38,1.38,1,2,0.5,2,0.5,2,0.5,1.38,1,0.5,1.38,0.5,1,1,1,0.5,1,1,2,0.5
962,0.5,1,1.38,1.38,1,0.5,2,1.38,0.5,1.38,1,1,2,1.38,2,0.5,2,2,1,1,1,0.5,1,0.5,1.38,0.5,2,1.38,1.38,1,2,1,1,1,0.5,0.5,0.5,1.38,1,1,1.38,0.5,0.5,1,0.5,2,0.5,1.38,1,2
963,1.38,1.38,1.38,1,2,1,1,0.5,0.5,2,1.38,1,1.38,1.38,1.38,2,0.5,1,1,1.38,1.38,0.5,0.5,2,2,2,0.5,2,0.5,2,1,1.38,0.5,1,1,2,1.38,1.38,2,2,1.38,0.5,1,0.5,2,1,1,2,2,2
964,1.38,0.5,1.38,2,1,1.38,1,0.5,1,2,2,1.38,0.5,1.38,1,1.38,0.5,2,0.5,0.5,1.38,1,0.5,1.38,2,1,1.38,0.5,1.38,0.5,1,1.38,0.5,0.5,0.5,1,1,1,2,1,1,1,1.38,2,2,1.38,2,1.38,1,0.5
965,2,0.5,0.5,2,2,1.38,1.38,0.5,0.5,2,2,0.5,2,0.5,1,0.5,1.38,1.38,1.38,0.5,2,2,2,1.38,1,1,1.38,0.5,0.5,0.5,1,1.38,1,2,2,1,2,2,2,2,1,0.5,1,2,1.38,1,1,2,0.5,1
966,0.5,1.38,2,0.5,1,1.38,2,0.5,0.5,0.5,1.38,1.38,1.38,1.38,2,1.38,0.5,2,1.38,0.5,1,1,1,1,2,1,0.5,1.38,2,1,2,1.38,2,1,1,0.5,2,1.38,2,2,1,1.38,2,1.38,1,0.5,1.38,1,2,0.5
967,2,0.5,2,0.5,1.38,1,2,1,2,0.5,1,1,1.38,2,2,1,1,1,1.38,1,1.38,2,1,1,1.38,0.5,1,0.5,2,0.5,0.5,1,0.5,1.38,1.38,0.5,0.5,2,2,0.5,0.5,0.5,1,2,0.5,0.5,1,1,1,0.5
968,1,0.5,1.38,1,1.38,1.38,1,1,1,1.38,2,1,0.5,2,0.5,1,1.38,1,2,1.38,1,1.38,1,0.5,0.5,1,2,1,1,1.38,1.38,1.38,0.5,0.5,0.5,2,2,1,0.5,1,1,1.38,1,2,0.5,1,1,1.38,1.38,2
969,0.5,0.5,0.5,2,2,2,1,1.38,1,2,0.5,1.38,1,1.38,1.38,1.38,1.38,1.38,0.5,0.5,1.38,2,0.5,1,1.38,2,0.5,1.38,2,1.38,0.5,0.5,1,2,2,1,1,0.5,1,1,0.5,1,0.5,1,1,2,0.5,1,1.38,0.5
970,2,2,2,2,0.5,0.5,0.5,2,1.38,0.5,1,1.38,1,1.38,1.38,0.5,1.38,2,0.5,1.38,2,2,1,1.38,1,2,2,1.38,1.38,1.38,1.38,0.5,1.38,1.38,2,0.5,2,1,1.38,2,1,1,1,2,2,1.38,1,2,1,0.5
971,1,1,0.5,1.38,0.5,1.38,0.5,1,0.5,2,1,2,2,1.38,2,1,1,0.5,2,1.38,1,1.38,1.38,1,0.5,2,1.38,1,2,2,0.5,1.38,2,1.38,1.38,2,1,2,0.5,0.5,1,0.5,0.5,2,1,2,1,0.5,0.5,0.5
972,2,1,0.5,2,2,0.5,0.5,0.5,2,1.38,2,0.5,2,1.38,2,1,0.5,0.5,1,1.38,1,1.38,1.38,0.5,1,1,1,2,1.38,1.38,1.38,0.5,1,0.5,0.5,1,1.38,1.38,2,2,2,0.5,1,0.5,1,1,2,2,0.5,0.5
973,1,1,2,0.5,1,1.38,1.38,1.38,2,1,1.38,2,1,2,1.38,1.38,1,2,0.5,1.38,1.38,2,1,2,2,2,1,1,0.5,2,0.5,2,2,1.38,1,2,2,0.5,0.5,0.5,1.38,1,2,0.5,1,2,1.38,1,1,2
974,1,1.38,0.5,1.38,1.38,1.38,1.38,0.5,2,0.5,0.5,1.38,2,1.38,1,2,1,1,2,0.5,2,1.38,1.38,1,1.38,2,1,1.38,1,1.38,1.38,1,0.5,1.38,1.38,1.38,1.38,0.5,0.5,1.38,0.5,1.38,2,1.38,2,1.38,1.38,0.5,1,1.38
975,2,1.38,1.38,2,1,1,1.38,1.38,1.38,2,1.38,1.38,1,1,1,1.38,1.38,1,1.38,0.5,1.38,1,0.5,2,1.38,2,1.38,0.5,1,0.5,1,2,1.38,2,0.5,1,0.5,0.5,1.38,1,2,1.38,1.38,1.38,1,0.5,1,2,1,0.5
976,2,2,0.5,1.38,1.38,1.38,1,1,1,1.38,0.5,2,1,1,1,0.5,1.38,2,1.38,1,1,1,0.5,1.38,0.5,1.38,2,1,1.38,1.38,2,1,1,1.38,1.38,0.5,1.38,0.5,1,0.5,1.38,2,0.5,1,0.5,1,1,2,1.38,2
977,1,1.38,1.38,0.5,0.5,0.5,2,1.38,0.5,0.5,2,0.5,1,1.38,2,1,2,1.38,1.38,1,1.38,1,2,1,2,2,0.5,2,1,1,1,2,2,1.38,1,2,2,2,2,1.38,0.5,0.5,0.5,1.38,1,0.5,1.38,2,1.38,1.38
978,1.38,1.38,1.38,2,1,2,1,2,1,1.38,1.38,1,2,0.5,2,1,2,1.38,0.5,0.5,2,0.5,2,2,2,2,1,2,1,2,1,1.38,0.5,0.5,0.5,1,1.38,2,1.38,2,0.5,0.5,0.5,1.38,0.5,2,1.38,1.38,2,1.38
979,1,0.5,2,1.38,0.5,1,1.38,2,1,1,1.38,1,0.5,1,0.5,0.5,1.38,1.38,1.38,1,0.5,0.5,2,2,2,0.5,0.5,1,1,0.5,2,1.38,1,1.38,2,2,2,0.5,2,1.38,1,2,0.5,1.38,2,0.5,1.38,0.5,1.38,2
980,0.5,1,1.38,1,2,1.38,1,1.38,0.5,1,2,1,1,2,1,1.38,2,1,1.38,0.5,1.38,0.5,2,1.38,1.38,1.38,0.5,0.5,2,0.5,1,1.38,1,2,1,2,2,1.38,0.5,1,2,0.5,2,1.38,2,2,2,2,1,1
981,2,2,1,1,1,2,2,1,1,2,1.38,0.5,1,1,1.38,1.38,1,0.5,2,1.38,0.5,1.38,1.38,1.38,0.5,1,2,2,2,0.5,2,1.38,1.38,0.5,2,1,0.5,0.5,2,1.38,2,0.5,0.5,0.5,1.38,1,1,1.38,1.38,1
982,1,1.38,2,2,1.38,0.5,2,2,1,0.5,0.5,1,2,0.5,0.5,1.38,1,2,2,1.38,1,1,1.38,2,2,1,0.5,1,2,1.38,2,1,0.5,2,1.38,1.38,2,1.38,1,1,2,1.38,2,0.5,2,1,1,0.5,1.38,0.5
983,0.5,0.5,1,0.5,0.5,1,1,2,0.5,1.38,1,1.38,1,1,1.38,1,2,1,1.38,0.5,2,2,0.5,2,1,1,1,2,1.38,0.5,0.5,2,2,2,2,0.5,2,1.38,2,2,1.38,2,1.38,0.5,1,1.38,0.5,1,1,1.38
984,0.5,1,0.5,2,1.38,1.38,1.38,1.38,1.38,2,1,1.38,0.5,1,1,2,1.38,1.38,0.5,2,2,1.38,1,2,0.5,0.5,0.5,2,1.38,0.5,2,1,1,1.38,2,1.38,1.38,1.38,1,1.38,0.5,2,1,0.5,1.38,0.5,1,0.5,1,1.38
985,0.5,1.38,2,0.5,0.5,1,1.38,2,1.38,2,2,1,2,0.5,0.5,1,2,1,1,2,0.5,0.5,0.5,1.38,2,1,1,2,1.38,0.5,2,2,0.5,0.5,2,1,2,0.5,0.5,1,1.38,1.38,0.5,0.5,2,1.38,2,1,1,1
986,2,1.38,1,1.38,0.5,1.38,2,1,0.5,1,0.5,1.38,1.38,2,0.5,1,0.5,1.38,1,0.5,1.38,0.5,1,2,2,1.38,0.5,1,1,0.5,0.5,2,1,1.38,2,2,1.38,2,1.38,0.5,1.38,1.38,2,1.38,2,1.38,0.5,1.38,1,1.38
987,1.38,1.38,1,2,0.5,1,1.38,1,1,1,1,2,0.5,1,2,1,1,1,2,1.38,1.38,1.38,1,1.38,2,0.5,2,1,1,2,1,1,1.38,1,2,0.5,0.5,1,0.5,1,1,1.38,1.38,2,1.38,2,1.38,2,1.38,2
988,1.38,1,1,1.38,1,0.5,1.38,1.38,1.38,0.5,2,1.38,1.38,1,1,1.38,2,1.38,1,1.38,0.5,1,2,1,0.5,1,0.5,1.38,0.5,1,2,2,2,2,1,1,1.38,1.38,2,1.38,1,1.38,2,1.38,2,2,0.5,1.38,1.38,1.38
989,1,1,1,2,2,0.5,1,1,2,2,1.38,0.5,1.38,0.5,2,1,1,1.38,1,1,1.38,0.5,0.5,1.38,2,1,2,2,2,0.5,1.38,2,1,0.5,1,1.38,1,1.38,1,0.5,0.5,1,2,0.5,1,1,2,1,0.5,1
990,1.38,1,1.38,1.38,1.38,0.5,0.5,1.38,1,1,1,1,1,0.5,1.38,0.5,1.38,1,2,2,1,0.5,0.5,1.38,1.38,1.38,2,0.5,1.38,1,2,1,0.5,1,2,2,2,1.38,1.38,1.38,1.38,1.38,1.38,1.38,0.5,0.5,1,0.5,2,2
991,1.38,1.38,2,0.5,2,1,0.5,0.5,0.5,2,2,0.5,2,2,1,2,2,1.38,1,2,2,1,1,0.5,1.38,0.5,2,2,1.38,0.5,1,0.5,1.38,1.38,1.38,1.38,1.38,1.38,1.38,0.5,1,1.38,1,2,2,1.38,1,1,1.38,0.5
992,1,2,1.38,0.5,0.5,1,0.5,1.38,1,2,1.38,1,0.5,0.5,2,1,2,1,1.38,1.38,2,1,2,0.5,2,2,1,1.38,1,2,0.5,1,1,0.5,2,2,2,1,1.38,1.38,0.5,1,1,0.5,1,2,2,0.5,0.5,0.5
993,2,0.5,2,2,1,1.38,0.5,1.38,1,2,1.38,0.5,0.5,1,0.5,2,2,0.5,0.5,1,0.5,1,0.5,1,1,1,1.38,1,1,0.5,2,1.38,2,1.38,2,2,2,1,1.38,1,1.38,0.5,2,1.38,1,2,1.38,1,2,1.38
994,1,1,0.5,2,1,1,2,1,0.5,2,1.38,0.5,1.38,0.5,2,1.38,1.38,1,1.38,1.38,2,2,1,0.5,1.38,1.38,2,1.38,2,2,2,0.5,0.5,2,2,1.38,1.38,2,1.38,1,1.38,2,2,1.38,1.38,1,1.38,0.5,1.38,1.38
995,2,2,1.38,0.5,0.5,1.38,2,1.38,0.5,1.38,1,1.38,1.38,1.38,1.38,1.38,1.38,1,1,1,0.5,1.38,1.38,0.5,1,2,1.38,1,1,0.5,0.5,2,0.5,1.38,1,1,1,1.38,0.5,1.38,2,1,0.5,1,1,1.38,2,1.38,2,0.5
996,1.38,0.5,0.5,0.5,1.38,2,1.38,1,1.38,1.38,2,2,1.38,2,0.5,2,2,0.5,1.38,0.5,2,0.5,0.5,1.38,1,1.38,1.38,2,2,0.5,1.38,0.5,2,1.38,1,1.38,2,1,1,1,1.38,1,1.38,1.38,0.5,1.38,2,2,1.38,1.38
997,1.38,1,2,1,0.5,0.5,1.38,1.38,0.5,1.38,0.5,1.38,0.5,1,0.5,0.5,1.38,0.5,1,2,1.38,1.38,0.5,1.38,0.5,0.5,1,1,1,0.5,2,1,2,2,1.38,0.5,1.38,0.5,1.38,2,0.5,1,2,1.38,1.38,1,2,0.5,2,1
998,0.5,1,1,2,1.38,1,2,1,0.5,1,1,2,1,1.38,1.38,1.38,0.5,0.5,0.5,1.38,1.38,0.5,1.38,0.5,0.5,0.5,2,2,1.38,1,0.5,2,1,1.38,1.38,1.38,1.38,0.5,2,1,2,1,1,1.38,1,0.5,1,0.5,1.38,1.38
999,0.5,2,0.5,2,2,2,1,2,2,1.38,2,1,2,2,0.5,2,0.5,2,1,1,0.5,1,0.5,0.5,1,0.5,1,1,1,1.38,0.5,2,1.38,0.5,1,1.38,1,0.5,1,1,0.5,2,1,1.38,1.38,2,1.38,1,2,1
1000,1.38,0.5,2,1,1.38,1,1.38,0.5,1.38,0.5,0.5,1,1.38,1.38,0.5,1.38,0.5,0.5,2,1,0.5,2,0.5,0.5,0.5,0.5,1.38,1.38,1,2,0.5,1,0.5,1,1.38,1.38,1,0.5,0.5,2,1,1,0.5,2,1,2,1,2,0.5,0.5
