"id","state","income","eps"
1,25,1.07127451409842,0.394347258109018
2,17,1.54383887176124,-0.750192639714272
3,27,3.94305398960306,-0.155500005433042
4,38,1.03435862414773,-0.878656209929663
5,50,0.86166055134472,1.49695447393462
6,18,1.08788193827348,-0.275197801107089
7,23,1.89754342171857,-0.407128428741553
8,50,0.904595237643009,-1.56444626555168
9,9,0.512752267594936,1.07963973050109
10,17,0.363918126864497,0.333576615837002
11,24,0.87588612811615,2.67417203477804
12,14,0.758475556364773,-0.195402527173066
13,31,1.39582400805056,0.373550081928888
14,41,1.03037142030946,-1.43594297057346
15,50,1.21188032325865,-0.882973799426018
16,9,1.07265485911709,-0.0837072608186471
17,18,0.635063268653734,-0.370464018487239
18,5,1.17907474093254,-1.51552056101723
19,45,0.750091384846193,-1.77982290617458
20,24,1.00145630735293,-0.396396266220189
21,16,1.27871616853105,0.0119720937980958
22,48,2.39534410828899,-1.13797973594319
23,47,1.24909332611008,-0.259726562757306
24,11,0.901477090399427,-1.98946487843606
25,5,0.607535879624075,1.67849848910714
26,19,4.1510603888538,-0.0470057496726547
27,18,2.13895570122769,0.366568245318416
28,25,0.752716602670375,1.86739212492675
29,33,1.62268446295413,-0.147851484706743
30,16,0.482465627394208,-1.07011122720569
31,23,0.687984226168422,0.357920839226573
32,20,1.20622969628341,0.747195644358819
33,36,1.30531959057209,-1.21813821141148
34,42,3.49277883783663,-0.468422809136588
35,21,3.62814757425186,-1.12862552967452
36,37,1.09483512000246,-0.504470933537876
37,38,2.75278983143751,-3.32707328811022
38,11,2.47046300079049,0.569671007738164
39,48,3.20663825757552,-0.870936645069014
40,29,2.06304858885474,-2.0099804503524
41,17,2.65412451060678,-2.72423078800969
42,14,1.28675198713395,-0.204315473503837
43,23,0.678606523082125,-1.44979895412972
44,2,1.15559528006537,-1.1115755584151
45,20,5.15077998603969,-0.0621746763067886
46,5,1.9393288934,-1.73327096032272
47,24,2.29977112447842,-1.58084098861152
48,6,2.00068106722799,-1.44408264647349
49,38,1.04156252873576,0.194656328727482
50,40,1.6197635456767,0.741805653959691
51,48,1.44028883055486,-2.84389644568429
52,24,0.762003004327216,-0.340735152347099
53,40,1.04017977707194,-0.996181093189021
54,1,0.659528772850987,-0.211546304184203
55,20,5.68138443702176,-1.15896993518464
56,48,1.05460635235353,0.118281231102865
57,46,2.3112254007871,-1.32778420420666
58,29,1.75733720509982,-1.17744636419754
59,42,1.80058999414517,-0.483584962551457
60,32,3.25322840789798,0.863864417456261
61,3,1.15230249437718,1.0570285070192
62,25,2.95338262140912,0.349611226045514
63,2,0.613626278879547,-0.282526670973141
64,25,2.13931138731885,-3.01769574430357
65,23,1.24137905284727,0.36368245975732
66,36,2.15628430662067,1.40867995865275
67,3,0.687012981434406,1.8486811406742
68,25,0.978753729140444,-2.26804923862794
69,4,2.19344026542565,-0.857921103032779
70,43,0.629511965700077,0.217635638528337
71,7,2.49246527639183,-2.19195692013939
72,27,1.7444284785891,-0.923496284567679
73,24,2.13242221347421,-0.25256042491187
74,37,0.816793980146759,2.90054905065367
75,27,1.78974897653364,0.344936529226419
76,34,2.17815018195938,-1.11292755712988
77,38,2.63835960224166,-0.33543236889311
78,4,1.5364849816347,0.706619077010332
79,46,2.03440379772319,-0.40668875775956
80,34,0.696747905158247,-0.270385232140407
81,26,1.24357096471054,-1.29786006888749
82,11,1.01057241136544,0.0811754125246995
83,43,1.47073851263545,0.184486113657285
84,40,0.812279258026991,0.193685359476069
85,26,0.991183003897626,1.95505860098935
86,26,1.91100631619981,0.144888525155813
87,18,0.329490020088658,0.731603379060016
88,29,1.14082630826106,-0.891667294977691
89,14,0.89448470780657,-0.66647806637636
90,40,1.21661371308656,1.03756430927247
91,1,4.31892190800703,-0.841465864410581
92,31,1.11055739683256,1.2229830604523
93,12,1.13278967282987,1.7658166091687
94,45,1.98891127111738,-1.52203638305717
95,42,2.13972544365698,-1.30808687843183
96,35,0.919086294399891,-0.249694081502161
97,4,3.02495283950893,-1.71226647160573
98,43,3.74360928397242,-1.55432941250733
99,37,0.896780303112212,0.992972805321673
100,22,1.04540346436108,0.205225016605748
101,22,1.76685545064085,0.0589563250919884
102,30,1.18970698097172,1.79090987291716
103,47,0.166422728885779,0.144402864048101
104,14,1.52919653711799,-1.87897413334384
105,26,2.13353069088642,0.387777958806957
106,46,0.829455809656885,0.00281648052886981
107,5,3.58114546168845,-0.875998129911537
108,49,1.70266040412155,-0.66505226187442
109,25,4.22662228571411,0.201565464447332
110,19,2.18013826007915,-0.0558797016051882
111,24,1.42882674636927,-1.31849370086253
112,34,1.00112725032428,-0.843130628405762
113,11,2.46348962252384,-1.2065120306862
114,41,3.30050242411518,0.399993406646789
115,39,1.21188527454577,0.0735876596343569
116,4,1.14332409212873,-0.267366146353203
117,28,0.696997149429824,-2.11014490617199
118,33,3.41189342397619,-1.10068207315742
119,19,1.27918418314615,-0.036030378219208
120,27,1.2779445091617,1.35644537951118
121,36,3.39569538887997,-0.246904031756585
122,11,1.14693875566925,-1.07256759457434
123,25,2.78895625399605,-0.933227038447885
124,4,1.59419098327738,-0.300013663913446
125,18,1.47070766409983,-1.60118204938371
126,8,2.35098564519714,-1.01744476892861
127,12,1.04514753693984,0.299942412432994
128,30,1.1749221145623,0.518427729214279
129,28,2.31361437515484,0.503844336108669
130,38,1.78220534653256,0.115735096957084
131,44,2.01906346418883,-1.08607481720287
132,15,3.61040032738928,0.929440078160821
133,50,1.97820217969466,-0.301076394175851
134,39,0.782567836008895,1.29849062714225
135,7,3.82735016739752,0.553576780734417
136,40,1.98807970060206,0.218713279870569
137,50,1.02154653522783,0.824197653948662
138,1,1.17593815012642,0.862743552829023
139,5,2.4423770730023,-2.3817661114892
140,21,3.45092323889703,-0.642370482469889
141,5,0.674161478661839,-1.04047908366074
142,2,1.40292847631606,0.691690084510988
143,39,0.722310174490648,-0.826745157330093
144,35,0.998591143405611,-0.788094698872269
145,38,1.03210873484249,-0.574671424887545
146,30,0.60397609461208,2.09003249192369
147,46,0.498747849564268,-2.02068090575743
148,27,8.75965372459578,-1.24627321686301
149,19,3.65834114042272,-0.0745488749168568
150,35,3.3172849194496,-0.936421957845875
151,4,2.83519158106976,0.350466229706246
152,9,2.60066365715685,-0.164511348283945
153,15,2.21002600291748,-0.178191167236395
154,48,2.39052398720615,-1.35738527225233
155,7,1.38278414366171,0.143191816316802
156,15,2.07890535473951,-0.699298135240599
157,2,1.30420324743211,0.493909983202937
158,26,3.46461019667697,-0.84073213955195
159,41,0.747349699107397,0.101045340828574
160,25,2.14319077380685,-1.29088291997104
161,31,0.619978509926246,0.361410449695094
162,16,4.69670132642185,-1.6229115794541
163,31,3.19979582337108,-0.741494498540214
164,21,0.710954596820704,-0.741751382288583
165,17,1.266791835363,-0.608058950016801
166,27,1.2381088699791,-2.45411450673011
167,20,1.41791686460146,0.472982395736889
168,2,0.977620792950511,1.62104305370794
169,50,1.96767297779295,-1.39193665730843
170,43,0.788236167739985,-0.83882807275591
171,15,0.740663841795054,0.0154509937361843
172,23,0.664146686091692,-0.245708776149812
173,10,1.80674127850552,-0.335573940518847
174,25,1.5515910741075,-0.854852483073999
175,14,1.29109502968526,-0.817988705401329
176,35,2.07918152076929,-0.220549903330993
177,50,1.76244503975679,0.898764673511589
178,24,0.928326468734188,-0.00603083971413862
179,19,0.222842292358708,1.53883844336375
180,13,2.05312339189028,-0.838083871500561
181,6,3.11711966775348,-0.630646147178209
182,34,0.817151639842561,0.213202299279852
183,48,0.699442856120829,-0.887061217262674
184,7,0.610565942222505,1.08246681146973
185,26,1.68686831768069,0.12110704410084
186,4,0.909757098391126,1.39166731620549
187,15,2.7734826874346,-1.81635740018826
188,47,0.358742311345142,-0.072885765197103
189,37,0.788929259403926,2.10114499835415
190,6,1.37545011578356,-0.662417981695973
191,12,2.14958539334595,-1.69544435700305
192,42,1.18411612199085,-0.0139822831065695
193,20,3.1189137793107,-0.677734947922562
194,16,1.40804756727512,0.372664600038787
195,33,1.3292571160055,-0.698895653696745
196,49,0.263224292976273,2.37683613786109
197,27,1.47289285003999,-0.539769657095242
198,22,1.58746066468821,-0.149448157626658
199,21,2.91071446691253,-0.124178232073477
200,25,1.20872003168811,-0.241519543386691
201,42,1.91989403043466,0.977625547355808
202,1,2.69027025063961,-1.10548139269983
203,37,1.50522058804672,-2.29291283289315
204,5,1.46565147856614,0.465740569975132
205,20,1.83230418607941,0.399785413911584
206,25,0.752533739753399,0.438285424569703
207,31,2.43705174529365,-0.466277592629398
208,17,1.80435331591708,-1.94565980265714
209,27,1.52045463683333,-2.91787693944061
210,42,0.79603116341086,-0.757083168885281
211,44,0.936128465920965,0.812891103431988
212,11,0.762754952890468,-0.0534976382835148
213,49,1.11873311258998,-0.146742925652272
214,14,2.24162692449386,-0.662034909151344
215,27,0.982406033959819,-0.0776240102447933
216,20,1.32270051253607,-0.361781696532385
217,17,2.15014816786354,-1.04363181572209
218,32,1.9515945148052,1.54120324586277
219,36,1.87541912602132,0.702408450481637
220,50,0.902212678895353,0.240680009364081
221,26,2.2394676372176,-0.263924200361679
222,45,0.762906540536667,0.334765692570646
223,26,0.90067331326054,-0.860236433869834
224,2,0.594241826091386,0.537743959421434
225,12,2.18887503949272,-0.274066971304376
226,50,4.46990926417636,0.766829176481596
227,10,2.07989230499448,0.177945306083217
228,10,1.27511691904339,-0.673679490322115
229,9,1.89444839078239,0.251132297134123
230,10,1.70412406400877,-0.701773493858324
231,8,0.779220694431663,0.0898890272518691
232,37,0.234288038229963,1.71660173681645
233,7,1.59027959996729,0.106325030659855
234,24,1.28240467125007,0.871734461979064
235,14,3.87241606460393,-3.15111641018943
236,50,2.40044464662964,-0.89459714479335
237,28,2.26664854560827,-0.365077355892691
238,11,1.70626232397976,-3.23310750107751
239,30,0.812978252609427,-1.18346359795181
240,38,1.8093419096703,-0.049965722178118
241,25,5.09756008803697,-1.07260573103676
242,10,3.65432569846957,-0.59373658789296
243,47,0.898846174073552,-0.318835872624851
244,13,2.47518734757881,-0.375742827356729
245,44,1.85341210658031,-1.19054854484371
246,39,3.96739777524248,-1.13535505183918
247,50,0.928276754744848,-1.56310317321385
248,34,2.18635738405344,-2.25451316755856
249,21,1.82227520544191,0.779558839118834
250,19,1.42099160984415,-1.60563225104747
251,30,0.942860768050663,-0.154638184000673
252,27,0.705671545016799,-1.164419804859
253,29,1.15983986499481,-0.506405876982181
254,25,4.70035083635675,-2.02840459883092
255,26,1.41179531409237,1.39522924574689
256,40,2.99132990867774,-0.386299384653181
257,37,0.805910186127492,0.471047861321276
258,41,1.52382140170394,0.370900858248774
259,8,0.361166773662418,0.568188318008372
260,25,1.23858213919054,1.12500694583556
261,47,0.749884015604098,0.218479133550034
262,9,1.18560633879594,-0.790488053635067
263,12,1.66559477363541,-1.09906875565042
264,15,3.09243967108057,-0.518898304727615
265,2,0.524445953356884,0.799300130436674
266,38,0.880440073588987,-0.633536854484814
267,25,1.19311398725332,-0.383733843564735
268,34,1.83554476170579,-0.105939950166151
269,32,1.21315048143713,0.8152226592855
270,27,0.661420224150914,-0.108032397352188
271,15,1.56048681344309,-1.91816347890221
272,16,2.45624947315564,-0.3852519482384
273,5,0.960066788244354,-0.952236289371893
274,7,6.75138467423524,-1.7658041604231
275,5,1.80594826235664,-0.367786418776156
276,48,3.94620703701752,-1.39977642666816
277,27,1.60143202860362,-0.0369273521292797
278,12,1.23640939746554,-0.304110236873588
279,11,0.344227009080514,-0.0837041850641198
280,23,2.66374911391315,-0.695096684196933
281,6,1.00515024184176,-0.460237279425344
282,37,0.697596841228178,-0.824532104951782
283,23,4.54699226203066,-0.560060689793687
284,10,1.39297512622198,-1.41797062525285
285,31,2.00495446387578,-0.581707393989937
286,46,8.73788919936969,-2.81239259372438
287,14,2.81983598461197,-0.654494308152663
288,16,1.20195000329077,-1.19118669202627
289,34,0.960047835019399,1.60689643388802
290,27,0.793279213713995,0.375887083420331
291,14,2.29174410846427,0.00531855770317313
292,19,0.658909704963654,0.620602808446311
293,29,0.919745950404007,-0.363469795064308
294,2,0.92136522297836,0.684310824341143
295,34,0.935927937733514,0.278118338662009
296,47,1.18342539409213,1.16911155692464
297,24,6.15752460831477,0.5468689151884
298,40,1.24579380148638,-0.685211855565558
299,7,3.64042425292185,-0.791734187597831
300,1,1.56142400665068,1.26547868150793
301,43,1.56001920662825,0.382524443296749
302,4,1.49229003796594,-0.281993613433802
303,14,1.86619566393201,-1.09365675238369
304,22,1.56001166116492,0.192669903882508
305,43,0.926452981888062,0.884579597856345
306,19,4.79073608789255,-0.419874222779871
307,12,0.48722030967285,-0.864910485599356
308,4,0.918701981885078,1.34583374364332
309,49,2.30616116293274,-1.05138641664522
310,49,1.06619178380038,-0.137791573223147
311,25,1.00049993275454,-1.28018482084758
312,34,1.29890634389343,0.966351275161227
313,26,1.43833404275624,0.406140567314636
314,15,4.13569830409732,0.707612681238628
315,43,1.19709134768434,0.151280215720093
316,25,0.815831243214175,-0.488935527228612
317,50,2.01555704994755,0.180305482824863
318,17,0.914467784788795,-0.657426123463849
319,35,0.860805323817645,1.28306407484842
320,16,1.30233897002748,-0.571788201711883
321,18,0.477533623368764,-1.19510212756968
322,44,2.48160618064771,-2.40027274036959
323,9,3.21537276935741,0.635008027887301
324,50,1.5248093605695,0.575483117438109
325,22,1.25641164660566,0.333418641734003
326,43,0.640112195656742,0.205493665237778
327,9,0.518315552456895,0.74742602883965
328,44,0.571228329192216,-1.51691697019819
329,47,1.56254094256721,-0.290364374955039
330,21,0.721311823700526,0.0934932777416853
331,13,1.80490850083299,0.843898155303785
332,3,3.538050875099,-0.748140622243994
333,18,3.25968071750173,-0.914963871133112
334,46,1.58510254638221,-0.499006227129566
335,25,1.89039032248615,2.1057209349903
336,39,4.95999719767024,0.602875431882327
337,21,1.8537740081042,0.0418803388190372
338,42,1.2720795044377,-1.38667158662817
339,43,1.46846773081936,-1.61356130862794
340,38,2.30867143186947,-1.05787647361389
341,33,0.875852813060696,-1.4674916912699
342,2,0.987500610565477,0.671243135696882
343,6,0.55871113479708,-0.0471927135173286
344,3,1.82396162924795,0.806967900384755
345,19,1.17511329285668,-0.322382147218315
346,21,0.718677235358201,1.60873158234102
347,18,0.342449469709267,0.538814425798316
348,20,1.67857640444873,0.440431999539559
349,12,0.91731588767602,1.20753074728095
350,10,1.83281283212207,-0.551996631434659
351,45,3.21243058779723,-0.178935881204051
352,22,0.726730666487027,-1.39120362866213
353,46,4.03169266554375,-0.60487381647453
354,27,2.73164845221125,1.14327017691758
355,50,1.21659896176125,1.20861244468479
356,16,1.62507459293539,-0.924036145925734
357,32,0.190714974622554,2.33956281794923
358,44,1.92729363661648,-0.730878425325325
359,46,1.33201727500055,0.258140354348905
360,35,0.801546583790101,0.710420802126725
361,33,1.28598417248115,-1.43474617837267
362,12,1.61765401252154,-1.11467358971754
363,9,1.65209091397934,-0.234656887783724
364,18,1.80944670415845,-0.651142516038794
365,31,2.12831604174382,0.0208187229809583
366,8,2.49192258492266,-1.26471319979773
367,29,1.17115641953312,-0.115220624302719
368,33,0.357194303455971,-0.830829356963475
369,11,0.786224516343793,1.31090323252452
370,9,1.51312134613251,-0.0170978392896999
371,41,0.776282526814919,1.51646232007955
372,43,2.47025946296266,-1.51576135077328
373,34,2.99387780802708,-0.225103714556877
374,20,0.703829022794278,1.0187471597612
375,15,1.15132525587698,-0.854086763981437
376,3,1.80453077382062,1.08755926059875
377,36,3.15839045019959,0.493375855249054
378,37,1.47573571107626,0.179861016397092
379,48,2.92785294223933,-1.82753490537492
380,41,3.65191549440481,-1.86696011374748
381,7,1.3569196591356,0.224596888876485
382,29,3.52029675074177,0.168544474774625
383,22,0.422094970080409,-0.633758407221176
384,24,0.918711295836881,-0.955829080203566
385,35,1.09971461645261,1.55089047510726
386,11,1.48822051174413,0.408211091700589
387,6,1.92776718973594,-1.67465706541005
388,40,1.49687080187629,-0.00769384771548079
389,18,1.44301604061513,0.49934910981478
390,50,1.90246988469514,-0.311220477001693
391,36,1.89978877828096,0.504535203706958
392,29,1.71236685317424,-0.58393367291453
393,24,1.37223593824049,0.391852949683587
394,35,1.72436069419883,0.586880748904029
395,23,1.59724905235506,-0.828472988499573
396,16,2.30854487699808,0.165121203037197
397,18,1.34303060150204,0.265231759535586
398,49,1.17769911953449,-0.294842109977471
399,43,2.32205608881619,0.757986905621522
400,13,0.899039176964635,-0.00693266504115936
401,31,0.730961249133766,-0.10298520736077
402,10,1.31970777740266,-2.34009100560232
403,37,0.815549992623059,0.909197522409991
404,31,0.819617925332565,-1.50824818152773
405,49,1.16474710502384,-0.813769185297056
406,37,1.26252946778864,0.265992163536724
407,18,3.01938567970723,-0.0041316659206404
408,14,1.26843161846412,-0.631886257852751
409,38,1.26843008133627,-1.48175688275455
410,4,1.69490660073154,-2.03867721092941
411,12,1.07795060671837,-1.46433676787202
412,37,0.598495432421445,0.694738116681178
413,10,0.472509550926099,0.196955781743935
414,13,1.25448595703743,0.9684266651192
415,18,1.93708823757124,1.61057094254351
416,15,1.90615400341057,-1.85159495715072
417,13,1.55923822415057,0.576389283393309
418,21,0.996033310091089,0.43383186705527
419,40,2.77406127975355,-0.441589689920313
420,31,0.674390706172629,-0.16175755833304
421,43,1.12045422292152,1.05730046206721
422,9,0.508548456809127,0.947403441832813
423,49,1.18420398891198,0.0408923390933899
424,15,1.93930546508178,0.102547567290263
425,41,0.577244969947906,-0.535574780517772
426,48,0.625717840011649,0.899965444825437
427,9,2.77988671671774,0.159579114656461
428,35,3.77967175848039,-1.78671234597437
429,32,1.28646420371957,0.218085443402392
430,4,1.89557865938462,-0.720145169486532
431,5,1.2826660857954,0.227322485111464
432,29,3.85252011563693,-0.953518365382585
433,12,0.638136680428106,-0.322171522975216
434,34,1.52656903968015,-0.284949180988887
435,47,0.997652599939252,-1.05650698453174
436,34,1.41602094151624,-1.61665726804514
437,23,1.10889912738273,-1.30864998584528
438,29,3.62106658349035,-1.73520655731066
439,21,0.963446207619491,2.81408397293026
440,28,1.50468813427237,-0.456241737843211
441,43,3.21486869717537,-1.48695703530777
442,42,1.67673552668098,-0.493866573744664
443,34,0.723626336486497,-2.29110566535285
444,16,1.02985342938901,1.24012785980208
445,22,1.10202157396822,-1.18384674699117
446,14,1.12774231811585,-2.86334001943049
447,1,2.33252486919584,-0.273367166787464
448,8,1.44615942310152,0.305902269221601
449,27,2.47902429704495,-0.639048888629792
450,10,0.647604836245936,0.673898796991326
451,50,2.90250409775472,1.59153366212922
452,11,1.38541952698303,-1.98249438340894
453,50,1.925230407447,-1.45392129588825
454,5,1.24176912722775,0.078014269454498
455,9,0.620636223542483,1.4610809278849
456,31,1.26519764508298,-0.43524999418999
457,24,2.69817807348689,0.0658230267476188
458,35,2.21488945844469,0.0420818009788508
459,19,0.871033909209742,1.87299024871069
460,4,1.39292768534366,1.20691444898913
461,9,1.90359537439333,-1.13746510376415
462,13,3.2070060001562,0.428546223732809
463,44,0.34390639583036,0.528046934374239
464,11,1.78091488878645,-0.585356871238112
465,26,1.75069983625207,1.89770172664939
466,17,1.60074858964522,0.323727731276819
467,36,0.514278592908749,1.85304086047869
468,18,1.95349686540069,-2.09855604125042
469,25,1.13555719358028,-1.69679328897584
470,33,2.24635498621163,0.618400537413118
471,24,1.23189140458105,-0.108455911915898
472,46,1.28364559439776,0.703011248369156
473,4,0.889605138408951,-1.11414827654349
474,15,2.16660238842896,-1.9144969370471
475,31,0.759612675747445,1.32521838096285
476,2,2.04625210790469,-1.51288528612173
477,46,1.10311591211092,0.321510937872895
478,20,1.60979186769147,-0.469177744806318
479,8,4.19418909088502,-1.15532244386993
480,40,1.00735258413873,1.54931305588276
481,21,1.25754331702032,1.47453251081797
482,28,0.570712732190591,-0.75048282250889
483,36,1.25785810961936,0.171750531952474
484,21,1.91533806427974,1.2450792060566
485,46,0.665139677220292,-0.280389268260218
486,27,1.07987168260719,-0.912622342074381
487,4,1.22366531898229,-1.81586711965596
488,16,4.27964067916177,-2.50031324393591
489,29,1.23627278070746,-0.222679421438827
490,31,2.2181845661042,-1.22392952529073
491,10,0.634343883714582,-1.56899117862672
492,34,1.8751289168438,0.342006190917429
493,7,1.11910152952465,0.110772654444417
494,16,1.53401264056964,1.51137625965272
495,37,1.89662333288145,-0.647271080803992
496,11,4.71359876177911,-1.16121102938098
497,3,0.91803249398581,0.213070141916539
498,8,2.1159915997062,1.50007820603085
499,42,1.0824477122654,0.0717415743151556
500,14,0.820330933342513,-2.55643729343435
501,3,1.59846503231357,1.419745079451
502,5,2.05559258704433,-0.655023249804372
503,30,2.97761965377185,-0.418720854985482
504,45,3.71393810836707,0.798119161965918
505,11,1.07305615314181,-1.42264487597071
506,43,0.434636862855928,-0.867024756556039
507,4,2.06614271641602,0.350275045115739
508,43,2.54404976471274,-0.0319217543963697
509,38,1.59695306107812,-0.910119849923831
510,49,0.954410305834317,-1.35474196769534
511,44,1.37423660922526,-2.53743814454811
512,3,1.56957151523352,-0.867471699612274
513,30,0.822200236344787,1.17167711415016
514,15,0.889498598001235,0.657467966759733
515,25,0.808738740878428,-0.419697255203706
516,16,1.90681484895967,-0.311744866839214
517,29,1.74236444465088,-2.63452870844523
518,47,1.38865670665069,0.80733952953805
519,6,0.391449291901684,-0.344019986643966
520,31,2.36948778046534,0.479474294540977
521,28,0.544086770833539,-0.282415694531789
522,4,0.333799251943121,-0.974645698416809
523,5,1.16048665270733,-0.493614689781505
524,3,1.99374944147498,-1.00028168760625
525,17,1.23849463762226,-0.824307033983611
526,41,1.83261070985764,-1.01662820057654
527,4,0.427333396610338,0.627107296778928
528,7,1.62640458414719,-1.19963721827786
529,42,3.12761942371079,0.823593236432167
530,1,2.47196540157296,-0.616085431462578
531,22,0.63091134458121,1.42494338234594
532,26,1.10604683267472,1.04919325015102
533,29,1.3588941904676,-0.335277789394528
534,48,2.01553105610258,-1.26392990462968
535,24,2.64226227074229,-0.450964528313835
536,36,0.507362606285894,0.612500873615399
537,28,2.01281220680693,0.20192550188658
538,23,1.04720383012359,-0.476875517174663
539,25,1.8500654165668,-0.0374134189018211
540,50,1.31993913958203,-1.47548435214068
541,38,2.23346282617219,0.859360278737936
542,42,1.32585484935197,-1.02889554079697
543,6,2.38087690254172,-1.44446231226667
544,18,2.37254712689739,-2.104568248733
545,10,1.44606060686302,-0.743657996386591
546,1,0.494328944326416,1.5324844310853
547,22,0.635772431399825,-0.154177206556245
548,29,0.844355828556384,-2.03227225287795
549,36,0.98475568149536,0.0709235053863406
550,12,3.15959243785845,-0.534982512446893
551,14,1.41809771847339,0.165071767479547
552,5,0.390992031351349,0.483676320283022
553,5,1.13587213147664,-0.596413770619677
554,27,1.87689034422565,-0.594511385332647
555,36,1.86728230019774,0.0109000390426283
556,9,1.25587833816775,-0.124042880704947
557,15,0.593433709647054,0.00306752770146546
558,26,2.94143650875508,0.916795888487866
559,39,1.68477620926772,1.34794551988048
560,42,0.970286848610942,-0.935272384589277
561,47,0.999463388082743,-0.738328929348537
562,16,1.29032726661505,-1.50058940076255
563,28,1.62304505708743,-1.16013625440438
564,7,1.10986115108533,-1.62163724105823
565,8,1.56816156680064,-0.147126428636458
566,39,0.976264410705599,1.02309460486137
567,30,0.53988367867381,0.657724894298324
568,28,1.1113279256402,-0.888628967709123
569,12,1.30291213496185,-0.500701607287082
570,43,0.950305470642301,-0.657160941824072
571,8,1.02173974092862,0.392311794527403
572,34,1.19257921065424,-0.523594158917022
573,39,1.41880025723018,-0.224588954761447
574,19,2.30182088847525,-0.780443451948423
575,32,1.92248300215454,-0.426478966202637
576,29,2.47449839030654,-2.11320619653
577,14,1.53221473194637,-2.21652660854325
578,32,2.16710914155502,-0.340281012184816
579,24,1.92483346504511,0.591357167188442
580,43,2.95328519932137,-2.39230500508644
581,48,0.633570699711641,-0.70820005576287
582,15,1.70577789930083,-0.912547604565972
583,37,1.00809009757899,0.0409228749222825
584,17,2.17955600700627,-0.609006149346169
585,12,1.55473036563107,-0.752855314282906
586,37,3.34078303209814,-0.771396208692557
587,48,1.53074205415597,-0.951447975037777
588,11,1.66001491068193,-0.519314010715108
589,44,3.78193609453158,-1.09670724026774
590,14,1.94850782433935,-0.66154119455329
591,22,1.4849241463243,0.0013102929380456
592,9,0.41209562604962,-0.763290435647442
593,2,0.746626041948797,-0.264095017567259
594,19,1.11852111419452,-0.710138502664109
595,48,1.41266402056914,-0.00676132899597748
596,21,0.456022079558123,1.24166240292589
597,49,2.0417851508946,1.05081451512608
598,6,6.4151809213729,-2.4375474614301
599,26,3.82569039000578,-2.27767960654978
600,30,0.53750777843513,-0.721341983969041
601,9,0.848342248379872,1.60671052402268
602,35,1.58390382611085,0.548218087065071
603,8,2.50279627810248,-1.69665665203826
604,36,2.15258169375333,-0.275152611316918
605,46,0.640534582266888,-0.58020841276432
606,34,1.65769896519247,0.0730393072351299
607,27,0.883367167492642,-0.952651144837229
608,11,1.62660060006409,-0.977106848753394
609,11,1.99220389829038,0.847208763870648
610,41,0.593281993404529,0.531477085788358
611,19,2.40481128586908,0.764682600199672
612,9,0.617995791034143,1.42348121316061
613,6,3.13734981550954,0.338939888428482
614,39,2.98366983615482,-0.713549355991483
615,24,0.726840369498634,-0.455523725917687
616,6,1.63663745017998,-1.29363800288833
617,20,0.305823154770097,0.77906361571205
618,10,0.612107514638517,0.703640208461323
619,44,1.3037451082512,-0.672528760898806
620,2,0.745849978449044,1.38975740730144
621,10,0.692792864221334,-0.0827859394196462
622,29,1.20288900929343,-0.272589108792028
623,48,0.701190261900359,-0.64769575359175
624,29,1.09241520487386,0.473408635065929
625,34,0.394746244394322,1.61506684386791
626,29,2.86261831822643,-2.93059387914034
627,17,1.97450278880354,0.202220216978957
628,25,1.66041663119013,-0.810468997873657
629,49,0.547298111323263,-1.3644290588177
630,37,1.5058949885547,1.00093718179781
631,48,1.0875918237985,0.0469575580507049
632,2,0.338849189093399,0.39034129844563
633,14,0.528196896801871,0.679995541768905
634,45,0.951348143581275,-0.249933606224094
635,17,1.73514464481151,-2.08018064982823
636,50,1.79314194224862,-1.59583363449314
637,14,1.57976992697754,-1.53418259457776
638,36,1.03342447790043,0.445837459371665
639,28,1.89629522664509,-1.3514720298324
640,21,0.725739201980498,1.29343354717929
641,21,1.12397023020377,2.09669073348947
642,24,0.329320918560085,-0.215460470674985
643,41,2.56374632458823,0.193474451515606
644,4,1.79883973831912,-0.482877642902984
645,4,0.859849889459965,0.879731365025107
646,9,2.01652637896703,-1.89989620211436
647,46,3.41156625536707,-0.529092163540012
648,47,1.63997250723396,1.15121902640082
649,47,2.22189688888898,-0.599411841208122
650,23,4.62032704355045,-0.388986053316319
651,28,1.20696960257971,-0.759936217193807
652,25,2.11643664827737,-1.64521408877312
653,49,0.915186550353541,-0.478732574491762
654,41,1.07559347551996,-0.447727949803648
655,7,1.40974908433491,-0.374937965563053
656,43,0.594196729173722,-1.22378221958964
657,4,1.1509498715223,0.34999292266671
658,5,0.480426610453666,1.80894290723965
659,45,0.909636311936025,-0.109794029649486
660,38,0.823388655456591,-1.60201627187159
661,25,2.74182865916237,-0.369266874483648
662,25,0.696694405711495,-1.07923961128854
663,24,1.4255108160995,-0.242545096924224
664,38,0.894305263334701,0.198008388163006
665,31,0.774919139216395,-0.359098143208452
666,25,2.10630714871781,-0.121695224539191
667,18,0.860595220131835,-0.479755463221603
668,36,1.36608063400629,0.412675257868812
669,18,3.20462936336525,-2.53344524191805
670,27,0.42892253568443,-0.262233322453638
671,8,0.747138613241976,-0.932469005072799
672,39,1.64359141094751,-1.28210052968827
673,17,1.23916200067907,-1.34565891083231
674,5,1.60236267610749,-0.915954915611162
675,35,1.42791994667981,0.915646412014068
676,4,0.565165138699525,0.340625166115242
677,19,1.18515955076123,0.928233520039047
678,36,1.71977436471002,0.148993721638641
679,13,1.42436940795803,-0.178887625062228
680,43,1.67245266301371,-0.605733382808563
681,8,1.50268681169494,-0.790363802395147
682,25,2.14904534611534,-1.81556930532266
683,24,1.57539334056443,-0.748867738549298
684,17,1.82183867490336,-1.50473905542702
685,19,1.55749786611081,-0.385019492695501
686,17,1.03205432641726,-0.576412225002535
687,13,1.36246281214843,-0.821789310680138
688,8,0.844495888148347,-1.29129125630144
689,34,2.08094979120353,0.920640860242317
690,20,0.934689712581529,1.08258722158978
691,8,0.964359978414625,0.392471404057661
692,31,4.08395930284586,-2.03743661749493
693,4,2.29352586185204,-0.959800683634663
694,47,3.18661964821979,-1.87267718758475
695,16,0.731038080442185,1.11629975387328
696,6,1.46209586679863,0.708817637871459
697,39,1.92490112863384,-0.206699670482703
698,39,0.401196880464072,-1.92703089813183
699,34,1.99867034133296,-0.338426286921423
700,20,2.7958323274516,-0.547626131500951
701,26,0.7583226493558,0.529470491011582
702,35,2.23475428627538,1.63721117434104
703,50,0.737099740424626,0.751238709051083
704,21,0.832523733949277,1.42940976647437
705,3,1.12163018841565,-0.334799683839833
706,42,2.77689740221977,-1.07710827368079
707,44,0.587530991647428,-0.702245635262792
708,18,1.73134960418229,-0.0085387756679707
709,6,1.24880280974652,-0.188413444402955
710,18,1.04781821540027,-0.0924200578029134
711,50,3.1144705683704,0.299812626177852
712,26,1.04994948341033,1.75164766418308
713,16,0.949338369177355,-0.163799758262314
714,20,0.687468258947271,1.34202235914535
715,3,0.718741028642118,0.482497460302089
716,20,1.36947389642699,0.572249209020032
717,29,2.03150011564778,1.03545618073486
718,18,0.929220996608435,-0.589858834161821
719,23,1.80988087384484,-0.593205652804454
720,21,3.00435906868953,1.9584280616124
721,1,1.13743097419917,0.727037321254023
722,9,0.940858807715807,1.72190907897671
723,29,3.26350298557725,-1.63134761293985
724,9,0.59494976949756,-0.743189355098882
725,7,0.609518990318645,0.0420109987971601
726,12,2.68210671983645,-1.11271338486744
727,36,2.30802351903024,1.09237355544068
728,4,1.03870314014523,1.87851897360789
729,16,0.801938724957047,0.330810609912443
730,18,0.925980261806315,-1.68018825783207
731,48,2.00248888273227,-2.13905707688772
732,30,5.90874680132535,-0.335524386380284
733,24,3.06665531931398,-1.11136504000837
734,49,2.33863950312671,-2.30688310161799
735,26,0.864413232867447,0.337549825661248
736,12,0.500258792901681,-1.18021211737063
737,11,0.44418658595197,-0.244878480630387
738,25,0.576928041134416,-0.626252501329002
739,48,1.35268078967772,1.64132625076175
740,34,2.17773994667119,-0.436724356878168
741,34,0.942908187369059,-1.11481144846594
742,7,1.5702531550481,0.139197362635021
743,14,0.956608288999004,0.743943441435748
744,27,1.8796641496916,-1.86551757771619
745,15,1.87910859745946,0.753668576647242
746,19,2.57827604425548,-0.711863755358293
747,1,1.64031994595901,-0.313851880980502
748,45,1.68791316888208,-0.46920050297173
749,1,0.480672088243725,-0.527856391730335
750,50,2.10527922720808,1.79896841773809
751,12,1.81585054787611,-0.102168126450066
752,27,1.0105776074938,-1.07041422389675
753,45,1.4804832729561,0.23785616903792
754,32,2.5252359895768,-2.59117923837829
755,7,1.37724465827683,-0.905655060489593
756,39,1.91726113032454,0.961301653811681
757,47,3.12853998075603,-0.036538352640844
758,43,2.18085395581429,1.62718296917431
759,31,3.52405365257611,0.82520367344924
760,8,1.28513324967073,0.311418208274477
761,14,0.569968438184365,-2.894043594603
762,30,2.67681138775485,1.8040478797986
763,17,1.36787987057702,-0.126030532681097
764,15,1.14275437325795,-0.59083061351983
765,19,1.11127783960862,0.907725851233155
766,7,2.5838653438897,0.68389385464929
767,49,1.1840854550496,-0.0142547782240201
768,37,1.29667289336359,-2.63070097168583
769,6,0.958311327055507,-1.37533896932609
770,23,1.5843393390717,-1.42805616152863
771,8,2.27406530969816,0.028810973731984
772,27,1.53537374427332,0.659421787217852
773,24,1.78372435284181,-1.23380658744673
774,28,0.802554616704843,0.0722579107641709
775,13,3.67809429515008,-0.697181411295785
776,46,0.858322846825543,0.0360369822785742
777,11,2.33077127313826,-0.143115586158338
778,6,0.48673800955167,-0.814993065431302
779,32,0.828930083069627,-0.567288055518621
780,13,3.7664166794992,-0.992998499901999
781,6,1.35367792914783,-1.54808626796445
782,19,2.34681458984312,0.510764100276227
783,23,0.794894745160234,0.0988368332255749
784,16,1.53607330129974,-0.427774022763275
785,24,0.450244943572002,1.81070737999867
786,28,1.04412193295722,0.859529826759758
787,26,3.45002606341707,-0.60412034927133
788,19,1.00437032602672,-0.66392883969866
789,1,3.16150903409297,0.485838336919157
790,2,4.04087920469458,-1.08723377065347
791,12,2.54627667157816,0.937554158684892
792,12,0.450194896682259,-2.07556948453849
793,3,2.48116871564328,-0.177605806062115
794,1,0.886710583142352,0.448381968036137
795,23,1.33608134626309,-0.466448649879144
796,2,1.93560844574236,-0.381268666285658
797,34,2.01353670664095,0.111255390486431
798,15,1.23703424233892,-0.744262663034487
799,11,1.29668619961172,-1.62829962022171
800,10,0.716754625491558,-1.35929825257305
801,29,2.34700110304877,-0.401273298900446
802,49,0.806919234444949,0.915167214632359
803,23,1.29835625825287,-1.04882656107682
804,42,0.448816765133748,-0.185249409143978
805,9,1.68894901793205,1.20045990899305
806,40,3.47884035988956,2.17261051436206
807,3,1.02845515946543,-0.890283647177295
808,29,0.8300177733008,1.12371494798196
809,3,2.2172942137244,0.759600796028003
810,37,0.983613106277975,1.91118560444974
811,22,1.22344486533033,0.0902176385931263
812,40,1.28500905199305,-0.507740854255132
813,6,2.30557592159089,1.20703427314226
814,35,0.815389462157875,-0.126656872554656
815,29,1.22945453298367,1.70008181918908
816,49,1.816746883187,-0.835418580263565
817,40,0.995030453501654,0.890821885019147
818,19,1.4693356643054,-0.307017200379957
819,47,1.43924407294337,-1.86290354327877
820,12,0.768832151321829,1.00419676214325
821,20,3.83567795043202,-0.46668575650236
822,21,0.956070555818015,2.34181003638892
823,50,1.49289305530546,-1.03723493124891
824,33,1.02894956781028,-0.86530074779982
825,2,1.17091333852645,-2.40463554609533
826,30,0.50506972122502,0.816598830824043
827,12,0.301497357446421,-0.141175621447463
828,24,1.19578963581661,0.765895043441913
829,40,1.82051985789879,-0.418950367876735
830,28,1.54255549509592,-0.365646167051031
831,31,1.10692947408758,0.341262354070848
832,35,2.077478985399,-0.856176319379068
833,31,1.42003838586861,1.68720969112298
834,29,0.739873725126774,-0.231918643792131
835,3,1.47717976667181,-0.844642654761061
836,30,2.57293850294102,0.24447865822236
837,12,0.721987020801673,-0.957637473385684
838,45,2.06063026113984,-1.74886037907452
839,2,0.616569333985088,0.0266106371306817
840,45,2.05917370935409,-0.432033847988298
841,15,1.07797610889479,-0.040079878136978
842,24,2.25823776655809,-2.20295650953545
843,22,0.754368298368769,0.11325945748456
844,22,1.60758612628987,0.613130955231123
845,38,2.28663257048858,-0.602794345505005
846,42,0.997739761082603,-1.41762436712174
847,16,2.07718039942263,-2.41500035511555
848,4,1.71614503015022,1.30394575573505
849,16,1.67033557866602,1.58142907554612
850,1,3.48970064253256,-0.093728307969194
851,31,3.898952975579,-2.09074347581907
852,26,1.89913163714338,1.14194717732928
853,37,1.17499238696139,1.34404486312799
854,39,3.54346897322438,-0.334942950784171
855,34,3.21043344496817,-1.33139924108895
856,9,2.21029150249165,1.28609451357531
857,32,1.8018735294559,-0.55950301037603
858,38,1.45950525803846,-0.537892332196124
859,49,0.979069689939619,1.15276293147073
860,33,0.954714153563813,-1.557974187623
861,13,2.19164758048445,-0.121663862001691
862,1,0.361544690517278,-0.651348633170593
863,16,0.950108797297583,0.507408010775779
864,29,1.85455833896246,-1.86499743871095
865,47,1.36972859866691,0.107838787013271
866,50,0.707593428691194,-0.287360591255783
867,16,1.54007177094161,-2.10666447043295
868,40,1.1336233958177,-0.254490356796946
869,37,2.00974443977279,-0.275373733093181
870,18,8.41112651093617,0.211431761142614
871,13,1.20187495554501,-1.35220055719132
872,28,1.17186438839411,-1.01252078403927
873,49,1.21947214689587,-0.0990394059086782
874,41,2.34947340304658,0.134645751073815
875,42,1.5265323682368,0.740571821816576
876,4,0.876425731302485,1.56507007021343
877,7,0.692832510887966,-0.336552740765094
878,42,3.77564343270615,-1.00571331900659
879,9,1.27205327177677,2.18314096723523
880,39,1.2644387775851,0.723566556383281
881,11,1.34703260095696,-1.42623193424123
882,46,0.83564260120432,1.64798076670092
883,19,1.76248968851962,-1.76618061219015
884,46,2.34908737378837,-1.85166717182475
885,18,1.43990402284632,0.325134691081505
886,34,1.77690479512676,0.640193972718376
887,34,1.91621289563117,-1.2609226372338
888,45,4.57140767595128,-0.260305555404196
889,41,0.344482709659024,-1.03888964068706
890,3,2.44282231919985,-1.02538031089908
891,4,0.839147984246426,-2.30124866738294
892,17,0.988511909967636,0.258409064633184
893,18,1.90594253815791,-0.168843868032526
894,39,1.95319348661431,-0.0755910530948384
895,2,1.14794727316489,0.613951064272879
896,40,1.97133593058504,-2.64424615285818
897,28,2.39240045382939,-1.44035921477259
898,20,1.12287812048677,-1.4827791374272
899,48,0.908553542634571,-0.169463384861206
900,22,1.04785587622032,1.19319440998585
901,19,2.37646846436632,-0.834207643651494
902,9,0.883365102128486,-0.608748372082437
903,9,0.917873034427874,1.23151094471489
904,1,2.68279768839275,-0.609210986037334
905,13,0.914275927632687,-1.08079621425482
906,2,1.79829904665113,-0.204941720246703
907,49,0.403281695932429,1.16720943718905
908,7,0.829708833922906,0.921850937861462
909,39,1.45359588735429,-0.498821029946688
910,42,1.63737030506609,0.511069382959079
911,10,2.07143241465368,0.672506667936117
912,15,0.805865069310796,-0.689046852449147
913,1,1.51276733466242,-0.223339076730489
914,5,3.40616047014456,-1.76305795940378
915,7,1.5021994687416,-0.0479690416374487
916,34,1.45553372707771,-1.34145549424803
917,46,1.83742302535881,0.909998977916082
918,17,2.43296077108073,-1.52529980122947
919,20,1.48806766979198,-0.00607430710638961
920,36,2.98517847570417,0.453919670668779
921,48,1.29513972499332,1.29378805968852
922,24,2.54499876654373,-1.54163336711345
923,17,1.17655456449187,-1.04354688873789
924,15,2.19450154588883,-0.339565790216171
925,5,1.09823915654514,0.822716259842537
926,25,1.13534943728814,0.28721880723345
927,19,4.13602446878497,1.56445686821134
928,34,2.54647092867046,-0.903543439543491
929,14,0.681141526002779,0.30993501492615
930,2,2.07222327343204,-0.337782225201231
931,17,1.10577930051196,-1.0241049385825
932,41,1.64970178244706,0.431064591511621
933,29,2.70904475315784,1.21517717542421
934,26,0.791329173266813,1.28835858786942
935,21,1.21333718069481,-0.332516310910728
936,10,1.17761254752607,0.818158248654174
937,3,2.382570637973,0.0618537885197379
938,37,1.05333207251933,0.0218110711178142
939,21,3.34269993245335,0.378786200621629
940,4,1.51113124918094,0.0682945305144181
941,16,1.05520165832836,0.904895706870591
942,20,1.31225504235674,0.0271250377356981
943,12,1.14767569485561,1.02126335648333
944,35,0.958122578990886,1.78640523816204
945,46,0.365123566123443,-0.845070949546225
946,41,1.80334010046363,-0.00776675921300518
947,31,0.524345649929804,1.07536407452408
948,28,1.94067028071272,1.63335959610427
949,11,0.764133987906847,-0.46043258923115
950,28,1.5156630469641,1.21198886836684
951,46,0.682782904227403,-1.47291682343768
952,12,0.853736120278867,-1.15690956941456
953,40,0.98641512670592,0.769809415766774
954,46,0.944895386682799,0.407964298428331
955,26,0.735869271314154,-0.724978821067902
956,25,2.02265777539447,-0.208735402064296
957,39,0.694783125012622,-0.051036701089947
958,33,1.07515229352362,-0.605513525154575
959,22,0.964247243965249,-0.313256105562235
960,41,0.844283849655251,-0.354969250290366
961,5,0.853574625064395,-1.18232068451106
962,38,1.58014981795503,-0.589002507562669
963,10,0.307023896839426,-0.0596229687885736
964,48,1.71437797668894,-1.30258924840904
965,45,1.88730993675927,-1.13902901378032
966,29,0.74455134051868,0.432057336827904
967,46,2.18084038749481,0.156535873920739
968,4,0.648192150392746,0.146271637751256
969,36,0.619067657555455,0.786275150464952
970,7,3.32916385434011,-0.174397523466087
971,7,1.69702954598091,-0.109498159515249
972,49,1.72383469334748,0.536990414890468
973,40,1.66073885603735,0.798157308336281
974,4,0.387694666758376,-1.15450602074788
975,24,1.36690627233034,0.550553476563343
976,8,0.78271256810645,1.0733997901555
977,32,2.066213819325,-0.711362402414064
978,23,1.48557498791581,-2.47497071568374
979,2,3.83401374924303,-0.104324081965186
980,13,2.39889933830011,-2.24030583955174
981,19,1.33826383753331,-0.795230167659539
982,11,3.11719248295898,-0.795319361167684
983,20,1.8864098684707,0.787829758471745
984,34,1.06532321415776,2.41768090763523
985,42,0.42690448404263,-1.35584043438092
986,11,1.54239775109268,-1.375392407388
987,40,0.71895785070036,0.541286215947031
988,28,1.45030526341918,-0.52773095002057
989,18,3.64798928621365,-0.9361016994465
990,22,2.15411140113668,-0.762885695218206
991,35,1.246618349413,0.992461873827872
992,5,0.619557048708521,-0.218198640292427
993,33,1.30954673008379,0.608881685820251
994,1,1.26708646499257,0.0270260818335045
995,9,5.46216631011019,-1.10497841819945
996,45,1.05711899954032,-0.438267294697578
997,3,1.22917714613886,-1.14009200121517
998,10,3.7257793368063,-1.3578960526602
999,14,2.85969555402628,-1.09750825438728
1000,2,0.767194002891229,-1.20956767566009
1001,23,1.60551330362264,0.253678210624463
1002,4,1.76735333481049,-0.00511993980636893
1003,16,3.26844700715262,-1.30396621619235
1004,4,1.12118665057801,0.181670999117746
1005,4,1.38660154997965,-0.226185346079752
1006,24,1.01008435607611,-0.446751431647423
1007,16,0.950424378397472,0.441413387590617
1008,38,1.56134672412497,1.10859982946877
1009,8,1.1088823800743,-0.713901025152442
1010,46,2.33456755519682,0.756191903845431
1011,24,3.5586915313831,0.00115026664472784
1012,46,3.40293636195171,1.66015863140884
1013,14,1.48823325948358,-0.863996205080609
1014,33,0.999232046554122,0.144836465710726
1015,35,1.26012533867931,-0.868323678144921
1016,45,0.459443363617339,0.789191546410278
1017,43,0.880883599774461,-2.04631473670716
1018,7,0.549830666254486,3.07711578919634
1019,26,0.947849456344555,1.1157481734331
1020,6,0.582283380967611,-1.40251376533668
1021,31,1.53486363398448,-1.44212945576035
1022,5,2.1134695009974,-1.93555364134674
1023,7,0.730025933780773,0.254227029250032
1024,48,0.8633251146594,0.726024765680927
1025,5,0.647066380051513,-0.284266900666385
1026,28,0.957362300474645,-0.765074728617377
1027,2,0.983257143250505,0.585963299215655
1028,14,1.23882350894729,0.197471778349871
1029,35,2.51200342113892,-0.226865232692297
1030,32,0.749687300264963,0.791534859889077
1031,50,1.62291858634071,0.14300477278083
1032,35,1.27259025147299,-0.226251665153241
1033,3,0.80664842840186,0.559455815882712
1034,49,0.3799483361274,0.705842055743779
1035,2,0.778667440558242,-0.644688393260849
1036,23,2.74937669868081,0.646709490198219
1037,41,1.39041131019659,0.79752765030261
1038,24,2.58372125345234,-1.58051667131208
1039,22,4.04628243701635,-0.861682907016266
1040,12,1.98334139116681,-0.991940976405568
1041,19,1.08979664434045,0.23816481337175
1042,18,3.60061923488142,-2.09919837090333
1043,45,1.2718329240986,-0.0734015428680805
1044,43,1.39174329594554,-0.774668278496535
1045,8,2.71481604350607,-0.485912788454206
1046,5,1.12866699149988,0.0983137574841867
1047,48,2.6581895410284,-1.25695969510481
1048,22,6.6431040479571,-1.62795320442017
1049,3,1.86695785167262,0.940244368425121
1050,32,0.472764612194265,1.84693820665695
1051,12,1.99667958202947,-0.28425898951948
1052,21,1.68493008003286,-0.964593424297607
1053,1,1.48367689876776,-1.00775863612765
1054,4,3.85445040886836,-1.62114217148788
1055,24,0.99224213656686,0.474969270325039
1056,16,0.420980331839351,0.667369337700885
1057,45,1.86748274036581,0.573553746341525
1058,42,1.44888654860943,-1.47046551912792
1059,16,0.668592486268039,-0.677265290989788
1060,14,1.01138652664744,-1.25823945810167
1061,4,3.20620509012515,-0.09148739597473
1062,7,1.51443104745832,-0.0102933043720644
1063,24,2.12489967692457,-1.08311123802169
1064,29,0.850205753491421,-0.199967636889031
1065,7,2.12167069043349,-1.6214579654121
1066,39,1.81490854309376,0.416869092751968
1067,29,0.873032252322935,-1.02246281477407
1068,27,6.72862187394911,-2.29926010071848
1069,20,2.75460935353839,1.83278643569706
1070,30,0.857111215360543,0.993243917534109
1071,43,0.414885075510942,0.218996838471139
1072,5,0.967099395647146,-1.52530358392896
1073,35,1.74834545376848,-0.676082494572607
1074,29,1.87117815688592,-2.40306849559948
1075,21,1.76237398566818,1.16934496936486
1076,7,0.727612526681762,-0.432638612324517
1077,20,0.58417344589424,-0.482637975008989
1078,47,1.19822955007316,1.05848428375318
1079,23,2.22609437507192,-0.0646474966627043
1080,1,2.66554485071884,-1.98755502771209
1081,25,0.654026701592,-1.13827272057001
1082,26,1.87031648238801,1.42068556794963
1083,17,3.85158658236021,-2.28068326837275
1084,47,1.67461994363473,-0.553097428249708
1085,5,1.43550869713277,-0.192059551068874
1086,17,1.63573581837737,0.172340643439584
1087,35,2.09147158778318,0.938341367581138
1088,32,1.27250322649579,0.192065200617955
1089,22,0.441119796330581,-0.0297025708967462
1090,9,3.2935364644455,0.0448894143626641
1091,31,2.29200531837667,-0.149544256628968
1092,32,3.21050421311602,-1.73939123059026
1093,24,1.06988998921096,1.05185298380512
1094,27,3.38486266343101,-2.02391345527102
1095,49,0.900244409659306,2.03971164458614
1096,22,2.81627566489969,-1.32804136161356
1097,22,1.16520017891653,-0.556526273561719
1098,11,2.79451700400941,-2.18232336801875
1099,30,1.76475009423294,-0.584796966138189
1100,32,1.35944762472376,-1.10846941987665
1101,26,2.29980665225845,1.47665599438118
1102,36,1.4093151489431,-0.00943013891770032
1103,36,2.05072634454615,-0.419804302551971
1104,31,1.48623247317524,0.24588103213603
1105,11,0.516121366430835,-0.978430982330149
1106,49,2.38513529410881,-1.1538404057493
1107,19,0.57527261460862,0.0329350843887058
1108,12,1.4334907037473,0.759903481797535
1109,27,4.03288796139545,1.40036596352444
1110,30,0.8703723858384,-2.16579099269806
1111,11,0.637704804418381,-0.535077562954071
1112,20,3.5745837407522,0.810430857189341
1113,30,0.329033100800221,0.108586637259116
1114,6,4.93320214293856,-3.13198358747975
1115,8,1.37107637501393,0.0730231659204013
1116,47,1.50049885099215,1.17100458670816
1117,45,1.05403892987064,0.232445123913523
1118,41,0.507608910311686,-1.19752337539228
1119,36,0.669803025398504,-0.199752191351094
1120,18,2.57290588101518,0.662083018735089
1121,25,0.989531936338659,0.266528797030068
1122,44,3.41786335749666,-1.72450326599613
1123,4,1.76007533654205,-0.990332505339686
1124,2,1.2051953032113,1.02987416608596
1125,43,0.830609622976787,1.34188323545259
1126,12,1.79201619238744,-0.481017383489562
1127,45,1.92098343666948,-1.43619065117784
1128,4,1.49284964305957,-0.351393147257842
1129,20,1.57171423942265,1.7966604634309
1130,36,1.50906682322163,0.552258259806678
1131,10,1.72460780122883,-0.72367742364511
1132,15,1.52397186517932,-2.01169632901559
1133,28,3.67552554144413,-1.60252959900239
1134,10,1.08073603222518,-1.22903376367312
1135,42,0.88715904566472,1.25525880915297
1136,16,3.52251520958666,0.19368363708451
1137,27,1.10432632386225,-2.01956430892052
1138,48,2.07964848906915,-0.692047078602695
1139,48,0.838741263886842,-1.19169774496026
1140,21,2.02384033256035,-1.40471519418324
1141,14,1.99152876587746,-1.56110851373876
1142,37,1.15829388212689,-0.314744629867788
1143,30,0.839585691304858,1.44988487470075
1144,48,0.346705105026889,1.58600796778472
1145,48,0.887164465505725,-0.122771090829238
1146,12,0.767624333022116,-0.695721042559789
1147,9,1.5930143583465,-0.0102951636676989
1148,43,4.47789138413302,-1.84646908689237
1149,32,0.643778034960242,0.108682072053024
1150,9,1.27199120959585,-0.187523222693379
1151,34,0.539661108849176,-1.82332809131979
1152,30,0.949335587300233,-2.35907534924125
1153,20,0.668366788191278,-1.30653321039134
1154,12,2.42168154282625,-1.68488902932491
1155,26,4.2116833497826,-2.2200327571558
1156,34,1.67896750402773,-4.65520947512081
1157,46,1.59987750992946,-0.699486912289351
1158,30,1.67793241692141,-0.421691940938232
1159,20,1.94953760065173,-1.37930874361984
1160,40,2.34319512037692,-0.439359332454519
1161,1,0.972103401903649,-0.542382337287959
1162,42,1.47488960426303,0.401014085937815
1163,44,0.25929344028598,0.891858444138677
1164,9,2.86975021574894,-0.465650216827836
1165,8,1.11117633038049,-1.39895522439162
1166,18,1.20795214365259,-0.613526521341054
1167,29,1.49364288141194,-1.28544475303986
1168,46,1.25599952443329,0.122556720858548
1169,12,1.5760479645468,0.264252521120246
1170,48,0.435125753682395,0.147834505627492
1171,10,2.63326628018803,1.08111335586729
1172,27,2.93091450050722,-0.274452455364394
1173,20,2.91408515856261,-0.802503502457347
1174,15,0.604913890375337,-1.98506493679684
1175,35,1.78055884273081,-0.497838741082896
1176,7,9.27812865085491,0.22674908349637
1177,45,0.589460539204459,-1.33315133024963
1178,43,1.7999064057792,-0.0558896925712328
1179,29,2.25948590887399,-1.13778600261845
1180,36,2.68355790933165,-1.94836813123313
1181,26,3.34536552886921,1.63969693558207
1182,37,0.574305514656915,-0.214284337687618
1183,48,1.77765205823384,-1.93721659095774
1184,15,0.577485427256284,-0.427703075706235
1185,35,0.717349642308738,-0.627102538361093
1186,6,0.940143558424987,-0.53598532339531
1187,20,0.545975533661991,1.68586265017283
1188,13,1.22981291245951,-0.290775682507324
1189,10,0.738719517824876,1.0295027111008
1190,43,1.34989973504841,-0.246801651649934
1191,2,1.18308468736559,-0.0522209884920546
1192,9,4.231768511596,-1.90720808196652
1193,44,4.71791478031884,-1.77072280234948
1194,11,1.11865616074969,-0.800987085154869
1195,12,0.512071959117756,1.65964230841897
1196,28,3.17887816039933,0.360182104560067
1197,42,1.75148408192486,-0.284910870431149
1198,37,1.40024724401211,-0.550663384753419
1199,37,1.06459018850706,0.682911758540034
1200,39,1.16506934736097,-0.161790550046825
1201,7,1.48222235035536,0.978636223061917
1202,35,1.30765242716398,2.12980943934837
1203,24,0.975716474369619,0.70822187090654
1204,16,1.59310749159152,1.17056312725361
1205,23,1.39937245094855,0.811340367503165
1206,13,3.05391512020348,-0.588350866566749
1207,29,1.28612502529435,-0.973012090464164
1208,19,0.59616586722909,-0.156793263772015
1209,42,1.76536290735192,-0.787201680458422
1210,21,1.62044903293784,0.000126480782761451
1211,36,1.30558888661112,-0.0457794072206854
1212,37,1.80936761736153,-1.6108914647101
1213,21,3.00336878525754,-0.864501310854571
1214,31,1.19788845209873,-0.441821351854718
1215,8,2.29136510740997,-1.69759644639102
1216,25,5.81516195096624,-1.84671115797392
1217,39,5.8061195057166,0.311215158297559
1218,21,2.19043500188613,-1.6257155485662
1219,13,1.7654301739947,-0.115261150342001
1220,24,1.33323709829611,1.43034650321305
1221,9,0.402528287495362,1.70971773550582
1222,2,2.95720949438999,0.152223357816893
1223,25,4.6655345010293,-0.01654034593608
1224,25,0.659458089387157,-0.21968188300873
1225,41,1.25986771772896,0.282605176083066
1226,7,0.889922474099293,0.881139630350813
1227,17,0.793218340638986,-0.652422891605207
1228,7,1.58127196745323,-1.45797567780138
1229,18,1.23533770705981,-0.900360415635861
1230,10,3.92241439776947,-0.877470003569067
1231,31,0.244604382383502,1.11873805693752
1232,45,1.02436918850668,-0.289285813019757
1233,36,7.11977328160689,-0.351830522843109
1234,2,2.24996608131312,0.285698093983031
1235,12,1.7101638062724,-1.34715422411143
1236,7,0.590953443089871,0.631773824605912
1237,49,1.54832209287392,-1.94230260797989
1238,17,4.80513153576244,-0.853611445798019
1239,28,1.55044490263458,-3.08331492320831
1240,41,4.0537036842948,-2.09494733063893
1241,26,1.38327556461349,-0.804115312194762
1242,35,1.29987938982537,-0.50249820167364
1243,50,1.26548656797731,0.45107055028619
1244,10,0.746950560218108,-0.228320037169292
1245,35,4.00216365792947,-1.40738198013683
1246,15,1.6026006825539,-0.144210595468748
1247,14,3.60427953639078,-1.1271720397201
1248,29,3.09077869520488,-1.45733361663514
1249,28,0.961764511445174,-0.862642926667823
1250,21,0.835238301671258,0.734545170278882
1251,23,1.53247065180886,2.18878769235371
1252,14,1.00037196034909,-1.72670405205578
1253,36,0.725702360378808,-0.452404792591146
1254,27,2.93872798613034,-1.80560304078546
1255,9,1.15517982350247,-0.867373622046761
1256,12,1.15932658355276,-0.515321353330538
1257,50,1.36038745827346,-0.124083159830469
1258,17,2.21827144180927,0.959139148443479
1259,37,4.23881433392944,-0.510120139841505
1260,49,1.62971318710907,0.323344366875901
1261,24,1.57698117147348,0.765479740659943
1262,47,3.99191951743511,-2.47238426328218
1263,9,0.916520637267729,-0.639262481167219
1264,49,1.34009498294135,-0.7714544773866
1265,20,0.803492149119741,-0.0933114036396799
1266,41,0.859641506849025,-0.76239251275965
1267,47,0.893478088042861,0.271577277131752
1268,20,1.30754606614178,-0.628923894845971
1269,24,1.6715405159303,-1.66688294784565
1270,29,1.41955138343928,-1.32561276359217
1271,50,1.9299615874364,-0.990308043508763
1272,1,1.7829867396802,0.983525169794884
1273,44,0.960329206298264,-0.847024769690985
1274,23,1.40099161901337,-0.0659556703929804
1275,43,0.7156682218462,0.858425245202639
1276,11,0.975518880386752,-1.7651745215537
1277,33,3.69612286950874,-1.33463431136396
1278,5,2.17706284205441,-1.09348811137947
1279,9,0.817778562192294,-1.16625196637853
1280,23,1.40650812960744,-0.897175195776263
1281,41,2.09844044578243,-0.633624594779237
1282,8,1.74124598084016,-0.0639513075831737
1283,35,2.25126975548568,0.189672030538983
1284,44,1.40953965736322,0.658863050319645
1285,39,3.19138916037682,-0.211109087682864
1286,33,2.2401498839121,0.176051815753609
1287,21,0.949217734152726,-1.08057030493526
1288,49,1.46073191339759,0.193219105720961
1289,32,0.872578574982887,-0.15479958891516
1290,12,1.63002004427993,-0.601017022508542
1291,31,1.84193358135988,-0.246660314379882
1292,7,0.824354249409243,-0.833269302669272
1293,49,1.26043242726308,0.576338888046154
1294,2,1.83685569538612,-2.68682327891165
1295,37,1.23355403100604,0.435497106786509
1296,17,2.46342419975373,-1.19572835919405
1297,12,2.87519864187647,-0.742460840915608
1298,2,0.89608462424992,0.533849306640812
1299,37,2.54586597069934,-1.79833640228829
1300,13,0.82581294871414,0.0772257663499781
1301,45,1.7771840891458,0.695083303681805
1302,34,0.827395808024859,-0.818235417819213
1303,12,1.07518012489406,-2.22500678083557
1304,48,0.574089182933552,-1.46874112273633
1305,6,1.45175433963948,-2.29883189343726
1306,20,3.29784771319109,1.84944281448993
1307,18,2.50319248822571,1.14539657554371
1308,38,2.04925379266576,0.472900310274625
1309,10,1.89459023874702,-0.259705481144647
1310,42,0.839795323329171,-0.912670460363292
1311,43,0.920079125277988,1.89823025921798
1312,47,1.01758093906926,0.559612143294429
1313,43,4.0755992146072,0.3291293592554
1314,39,0.834644531330925,2.086598126579
1315,26,1.00305941077009,1.32752129581105
1316,37,1.22382885983192,-0.633478838208995
1317,28,0.575031713737675,-0.706149412902651
1318,36,1.39739094870443,0.376103254913574
1319,10,1.55765681185961,-1.81977409529432
1320,15,0.70242925134157,-0.427026383268596
1321,14,2.12300468124927,-0.426409945740207
1322,28,1.04839439307882,0.240484437590299
1323,40,0.949349510031747,0.599798992940766
1324,11,3.40767829582638,-0.86774735624499
1325,47,1.30808035279048,-1.32336965811984
1326,1,1.59744106915879,-0.108783755819016
1327,7,1.49387244355377,-0.223204261396229
1328,11,1.79275334929364,-1.43152609031429
1329,29,1.06695408592921,0.0118916299130427
1330,9,11.9707510766499,-1.45884331208596
1331,32,2.71834721555382,0.684794379761814
1332,47,1.62153390234691,-0.499416448920871
1333,14,1.76583451055052,-2.42775018588475
1334,7,1.90430284732709,-1.3952451300969
1335,20,1.17992040651305,0.524933674663788
1336,43,1.3823966597832,1.22637629657146
1337,38,0.882492882517601,0.0405976140999724
1338,24,1.20377172030327,0.531099074625949
1339,36,1.04401637906269,0.729808847696954
1340,33,1.20202661727354,1.4256738409091
1341,47,1.70330910530733,-0.69608970900869
1342,37,0.49821544214203,1.24863542289125
1343,23,3.10237972334563,-0.612940307801739
1344,15,0.966791290898782,-1.64095074803119
1345,13,2.11511598520801,-2.23302677358937
1346,27,1.76669423781815,0.0483870777402038
1347,25,1.067465578867,0.232719093908175
1348,14,2.45797265260857,-1.22907967154092
1349,27,1.08062921918075,-1.19328097385301
1350,50,1.36442881816514,1.02050261516535
1351,26,1.51112499276912,-0.0572622755080058
1352,3,1.89384570446281,-1.12633769699238
1353,12,3.46939474093915,0.523323269889751
1354,3,1.34928347666597,-0.683090479323564
1355,16,0.872044682210648,-0.0898586629939617
1356,4,1.35121951996749,-1.02676310448685
1357,21,1.44225859443123,-0.970428890180954
1358,14,0.65692752206971,-0.509087207216869
1359,14,1.96258812998016,-1.95054703002396
1360,33,2.94016094926128,0.464633660115224
1361,28,2.59812148905829,-0.154417862517319
1362,26,1.43213921693342,-0.204161547516161
1363,27,0.842425983974398,-0.34173467316015
1364,7,2.38251036520108,-1.64892547547821
1365,9,1.33709402188442,0.692702292523813
1366,50,1.2226178275856,-0.369292260293487
1367,18,1.00646293621167,0.0696318339171278
1368,19,1.54733587434124,-2.14406125481259
1369,8,2.69203262138591,0.984986638311043
1370,11,2.04792960868133,-1.59522340721643
1371,33,2.237331891603,0.225834905378083
1372,40,1.14833341085291,0.780589139860205
1373,46,0.523211818775471,1.41944432441611
1374,19,0.545320289325459,1.6250288229346
1375,49,0.636332279558151,-0.892571351388715
1376,28,0.766983904250357,1.53003048736165
1377,32,5.85669115282209,0.485378367117804
1378,17,0.65248209746919,-0.0484091030461212
1379,6,1.16916382791773,-2.13332416371532
1380,14,1.88221048020817,-2.24139629679195
1381,12,1.76985020328252,0.500331328379381
1382,46,1.45375902606776,1.05317966062098
1383,23,2.94121143962904,-0.984658056815486
1384,34,0.715274287451543,-0.139853989432811
1385,25,1.38029009204736,-0.415602378691559
1386,30,0.719489929526492,-0.762867240064941
1387,4,1.26885163666897,-1.47278353970731
1388,41,0.526927492451151,1.31767589038883
1389,26,0.786511221993155,-1.97702684596782
1390,27,1.92732130048856,0.139413869853486
1391,38,0.557693026559523,0.459859989682538
1392,47,1.64066048685054,-0.850359438423034
1393,49,2.18155720579784,-1.51943921900325
1394,20,0.992457353015582,0.290695608616657
1395,41,1.32680651026152,0.116977027088087
1396,3,0.344812207583738,1.2171245786887
1397,19,0.903414630114524,-0.935351796840287
1398,12,0.60001040987411,0.578014861652711
1399,6,1.90873677034794,-1.06074860841263
1400,47,0.714570464444876,-1.07276963081906
1401,5,0.779915059071783,-0.106608907915961
1402,27,1.85862155885716,-0.879702181435552
1403,13,2.49144872134198,-1.25348977547849
1404,43,1.55142684123518,-1.05107210619805
1405,6,4.28502192660984,-2.14271500571117
1406,39,2.49851391221602,1.1646597249373
1407,3,1.24681036116878,1.16428794136993
1408,39,0.823347743356065,1.30080828294623
1409,35,0.868656231388851,1.64632958312304
1410,22,0.829435783238382,0.127728221377167
1411,41,1.13288723896064,-0.644038990737495
1412,8,1.30151949179108,0.383651961156714
1413,16,1.80861359150736,0.574966138973239
1414,2,1.47309460747802,-1.91638830762424
1415,15,0.406273252104541,1.60812581029261
1416,29,0.960635926185167,-0.1803086226957
1417,37,1.70580524365344,0.383282265694764
1418,50,0.464546000534792,-0.135283296561038
1419,27,0.897037363403073,-1.80044429673219
1420,31,1.78589879013777,0.7427943527909
1421,34,1.44104576085693,0.332301608335688
1422,25,1.38798942527472,1.4720019469733
1423,48,0.446266608672872,0.854215669430883
1424,12,3.10905390386671,-0.693378406442597
1425,25,3.83435649384734,0.189264598918951
1426,13,3.74015486024189,-1.57746120319978
1427,23,1.30834783764472,-0.483983738828082
1428,17,1.87356727272356,-2.05773994966694
1429,30,0.738215150358164,-0.965660258667656
1430,36,4.60907055287482,-1.29294379219088
1431,35,2.10035185489805,-1.72610761553533
1432,20,2.37125833161725,-0.555231114949364
1433,44,1.40361095984864,-0.980212053427383
1434,29,0.894285196803634,0.0584978321706773
1435,18,3.16717942513866,0.466304793414883
1436,16,2.81748246606951,-1.14016018334873
1437,1,2.11050606147294,-0.855022034740582
1438,44,0.673701976831472,0.200929263521153
1439,5,0.412911699255374,1.03800962241146
1440,16,0.624516596348823,0.673134598336651
1441,31,0.696930103765392,2.30659101798223
1442,40,1.29215620415305,-1.32412684705999
1443,15,1.19841338140693,-0.666664841396926
1444,41,0.543050762683219,1.03631193600231
1445,13,1.84459394740262,-0.649054671518079
1446,27,0.584581355093076,1.83398234183005
1447,44,2.74968815555744,-0.40190306359356
1448,41,2.74418634605806,0.256275286464873
1449,17,0.85802381406892,0.470263462012542
1450,34,0.920264951492032,-1.20412315381772
1451,48,2.51709967883158,-2.13397789864141
1452,14,0.577359514564057,-1.30767267067377
1453,45,1.12961674146831,-0.728988111960629
1454,1,0.633134173310602,-0.302766913454679
1455,6,1.4417678296301,0.543102408880381
1456,13,1.22800928661814,0.0729160036402499
1457,49,0.490976092876164,-0.887153644368615
1458,23,1.67828046382136,-1.23399944928103
1459,19,0.573156804938411,0.0685152688366908
1460,33,1.20792227909481,-0.490457929411833
1461,17,1.79235047951716,-1.73441097224734
1462,31,2.81526810474119,1.04240534069317
1463,29,3.22952109445672,-1.39152010459784
1464,8,2.22921220025481,-1.77522918695275
1465,23,0.652532732618818,2.08272629075965
1466,38,0.575408700223321,0.605163190561141
1467,26,3.385200900314,-1.1243107070449
1468,20,1.46009621736126,-0.633104317170388
1469,34,1.04854629138517,0.18245052325079
1470,34,1.15647933648604,-0.698976050289359
1471,3,1.58948565890295,2.00512432737428
1472,46,0.385766011515593,-1.33584623752834
1473,15,1.79965692398715,0.189903037974021
1474,46,2.36606754397799,-1.10422319340022
1475,38,3.38206818686613,-1.9694283529494
1476,42,2.01900372994774,-0.102723506099229
1477,50,1.86421994237133,-0.892151055798671
1478,43,1.03130540242315,-0.664929862363536
1479,47,0.721443696204615,-0.702007215372712
1480,50,0.683902144981362,1.68357675204786
1481,17,2.20051858703516,-1.65282418713927
1482,40,0.959259328855411,0.331788605118077
1483,23,1.98018669316372,0.415017338270505
1484,34,1.00766060775845,-1.59482522079124
1485,39,2.33248785010341,-0.263417237759714
1486,31,1.4393766614708,0.292236897514824
1487,29,1.80693233688752,-1.1828949858155
1488,45,2.37145792780959,-0.333783386668058
1489,14,2.78934682685387,-0.429629831784658
1490,37,1.33186345957817,-2.5337181543398
1491,28,2.90679293175452,-0.25383463660493
1492,40,1.20896226843971,0.577794891967992
1493,24,1.18490095888233,-0.201453307660051
1494,19,1.58679615696722,-1.36241484387881
1495,29,2.33211289616392,-1.10392895741775
1496,41,0.833440658622545,-0.458877019629055
1497,2,0.922013015695134,-0.0521262088381597
1498,19,2.64721911128915,-0.750224403135093
1499,45,1.18960957865519,2.27006701433173
1500,42,0.849578323771355,1.03478452838747
1501,13,2.15224902269178,-2.53140939353205
1502,35,0.8734757488041,1.54909338583589
1503,46,0.779627019311694,-1.22174700193234
1504,23,1.21080845597825,-1.85804980841088
1505,23,0.56273524476901,-0.0398509134727736
1506,20,0.569685544939387,0.608625073553743
1507,2,0.510512614697628,0.123541097226852
1508,27,0.938405620123848,-1.75740514535811
1509,46,0.461095416891595,0.229798517898539
1510,31,1.65699035540327,-1.94321120818338
1511,29,1.04482180748393,-0.797654515106995
1512,45,0.501779523680802,-0.984961088500114
1513,14,1.6628512093133,-1.0265885842353
1514,35,3.5492601169336,-0.190537734019553
1515,17,0.565171177889421,0.164008408222163
1516,1,1.06910991399689,-1.4241553121968
1517,3,0.988673487939486,0.422501221075087
1518,40,1.20617281572076,0.688665579447754
1519,50,1.16417371772862,0.437707851837098
1520,28,1.90620562752701,0.44692997056765
1521,18,1.05570320007199,0.798685482185242
1522,23,1.72801512964095,-1.34434401758553
1523,34,4.10797741506698,-0.347712730489415
1524,34,1.647358779567,-0.187871598102102
1525,20,0.868185432059307,-0.808442530462772
1526,43,1.25333635336999,-2.58391958399141
1527,49,1.44200995495847,-1.43711979524722
1528,37,1.67190807523453,-0.603769804817344
1529,28,0.870095573374094,-0.768768486878612
1530,42,0.885134529199694,0.791354525678212
1531,16,1.12598122014836,0.349735965551969
1532,10,0.444522270032749,-0.0822876242389771
1533,40,0.506747531073668,0.0634542305879705
1534,39,1.79248482834427,-0.139636218604331
1535,13,1.18031162629131,-0.180566571619472
1536,46,1.24999628537973,-0.0875335655058412
1537,23,3.53176488974923,-0.383500767897179
1538,43,4.26965926327505,-1.68248291497476
1539,17,1.10871564931369,0.919921782267602
1540,46,1.64805427087209,0.185356807558321
1541,21,1.34456473704584,0.536315307039372
1542,15,1.93909130474666,-1.44838983406209
1543,4,4.13746976657123,-1.49731055068936
1544,27,0.524793242371947,-1.30704042393948
1545,22,2.56657618958449,-2.05743655367166
1546,14,0.9096136915544,-1.03402169332679
1547,25,1.19546985378852,0.909048326870912
1548,47,2.20788734888531,1.23568722933159
1549,12,0.725208087084801,-0.638141627435092
1550,16,0.861171859155732,-0.119220771487095
1551,4,1.12583070943124,2.05614847465025
1552,1,6.25085817966141,-1.33938038646864
1553,35,1.012460951023,-0.558384138003987
1554,34,1.41960257654215,-1.01130673590198
1555,44,0.989179942101823,-0.313376516538303
1556,7,0.545150857768464,-0.461783897132899
1557,35,1.67725834779759,-0.849793445004814
1558,36,1.03576917589673,-0.0713852262459234
1559,41,1.42832898109293,-1.8871657344981
1560,30,1.20445801557063,-0.967941142635809
1561,16,2.56866951178933,-0.903371434195926
1562,24,1.90946785702024,-0.219394783962312
1563,17,3.31701746390071,-0.262827705149168
1564,5,2.94668707851641,-1.30942816209119
1565,41,0.922725465145903,1.24122258169455
1566,36,2.79631472145544,0.461794273980073
1567,6,1.55802404821034,0.59700284309608
1568,43,0.705178570913323,-0.825313901898816
1569,14,1.13044418272298,-1.02973036464293
1570,48,0.962435947288939,-1.77947060950571
1571,13,1.11751436753538,0.480214718614553
1572,40,2.54889744336952,-1.17170072078044
1573,15,1.18435999225006,-1.1107400380018
1574,39,2.1477218975367,0.298250323710217
1575,47,0.901323216200142,2.45891858645214
1576,39,1.37818492274853,-0.0133688546913203
1577,37,2.44953582017033,-1.18330618512747
1578,27,5.70657016786726,1.52578120317142
1579,36,0.563376859475779,0.124863584377948
1580,43,1.08900360747826,0.0124859785313398
1581,42,0.445053915236978,-1.21972080520986
1582,7,1.15844422206966,0.178107199000963
1583,33,1.22724785699816,0.656856318173835
1584,26,2.54107936172622,0.615638614770442
1585,46,1.63434017214551,-0.154560234878929
1586,42,2.67611585664114,0.531971871418562
1587,40,1.55862816852634,1.71745533720777
1588,35,1.34596328568561,-0.685653424700589
1589,29,1.38052843830061,-0.700947996337676
1590,18,2.30691428031081,0.91018525545905
1591,9,1.75640131156138,-1.51604816385172
1592,19,2.36363314786035,-0.976585854191738
1593,43,1.36745712935214,-1.75609732706767
1594,34,0.905363223020549,-0.906892978696292
1595,13,1.38852987966806,-1.24186831726863
1596,46,1.97003744241651,0.0405916516228258
1597,5,1.44139590830504,-1.46380659953006
1598,36,1.7895658577861,-0.884718357470988
1599,31,1.16700048569734,0.858134497817204
1600,36,1.18348653531553,1.12264169119378
1601,46,1.09472073670112,0.724856087186394
1602,28,1.11628179224242,-0.203025899247106
1603,16,2.01042577364963,0.956683965406271
1604,28,1.21331946328519,-0.22463303932133
1605,4,0.772911141412873,0.303713798055416
1606,49,1.06110683367474,-0.0827941056053983
1607,46,0.614587500159218,0.069569334216213
1608,28,4.1847192304639,-1.08146359591854
1609,9,0.801212138775256,-1.60481359855532
1610,35,1.15179623738491,-0.0969728910428646
1611,9,1.00261287436419,0.638326519293866
1612,18,2.79794410346213,0.768557460221845
1613,26,2.2255152863814,-0.411356236169199
1614,17,1.90319893660529,-0.545077009564062
1615,39,0.665743341592636,0.26215510603569
1616,40,1.05616873671755,-0.461416633516423
1617,29,0.970519281043155,0.0318775846770402
1618,47,1.40995672793804,0.151408412518271
1619,37,0.874565243745507,-1.26871050765165
1620,31,1.74289140916988,1.25723071080506
1621,21,1.35786486726799,0.896076127250523
1622,7,1.4281834244721,-1.64046721278723
1623,31,0.770182977624467,-0.170093886539004
1624,50,1.91408392254006,1.17658546002429
1625,21,0.820086466224825,-0.85518441482672
1626,1,1.96558584242915,-1.17836318383368
1627,46,0.720511842057368,-1.05503395931961
1628,36,2.61299840104886,-0.177332217120733
1629,49,2.49162203204806,-2.7781197298926
1630,45,1.78911700612962,-0.928513278586557
1631,29,1.5447388210271,1.40675033761067
1632,28,0.902999987068422,0.15532320129943
1633,15,1.08297642595417,-1.42560211900987
1634,24,1.35328321384777,0.478485052742713
1635,37,4.53055669076605,0.63647110910233
1636,15,1.16254718729261,-0.193074631335565
1637,1,5.05958642495376,-1.13925661200821
1638,10,0.478177201612607,-1.19197692483381
1639,24,0.689271238322695,0.018052287713654
1640,18,0.889745601084685,-0.815849826423673
1641,41,2.36650291618301,0.660533503912388
1642,28,2.91063894768111,-1.08389493818828
1643,13,1.84707327043503,-1.62439405011313
1644,22,0.738498400491948,-1.49822356782966
1645,20,0.980484792656461,0.834582511261602
1646,2,1.46461733444818,-0.352663713333973
1647,28,1.60404376685059,0.998825035092916
1648,20,0.532567800150202,0.899700859460346
1649,2,1.06107158571605,-0.659869339187746
1650,27,2.64669817021857,-1.20559012507144
1651,9,1.6425525055392,-0.776221256458828
1652,22,1.21038758764857,-1.36755419314007
1653,33,0.651558981686221,0.611802352016363
1654,31,0.611610559486116,0.535392185309832
1655,20,0.998670585592445,1.31090260796624
1656,17,0.739435665587609,-0.655379943325637
1657,49,4.82855506885655,0.894031516878535
1658,24,0.758091725450276,-1.15008156691429
1659,19,2.18483372213494,-0.464198538839386
1660,33,1.0496696124821,-0.516947144251367
1661,47,1.19876929767111,-0.20205397754159
1662,20,0.798578401672428,-1.55901169130129
1663,41,0.943417641540803,0.234669110399555
1664,9,1.54370124539033,-0.950837457173594
1665,7,1.26232250143253,-1.02566742264098
1666,34,3.05753015563913,-0.821274794588575
1667,27,0.906995890804084,1.3989374462657
1668,19,2.73679873758977,-0.361972949318601
1669,33,0.603058900956109,0.091965836794374
1670,22,1.3062180012756,0.776405582953491
1671,31,1.11262015822914,0.805150446299387
1672,46,3.04426153331999,-0.930747036710344
1673,31,1.29421592917221,-2.37004994397949
1674,4,1.55013252582608,0.145207375545214
1675,47,1.3836283113938,0.213160948036699
1676,35,1.79010875335243,-0.466689721912439
1677,16,2.34807967074303,-2.5036767658105
1678,35,2.43930613547082,-0.561896238312567
1679,22,1.28836771890361,-0.879132409689649
1680,36,0.521663924668696,1.00826500815832
1681,13,0.605408829443022,-1.33275299027513
1682,14,0.731816920470977,-0.00127959542080602
1683,36,0.406719601350477,0.112664863743286
1684,48,2.03346929452047,-1.29072239046687
1685,14,3.98172726167097,-2.11139061693564
1686,43,0.552616014625828,0.173723196345583
1687,32,8.06423324537846,-1.21730267190605
1688,40,2.57613064518123,0.396916712787351
1689,27,1.58180797965726,-0.87267998601556
1690,42,1.20801047338344,-0.152738082888368
1691,36,3.33491064439144,-0.445705649903723
1692,47,1.89402408576732,0.146042137983151
1693,8,1.45990814916011,0.426515269385857
1694,17,0.997845571057786,-1.86961479889515
1695,4,1.01272130507353,0.336839162402801
1696,35,1.22937310294676,0.519341272732021
1697,45,0.505037151395165,0.511559814434586
1698,31,1.73530599047259,-0.167983696019023
1699,14,2.17461181092018,-1.31796143264862
1700,18,0.976101674047555,0.21393695886803
1701,18,1.51353210964913,0.240126264498756
1702,24,0.739768955872523,0.015993844285893
1703,30,0.674630169920314,0.114450073473592
1704,29,1.56911800104313,0.0167187057658499
1705,18,0.895734800348618,0.559566209138022
1706,48,2.60358590028935,0.102924556353944
1707,43,4.90556321945002,0.416911509292583
1708,24,1.32427329289893,0.364746719013874
1709,34,0.896728694406138,2.04054687669489
1710,9,0.931774661680528,-1.15855730522424
1711,20,1.43425002914963,0.586579676759063
1712,50,0.686747349355835,-0.435066856743324
1713,18,1.95791067776989,-1.1069586320493
1714,16,1.39084612955016,0.430338250376291
1715,34,1.46677799547996,-1.03775058783056
1716,32,0.735936000433555,-0.415148409429925
1717,8,1.33423964977058,-1.30667431918715
1718,34,2.73500361532755,-0.0418349767637876
1719,13,0.86609541110933,-0.303701064861253
1720,42,1.23043485890937,0.700344273486191
1721,7,3.37564268575423,-0.168339708184038
1722,7,2.01254436059086,-0.686252059496734
1723,12,0.653014025973084,-1.5114042247159
1724,16,2.45921009822237,-1.64650280888876
1725,1,0.768117123120972,0.288553605887504
1726,14,4.97822162315628,-0.975143211915214
1727,46,1.83171504433893,-2.86811409729511
1728,13,0.751036255266152,0.85838506644051
1729,50,1.99828061160891,-1.48803603084658
1730,41,1.77931101564132,-0.0466576610352882
1731,8,1.08424812711649,0.835442326689311
1732,29,2.43757810445532,-0.675502614111532
1733,5,0.870715028540475,0.113975276827585
1734,1,0.494358108351223,0.866295228036101
1735,38,2.01926481956308,-0.0505127794119486
1736,6,0.873509393658127,1.60170841347285
1737,44,1.63026649238536,-2.20495911119532
1738,46,2.33732028479131,-2.00916291763486
1739,50,2.09127172436862,0.590193671423127
1740,18,3.10027657294032,1.68208757668308
1741,32,1.04438384303776,0.242673668922961
1742,8,3.72435683266358,-1.06541315461749
1743,3,4.46037500969997,-2.1596628229918
1744,3,4.01369201377413,-1.28771668722062
1745,29,0.990310192668885,-0.898301110195826
1746,39,4.38587245775707,-0.655444303760617
1747,43,1.00659528316742,-2.35242609857057
1748,47,1.36592779042038,-2.26309423301671
1749,27,1.32114224746737,0.956914949031587
1750,17,1.19397600113249,0.1935033779882
1751,22,2.31520127244415,-0.265362838914437
1752,37,1.52828329512382,0.107592303767845
1753,15,4.02815999230901,-2.04665468448328
1754,25,1.28711432379168,-1.33968514492349
1755,19,3.60990549476322,-3.67497264798099
1756,18,0.833341567847206,0.924045955465609
1757,48,0.840621827563698,-0.259999861224069
1758,16,2.00812425565701,-0.379657391984659
1759,28,0.96150878264848,-1.55705628763505
1760,40,0.832815823021971,-0.814588052794636
1761,33,0.985788951231277,1.54541357163567
1762,16,1.27908311585631,-0.467418424059719
1763,11,0.899554007154237,0.764298434022648
1764,34,1.80252141194364,-0.503886037995482
1765,1,1.53109103329493,-0.767237469448809
1766,39,3.37901095960326,-1.08717884669105
1767,24,0.572673043512825,-0.0540557253522258
1768,25,0.821949652185436,-1.52388361756776
1769,9,2.45156487926283,-1.6314068214612
1770,41,1.87728572922319,-0.481311661635946
1771,28,0.466934801902007,-0.556903672540614
1772,27,1.99120089848593,0.689843530101731
1773,2,1.37791050470556,-1.07605735469473
1774,31,3.21761377543007,0.62013505598681
1775,7,0.510789373475962,2.07531847738292
1776,44,3.52921058841503,-1.92141709103899
1777,34,0.722934809945356,0.286168509434667
1778,14,1.6167786851542,-0.0976995319520707
1779,27,1.89580070729918,-0.731364331888041
1780,10,5.65209208821497,-2.74081052536963
1781,47,1.02210442713296,0.0292278146984684
1782,18,3.55779801796142,-0.454571605509164
1783,20,1.40126023855927,0.0771289950474119
1784,13,1.23948108660096,-1.85153100850173
1785,22,0.997171113109816,-0.40690684335941
1786,3,2.03574909770634,-1.62080780906976
1787,33,0.708990219673104,1.39577474830138
1788,38,2.96623793583594,-3.29878074592655
1789,16,2.02699549304753,-0.726557721185894
1790,35,1.73678580733277,-0.183519254766085
1791,25,2.17344157597664,-1.26403306011482
1792,32,0.67737706152089,-0.312530999609299
1793,2,0.240526668994299,1.03321341868317
1794,29,1.23747527892881,-1.27327577230127
1795,24,1.7195795605455,-0.444274914601879
1796,14,1.34685808358873,1.89271832935052
1797,1,0.625986535186258,-0.00430862022131831
1798,29,1.11797595500121,0.330296208395559
1799,38,0.726513035380597,-0.87015449782987
1800,10,2.31766244919494,-1.23328060838051
1801,38,0.824019567885392,-0.0641041197889013
1802,26,2.16835412076286,-1.49404096324866
1803,48,2.38489191032094,0.3620246510736
1804,37,4.92507070232688,-0.684111528835127
1805,32,1.7185629065147,1.09095259979712
1806,26,1.92406151788846,-0.64744894212715
1807,37,2.95490593892707,0.659827893984271
1808,37,2.03869279268383,1.50748644316828
1809,48,2.28920101025178,0.72435619075873
1810,36,2.20803578286874,0.498430157648318
1811,34,0.477518563009538,-0.0926170423100333
1812,32,1.38223284622997,0.970440077223359
1813,35,0.751817208111948,0.794288502315464
1814,8,2.68730491701512,-0.677399593624565
1815,13,1.80449883281827,-1.73119373326972
1816,43,0.974366999681717,-1.35946963079425
1817,46,1.06566099090259,-0.439078248606538
1818,45,1.398225822634,1.63827181464961
1819,38,2.28192799171826,-1.8232016653802
1820,50,1.61003086695129,0.831457158934316
1821,49,0.869080055955805,-0.357802733880455
1822,19,1.25488978685395,-0.877539480025502
1823,49,0.724368795061952,1.50726999823565
1824,37,2.30223896572404,-0.150346043674134
1825,13,1.89015810715624,-1.74416770774636
1826,40,1.19661689475648,-0.0133677440045979
1827,7,0.708225921490527,0.768364878335478
1828,34,2.1827815802589,-0.876057336203553
1829,43,1.99207287031128,-1.51783575728108
1830,17,2.32977147757736,0.0263531759521161
1831,18,1.95731685001349,0.00967677359554239
1832,34,1.26394264226577,0.0492315442175493
1833,19,1.56706618860627,-0.69117389011542
1834,29,0.952687220052421,-2.83386199462825
1835,28,0.818990970340286,-1.21679219506565
1836,39,0.974433705901309,-0.842017950616007
1837,29,1.93888528313784,-0.0735887835069046
1838,7,1.61313907033339,-0.332157232132982
1839,1,1.71611509742478,0.713224161113065
1840,12,2.53689955197979,-1.35375155336224
1841,10,1.25150997439049,-0.631985930014146
1842,5,2.25380763917859,0.0967204908582947
1843,47,2.42468805518984,-0.221656436739933
1844,19,2.27754233777224,-2.06004983469935
1845,48,0.816655291888794,0.656910383305905
1846,19,0.818940782610515,1.65390480740232
1847,32,0.183231795826869,1.83836610830968
1848,6,1.52258460902974,-1.08838605733599
1849,49,1.4308353208616,0.254649978235111
1850,1,0.648263308734787,-0.907662729001351
1851,15,4.49083356285175,-1.0334727503655
1852,28,1.05508413922041,-1.30987490978969
1853,38,2.26799241162854,-0.22466810666074
1854,49,0.766038327083049,-0.589371530385089
1855,17,0.61565296904964,0.453964198436812
1856,23,1.59569650289645,-1.38686099840987
1857,28,1.29622337915055,-1.40314235271996
1858,22,0.658029288517972,-0.315573299427122
1859,35,1.55237392873382,2.09495211929153
1860,46,2.393634115945,-0.365702346532246
1861,31,0.938976382519811,1.00402879480628
1862,21,1.15036242239101,-0.191290818418447
1863,27,1.17720105042395,-1.73520937738688
1864,9,1.32845922595048,1.43479234813452
1865,15,0.90000602843839,-1.62822500669566
1866,3,1.77821032988172,0.019437444824147
1867,14,2.35196360921729,-1.5716225661143
1868,25,0.646635548559491,-0.707858960725815
1869,27,4.57949619417867,-3.44962045328086
1870,39,1.12224070350038,0.226069965868842
1871,36,2.09100648839027,-0.77458600992654
1872,43,2.60098454366704,-2.33425837835326
1873,36,0.896290577974038,0.911619803873237
1874,50,1.8290619507982,0.148642195015668
1875,48,1.47669548122896,-0.399752273249524
1876,11,2.3014112756354,-0.488739261888401
1877,7,1.69022702099725,-0.761511142523032
1878,15,3.42224477992835,-0.825215186015299
1879,42,2.43194499239233,-1.16566288455578
1880,32,2.39529032400945,0.419201523366365
1881,48,1.92562395682475,-1.26331969818882
1882,47,0.353328042558725,-1.25177233538045
1883,32,1.56455057096628,-0.047959283328166
1884,29,3.26888908735754,-0.685210606479306
1885,3,1.27380496293467,-1.92234680662648
1886,18,0.728056979125039,0.546463414235896
1887,22,1.36487653454245,-0.197943860224583
1888,9,2.96080761969692,-1.07943455569094
1889,41,0.768500215811338,3.03121863496514
1890,42,0.965007683653411,0.659776727182469
1891,18,2.12573665875908,-1.61517460108594
1892,22,2.08861367436413,-0.215101914651089
1893,22,1.15094770944292,1.18746284680963
1894,21,0.709650645405295,-0.121475720937006
1895,28,1.76196000970976,0.13569035913634
1896,5,2.44601334090309,-0.479144844289023
1897,28,3.04342219480646,0.822351818176206
1898,8,3.93002761564838,-0.436283441782232
1899,33,1.66827004010894,0.149198284167046
1900,13,0.789106979956686,-0.252839899407106
1901,6,1.53356109526168,-1.78944385395085
1902,3,1.32767653293629,0.576769014461845
1903,30,1.55174740318596,2.05680196580184
1904,23,1.84444639368039,1.38150724651172
1905,14,0.399189596399822,-1.15306642087133
1906,13,1.50642938271469,0.930404498114721
1907,15,0.573207323282091,0.538819820786216
1908,13,3.05330051549318,-0.372084736558352
1909,11,3.06678473095564,0.174331177829969
1910,22,1.42014921868318,-0.000953332688024014
1911,36,1.50194748181249,-0.839739499846631
1912,44,1.07107247906728,1.19418852852772
1913,13,1.25992522385343,-0.951662014027469
1914,36,0.139052490781098,0.194504575392667
1915,16,1.89752275360157,-0.251606507728061
1916,18,1.654164091583,0.903027765955441
1917,46,2.22095254944674,-0.713571423852029
1918,39,1.88225895160617,0.250992685102531
1919,50,4.47653531765018,-1.39069170888667
1920,47,1.64514739037512,-1.31121910642386
1921,16,1.56555260067354,0.0436306262036108
1922,35,1.28096683536855,1.64453519763433
1923,3,0.553180882986003,1.38282067043515
1924,38,0.62817465105589,0.294147828479445
1925,46,1.57303901946003,0.0406513816274791
1926,50,4.70129408032557,-0.407012003227982
1927,13,2.66015252197972,-0.92918484548753
1928,48,0.574588505860648,1.09524801909544
1929,25,3.56905682500466,-1.13703646062803
1930,1,1.15028178541553,1.05904989219261
1931,26,0.960519632262663,1.09179785746254
1932,11,0.429212390571707,1.27455727344316
1933,29,0.93177393153599,-0.470485980428556
1934,14,1.6225709582269,-0.987285886408494
1935,26,1.27365159019967,1.07679671096551
1936,41,1.78064855322209,-0.368627894771663
1937,23,1.39028759551385,0.607296856715145
1938,2,2.67387822947001,-1.7497770388365
1939,46,1.47441433909893,-0.94496873469998
1940,15,1.78614079472809,-0.810572547889537
1941,40,1.69521920098824,-0.258719709840339
1942,13,1.71093147390261,-1.40241918906889
1943,37,1.70211024738785,-1.90773886099244
1944,45,0.524675693785508,0.147636770548027
1945,5,1.71969198713018,-1.48905079479539
1946,30,1.60432211804094,2.20091731974758
1947,14,1.46585118117275,-0.151723758790713
1948,49,0.940097299557462,0.305992157757675
1949,5,0.485908245041238,0.40124356991327
1950,31,1.47904911006776,0.483404631948358
1951,17,0.89837348469169,-1.41049692924341
1952,24,1.74041877202692,-0.832878360626156
1953,14,2.12927479143291,-1.19543545182841
1954,50,1.04985623467419,-1.63883595012023
1955,9,0.580099983704997,-1.23218642208315
1956,45,1.61427580777519,-0.865774753772227
1957,33,0.769284919933214,0.294206619633059
1958,11,4.04204978633011,-1.70346795311658
1959,21,0.644033991677596,-0.989628434611372
1960,49,1.06703417871386,0.790822919210817
1961,41,0.920505451005404,-0.575614952441355
1962,50,1.5363473386003,-0.169696005440068
1963,6,9.13670084070092,-2.94503615369293
1964,20,0.75166673864128,2.30394492366794
1965,27,1.2997111542711,0.230748426717663
1966,20,2.07145998902808,1.37108292342216
1967,20,0.618566568097776,-1.49172416649233
1968,38,2.7630605163984,0.950189122562879
1969,12,2.08448519210234,-1.68383671375941
1970,48,1.41537936598776,-1.52123761267142
1971,31,4.32271459929662,-1.31492430604538
1972,27,1.04253779251755,1.37633986401909
1973,19,0.755964300348834,0.128381056640021
1974,3,0.793369427078328,-0.634636307960837
1975,21,1.41587034086122,-0.958750309146133
1976,4,1.20313981130657,0.121339394592297
1977,22,2.72839768117838,-0.00544544333164082
1978,47,1.61920324169811,0.783900740414707
1979,36,2.48386355553384,-0.981243108454622
1980,1,2.00657257354859,0.637522796550747
1981,30,2.33390632296129,-1.1629350523463
1982,46,0.54390309973898,-1.28771759792938
1983,2,1.40223507219263,-0.557338843847252
1984,37,2.20377220746054,-0.0416529465503729
1985,41,0.937995186460824,0.316275093046637
1986,28,1.05109840313903,-1.24630729252868
1987,6,1.0269977193783,0.00979187727285846
1988,29,0.402967814874948,0.621487577350928
1989,27,3.54775222852442,-1.08184818460635
1990,31,0.790043905852776,0.27095516744885
1991,28,0.721666615374997,-0.808008577323544
1992,37,1.36256279310897,-1.27729105944619
1993,40,0.895281637146835,-1.68655906173668
1994,35,1.27840277809327,0.0512109482227645
1995,12,1.30186497356938,-0.924733680207661
1996,19,2.91014890513767,1.26265840558808
1997,42,0.864063827490755,-1.1872593951268
1998,1,6.45957512700164,-2.26139653655767
1999,12,2.38291012949151,0.539085723963732
2000,45,1.31533674469446,-0.860155464576506
2001,13,1.25675390767318,-0.688077208817491
2002,7,1.0301562098191,1.14669858307051
2003,50,1.2325467425414,1.33195053855551
2004,22,0.570105529599458,-0.147243769607695
2005,44,1.40177420274429,-0.777145719250629
2006,8,1.17355028011883,-0.679200747875588
2007,2,3.07301237886661,-0.457363484259605
2008,46,1.09644297685401,0.109095886679389
2009,29,0.940843104456204,-0.17966354563392
2010,49,1.59538950073694,0.473511766768523
2011,44,1.55103108140416,0.107791341166712
2012,48,2.92833673190778,-0.923322005929138
2013,2,0.827460615754541,0.287681154060283
2014,38,4.19477612142274,-1.94154209840226
2015,3,0.914666479385846,0.0717605301889185
2016,25,2.68865722841011,-0.86535114523216
2017,8,1.32237997576553,-0.325882008540504
2018,3,0.483112689275645,0.257945311379435
2019,39,0.802150982276259,-0.834460519857777
2020,37,3.08798763749534,-1.12579128200208
2021,44,2.38614507742302,0.405770359756124
2022,45,1.13308851512368,-0.405446399686162
2023,32,1.06414933777101,0.113236937528185
2024,47,0.546020664026978,-0.144236958463376
2025,47,1.02348250770732,-1.55688436168404
2026,22,1.41096692602923,-1.63702382385082
2027,25,2.33337648013413,-0.861479041045543
2028,28,1.03318348751913,-0.654922262916597
2029,16,3.30627552589001,-0.944230883984171
2030,49,1.04918796083083,-0.1958158201533
2031,9,4.12182244254137,-0.333170024903334
2032,30,0.90354552624485,0.959058809576871
2033,41,1.06694164039799,-0.346021205296028
2034,40,0.555034968693398,0.92107630144159
2035,10,1.90908975978869,-1.48940646623556
2036,26,0.702979368859674,1.41187925235136
2037,42,0.453661312401666,0.255764945171685
2038,35,0.517733720231668,0.980949529260747
2039,31,2.0633888788254,1.11997528792326
2040,33,1.59899749886534,-0.386627631991565
2041,35,0.900752459969754,-0.0156715689576958
2042,1,1.04817722394859,-0.587873181146253
2043,41,1.30457957491811,-1.87053555351405
2044,46,1.8213753983081,-2.38323351347885
2045,16,0.710299769272664,0.73218391870513
2046,49,1.29684621073529,1.14873656474195
2047,30,2.82561023763365,0.482844319216465
2048,13,2.93219414637433,0.957299092156453
2049,4,1.01316571136426,0.0195851828102518
2050,41,1.44712923180332,0.356535565073391
2051,22,1.70831382116406,-0.83452237712088
2052,17,1.47183968039642,-0.417079813880192
2053,34,1.0369720643272,-1.5318433189687
2054,11,0.501097290213957,-0.239705786772713
2055,10,0.695167122713392,-1.43486155696701
2056,36,5.2295908047066,-0.265981454325988
2057,8,2.34203950026126,-1.8998566903098
2058,45,1.78727094033012,0.242873942376905
2059,26,1.31341370823475,1.82227712687587
2060,37,0.928095556908352,-1.40965948027835
2061,6,1.63386209844144,-0.805857479573427
2062,37,2.79543554627885,0.663035000566284
2063,49,2.53405094851709,-0.152569162849415
2064,40,1.39186697235887,-0.341651619447647
2065,9,1.28048401038953,1.15350230633371
2066,8,0.647171824190866,-0.483341656905556
2067,11,0.73165637488371,1.59895529695986
2068,21,3.76345105250491,-0.631847914432417
2069,25,1.29449855553069,-0.839147387268399
2070,39,0.933108301909391,0.0906134868260125
2071,43,1.49546716432983,0.189522556291605
2072,25,0.779710341706471,-0.134990091050837
2073,37,9.7030632599668,-0.935177095058249
2074,38,0.772399840377847,0.272831164222216
2075,32,1.43141429397174,0.344567323045273
2076,38,1.64538121795354,-0.501645920862438
2077,30,0.994435415287601,-0.537802807465251
2078,28,1.12943297498365,-2.1429978892333
2079,36,1.46922370484682,-0.104262664309483
2080,38,1.66609429723549,-0.882833596847571
2081,49,0.441063191496348,0.133710251692214
2082,23,0.602863508118753,-0.69168846619947
2083,8,1.15064728737326,-0.00469977692626211
2084,47,0.512442134809975,0.0684202821180168
2085,4,0.738226736881804,0.0809257816591902
2086,10,0.865933147165507,-0.198987784901824
2087,38,0.659987668838062,0.866060160933561
2088,48,2.70859306077504,-1.09486161723604
2089,8,2.82741190665095,-0.218396608315538
2090,50,1.39124243037601,0.40087900646754
2091,9,0.698551143001192,-0.652747449932282
2092,15,2.82562011865544,1.84481242641356
2093,9,1.2065685396198,-0.440135087134892
2094,35,2.96881654813692,0.177438593848346
2095,6,1.59963509722584,-0.0283032916333824
2096,35,0.761711585016228,-1.87804769107678
2097,39,0.872559449189603,-0.192489901398079
2098,6,2.26197209909693,-1.00054051617287
2099,13,1.25621072086016,-0.376976102049879
2100,42,2.04008184210081,-1.22103432989736
2101,8,1.51050581119942,-1.18706738868629
2102,3,2.27612826299497,0.120459927572381
2103,19,0.711014329639766,1.24739838561525
2104,38,0.54743410158238,0.928784820375754
2105,17,5.30721164840847,0.866329742464164
2106,18,3.98191595073944,-0.639798949637093
2107,46,2.93362497485912,-0.195477949529661
2108,5,1.40702229184994,-2.18849076993814
2109,1,2.30827837064222,0.709612451444583
2110,39,3.12808267639724,-1.10426264793176
2111,25,1.62881580338291,-0.873495100733727
2112,45,1.86469826717092,-0.797444410786214
2113,27,2.19117919303502,-1.27153698024996
2114,18,6.31576069798265,-0.480293359391708
2115,28,1.23325966743671,-1.43678991377766
2116,12,0.740311907443465,0.0880650643230908
2117,33,0.614729496457056,1.48263249092492
2118,5,2.08752061835763,0.308854788243313
2119,49,0.874273939985556,-0.205501564380542
2120,41,1.08645835818049,-0.169429272730466
2121,8,2.57318357355698,0.5367240891994
2122,35,2.11670484798118,-0.189102289138006
2123,28,0.630353534800394,0.495971980610617
2124,24,1.62171765508359,-0.117149282534298
2125,40,2.7412405380257,0.797056491394701
2126,32,3.63324215108902,0.894252520754051
2127,39,1.02081122929035,-1.23935380582626
2128,22,0.984192201443331,0.860106426998968
2129,24,3.60697305577034,0.135781788329986
2130,4,0.64644395878296,-0.449158294774724
2131,19,2.10458580080265,-1.07964748797722
2132,15,0.798477526310638,-0.348403882062135
2133,40,3.19921386374443,-1.79141800248332
2134,46,0.391736705648772,-0.579678097416011
2135,44,1.55550973464176,-0.376327409479793
2136,19,1.96651286913745,-0.865706393537379
2137,38,1.09438916269537,-1.54956728750391
2138,37,1.66943136750919,0.984366990817949
2139,30,2.58066576057522,0.72058122167099
2140,33,1.57682041970617,-0.688002911360668
2141,23,1.32582309907133,-1.4391564580869
2142,43,0.958004663206597,0.495376721697024
2143,3,1.56433603269929,0.598546568403319
2144,42,4.964516161246,-1.27662766110449
2145,8,1.80282528349962,-1.23172593875482
2146,37,1.1584339624693,-1.33685666927375
2147,45,3.20279773449727,-1.1898625731711
2148,2,0.476425771518997,-1.20188082894581
2149,36,1.85275150715449,0.0319321336255158
2150,27,0.756629437646753,0.16372741559358
2151,32,0.517944572277457,0.521045530967442
2152,17,0.46293868017833,0.395825264439362
2153,44,1.55502279987941,-1.56478211496458
2154,35,1.64016760938184,-1.73205423424392
2155,19,1.13478016937778,1.9510018132788
2156,19,1.96001890883496,0.659872848070171
2157,23,1.34144954035574,-1.48870368075059
2158,1,1.3341456382517,-1.85674539721851
2159,41,1.66463830483864,-1.76567075689807
2160,50,1.14474926137362,-0.63211130228564
2161,18,0.500103235091301,3.15039550970033
2162,1,0.819246135136236,0.672034610474246
2163,27,1.23015075754301,-0.893333689963689
2164,14,1.51594347613141,-1.48211577292383
2165,37,3.91582918269681,-1.33998906669463
2166,30,3.47046334208414,-0.593045014077382
2167,38,1.17073681085167,-0.176664235763904
2168,25,0.826094430876906,1.19207992903349
2169,19,1.55073660215977,-2.62474267704388
2170,8,1.29548716854176,0.0673488577714555
2171,38,2.1060677468025,0.228656907716571
2172,26,1.74243691818501,1.10096423623081
2173,33,0.599301172800357,0.742730780600848
2174,40,1.41849301243176,-0.986454431687427
2175,24,0.523319425706192,0.71432581703353
2176,27,1.38236477041053,-1.75909618921776
2177,4,1.09723799007945,0.378600895501093
2178,36,0.971973514870528,0.242368612880676
2179,27,0.898499155257291,-0.846603191587015
2180,38,2.32659162867767,-0.0849193559190777
2181,37,2.63864581033491,-0.106980012113782
2182,28,1.32795243058958,0.790154646730095
2183,46,3.79691748053546,-0.975983381089732
2184,7,2.53086479427228,1.17486673065833
2185,10,2.27571411458428,0.873150971733988
2186,35,2.49790763314917,-0.716101883009654
2187,5,5.1496895811206,-1.83027328735824
2188,36,2.23265481470311,1.06546539743516
2189,5,1.76848528569509,-2.734360199666
2190,32,1.36590029710109,1.52948901179542
2191,33,0.918543147118788,-0.609366107216051
2192,5,4.46887509828678,-1.53222388942994
2193,25,1.85698845620095,-0.157852075273973
2194,35,0.844190692293625,0.449054272961945
2195,46,2.82149519805087,-0.0337890225099971
2196,8,0.348455777286861,0.758482350568785
2197,31,0.938328017562593,1.61280219036806
2198,26,1.55272579838513,1.62162920194062
2199,10,2.10234670116747,1.28815632154322
2200,17,1.03208222327335,-0.359771675382253
2201,26,0.817261902391439,1.09854760308899
2202,43,2.87994196505641,0.151336884947865
2203,26,0.939650752068687,0.104449094051413
2204,17,3.03598468337152,-1.8726592195814
2205,45,3.03656995947633,-1.04948959776805
2206,24,3.21763433662686,0.873137417047321
2207,23,1.18599962794072,-1.38623225407593
2208,25,0.811684400270701,-0.822425461585349
2209,28,2.06574639255424,0.154883517116668
2210,35,0.484536064859602,-0.351836979624017
2211,35,6.83322125352544,0.330856213295174
2212,48,1.20353012198134,0.344597879799252
2213,15,1.15237437292745,1.27693420349525
2214,36,0.562256575440796,-1.02123797262525
2215,37,2.63152573684117,-0.640212065544163
2216,7,4.76437421427006,-1.27338438303428
2217,23,0.560426232562305,0.505646381316923
2218,43,1.33955245181402,-0.569161929921863
2219,22,0.406572755944522,0.839531120184047
2220,7,2.11338494043843,-0.89144080404215
2221,9,1.30266435017298,1.30201439546715
2222,29,0.336808756880365,0.458823879127569
2223,42,1.9389400040324,-0.130814384374601
2224,7,4.67922155696011,-1.76380127217268
2225,29,1.45388513506273,-1.23886415364121
2226,25,0.394986869569948,0.225079521294702
2227,33,1.87168527353737,-0.0037866863971989
2228,13,1.56008366942883,-1.19888551593098
2229,16,0.528001309043335,0.791093182806488
2230,29,2.09606368894687,-1.43195344331048
2231,45,1.48247354085054,0.135299685012705
2232,31,1.97522225762536,-0.356892925174799
2233,45,2.1399956631844,0.0835162531049776
2234,5,0.937527791225883,-0.35921948146097
2235,36,1.24410664308855,-0.120047028673421
2236,1,1.41850682209583,-1.32570492354214
2237,23,1.2370218729334,-0.0184899246491414
2238,37,0.377806805275947,0.992385505835465
2239,11,1.50419868521431,-1.56289450323159
2240,45,0.763778573192965,0.616556726029094
2241,13,0.794561283728651,-1.36253163400667
2242,6,0.790977637386635,-0.913855471169053
2243,33,1.45759513495348,-0.660667406702713
2244,48,1.81592101908834,-0.327299697525892
2245,39,2.6361384535202,-2.46261920572098
2246,37,0.6495935837601,0.363669426294527
2247,12,1.24470166729037,-0.510068515895439
2248,45,1.65886899124496,-2.60333840191681
2249,40,0.63374616953895,-0.43415376910873
2250,22,1.82562807696796,-0.51438745056696
2251,17,1.13982953850732,-0.190344998005587
2252,16,0.969197344324084,-1.9691140700164
2253,40,0.747955590492346,0.0431379653407898
2254,16,5.09085435186076,-0.400691879763965
2255,5,0.898295474633011,-1.35898484946814
2256,50,1.11736045166422,0.00349828194878252
2257,39,1.38249176681417,-0.404345495113424
2258,2,0.983578767190129,0.0337219825189288
2259,50,1.35777529896328,0.29931304207013
2260,13,3.54695193332925,-0.608440476226338
2261,3,2.1095633184564,-0.297425266149443
2262,32,1.19969597430704,0.882791065770317
2263,15,1.35996406994724,-1.20650708051838
2264,12,0.698289260403256,1.13581243491578
2265,17,0.371373453738809,1.69076485861755
2266,27,1.31475371896016,-2.15189662153726
2267,4,0.489213138847872,0.682975208816112
2268,31,1.94887834075069,-1.80589690206396
2269,49,1.74980094811793,-1.98423086832887
2270,27,1.06515699230756,-0.122040439103594
2271,16,1.62405516206197,0.415892642996879
2272,21,1.01126986475186,0.244633412681155
2273,41,2.39757462056035,-1.31436336483344
2274,45,3.21872848204397,-0.718418442305057
2275,11,0.997429080814455,-1.2394249206711
2276,8,1.20138193427337,-0.219208622514778
2277,24,0.789481601054699,-0.135471569450543
2278,27,1.36096095899677,-1.63680353641696
2279,5,1.43244682452703,1.55046796252828
2280,32,1.68641046903706,-1.15333799960124
2281,20,1.19963729543356,-0.459979559206286
2282,9,1.24132885992319,0.898719214658414
2283,10,0.942287538417966,-1.48281643748358
2284,2,0.840899260008092,-0.1698334805618
2285,48,1.0332272551636,-0.615433263489679
2286,5,0.950488058754891,-1.77862227395112
2287,37,0.930688141646191,-0.279914250793502
2288,30,0.958313681746046,-1.44077613655724
2289,50,1.06260617033795,-0.00358963832945441
2290,40,1.26240009989646,1.10947112723391
2291,19,2.23092779144771,-1.034170609039
2292,7,0.616478548635413,-1.51558097272564
2293,37,0.676303995984537,0.397657292922265
2294,3,1.13146026870229,0.321529697137931
2295,6,3.69675547980316,-1.55779954773542
2296,20,1.19819288814706,-1.53135967011185
2297,40,0.903776909575768,0.807714228604734
2298,49,1.17234251025201,-0.457075001354965
2299,6,5.30219472752124,-0.0108496836846803
2300,1,4.16359612969747,-0.655328210416157
2301,10,0.870463755612911,-0.350890613254644
2302,46,0.835367555275563,-0.197341121393546
2303,43,1.18395689043619,-0.511734177161436
2304,28,1.23841033140387,1.4084638662548
2305,13,2.07069878730871,-1.73509529734002
2306,2,1.87548256649524,0.652789596789486
2307,34,2.14542326561567,-2.30048499774335
2308,7,1.94326489079571,-0.613109018279835
2309,12,1.35538152828796,-1.69918127314987
2310,41,0.610936716402785,-1.33409411243724
2311,4,2.15365022787106,-0.639155087884572
2312,32,1.30673743379115,1.44175840063435
2313,36,2.68367489631434,-0.0557688202134514
2314,17,1.8661122763766,0.0820309326502765
2315,6,0.686904474513441,-0.673088004332954
2316,27,1.9781833372818,0.559292961235919
2317,32,0.852003686932158,2.22245700057944
2318,18,0.371604966022245,0.145729439775516
2319,34,0.733373037952589,2.2156114512679
2320,34,2.04443738159548,-1.51429274915155
2321,47,1.05226666706436,0.438502119864486
2322,47,1.36701096832383,-0.997313453857614
2323,4,1.63059736525935,0.565618612241234
2324,1,1.78119204800618,-0.733274746089254
2325,42,1.99388582726674,0.322391257773253
2326,37,1.42144749563389,0.238693904606493
2327,39,1.70556478153746,0.371111498611166
2328,1,1.66882075686715,0.0103965665142269
2329,32,1.28026598941338,-1.42717453723431
2330,22,0.41953563447134,-0.787885023875079
2331,45,0.70168168260208,1.13421242851432
2332,15,1.84790820244305,-1.0599022560436
2333,23,2.61349250822251,0.782744916198074
2334,50,2.30648903313376,-0.423741978462995
2335,10,1.85720968252819,0.236506520376275
2336,2,0.602173632837609,-1.59841889745502
2337,24,2.49394158082884,-0.124947412713687
2338,35,1.17730220875261,0.387359280231093
2339,39,3.81385358815744,-1.96538258524361
2340,6,0.979770122229083,-0.641939384738406
2341,27,1.50785758553102,-1.09030094782814
2342,34,1.61435508424013,-0.102735588037235
2343,29,1.72391689240386,0.128419557262507
2344,48,1.1290146677863,1.18164368176077
2345,43,1.09130115915603,-0.23215406178678
2346,20,0.889466782085304,-0.346274599891366
2347,29,0.405113714385351,-0.924009286325279
2348,10,4.32833511308621,-2.23131196793076
2349,36,2.49347579366233,0.407852235070083
2350,36,2.29211470565338,-0.0992754434857324
2351,31,1.95294926594203,0.585699683105345
2352,43,1.22284332816287,1.05416685012991
2353,16,3.55370381570002,-1.07240970217112
2354,39,1.16370866815771,-0.965487759020219
2355,41,1.10555731866861,0.665419000240491
2356,8,3.12567886212596,-0.602183938898406
2357,39,1.65252027369515,-1.16408141536941
2358,29,0.51398900461201,-0.308881334283734
2359,10,3.26545925582773,0.583506722490265
2360,42,2.64396011231587,0.197227060855322
2361,45,1.01157855981096,2.61317260447801
2362,23,0.597209201175693,1.49415081552533
2363,5,2.27382196773746,-2.18031890855252
2364,31,1.11774435612959,0.262401190954316
2365,10,4.21540785323103,-0.899544956753886
2366,3,1.72253910107174,0.0606109827576622
2367,33,1.04136989470615,0.753771237293481
2368,44,0.943350364501641,0.359347310081113
2369,1,0.536681503763751,0.479510334021982
2370,10,2.31823085906116,0.297016878618726
2371,4,2.30587230029289,-1.78920687057002
2372,50,0.679651316887215,0.900971468813641
2373,28,1.50363251779966,-1.69325773562511
2374,45,1.17222074605311,-0.346001505852552
2375,7,1.12284722493394,0.95867814114911
2376,20,0.679345073397614,0.113972791879118
2377,9,0.603922161565718,0.403495730400558
2378,20,0.963927181323186,0.320043783187287
2379,22,1.22020370229553,1.0346413868979
2380,10,0.921207674531871,-1.4312803682149
2381,4,0.668932012464215,-0.903979782334696
2382,3,0.733868829478291,0.500653563293681
2383,8,0.748587947838788,-0.514756161922384
2384,37,1.50130186053447,1.00962867311263
2385,10,1.35593747643131,-0.319935932831656
2386,43,1.62200087921251,-0.845535598143125
2387,26,1.8859912780159,1.32639198339091
2388,20,2.49045157967142,1.24677107367889
2389,2,0.615451863206827,-0.597964403519018
2390,21,0.854802672674245,-0.285407800426758
2391,31,0.30945032311319,0.571651419895213
2392,33,0.880914510418683,0.243805403097446
2393,13,2.11157121460364,-1.5939219390774
2394,25,4.25158278018048,-0.548069735209799
2395,26,0.576698245848514,1.1233263154277
2396,13,1.55598556231469,0.79887080351054
2397,13,1.79295685199107,-1.25290161727192
2398,28,0.565144831889009,3.62947423470977
2399,18,2.25174392915505,0.84258012871495
2400,39,0.852895304105547,0.5464730572762
2401,35,0.995390564393786,-0.45211825789902
2402,15,4.91084840333786,-3.50479588375744
2403,45,4.07992763457324,-0.0987631329390097
2404,25,0.446656569001004,-0.805339004269666
2405,46,0.700231919993977,0.441243571243443
2406,34,1.04414241477226,-0.668402512356516
2407,8,0.693589519705005,0.383530646883173
2408,41,1.71864397373213,-0.0143130833990541
2409,23,1.86038528502748,1.03032298816906
2410,9,3.83738921103316,-0.546339544782593
2411,11,0.983643048314509,-0.0563635338359526
2412,49,2.62578027215223,-0.422905849702479
2413,6,1.36897302551027,-0.743947819774921
2414,17,1.96087628780739,-1.32042371645037
2415,32,1.09473108787422,-1.34579756924516
2416,22,0.557742360429481,1.18449778497657
2417,23,2.00015226719412,-0.110986745199333
2418,39,1.41985088081332,1.38974217490068
2419,14,1.30543245773157,-0.863795599385952
2420,23,1.68926421788872,0.427529937826025
2421,39,1.51713648867605,-0.101627482753711
2422,12,2.09729701525855,0.300261096208271
2423,43,0.662217628122158,0.66717666212931
2424,43,1.77849388148838,1.24161730805395
2425,10,1.31824294935204,-1.08982230473109
2426,20,1.3431844544402,-1.63969137815967
2427,34,2.56119315764024,-0.570910587275963
2428,19,3.79917593125759,-0.0145444794416584
2429,8,1.29936782442149,-2.77971081965114
2430,17,2.11834041531288,-0.605862981229529
2431,49,0.881311684318112,0.536504961180666
2432,11,0.565988827816127,-1.69837638345824
2433,49,1.10463901850709,1.06774885472611
2434,12,1.15397195139689,-0.97985636038984
2435,44,0.36023773484767,-1.33920334096272
2436,48,0.830914722987311,0.703475903725132
2437,44,1.00708128903191,1.1395171392035
2438,23,0.814471403036274,0.595951705520965
2439,19,1.10848134984635,0.93044987412589
2440,20,1.26218678622668,0.369617967244497
2441,45,0.737213903489164,-0.0559318676117781
2442,13,0.551258346211309,-0.591291245229659
2443,23,1.04228817702406,-2.34448930660217
2444,47,1.07968819595145,-0.698570029536486
2445,20,0.996037884300741,-1.22143283158813
2446,13,1.22923112228389,-1.29372416308354
2447,42,1.04664839126608,1.93291432613974
2448,30,1.27734846825015,0.407226096385175
2449,4,2.99994790573069,-1.26758097605399
2450,23,0.523695038025208,-0.333919546259736
2451,4,2.26185478144519,-1.90466107461989
2452,39,0.748540199647062,-0.00486724409156131
2453,16,0.84683977276215,0.138383049515045
2454,31,0.605684983268871,1.00459070776565
2455,42,0.914805942437332,1.64573623679108
2456,29,2.79031767385637,-1.47399554433731
2457,45,1.47457157383365,-2.44174366449
2458,35,2.26551411344152,-1.11932127950764
2459,17,3.57789267645783,-0.552153663568424
2460,22,1.67718092428277,-1.9856544628688
2461,24,1.05743266386389,-1.5572920947744
2462,23,1.12773440551528,-0.0320470478988262
2463,44,0.807109858906057,-0.51623285533545
2464,16,1.05684783289987,2.1088878675497
2465,21,1.4785424081278,-0.736359798219779
2466,40,2.4237564215702,-0.300206365887432
2467,43,2.66259606155147,-0.650743893952548
2468,31,0.605170248145068,0.659487612279997
2469,44,0.651151603365203,0.236359292624967
2470,15,1.82886889417377,0.676990013126584
2471,24,2.8774769220707,1.19596159105352
2472,20,1.91801235161329,-1.06799597058943
2473,30,0.325967873834453,0.490857617478926
2474,41,1.52431636028342,-1.12655979184085
2475,22,0.553472622358757,0.19123470103437
2476,23,1.31765153041423,-0.0562198143727922
2477,50,1.39259020983194,0.943732020432958
2478,28,6.47905207639892,-1.20909753474909
2479,22,2.09301819295107,-0.0910452846380679
2480,38,1.08040484926574,-0.942195984788316
2481,19,1.33021421190722,0.269407725907195
2482,21,1.68151319891972,-0.738764919824168
2483,35,1.35660483809228,-0.676594332008766
2484,43,0.725872596382776,-1.07536063526437
2485,33,0.581925524052665,-0.0273464760910297
2486,26,0.870211319518678,-0.0347216896112084
2487,45,0.650092598114449,-1.11543772070884
2488,49,1.46917754282796,-2.13623575885656
2489,46,0.793356427633611,1.72114593004498
2490,2,1.28056364224143,0.477029626396918
2491,7,1.1051971055136,0.280078193000565
2492,21,0.552039657385012,0.256660284412449
2493,19,1.19769875281697,-0.688948449941935
2494,25,1.68984587228568,-1.49517634682076
2495,48,2.41533774775708,-1.46026425769695
2496,18,1.83106025084575,-2.52266829794344
2497,42,1.23952395096152,1.78609727740654
2498,45,2.30677282236911,-1.53664487992454
2499,44,5.08984644014048,-0.589892889619004
2500,34,2.21798871836651,-0.341308104857593
2501,46,2.11178633153603,0.664497514996371
2502,44,0.570920943175403,-0.507937759529702
2503,6,0.959662312822825,-2.32363083607356
2504,31,0.765091918252036,-1.19364473597305
2505,18,1.68395239501938,-0.699397180040714
2506,1,0.963473350936267,0.371295544472196
2507,24,1.78742373291431,-1.67212457284614
2508,8,0.577224792684935,0.320518475234963
2509,13,2.00749758271879,-0.588551599529798
2510,19,1.39748728609175,-1.21010064413949
2511,16,1.31784676461239,0.173070582791457
2512,50,1.16029609705577,-0.226058014717051
2513,4,1.00187431222796,0.223658338844001
2514,3,1.25339207456252,1.16475738106859
2515,43,2.22781556113228,0.778522637353405
2516,1,1.3171518573387,-0.590993919074763
2517,3,1.21464135291541,0.688994202841839
2518,2,1.3887308965705,-0.598940296150225
2519,18,1.18293138502444,-0.262702812990108
2520,31,0.48503667880461,0.579800125660534
2521,46,0.979527382825492,-1.54765392641139
2522,7,4.20435366756166,0.963955572796001
2523,35,3.02780291939484,0.428771930726559
2524,13,2.90317689909253,-1.67145401397447
2525,14,3.1407565949008,-0.453888794940572
2526,42,0.677432742175303,1.48439882683344
2527,4,0.725485448282717,1.00365131720319
2528,7,4.04046735717037,-0.44757489461014
2529,38,2.27143422105863,-1.87286844277475
2530,22,0.566829451341101,0.156774882514216
2531,31,0.948876634274881,-0.533774725929373
2532,4,0.977940983538743,1.30986484672624
2533,14,1.75420625513934,-1.30110807488461
2534,32,0.612831751321444,1.2813083097709
2535,47,3.09239729553913,0.0190522539275388
2536,9,0.731476967320381,0.0147298877608787
2537,21,1.93713884242907,-0.743949193695054
2538,14,2.11831183939744,-0.553615914252021
2539,24,1.91866187513647,-0.0542874165787201
2540,20,2.31976508779686,-0.620025736156745
2541,12,0.906727414982196,-3.30915132758636
2542,50,0.782612814166733,-0.361503383974491
2543,38,2.14495201665604,-1.27804216785588
2544,5,1.17407972738689,-0.564802022045952
2545,23,0.902016408903914,0.756895576204206
2546,30,0.777902679446591,0.306219203418534
2547,35,0.880555976163461,0.290836697353544
2548,37,1.52212893758814,-0.816892516018171
2549,34,2.90383532481181,0.190245829797402
2550,47,1.20781010708731,0.376448840889317
2551,42,1.05911742616015,-0.658100032043027
2552,21,2.56324714118699,-0.732725192261961
2553,14,1.5141587481245,0.709202996126686
2554,46,0.709325365041177,1.69764892236708
2555,31,4.02988696211535,-1.38671686475566
2556,3,1.51997755731866,0.228452151184643
2557,40,1.41235255524334,2.05373944654751
2558,49,1.24232244744382,0.286681828982628
2559,40,2.07004244729282,0.113137963777503
2560,25,1.64431280194555,0.792971888744495
2561,19,1.38868321646449,-1.10054726430463
2562,3,1.66164946054791,-0.0625913493023201
2563,46,0.609064774589962,-0.64622876413096
2564,34,0.680913052288082,-1.32776467489135
2565,46,1.64901738218866,-1.80832481053698
2566,40,1.90752225397614,0.26083565644257
2567,24,1.6175984134734,-0.408092077796309
2568,6,0.957251041043672,-0.421861280537595
2569,16,2.61143406866922,-1.73823622357476
2570,49,2.27626190205855,0.00899433621249429
2571,39,1.27950636456482,0.0296697968032368
2572,49,0.891654573063934,-0.187210088555082
2573,37,0.890045380859876,0.777590549251513
2574,2,1.45697891274801,1.21400533774588
2575,4,2.81560346234606,-1.80415675704117
2576,40,1.42869669442843,0.233004501562413
2577,9,1.95660295221858,-0.559663914916684
2578,19,1.03709426539448,-0.275996837239328
2579,33,0.64070264203377,0.259979482191637
2580,19,4.88202450302569,-1.27159458227861
2581,25,3.15688984480303,-1.86205267161984
2582,35,1.03624447033088,0.335206643259531
2583,48,0.748985095963861,-0.692086776453036
2584,29,1.41292935915324,-1.17023481143902
2585,46,1.50375824153869,0.742390515996614
2586,23,1.05214757167222,0.882053390691466
2587,43,0.448011554564742,-0.0272871695244636
2588,21,0.649986618434476,2.61577084345721
2589,44,2.09115673892847,-1.34181220348071
2590,41,1.79071303389469,-0.0609231707765598
2591,24,1.00049572900907,0.126776111280495
2592,27,1.32347036704656,-0.38912965305346
2593,21,1.73343078935985,0.59906078827768
2594,49,0.992779353208783,-0.0172915778652627
2595,17,2.0567433493028,1.66438943774978
2596,44,1.18650873485003,-1.243094651626
2597,27,4.2838030949261,-1.7312748564635
2598,25,1.2826065105118,-0.950080411039782
2599,30,1.55543489571807,0.326971644163619
2600,4,0.930825127433308,0.0866022164736514
2601,2,1.1893512457225,-0.410435459859874
2602,7,1.301302779532,-1.84382431642599
2603,10,2.25190115970459,-3.12153373519377
2604,35,0.506144341753069,1.27528061833242
2605,40,0.633703545881623,1.30238563820209
2606,1,0.761445385958523,1.63902799397279
2607,12,1.5669589077668,-0.468611785294245
2608,3,0.885202663186492,0.249277323797662
2609,49,0.742197107549988,2.03050637196648
2610,16,1.00380586883227,1.18498734705682
2611,40,1.51338490013078,-1.23195071043036
2612,6,4.98770608155277,-0.510068492952483
2613,15,1.48225870135366,-0.722327916926865
2614,29,1.14970063706514,0.0323374342505356
2615,28,1.74480287768548,0.444184956500417
2616,18,1.06775446164284,-0.293444876594417
2617,11,7.20691207885838,-0.914431286954637
2618,11,3.3184923174888,0.068112036524892
2619,41,1.36683700409824,0.353736220666431
2620,50,0.586179811841416,-1.00340891783788
2621,20,0.332203518048671,0.503984420090207
2622,16,1.90329248971142,-2.89969184062705
2623,27,0.501582094704171,0.406023968972724
2624,18,1.16762959789411,-0.527730650772991
2625,29,3.08601779741258,0.34648001551037
2626,40,0.758556570858456,0.656356682162158
2627,4,0.625524691193399,-0.290164535837313
2628,41,2.5233150381164,0.887150955153902
2629,11,1.63559944675508,-0.644530813112359
2630,40,7.81713696608799,-0.627737398050272
2631,22,0.466479695638029,-1.28024971437195
2632,15,1.29734707175981,-0.9478262903997
2633,39,1.55294112395173,-0.0393989068190858
2634,47,1.59008065331844,-0.0340138637857416
2635,46,1.95984570220361,-0.753067428871141
2636,43,1.67626914570751,-3.03789533949434
2637,35,0.983093999904043,-0.979976328001427
2638,28,1.97044680746957,0.283468297019969
2639,43,0.905728197151943,-0.615663050008669
2640,4,1.31429010473288,-1.52104699921316
2641,49,0.958806524454959,-0.846097362269053
2642,22,0.412469922448584,1.25341708285299
2643,3,4.50697238891006,-1.43071849641602
2644,44,0.909783420527964,-0.93037102160817
2645,43,0.988390701510397,-0.749493572523397
2646,35,1.37907328427262,1.30563762597434
2647,39,0.395825265791871,1.39769834229451
2648,46,0.673546568903383,0.570866747690964
2649,13,1.79564604294935,0.0492640491144908
2650,24,2.00488180323253,-1.13937793050238
2651,44,2.19431078430487,-0.748688214413657
2652,35,4.45745030353522,-0.398518942212758
2653,15,1.01376341843255,-2.15838289174555
2654,39,1.56277549022879,-0.587465470879385
2655,18,0.929574598443496,-0.59478669992258
2656,42,1.29274712658616,-0.315425000723726
2657,33,2.44361738906238,0.114517914472463
2658,4,0.721146761772644,-1.04433119448075
2659,14,0.374745401772586,-1.21732962490825
2660,6,0.770042438355057,0.547784139115264
2661,17,3.88433170597684,-0.747963274723861
2662,16,0.368837019901027,-0.102692945365701
2663,40,1.46879522138903,-1.36732099509763
2664,48,1.79111146548515,-1.38403550495936
2665,18,2.41473318336486,-0.945625488218834
2666,28,0.9666259795391,-1.35487349395529
2667,6,1.28318722223351,-1.78442550091302
2668,49,1.52679367437478,-2.18166294651911
2669,49,0.67969920210274,-0.656710664767789
2670,39,1.82586555157862,1.25627709281672
2671,12,3.30380637145724,-0.59993901642786
2672,41,1.6517071441129,-1.07883829896421
2673,5,2.02223319164074,-1.14155672382213
2674,1,0.954902618843048,-0.0568074028082169
2675,49,3.10969276773914,-1.40742173404278
2676,14,1.60846756293727,-1.49916851162809
2677,31,0.620227387848606,0.324026262842433
2678,26,0.388375111648774,-0.315948466190261
2679,30,2.09560128386623,1.01703348134003
2680,9,1.56853876515507,1.37512220497519
2681,47,0.629213716189654,-1.2354997731573
2682,42,0.554142491721355,-0.00980736982313507
2683,37,1.15955555584762,-1.77459186335941
2684,34,0.279257270893757,0.900096763125519
2685,27,1.03010579274964,-1.25195998534604
2686,15,1.18978628538494,1.36949790961384
2687,46,1.68308504040242,-1.36149155387567
2688,12,5.28298523204182,-1.46413736981284
2689,21,1.13551369871442,1.44131383443701
2690,45,0.702480389661097,1.25771013542489
2691,2,1.1725312928689,-1.00735565474311
2692,29,1.72154266725129,-1.77474258360702
2693,30,2.14749459893984,-2.1560848378488
2694,5,0.809663907970925,-0.960063144638068
2695,1,0.55871479131696,1.59780014060011
2696,8,1.9510058633571,-1.12474374037207
2697,14,0.832129619618682,-2.01380638842421
2698,17,0.979599286003263,-1.38600324584548
2699,29,1.02990715244117,0.746225132671303
2700,26,2.43407174496412,0.989477187639306
2701,6,2.2355833821171,-0.126728159099741
2702,14,1.54932025772877,-0.303775911950214
2703,7,2.50237607021851,0.998333812901222
2704,43,3.18851479110584,-1.45309593957848
2705,19,0.581548995095338,-0.0865011408211884
2706,15,1.89100844240512,-0.338465180875391
2707,8,0.932658859263407,0.720715218238306
2708,19,1.01673842906945,0.551871335621741
2709,15,2.73902737154445,-1.30466463856035
2710,8,0.462203386155586,1.02053837877379
2711,36,1.75139532029532,2.21586153237828
2712,37,3.77279070802282,1.13914388286081
2713,33,1.11512886452992,1.62760231103159
2714,1,0.802176311800458,0.893431307099591
2715,6,1.80375938129776,-1.02907350439449
2716,8,1.38829399175035,-1.50070560008831
2717,25,2.205623715713,-1.6899127238214
2718,42,3.65571692043663,1.07689284645738
2719,34,1.08389075869598,-0.556329567381256
2720,42,0.987736089928743,1.17356175188018
2721,24,2.5349607789053,-0.183124461048537
2722,9,1.32008600387633,-0.83106232879681
2723,10,3.37079884613094,-1.32257141848981
2724,23,0.506579897135579,-0.181933029743971
2725,24,1.82144334620156,-0.0373823764459836
2726,12,2.19129867631474,0.158608833785676
2727,13,1.81520249563036,-0.586256131058813
2728,29,2.13598376595567,-1.72239529365351
2729,47,2.69505048635771,1.1247929761037
2730,16,1.18547770635195,1.13185514018775
2731,36,1.66937827869118,-0.0868372611205464
2732,35,1.07481870653146,-1.5354714193245
2733,14,0.871284357609068,-1.9653158871965
2734,8,1.79892871867348,-0.37486235282
2735,45,0.829900595421993,-0.104309807978489
2736,19,4.11782734352618,-2.3271598927986
2737,49,1.32344445347018,0.0442565293395727
2738,43,2.47484409285658,-1.38789832326339
2739,32,3.17409428519417,-1.33576515411392
2740,25,3.20108117382424,0.787709568673741
2741,15,0.860692285999273,-1.67857257063102
2742,30,0.468850449372171,-0.849995178999717
2743,5,1.09138979865643,-0.237662022760207
2744,34,1.2383138781702,0.00984389731985391
2745,32,1.75705966899028,-1.02921204869463
2746,11,0.782411270921455,-1.22858502073732
2747,22,2.50421781979145,1.69800031964002
2748,31,0.497107874212852,1.13739573684729
2749,24,1.15595845040765,-0.901177088548454
2750,23,1.50369055453614,0.0290552893463019
2751,13,1.22432849509741,-0.585737688427279
2752,36,1.61409609197126,-1.70716364496606
2753,18,0.628521974617109,0.243647213749239
2754,47,0.700194079889256,-0.439388219881083
2755,40,2.45168828400496,1.02666299299142
2756,15,1.14097508376975,-0.203231966841541
2757,20,0.321601215561732,-0.0461334019208429
2758,46,1.4811163378629,-0.331554638350751
2759,45,0.758016937651918,-0.381040780627932
2760,26,1.84341935632539,-1.8167512372277
2761,42,2.5760064890841,0.319815126481201
2762,11,0.396082814185197,-3.50161656043088
2763,13,0.662168705021689,-0.0856331994105874
2764,13,3.27007627427033,-0.928936642963332
2765,41,1.25274092292386,-2.92334221004453
2766,23,1.22404998484421,-1.42411684459501
2767,18,5.72410990299442,1.38868394326978
2768,26,1.38131958757056,-1.54105376014129
2769,34,2.97200681475024,0.361962849346255
2770,19,1.83863574845869,-1.52782735573153
2771,2,0.824522105094894,-0.512670481604389
2772,48,0.854096882430591,-0.528931051752148
2773,40,1.20812100032689,1.3462820720481
2774,1,1.45658419614905,-2.11994507517192
2775,31,2.24115837641773,-0.236941750844166
2776,15,2.31731316227746,-1.44597727467474
2777,39,1.57882217199667,1.16085200236933
2778,25,0.923386613092913,0.402447225660858
2779,37,3.73819253458789,-0.137352638502301
2780,41,3.42593589366476,-0.928022336985574
2781,10,1.11127938612326,-0.151111592126268
2782,8,1.88045578235909,-1.07749283958
2783,25,2.54254852978269,-0.888982514038967
2784,27,1.5813443828585,1.42455754908182
2785,40,1.32684792574258,1.28072399593221
2786,35,0.298153998209912,0.426979247865355
2787,44,2.55353310677037,-0.8106505299495
2788,41,1.86070777837632,-1.20784899564202
2789,36,0.660519395547257,-0.586226967250599
2790,9,1.86228038774136,-1.09155285623964
2791,19,4.35355486589304,-0.763416647895476
2792,7,1.96608947375074,-0.530232745242354
2793,1,0.472934071522937,1.58105433785957
2794,6,0.816583394244734,-1.36537992231878
2795,40,0.84653182648989,-0.52380885961073
2796,31,3.42099457505697,-0.954143489713971
2797,9,1.2877051570207,-0.981568556274624
2798,49,0.677822143683057,0.131430590253474
2799,12,2.57405313696411,-1.30137191752316
2800,44,2.08707565983044,-1.86672104811988
2801,50,1.02218626635883,-0.792126933456388
2802,40,2.40285246815008,-1.83242653421096
2803,30,2.04104564909707,-1.47214236063252
2804,3,0.833774708759977,0.866294766560658
2805,6,0.823939779469291,-0.792109687704688
2806,49,3.76280849500955,-0.83776480224846
2807,1,2.09766791017749,-2.12517565330119
2808,37,2.2995907332322,-0.00760135992733307
2809,18,0.662971966514926,0.731379357555024
2810,6,1.1895420119901,-0.745215853316405
2811,13,0.495300097674615,-2.35661177604842
2812,46,2.64459600952953,-0.379762507706509
2813,38,1.5249291814605,-2.14770314969408
2814,30,1.38128077595504,-0.104831432132827
2815,50,1.4886774455595,0.380596547792088
2816,9,1.43587722551369,-0.15138783971322
2817,14,1.61529796661018,-0.90218994834057
2818,9,2.24632361618954,-1.21292002751075
2819,20,1.34002505671552,1.68904776308358
2820,6,1.74999395384666,-0.621137813172799
2821,48,0.855822054541333,1.06120398546008
2822,49,0.863488303402139,0.921423424629288
2823,42,0.834207615594915,0.64933167510369
2824,13,3.23092161628624,-0.924433408346205
2825,48,1.30060396600426,0.0909240182334914
2826,30,0.694329412149934,1.62566972244923
2827,26,6.90546834544559,-0.56835091531195
2828,16,1.34637387312464,0.548271719861833
2829,8,0.730804359932452,-1.28920689845028
2830,41,2.7152831932009,-0.539762775383288
2831,21,0.668942331742582,1.41724458727268
2832,2,2.57490266029573,-0.305064805795543
2833,7,1.69147625782398,0.43481110931869
2834,33,2.86792686873199,-0.806954744046756
2835,37,2.29254384924858,0.049292097560527
2836,38,1.47791961562157,0.180208493967288
2837,2,2.92146989329422,-0.923298157621738
2838,31,3.40813017507206,-1.47188273848633
2839,26,2.32132379923828,-0.20563645252799
2840,16,1.01357403296437,-0.895927929652484
2841,3,2.71593897701856,-1.79243387920918
2842,12,0.285863742059395,-0.403124029840231
2843,20,0.756601423537977,-0.742092149072859
2844,17,0.854861949650889,-0.101504433670418
2845,10,0.694293661864544,-0.789054858544973
2846,5,1.05989769330721,0.652700298067635
2847,32,2.39148110671386,-0.143147661668674
2848,4,0.631127925831151,-2.04917801941351
2849,4,2.62244853384115,0.0954627559595543
2850,14,0.700874226317849,-0.802871235671101
2851,24,4.71738491963795,-0.519548959113568
2852,12,1.39815230531862,-0.870935769018289
2853,30,2.57096781025644,1.76096280989169
2854,5,0.686226481725729,1.01048373081916
2855,44,1.94327312025988,-1.93043311197253
2856,3,1.27536985900891,0.666512381515231
2857,33,1.29875514091931,0.129390940639965
2858,44,0.534583532863224,0.922797579287533
2859,17,0.510820591473068,1.2161081672141
2860,25,0.803586760308737,-1.24058648782965
2861,17,1.53737574321901,-0.82180327484307
2862,17,0.58464023373262,-1.20655429300319
2863,10,0.816953304748078,0.0151834984501225
2864,29,0.699414696387965,-1.78826478548272
2865,6,2.35673229167257,0.271633247115297
2866,46,1.26084643880184,1.7604569232516
2867,27,1.28878397510063,1.28282725800671
2868,5,0.61180905657405,0.856625679461924
2869,22,0.743858009970291,1.81688855222243
2870,24,0.81565566887492,-0.495828556441889
2871,5,0.823405009723636,0.335868461505571
2872,21,0.722859272934617,1.23652536945421
2873,33,1.31072993746266,0.527844035520739
2874,50,1.85339424569884,-0.989541042071389
2875,10,1.11075194937743,-0.338660670408094
2876,33,0.220786762769323,1.18423795055561
2877,47,2.39252480436978,-0.00422693624685977
2878,25,0.263861521911398,-1.19294045308726
2879,10,1.91442982252041,0.307801755531009
2880,8,1.76372750846507,-1.16809795137883
2881,28,3.32024644537485,0.554272641071579
2882,4,2.04595223227539,-1.56165296560772
2883,2,1.28667716082498,-1.16152810768526
2884,32,0.992224211806994,0.335967566820411
2885,19,1.15124074828859,0.253155908087542
2886,14,1.65206058073145,0.193888903195113
2887,47,0.871875235721513,-0.0774838681883588
2888,6,0.910231061572718,-1.0355204978624
2889,35,0.744008813295496,0.523986308676735
2890,44,2.2856466363282,-0.196773553240741
2891,38,4.82574710404516,-1.66145466374704
2892,20,1.18545305005271,0.0209435349932754
2893,39,2.39423680817421,0.469528256874412
2894,1,1.36774905158341,-0.23610264983782
2895,27,2.89822831497403,0.271326485765632
2896,29,0.861243329025279,-1.52335447191646
2897,17,1.88367849325271,0.824506611449834
2898,37,1.41049977511155,0.489934452960349
2899,21,0.542101703207856,2.15320845496731
2900,43,1.85982662601654,-2.78615973913833
2901,27,1.66414485890316,0.798064542282309
2902,39,1.81678937406887,-0.450435335376022
2903,12,0.677610224763757,0.119655428769323
2904,46,2.74184484468053,1.79860269995497
2905,14,2.5730952567301,0.706410294003996
2906,18,1.13296609640646,2.29343821311494
2907,2,1.28864730579664,-2.05817087033188
2908,6,0.98879442589862,-0.469939886267115
2909,6,1.06232714263544,0.421841990333157
2910,28,1.10144470305889,0.549358830705195
2911,45,1.0808162835788,1.91928660021871
2912,37,3.70158065421766,-0.688652237384807
2913,9,0.255543329240338,1.80360689953278
2914,16,0.628334961056617,-0.785480814332749
2915,43,2.01573186065524,-0.436977270259863
2916,33,1.71353770091718,0.0594463517375398
2917,44,0.964333807017927,-1.72574585929337
2918,18,0.871501207438977,0.568793345781354
2919,25,2.09145519560875,0.802241633473198
2920,38,0.82777284766401,0.753856310426068
2921,11,2.19811034148855,-1.99781079784106
2922,13,1.94659259773312,-0.515820233136236
2923,9,1.16372746579225,-0.0739543509775397
2924,11,0.934734806202463,-1.02506381323023
2925,40,1.50359869521233,0.909844732692126
2926,21,0.292967678399965,0.979426551141519
2927,37,0.538546311299037,0.101822473068019
2928,40,1.41187263592107,1.80417863250156
2929,26,2.18098696547143,0.663727032354013
2930,19,1.40194636693723,-1.47819912378244
2931,11,2.02277398260931,-1.39736601274316
2932,24,2.46798850004566,-0.218129511772969
2933,16,1.66159953832288,0.840756704189385
2934,25,2.93179129098898,-2.00701878617441
2935,19,1.96979051100121,1.46717374365494
2936,23,0.768420316474164,-1.69306724045506
2937,8,0.324324632948274,-1.08575461388958
2938,50,2.21119496598915,-0.46488692542293
2939,45,0.848770715299749,1.209181725245
2940,45,1.39783907550147,0.710020353243501
2941,34,1.11871285893836,-1.65006169933364
2942,36,3.16489115881232,0.442678828429153
2943,29,0.93102742327537,-0.301961032480604
2944,44,0.609365088330751,-0.343997369402162
2945,40,1.17528676160093,1.06606770462473
2946,20,0.824546240949343,1.28198063560819
2947,27,0.386195802653442,0.157339331402011
2948,47,1.96680943582121,-0.178426999714941
2949,11,1.61330922918424,-1.24285535271733
2950,49,3.40226508812501,-0.835699665091132
2951,45,2.0153306129843,-0.868869437660643
2952,36,2.08261651680618,-1.09776731014077
2953,1,2.37892261573766,0.196823663647221
2954,36,1.29218214770529,0.378689577780303
2955,25,0.694286661998074,0.461977029459506
2956,30,1.12534012874062,-2.06852490509567
2957,40,0.787627879579063,-0.599813596224977
2958,37,0.639039178575761,1.5427102362667
2959,40,0.644647031829274,-0.784943489070532
2960,10,0.839874822559534,-0.148899261864205
2961,16,1.4830494918452,-1.23634899981503
2962,22,1.02409925688402,0.604740608129978
2963,37,3.35768439177225,-2.01760765610469
2964,43,2.15110664008292,-0.676114123858123
2965,4,5.08794190859608,-1.05969104810681
2966,44,0.695669297940686,-1.80584650041663
2967,3,2.55161817534213,-1.12010919305931
2968,31,2.04114361676837,-2.22371980985036
2969,7,0.898091270017269,0.144044719244706
2970,30,1.57154714660206,-1.22087051127488
2971,39,0.801309951730647,-0.205238204849585
2972,45,1.10730201412442,-1.97641126598461
2973,11,2.49301261889544,-0.943940171595867
2974,6,1.49583129804882,-0.557995730811918
2975,21,2.24400105407385,-0.395942431902587
2976,11,4.1924395775086,0.816245482075216
2977,1,1.12316528988238,1.228020069439
2978,38,2.97138805691924,-0.0606271689195075
2979,38,0.634144833975574,0.402624214508114
2980,3,0.793793758209877,-0.381261644460336
2981,22,2.53430104407225,1.7815502873317
2982,22,1.61367804130415,0.465262001584964
2983,34,1.52925587489493,-1.37975470397114
2984,49,0.862828411329951,0.344017720920385
2985,37,1.30392795658629,0.542870063803144
2986,29,0.400026525563452,0.822798309508212
2987,41,1.08883250576006,-0.635570847919286
2988,47,0.479157916695672,0.0951560825027264
2989,48,0.794454149089092,0.453834349106166
2990,33,1.24521350135633,-0.350935615870389
2991,33,6.43691913766237,-2.97348664047521
2992,37,2.33715660490802,-0.403745913999786
2993,3,0.874679918262889,0.0996484699958357
2994,19,0.743959197895972,2.23022700580295
2995,10,1.44216089858881,-0.260934006073472
2996,49,0.702108757455126,-0.485305069101207
2997,27,0.422305728341664,-1.19234408028327
2998,48,1.90973424105048,-0.933644745844702
2999,30,0.717712394625033,1.1598332722465
3000,32,1.27065677611415,-1.52732639348995
3001,9,1.28209471674941,0.280170646356543
3002,21,1.72925579490278,-1.06133182086454
3003,39,3.18769826321035,-1.70437951262942
3004,38,1.12567149157509,0.96422812055216
3005,27,0.891134717597632,0.18417938718311
3006,9,2.60983582191276,-1.36882413780261
3007,21,1.45357700610804,1.4874066186296
3008,41,1.17081552327437,-1.58255303369157
3009,26,1.00870349695783,0.230210875244957
3010,8,1.35182739516902,-0.332186122787131
3011,13,3.58207720765523,-0.515879395124172
3012,27,1.40638164926577,-1.75162031319569
3013,30,1.17340077595452,0.917118050190738
3014,42,1.05017338587081,1.94151377887052
3015,42,0.557110971914651,-0.324666558692027
3016,31,1.55028653836419,-0.974247052772893
3017,12,1.34827263837932,0.33692947663394
3018,12,0.563387567936402,1.82588566137118
3019,45,1.20044731598379,-1.33752621647213
3020,17,1.37307458361567,-0.113595478007968
3021,32,2.54185316085928,-0.647993953812427
3022,45,2.06935117697172,-0.565070810699779
3023,35,1.64501093258947,-0.868697074469753
3024,45,0.602478999259289,-0.168372725923761
3025,24,0.964553337079284,-1.35513764049325
3026,10,1.13765357776482,0.921464065925893
3027,12,4.2560566239744,-0.592103203451775
3028,26,1.88844759449767,0.537332559968054
3029,12,0.612422337962383,0.121889215910701
3030,40,1.65667689763355,-0.519680323784423
3031,7,1.4129540315052,0.731652285151484
3032,14,0.93400260244996,-0.0877332774652408
3033,44,1.75947884309076,0.155273324580339
3034,50,1.89013384131984,-2.31707233461897
3035,13,1.33162068256103,0.134465792658046
3036,14,3.02741445102124,-1.19752107670066
3037,50,1.37817854272628,0.0376202550532628
3038,32,1.08490917053615,-0.241820443834686
3039,5,2.34492426014339,-1.43928905474877
3040,25,1.46531444980614,0.134374272203501
3041,30,1.85234969581103,0.713636131488905
3042,23,0.976329586018565,0.974648641351042
3043,25,1.68173204011608,-1.17091231191665
3044,30,1.87239662706478,1.4430436449581
3045,18,1.60199699265282,0.206102779413227
3046,28,1.20146095378353,-1.21208706710906
3047,50,2.25918393376454,-0.0803926412983018
3048,25,1.81466188377873,-1.30610900151513
3049,42,1.98284104314977,-0.231285171743438
3050,32,1.18313112931667,1.07516937595526
3051,17,0.650411330209771,0.256042621498819
3052,49,0.604201784240553,-0.436479142712612
3053,49,0.47088456940146,0.00293084148007372
3054,5,1.57921151829508,0.665958254962997
3055,49,2.34293896791284,-0.664000437659018
3056,38,1.25963935836805,-1.9260155494943
3057,16,2.1365444249934,-2.88090969679832
3058,46,0.850927179286021,0.255567297272352
3059,37,1.09515873189689,0.805248264102587
3060,7,4.00841070585146,-0.756640561283043
3061,41,2.65264612666754,-1.07773543386345
3062,7,1.49043969577984,-1.47009722622294
3063,34,3.27891302443361,0.204861441482603
3064,45,1.27790974821779,-1.86653788434395
3065,20,0.810239299996069,-0.603775385052823
3066,45,2.21949448846768,-1.04945893067164
3067,27,2.77845179274681,-2.2912359675085
3068,23,1.20418389945148,0.803135654126073
3069,44,2.1678912708186,-1.45581724107441
3070,10,0.842084793730349,-0.0600586031564188
3071,10,2.6438690168666,-0.191231637583141
3072,32,1.9043346153943,1.42151158482228
3073,44,0.554897507537464,0.00093076696767877
3074,2,6.09730045610421,-0.998557644172821
3075,48,2.91015485047277,0.264882149072571
3076,38,0.524963401170202,0.756783358559359
3077,11,1.51450309779578,-2.60386239558184
3078,24,1.5122443901993,0.819068104699818
3079,31,1.04825700334245,0.12242699236568
3080,50,2.19950412931502,0.659057258518892
3081,22,1.13005441778791,0.54305269167803
3082,29,1.29757912339135,0.104460635060208
3083,44,0.890096718467556,0.12732757488294
3084,39,0.565856292604677,0.854621310018938
3085,46,0.346992563076896,1.00192550440738
3086,26,0.94817658967377,0.983494749161331
3087,35,0.634586630759073,0.988947578226518
3088,7,2.97065348292072,-1.14893640367735
3089,23,1.2502485361081,-0.0446130375453538
3090,20,1.25241684528122,0.190546359024874
3091,14,1.14510926821989,0.361602557306455
3092,9,0.738924057532646,-0.998934275215816
3093,14,0.46660666440876,-0.859848796128693
3094,35,0.840038505246094,0.0994349781116549
3095,24,2.38978401021982,-1.02253362997774
3096,16,0.851392993287601,-0.576558979077004
3097,49,1.58213381238175,-0.633515575225583
3098,34,0.765256281605934,-0.60385731127889
3099,36,1.39826734530545,-0.62645604130182
3100,34,1.59701093151866,-1.03326000901293
3101,16,1.09981128772424,-0.601984989827911
3102,48,1.49428551622483,-1.56452030279852
3103,2,3.55278102159258,-0.673676731461948
3104,1,1.10959786966351,0.170254891488934
3105,23,3.19114824372016,-0.965602772455378
3106,42,2.3042447922562,-1.54081300133096
3107,33,2.04869550779864,0.623486030358576
3108,49,0.939773587480221,-0.511851004340191
3109,12,1.03970921054905,-0.659635537376069
3110,17,4.12014447918013,-2.9693259808698
3111,37,1.8856886468204,0.0365557148280893
3112,32,0.494631136934374,1.57492290347397
3113,1,1.86382016635086,-0.788672301170495
3114,17,1.76854964397558,-1.32224224578795
3115,49,1.60910630033557,-0.390013700444955
3116,47,0.601374051911786,-0.932530345067302
3117,41,0.339205479645922,0.49363320576505
3118,21,1.09562524128884,-1.20528419203518
3119,23,1.30159236705385,-0.621887122296402
3120,4,3.7235646227595,-0.202343807283249
3121,24,1.65157290556213,-1.85732330157329
3122,24,0.786147788223973,0.818103677162069
3123,45,3.51500691341784,-0.561741950801704
3124,47,1.18333591506353,1.61845309156338
3125,28,3.06703736165867,0.581622524254948
3126,14,1.29775061167604,0.0562126624380467
3127,1,0.986944259049538,-1.73357470300452
3128,5,1.91492700544316,-0.868960576834209
3129,23,1.117585935595,-2.16336928266423
3130,29,1.24149091876279,0.102046376394091
3131,22,0.555533308803144,1.56545583402327
3132,20,4.58438699795042,0.101130126607992
3133,24,2.28624638933047,0.692431801054894
3134,47,1.70086580435438,-0.476345458245283
3135,3,5.1578072436423,-1.35066030226782
3136,8,0.545539764440225,-1.14588526409255
3137,33,2.01316042900047,0.411486575728413
3138,27,1.4911337551376,-1.26779779941909
3139,29,1.36567089701359,-0.615203012126911
3140,18,1.37727539104109,1.29899256027268
3141,30,2.78942785333095,-0.974756835674106
3142,5,0.917436949527494,-0.980686807467645
3143,18,0.848898153244935,-0.496232619043807
3144,48,0.297487862957972,-1.17509787711794
3145,25,3.78331509711006,-1.28268059784135
3146,26,0.914898578214957,-0.163639217707673
3147,33,1.36157702249062,0.256840955035129
3148,37,1.19399846510435,0.292647626936828
3149,29,0.779453154352384,0.20832921405575
3150,48,0.851375741249945,-1.04474587740419
3151,39,3.3243144262941,-1.29179391414664
3152,27,1.55155694970729,1.07673753301269
3153,7,0.369956883181432,-0.691861535370829
3154,8,1.2052751766097,-1.37343456232092
3155,36,2.11846543245064,-0.0554432184324262
3156,40,0.510508216797234,1.03212773824212
3157,9,1.45325394528812,0.373033654469737
3158,28,0.477198073313975,0.740263591995631
3159,18,0.8178833885847,0.588163016355224
3160,12,1.01528851988094,0.69719237369656
3161,8,0.923171918417159,-1.5082492385492
3162,1,0.395099860519719,2.07577284687054
3163,14,2.07414566191461,-1.81940217909152
3164,40,1.3005977208574,-1.7465566563473
3165,4,0.896297623511839,1.19888302813047
3166,50,1.43003121490408,-0.118239508215692
3167,3,1.36853162410624,0.782469725449449
3168,19,0.893649212259888,-0.539048482674661
3169,28,1.68885687897462,-0.239494440101846
3170,41,2.53044327172964,-0.0612097044190782
3171,28,1.12282495217505,-0.200991127953905
3172,42,1.22073814879597,0.0528022700542894
3173,5,2.37022699649387,-0.127663896704318
3174,30,2.02112625419259,0.234827412322453
3175,50,1.13137515981501,1.25521422622365
3176,23,0.904301687134394,0.25849434442593
3177,40,2.12093119443791,1.50886924598639
3178,38,3.64166977341411,-0.489925579010249
3179,30,2.16697843378672,0.300453655756904
3180,19,0.561503706503989,-0.253535378193228
3181,47,2.55621829254287,-0.714370742589892
3182,43,1.24554244227489,0.28916387025398
3183,14,1.88439795826729,-0.630537408610167
3184,11,1.20311244517007,-0.833827141021521
3185,29,2.53614190601821,-1.90914677369618
3186,45,0.67864120466496,-2.1614186670904
3187,3,1.15972319600796,1.30976300169695
3188,34,2.45931130782763,-2.1437589876267
3189,20,1.24692726342075,0.33614373829186
3190,25,0.591980756804065,-0.0718924541711817
3191,48,1.75532588141082,0.132722487382225
3192,47,1.56658272737401,1.66655423029431
3193,10,3.32848247161152,-0.757203801822151
3194,50,1.47097244501886,-0.912798596125782
3195,16,1.61403055755782,0.374904418490006
3196,22,1.59400062350842,-0.417123643396184
3197,31,2.33970604021491,0.53060428527659
3198,10,1.2339903748298,1.65724384696401
3199,42,2.70408694495141,-1.31541388746818
3200,36,1.49547715468133,-0.557498823355014
3201,6,0.463018468910179,1.86095110171731
3202,32,1.1358538667328,0.560015817697104
3203,19,0.681625943651438,-0.248761395939758
3204,14,1.80873111464139,-1.47789970122776
3205,45,1.17917507976677,-0.958910199738966
3206,36,0.975982649692065,0.718184854905416
3207,49,2.00036576053785,-1.58709004029727
3208,24,1.47870159413898,-1.29616622411674
3209,10,0.62881702157031,-1.07921373398227
3210,25,0.887166047207193,0.108906529820394
3211,24,0.522882315305176,-0.139121396259042
3212,41,0.669431595020328,-1.04609430965108
3213,47,0.610982743699595,-0.398008447333531
3214,18,3.23771264757229,2.06947448327995
3215,19,0.377811190294458,0.475463837406647
3216,26,1.84430423723532,-0.5457097791175
3217,44,0.317656681920808,-0.905402316396713
3218,6,0.581685991743314,-1.44443813665062
3219,30,1.49826156604713,0.673668788432548
3220,14,0.823593638953623,-0.0746777821701636
3221,9,0.916158054978355,1.37756408883369
3222,5,2.24619728608259,-0.412697952558532
3223,18,2.17255792018365,-0.111230650857726
3224,48,5.87682686474695,-1.39904582666679
3225,19,1.16005125324076,-0.711753951418261
3226,18,1.67180262503766,0.870317463020561
3227,50,1.03169571997701,1.92742403741528
3228,32,1.13599243930075,0.046233373892752
3229,31,2.60654869009549,-1.54036636248313
3230,45,3.25506500127896,-0.525292858377782
3231,26,0.82931013964922,1.76435335250601
3232,7,1.65453423880304,-0.479878434157467
3233,5,0.729638163358606,-0.937954773997881
3234,6,1.43121840059587,-0.31285330205085
3235,33,1.48935375826603,0.0279703628052552
3236,21,1.36098085026588,0.643330835903932
3237,1,3.88360106819619,-1.79649426555926
3238,47,3.80828563726198,-2.68543500372803
3239,22,1.10470305228755,-0.243292917845197
3240,3,0.898407650900233,0.320088753217859
3241,6,1.52709907250303,-2.13238325098633
3242,47,1.96925944688473,-0.861382213021202
3243,8,0.902839541174086,-0.714792201732356
3244,5,1.81331933756993,-0.354950174802364
3245,30,1.84078856007801,1.38326768655748
3246,19,0.639438197914797,-1.39019507729422
3247,8,1.1097278931417,-0.333384071289148
3248,13,0.686101652025785,-0.681764048153152
3249,14,0.451292237741414,-0.125822172103693
3250,7,2.99523872766938,-0.790861844979796
3251,34,1.23647673448915,-0.373936006377905
3252,44,1.36603983754468,-1.64005875755491
3253,42,2.96519380138737,-0.311632315857282
3254,39,1.30887764449604,0.0789340619587014
3255,34,1.66526502213863,0.0854435707891222
3256,26,1.06172897253135,0.37653305833936
3257,48,1.51195547781865,0.0111694810596616
3258,18,1.23143978934698,2.21928076044703
3259,27,2.54167049845742,-1.27357144622438
3260,35,3.60890056864543,-0.245123045902164
3261,38,1.2308844961754,-0.255029037248626
3262,49,0.946491402569621,-0.497864790853954
3263,3,2.03800270950275,-2.59519430715874
3264,49,0.568273873463676,-1.45625558129979
3265,41,0.391802045439505,-0.332062024283017
3266,7,2.19556397074205,-0.351385883194638
3267,11,0.512764191958549,-0.928120090193355
3268,49,3.91225801189488,-0.936966285723199
3269,48,2.30009423709507,-2.65383854516037
3270,1,0.55169204882553,0.857320091409014
3271,22,1.18443364174872,-0.0782956812132433
3272,31,4.36660757712135,-3.67639738861588
3273,36,1.01636305979882,-0.508365932943268
3274,20,0.941116819144338,-0.353215795929059
3275,50,0.730165902830285,-0.656902869514071
3276,15,2.19688775527564,0.495543660622301
3277,26,1.40177580248273,0.113090165376832
3278,47,1.92514883397954,-0.242960523217113
3279,1,2.84851466652372,0.110417110378321
3280,9,2.88614734164572,0.297349348923188
3281,39,1.57734941653809,-2.12132763710219
3282,44,2.40355665887743,-0.823955619959731
3283,19,0.764985633868161,1.93402635292051
3284,47,0.693473106854617,0.401038868659392
3285,11,0.943074361787067,2.25443628598425
3286,38,1.22377796252607,1.93820655217637
3287,41,2.53908863124772,-0.659428624595678
3288,35,2.29563726820659,-0.254867629754695
3289,34,0.827411231494981,-0.500939591458702
3290,32,1.10642479792421,0.50768297815177
3291,28,3.39388118871907,-0.958483035260533
3292,7,2.10901752393306,-0.731759790151921
3293,38,0.908842961290211,-0.385936985311902
3294,10,1.51481377262649,-0.434378909626675
3295,4,2.27388235681867,-0.494834678288442
3296,38,1.06946084957765,1.21583525403106
3297,29,1.09128381463688,-0.771431760329344
3298,38,0.392500888898006,-0.207571916258494
3299,2,2.80959739019359,-0.668397674829092
3300,32,2.91650777777946,-1.21614816791434
3301,28,1.12531292319514,0.391317083721699
3302,28,1.0690636965487,-0.410646198524423
3303,1,5.49187936566117,-0.842951386995977
3304,2,1.19902978160021,-3.65374025896947
3305,24,1.55846528295941,-0.425971483013937
3306,30,4.04942647088582,0.75122102302516
3307,1,1.31775276436006,-1.42248216344147
3308,14,0.928211014801766,-1.23303121394123
3309,6,0.683389732891967,1.41175039679112
3310,10,1.43294270421347,-0.399163024597431
3311,32,0.741066557733767,0.311294819173458
3312,29,0.943285484678926,0.997904221333009
3313,14,1.74135248088515,-0.268856073837354
3314,3,1.46116482970599,-0.299393997818247
3315,33,1.87859953041258,0.283619045803991
3316,43,1.35914268427398,-2.1622507446873
3317,6,2.03954675376156,-0.0704773727307749
3318,46,2.14323156893698,-0.633365251596165
3319,46,2.24113017962105,-0.891549947501131
3320,44,0.365898969470955,0.277860199326014
3321,14,2.58502638044546,-1.17994739415149
3322,46,1.79162000002562,0.405557137089277
3323,41,0.817737944337219,0.945028174331188
3324,20,0.940175774764176,0.615655103445141
3325,40,3.72137648126699,-1.21671003689531
3326,19,0.568124200342744,1.53030787028103
3327,2,1.06668302449252,-1.79847088678125
3328,15,0.770690906489121,0.827256912176011
3329,28,2.64217128859731,-1.24895338923563
3330,4,1.70237442351461,-0.286149914823463
3331,47,1.62935100609048,-1.84969844838807
3332,6,2.26927750875681,-0.421195652825484
3333,25,3.38151908018362,-0.841338564120014
3334,12,1.59543452569263,0.0449178406578549
3335,1,2.741471986972,-0.783371517377203
3336,22,0.641181180980295,0.499870434044673
3337,48,0.471565085023708,-0.777376490264287
3338,32,2.65630526023377,1.43101606887155
3339,32,1.23216585417632,-0.0392480125614939
3340,46,1.70942149663293,-1.05794466262991
3341,15,5.11091638265532,-1.22208672351751
3342,3,3.57259206527286,0.515595197815867
3343,7,1.70148177869596,0.851626864020051
3344,46,1.16325762493814,0.195222780854028
3345,26,0.678182568235194,0.984343288655439
3346,25,1.18537433081828,-1.19624776127989
3347,29,2.28694889800955,-3.13544635158433
3348,50,1.58094138592901,-0.740976560455289
3349,38,0.702599379075352,-0.837548059358227
3350,22,1.71328098259702,0.63458046161584
3351,2,1.12492820549946,-2.13658367277091
3352,4,2.18394328108768,-1.33842595049827
3353,33,0.75421992466898,1.25434506971225
3354,49,1.35665109705668,0.175776589460706
3355,21,2.28555778606094,-1.33488747108021
3356,30,1.02819900898042,-0.666060525124314
3357,15,4.17990078249893,0.424823789538824
3358,37,0.803750414261268,-1.32615240569154
3359,28,1.76357823133847,0.876115616711275
3360,23,1.92550071467144,-1.42323968766489
3361,15,1.00403467862206,-2.27510271457696
3362,50,0.453779018974686,1.48881476956891
3363,19,0.979990033337678,-0.780714796743461
3364,20,3.36649778971535,0.80509283604521
3365,12,0.834952993205496,-2.41482552371519
3366,21,2.56172324526489,-1.37977217880762
3367,42,0.940811136245347,-0.121314212333586
3368,24,1.60737297823332,-0.142706449226401
3369,2,1.70274013403857,-2.01648148892696
3370,19,0.816506182070003,-1.34090203520471
3371,25,1.91090305114023,1.21246641971197
3372,1,0.758179555918815,1.55810235724586
3373,31,2.27291726871626,0.500785643095213
3374,46,2.28503559998991,0.344605593325985
3375,28,1.13254779124653,-0.879792249012475
3376,16,1.14634980144014,0.503835858249361
3377,30,1.31587312194395,-0.222556261669907
3378,17,4.81600826524538,-1.89881628895362
3379,7,0.988206539304881,-0.556090382471204
3380,22,2.98106417189014,0.087959991084695
3381,50,3.06661063142074,0.264978261914822
3382,49,3.91763952089706,-0.431405532087703
3383,9,0.481898733300904,0.560868783553763
3384,23,1.5956295121442,-0.80053055741962
3385,13,1.65252581984428,-0.905203606751311
3386,50,0.951924334232288,1.35841797309988
3387,47,0.689022801293434,1.0558061095423
3388,36,0.55066493067402,-0.811408070514567
3389,47,0.993101702513355,0.512691049259326
3390,21,1.80779648638174,-0.877646784000506
3391,38,1.09228076888541,-2.09792158851785
3392,44,1.1179194337078,-0.434662708239314
3393,14,1.46355259068382,-1.28500491479996
3394,10,1.65886654951857,1.22177697546733
3395,21,0.522257927544853,-0.130444821680311
3396,7,1.52551609615162,-0.0424462272428082
3397,5,2.87608764187787,-0.300872084299132
3398,9,0.753075738455911,-0.812310636351386
3399,44,1.74398724753994,-1.16254996900391
3400,8,1.18630079700407,-1.81209847707279
3401,15,1.59522040637824,-0.416525737196805
3402,26,0.458486199449177,1.03190625443904
3403,30,1.94573342366652,-1.00494364264345
3404,5,0.970851800759901,0.0555260090986442
3405,29,1.55118946314759,-0.226308552627244
3406,25,2.25437529287144,-1.69518177567927
3407,8,0.914624349898576,1.21290400180768
3408,38,3.91336725077136,-3.12876595689377
3409,31,1.26717508734839,-0.846231306939602
3410,29,1.0279240066249,-1.06079369157165
3411,42,1.06154685866705,0.541196261879842
3412,33,1.3519883931564,-1.18954054006379
3413,3,2.24028355890541,0.326500990488548
3414,6,0.370204276559626,-0.762233685476104
3415,29,2.68870448053985,-2.09072772255418
3416,47,0.478075848515065,0.332704422528535
3417,34,1.40592207718219,0.877383250241439
3418,24,0.634299603359198,0.430378168142466
3419,7,1.75405148652072,-1.13453010395824
3420,1,1.43010478234153,-0.736952989238955
3421,45,0.932373927008608,0.760348530888952
3422,23,0.518332055641912,0.070613597568709
3423,24,0.21161698476758,0.359612065340292
3424,8,1.60478614488979,-1.42877563267937
3425,39,2.08357543775835,-1.01254995034392
3426,13,1.40816652061926,-0.546403089816074
3427,32,0.844947614633115,0.285878266722443
3428,41,1.90501664501112,0.00848294759612978
3429,5,0.507833463379141,-0.926554245253422
3430,42,2.77656868166368,2.72553430301453
3431,38,2.90341027380402,-1.02075020845122
3432,48,1.00602204185132,0.240628879131498
3433,22,2.61967180943254,-0.438650662969919
3434,13,3.59645212608684,-1.29805018548987
3435,29,3.36723068142322,-1.14372477633301
3436,38,0.669693891574468,0.26560917159498
3437,30,2.35863844580257,1.2800211172457
3438,42,1.72144465677926,1.51274193228221
3439,22,3.22323716890162,-0.242900239562872
3440,15,2.10511722939567,-0.674895888921465
3441,36,1.27781307943691,-0.368236221484299
3442,23,0.514711250138557,-0.42244352721156
3443,12,1.6824152690707,0.944837996831568
3444,40,0.782125539389015,1.66419385685132
3445,2,0.677557108107833,-0.38793489758037
3446,25,3.9497158903547,-0.539334051147685
3447,32,1.57743568049518,0.173390064816308
3448,21,1.11725771419474,0.644651593933682
3449,7,3.66279853472774,0.227985627662352
3450,17,0.880934688103829,-1.88400447454996
3451,5,1.25795497476488,-0.351559630562038
3452,44,1.45212287090456,-0.896801573940116
3453,11,1.01940765925414,0.540705882115847
3454,38,0.595728530566117,1.31610612230912
3455,50,5.45853106426456,0.579252977545056
3456,14,2.76683951717418,-0.976949284486042
3457,24,1.35257370228154,0.778831488004918
3458,21,2.46534230582111,-0.119941413140117
3459,39,2.36510660313952,1.22420393141271
3460,40,2.35697285977273,-1.60498660660722
3461,10,0.656997412822655,-0.483273582764637
3462,26,0.748307116378548,1.48750412437919
3463,45,0.683814457187007,-0.223955357584729
3464,48,1.58709158228703,-1.35148199254311
3465,31,2.41426186763591,-0.644254209993219
3466,30,0.51735982962729,1.32728179955447
3467,34,1.21401892765248,-0.712783848387993
3468,49,1.82813841260185,0.377009529026875
3469,32,1.56514145358468,-0.543148411629704
3470,10,0.535470879551942,-0.218766434917871
3471,7,0.61467646233072,0.709981735580867
3472,19,2.676909204299,-1.15535478513744
3473,10,0.634715713405134,-0.216424964234255
3474,44,4.32843591683836,-0.690336032451619
3475,49,0.95056027238328,0.189503496750845
3476,38,3.65703141195148,0.0622923397326212
3477,2,1.80744231489065,-1.53373056012468
3478,23,2.72510874975906,-0.610510127977983
3479,6,1.12116151812137,-0.300648058389679
3480,27,0.770179751099405,0.26459340024063
3481,9,0.988091506067866,1.65736117901846
3482,21,1.18120132988846,-0.523677365763931
3483,39,1.95614969502481,-0.372713822633477
3484,17,0.577043151187414,-0.521287251198913
3485,12,0.989807263382009,-0.57279720035306
3486,34,0.649128572052365,0.303433331564808
3487,49,0.476213127099432,0.556708526290349
3488,14,0.855655250411405,-1.1433215106773
3489,45,2.57990458518195,-1.54503564175739
3490,9,4.99307682814058,-2.65541818776689
3491,9,1.71489105827418,0.484052933364251
3492,27,0.440722793762591,0.236244414587749
3493,13,1.91851427874417,-0.248074202325794
3494,26,0.793894051687358,0.0770689283433894
3495,16,1.23091022246269,0.10835685901585
3496,21,0.76448551962819,0.397259065331991
3497,49,1.45722102031184,0.0578723800038616
3498,9,1.32920386993338,-0.22934057684151
3499,50,2.15003666595223,-0.799769753577183
3500,6,2.24993603342602,-1.76859878201971
3501,17,0.810265646619907,1.46163673347746
3502,44,1.30272199325223,0.702729335955182
3503,15,0.615514098658707,-0.019089339758175
3504,13,2.85509598819826,0.190580776292243
3505,40,1.12372792865057,1.53063050064588
3506,40,2.5876970184211,0.330613472445645
3507,17,1.12452848577331,0.386290236169907
3508,26,0.965034756025234,1.69573231854254
3509,19,1.39348146883945,0.559836360896804
3510,15,0.538318467229394,-0.00856688317490056
3511,31,1.50685175798794,-1.36348126981993
3512,20,0.852275848499073,0.336846227439761
3513,29,1.05156304328268,-0.912412754945029
3514,5,1.01828678424187,-1.72643877154436
3515,24,0.786611264767116,0.0760628100684452
3516,21,1.54720893673516,-1.25015649887951
3517,9,3.53816407975698,-1.75025089146558
3518,32,2.27452473836161,-1.57203487933458
3519,23,5.64235733324626,0.298719083616182
3520,33,0.993581697662199,0.547567297513492
3521,26,3.99996405625729,-0.116962412835311
3522,29,1.62768440858885,-1.91522584313843
3523,49,0.692231974238783,0.314095924031469
3524,20,0.832995774311589,1.35567651805337
3525,42,1.29795791075949,0.844867847169117
3526,48,1.31844034415456,-0.792686158051042
3527,31,1.47888696465978,-0.151775929626962
3528,9,0.66982964625313,0.747110151432836
3529,4,1.38372159994063,-3.36818704064713
3530,12,2.72413211548471,-3.79148509363496
3531,40,0.37680423782263,-0.575521698051037
3532,10,2.63706762676991,-1.09287939916901
3533,34,0.477686215185993,2.29652611378374
3534,15,2.3992147390622,-2.25083939386327
3535,19,1.31451788221621,0.769266434858169
3536,2,0.613780743604083,1.19319911009465
3537,15,1.36753500954587,-0.6700254080463
3538,11,0.950649778745093,-0.622540001068369
3539,37,1.33218136563524,0.179289210328196
3540,36,0.554208884476746,0.974728030875817
3541,24,1.56271615747005,-0.135836978398601
3542,8,0.760991862434399,-1.3998834454598
3543,46,3.24056644083696,0.143616145606148
3544,2,1.28750164901491,-0.0633025501749079
3545,22,2.30602282587459,-0.25667897197423
3546,13,1.35073584376937,-0.0147171370003191
3547,19,2.29255586106769,-0.026693274317017
3548,21,1.21360571342504,1.06385780712002
3549,21,1.31615559110463,1.3133278715435
3550,39,3.59013302044967,-2.1881496413097
3551,48,1.55947623095287,0.177902900690932
3552,4,0.690824947783815,-0.257458844415827
3553,45,1.74697033428864,-0.0549883512577615
3554,46,2.23004544799183,0.715885273399742
3555,39,2.64229970490801,-0.241168994558972
3556,26,2.4844808451605,-0.888230893034738
3557,42,1.55151181080822,-1.35534750821391
3558,47,0.53672253364161,0.0026601485942154
3559,41,0.819446538582281,0.176544446058195
3560,27,0.869211050295162,0.219030476824993
3561,26,2.52894717727809,0.793350626702703
3562,26,1.52614367027464,-0.603749430467582
3563,19,0.910089686910843,0.570550640503319
3564,2,1.07076435760049,-0.200397060960027
3565,35,0.688518814514014,0.163934918246307
3566,46,2.43526037205372,-0.811889225409541
3567,33,1.17060484041243,0.341297359795772
3568,20,5.16288996051817,-2.41786218550319
3569,49,2.03063893468482,-0.474956643943125
3570,13,0.581606292939345,0.801366376705966
3571,31,1.25016339230814,0.291721982587828
3572,43,1.78208474814461,-0.0240740663785124
3573,49,1.91755629844116,-0.104320445679601
3574,7,2.20216114266356,-0.292972454657054
3575,50,1.15382750625763,-2.40202539235624
3576,22,2.90543747474505,-0.908692542601382
3577,46,0.95914367268335,1.54874339988294
3578,46,0.705474405917031,0.695237559601244
3579,38,1.0223064791955,-1.04478018043947
3580,49,2.45515794324929,-0.827897925343561
3581,35,1.83910221371928,-1.71988397168528
3582,26,1.26840996454987,0.762244195315421
3583,32,2.61596694122356,-0.879335014575524
3584,27,0.433722647827394,1.6432079158869
3585,20,3.29528959603813,1.00148445955179
3586,25,1.49886649858599,-1.00063364844091
3587,33,0.605382149662986,-0.0861248192088913
3588,5,1.34122055038733,-1.78256807077882
3589,47,2.0029856751846,-0.947495612664414
3590,21,1.2343458218797,0.0573591852714152
3591,17,2.51036607600902,-0.375457459892323
3592,12,1.19759723300726,0.169179361680202
3593,37,0.983502370863322,-0.325404976256778
3594,39,0.418006944884548,0.374886271121142
3595,49,1.42122086316582,-0.758316215067271
3596,49,0.993515005108723,0.0824963058280442
3597,24,1.77824341002458,-0.718290287722086
3598,38,1.17827664365891,-1.20284858176392
3599,5,1.97617044133179,0.805805885204486
3600,23,0.861233382164463,-0.133576472730727
3601,48,1.25250821640586,0.666201673825974
3602,31,2.59981486001457,1.87035432626574
3603,29,1.63396607908938,-0.249372990761534
3604,11,3.81173623954677,-0.101841137325525
3605,24,1.49903545320247,-1.39934422453135
3606,22,2.27739723339508,-1.649597560316
3607,11,0.5188696767709,-1.2691000048772
3608,39,0.650633391909977,0.641974076670611
3609,19,0.713758071397552,0.67185019477617
3610,30,0.56130371687838,1.65888704413902
3611,46,0.890221305883694,0.629938336592012
3612,37,2.37461961878256,1.45169836311413
3613,19,2.74027649715323,0.103632431052254
3614,22,0.65619231973172,1.09072402804132
3615,10,1.1479206950914,-0.190198694209267
3616,6,0.355199097420658,-0.0433883213269696
3617,45,1.5484220972079,-0.379804292220468
3618,19,3.78591230394422,-0.629572338086292
3619,18,1.84072316246475,-0.0555352309375459
3620,4,1.5586106607125,1.7108628429458
3621,20,3.19648485802474,-1.03828462806998
3622,38,3.18492425670685,-1.89524170699753
3623,6,2.79926212459168,-0.462031294054435
3624,6,3.2927849104261,-1.28429929870848
3625,47,2.81296429995808,-1.26661764317521
3626,43,0.878119783272371,-0.342472150478221
3627,48,4.23638869177226,-0.520780532039861
3628,25,1.57532252755651,-1.06999155461984
3629,47,1.52319060975388,1.87976852125577
3630,30,1.05426830580006,-0.876696687019693
3631,5,1.37713260025748,-0.618865069786045
3632,24,1.93459662764876,0.0688292823835083
3633,19,1.73072148302813,-0.232638120685299
3634,31,1.00085633299737,-0.399091905887878
3635,11,1.20177037799842,-0.170209097559063
3636,43,1.22290611078123,-0.332861580370363
3637,7,0.992859974069383,-1.23738254827537
3638,15,1.56069406919384,0.128794502709204
3639,49,0.753565836236745,0.289946513460866
3640,7,1.36134003385195,1.48415836106636
3641,27,1.95026205129447,0.900639685004741
3642,17,1.19480888105898,-1.62518518194855
3643,7,1.45175572869184,-0.364079612606036
3644,33,1.30989562990706,0.713830885293735
3645,34,0.690208976382188,0.866788102961046
3646,14,0.941442866775363,0.178937930488294
3647,49,3.84798402447699,-1.3884531205229
3648,34,1.38801251465516,1.8024833817
3649,24,3.23435460286682,-0.693254043330969
3650,50,1.77827414208608,1.0360874012451
3651,33,1.33134351135547,-0.609464688405084
3652,21,0.858369097860451,-0.666832676057196
3653,33,1.87829128467704,-1.1835533280171
3654,50,3.19605294095827,-0.283893134185198
3655,36,0.700857371442624,0.338447459931289
3656,48,0.723942579908703,-0.465845493682411
3657,37,0.487731983619849,0.898446345979783
3658,19,1.09836848555307,0.147236406906285
3659,34,0.312126601571693,1.14382323726235
3660,35,2.56701775466714,0.182688319498418
3661,1,0.62831308512967,1.74692609716577
3662,2,0.667695769813265,-0.397284873004934
3663,25,1.47861201300726,0.243042032829296
3664,34,4.36734290772106,-0.993061026477559
3665,42,0.79075887939895,-0.584700830658361
3666,30,0.76946572753444,0.291335151258908
3667,34,4.52702790526388,-1.39889773428479
3668,40,1.1934362464903,-0.984583219648639
3669,14,0.791576007438458,-0.0588151203094728
3670,47,1.51081550981507,-0.0786678818103597
3671,37,0.306684486488358,-0.11157944545822
3672,16,1.56852285947595,-1.23028300495231
3673,23,1.53680118587431,-1.46945415006935
3674,10,0.983315531438975,-2.03171645122514
3675,50,3.04666004758217,-0.380302045486045
3676,12,3.40945998473185,-4.23112290139134
3677,33,0.751714199265554,1.27465474154492
3678,4,1.56137557606479,-0.593200161955581
3679,14,1.82104115473721,-2.1716210302366
3680,26,1.51707691475909,-1.21618217059589
3681,15,1.94772893807917,0.572164676011823
3682,32,1.84377006748125,-0.786912812962543
3683,43,1.43278970282385,-0.704409795066586
3684,46,3.39739836798995,-0.730177286465346
3685,21,2.42728133425078,-1.32082156512382
3686,19,1.15459722069668,-1.79594579109673
3687,47,2.12838573693181,-0.398881368483928
3688,40,2.00922894436574,-0.549059090779897
3689,38,1.57282977709415,-0.646558997460681
3690,13,1.63996931430541,-0.325816030408213
3691,2,1.2710159834292,-1.33978215894509
3692,8,1.49463049074269,-1.37047994954859
3693,42,1.99367322303668,-1.33769310967645
3694,49,1.20949318908415,-0.657347828011383
3695,8,1.06211762740575,-0.933293025411522
3696,47,2.18513530295023,-0.363215301276674
3697,11,2.48730790268864,-2.12959397795948
3698,11,0.821434878175556,-0.984820754818905
3699,37,0.604830197063617,2.38054050236058
3700,27,0.910874077963248,-0.579561329190205
3701,24,0.872704376573051,-0.989454604045743
3702,31,0.722125169246236,0.914052260692026
3703,6,2.94165994675279,0.673248836099401
3704,15,2.40245918249505,-1.37736667195708
3705,9,1.99433445906067,-0.489529242556526
3706,34,1.2416527767436,0.223847660471709
3707,32,1.73415357277933,1.11259509788809
3708,10,0.892682781194504,0.0561898203145237
3709,39,1.0374723812537,0.907242495634253
3710,16,0.667761875646362,-0.791085143299346
3711,21,1.22949586368007,0.495396320309669
3712,24,1.02114412322382,-0.590499587556854
3713,47,2.02893173722035,-2.08426550744762
3714,7,1.28586964345759,0.931900364695459
3715,11,0.885205290923901,-1.53604365811043
3716,13,1.65918619074421,-1.75905080204
3717,4,2.18807944167372,0.173182995348758
3718,3,1.57818601151414,2.48682510199591
3719,21,2.16629419162926,-0.334417050509334
3720,15,2.4243980808243,-1.49923227549777
3721,38,0.94486836731602,-0.132866815843388
3722,50,0.632977726644799,-1.19540039235492
3723,19,0.798613237818647,2.5516988899265
3724,46,1.29540183294897,-1.71627274761705
3725,38,0.444794825513436,0.606014947807413
3726,14,1.82768332596615,-0.995063815528003
3727,43,1.13659171200687,-0.692302415341075
3728,27,1.61232232304725,-0.430671240919226
3729,50,1.55988668930425,0.417648454153542
3730,33,1.35633559782057,-0.677333992246677
3731,30,1.13471536453936,1.41971484917825
3732,44,0.942648485871596,1.23440890060135
3733,20,1.30227568671287,0.317385535992142
3734,30,4.36502457385864,-2.01582836484996
3735,50,1.82232660525893,0.656713614752278
3736,28,0.930836747104316,-0.307498028948907
3737,8,2.74927828251627,-0.272792048930585
3738,6,0.736539240496657,-2.47982472009213
3739,49,0.661299248163381,0.980878846636972
3740,33,1.25257154508905,-1.64247612788287
3741,14,1.06891317781973,1.47194409771496
3742,30,0.790589610815085,0.917105532346588
3743,18,2.39272439679065,1.02257656161724
3744,12,3.66604585067382,0.743767567989446
3745,49,5.74625145589676,-0.046053267275432
3746,11,3.51135930322498,-0.737778732671552
3747,10,2.7829568445216,-0.306043821452509
3748,29,0.62402956886286,-0.310253860259813
3749,6,1.65237941229285,-2.17916257260931
3750,7,3.14476829230161,0.0571843570737868
3751,1,0.974961328652687,-0.973580097750013
3752,48,9.69606396685371,-0.420610148993989
3753,38,0.42484502853245,-1.23402835676596
3754,21,1.47285630530156,1.59687504414871
3755,33,1.19061884151271,-0.529110409173869
3756,48,5.70770593704395,0.0375829589411629
3757,24,1.01646210720717,-0.07179619887954
3758,25,0.498808387058509,-0.0725561751749273
3759,34,3.73202212364905,0.204477595588421
3760,1,0.815891217209896,1.53646554694799
3761,18,1.42897862827311,0.0144064757519617
3762,40,0.25753645805136,1.70533050510423
3763,24,0.969783617740286,-0.619624680782546
3764,32,2.1210345640975,2.57333368879828
3765,43,0.843967815011816,-0.302895651630566
3766,33,1.06887797651398,1.20560485058949
3767,22,3.49865155161315,-0.429323776555056
3768,12,1.31624242420273,-0.713800724516341
3769,29,0.94227906432771,-0.736341640950466
3770,23,1.40034056254023,1.10828085296537
3771,49,0.447319012686373,0.0993168313249083
3772,26,1.23470394536295,-0.0686682682922169
3773,28,0.638989099831905,0.585610389110294
3774,33,0.977205923699686,-2.00007181518529
3775,28,3.2954210897671,-0.716365611985734
3776,14,4.17067930169076,-0.754156295191025
3777,6,1.69469699053288,0.214815628026562
3778,42,1.79302520599142,-0.0933115409265244
3779,48,3.48834263631554,-1.29321822111557
3780,40,0.817919525433174,1.21980435169293
3781,49,2.19928714900864,-0.714009575890271
3782,33,1.68435875969968,0.691924249901292
3783,33,0.782458254988081,0.562904821453792
3784,33,1.2339306463827,1.03984370637851
3785,19,1.65478681506689,-1.2467175149476
3786,40,1.71711101855556,-0.415058201847369
3787,5,1.34401662605801,0.290818109828343
3788,44,2.00013227797248,-2.16996274635168
3789,19,4.34104897548079,-0.507011510183838
3790,36,3.19477231001216,-0.102468903939419
3791,26,1.58774431568143,0.54833211434999
3792,42,3.18859097653403,-0.658699569776609
3793,2,0.427765586648757,0.229276079934478
3794,6,1.62561129027326,0.201576270555399
3795,30,2.3294977560525,-1.40960333135274
3796,37,1.20545781632058,0.447953471381709
3797,33,3.38825617242511,1.90083723370229
3798,32,1.32231125735503,-0.814862477743158
3799,28,2.05450556774019,-0.268260880027633
3800,47,1.04080403388914,0.51371779209407
3801,2,0.870307112757989,-1.29830950633596
3802,9,1.29750207985412,0.92615534160036
3803,9,2.06321351937733,-0.34545495714833
3804,6,2.53961407277456,-0.836996923603303
3805,22,1.56153900750775,-0.228988127696883
3806,5,0.475147987573826,-0.856204988819996
3807,35,1.6341606333112,0.526353788930804
3808,30,1.2114154961289,-0.320965144124702
3809,26,0.945177771674975,1.07674101663914
3810,5,3.90393429851782,-0.324834134579614
3811,13,1.60326445883046,1.49520360388221
3812,32,0.836326338004393,0.970111448757147
3813,49,0.650773136060717,1.46341481874967
3814,14,1.14764767280526,0.439684567501737
3815,46,1.20632871039555,-0.264310938136501
3816,7,2.23956579949114,1.27435243241856
3817,22,1.50461315618404,-1.28896757304387
3818,16,0.884253655380834,-1.21205955170217
3819,25,0.656887851640977,-0.0451017469257031
3820,7,1.1434174989008,-0.815891879694857
3821,35,0.95260657862488,0.578233948442296
3822,41,1.0485032302645,0.347645461893269
3823,48,1.3304376720258,-0.51218943575353
3824,43,0.822116191252801,0.805554735429633
3825,1,3.63365025393905,-1.10646001016231
3826,49,1.37764877554413,1.23222405918042
3827,3,1.97746273021974,-1.84200444974026
3828,38,1.72042268690779,0.297896315315467
3829,28,0.709897128156241,1.50216719294984
3830,1,1.19166743764228,1.68447929291164
3831,18,0.804461048143702,0.734137509550704
3832,12,1.37822484420715,-0.499708971148914
3833,26,0.797135391556001,0.734237352524042
3834,9,2.39605808479194,0.294050156771965
3835,5,1.44695836304227,0.077787065615429
3836,9,0.469527307908315,-1.56006944798256
3837,22,1.31346939362288,0.0736488286366713
3838,1,2.05500601317368,0.604579945699204
3839,16,1.92506513763283,-0.511779147028306
3840,28,2.89680112833837,-1.02001705979562
3841,13,1.60094390526985,-0.199887856670177
3842,40,1.77228339233742,1.51843492735711
3843,12,2.09392121642361,-1.71437740655258
3844,40,4.38739981805831,-0.521405207749989
3845,8,3.67833367475319,0.460877998177909
3846,9,1.61125567990906,0.0492213719247125
3847,32,2.47903286940706,-1.21891980513513
3848,18,1.45882181332175,0.843815009764543
3849,6,4.1576572984046,-1.45261519493964
3850,7,1.91757121915692,-0.974037655991833
3851,46,2.56605669282796,-1.03153361282419
3852,39,1.21103546380564,0.865726997385259
3853,37,2.33863885977577,0.0721656334106153
3854,28,0.764870616295827,-0.483192571756587
3855,50,2.62551584094488,-0.326536721976214
3856,48,1.1187204307704,-1.55085558413815
3857,48,1.72906282818979,0.947689870448783
3858,2,1.63998037433809,-1.69153402460439
3859,36,1.80903962007048,-0.924132752992085
3860,20,1.11517603194738,0.825972649669264
3861,42,0.945139505560252,-0.753827073256445
3862,18,1.1620663371451,1.19591549250531
3863,13,0.921901234312241,1.87624591561893
3864,20,4.43581861893383,-1.3422576106896
3865,20,1.52977304133205,-0.435754598400525
3866,30,1.03851727636178,0.377181677906081
3867,23,3.14292197298957,-0.105183507420413
3868,18,0.901489903992123,1.36933997740695
3869,45,1.39720522198676,-0.220173966725563
3870,13,1.81904488479129,-0.308318631456132
3871,48,1.29177380763712,-1.25811499988027
3872,43,1.50395667832971,-0.622370268674482
3873,16,0.492559327776226,-2.12580941773682
3874,34,2.41682765899724,-0.698685471608806
3875,26,0.645463263969952,0.680179634959121
3876,34,1.3591897607352,-0.213524180399387
3877,36,3.08809556903423,-1.32060376667693
3878,15,1.55097186515809,0.1204591988356
3879,29,2.24711111452886,-1.12065865707499
3880,10,4.52287138715216,-1.71538978374689
3881,3,2.97704156720794,-0.267823579493996
3882,30,1.55056177626438,-1.64605779639199
3883,29,0.922112960754653,-0.306357854130663
3884,28,2.26710553677089,0.452274364368701
3885,4,2.4245312791219,0.55743488804285
3886,17,2.86824494900082,-0.170240291088311
3887,14,1.47102846779549,0.432116235992541
3888,3,1.68294058504017,-0.741739285936188
3889,46,3.16673869930585,-0.158809651062986
3890,43,0.614193600748773,0.525577602463927
3891,40,1.17587674190745,1.44593642848388
3892,14,2.1931984689134,-0.566946576541737
3893,1,1.31661379764826,-0.128387185419933
3894,38,2.84640862219463,0.694802151228836
3895,30,2.22741951958555,-1.09373707753818
3896,25,0.433064627287974,-1.14669604600224
3897,35,1.93614085618603,0.363217768715039
3898,34,3.43314755280406,-1.45907629936041
3899,12,1.30620285569654,-2.04893576385151
3900,37,0.665288502406295,-0.419326546390301
3901,19,0.665572906906604,-0.000604536482846335
3902,26,1.00560143152395,0.497905030294925
3903,50,0.742532837834657,1.27909656791054
3904,12,3.24905713145288,-1.37143555233941
3905,25,2.13366443255571,0.560873702426214
3906,33,0.980910415905953,0.218522891212467
3907,32,2.24417122449502,-0.776522140453046
3908,10,0.786015907436564,0.2431084213073
3909,24,1.81660179013667,-0.840092799584611
3910,32,3.5067584120211,-0.776402810442947
3911,10,0.673622497508536,1.75276354026337
3912,47,1.52042984980051,0.967466362842057
3913,44,0.866877368249992,-1.09133707947781
3914,39,0.965572848050152,-1.662308712725
3915,19,0.761145540493663,0.640668093180486
3916,10,1.09542473220398,-0.431748957261654
3917,16,1.30458125105256,-0.931683421947725
3918,49,2.23455096900399,-0.228849431635332
3919,47,0.907036280174742,-0.264353529130284
3920,9,0.554713724755168,-0.0473551870826578
3921,43,1.14686745476937,-0.760428336928219
3922,17,0.729605776686761,0.246859920204892
3923,1,0.87610333932778,0.531039555164224
3924,37,1.9521654196686,-1.08001469388209
3925,15,1.59449227877291,-2.38503030699821
3926,35,1.42628548532465,0.361836331923128
3927,39,2.68478212579785,-0.223761187725994
3928,12,14.0041323087816,-0.644148425725361
3929,5,0.798049689959044,-0.0850474079314567
3930,1,1.26419383920553,1.15372790276578
3931,27,2.00619751950087,0.69312212719416
3932,2,4.46307707345,-0.505867818562718
3933,21,1.55291764968225,-1.52370689628489
3934,26,1.08976444657513,0.597721016733456
3935,42,1.14494609053283,-0.151911420470075
3936,49,2.97158754079984,-3.56733010115701
3937,25,1.54196022915106,1.16458794378784
3938,12,3.82205702263805,-0.653118375825046
3939,15,0.422950921728609,-0.0253755949301388
3940,32,1.48381043052417,-1.86997974860387
3941,14,1.03729424576998,1.00847915423025
3942,6,7.05834624934075,-0.082519834477361
3943,34,0.786984527578322,0.0191844654458606
3944,11,2.42441410344055,-0.0193473863800679
3945,1,1.82922779714826,-0.120647649886596
3946,37,1.87935218921383,-0.798289497479953
3947,41,0.847417053583685,0.259215328153409
3948,10,2.01975981939738,-0.635580635305173
3949,27,0.877989933354369,1.22191618992104
3950,49,0.970316974497929,-2.45649611528256
3951,33,2.09850283813629,-0.576613285299629
3952,33,0.844674457838841,0.213153313904197
3953,15,1.14115512026586,-1.34489230222607
3954,21,2.66887258902242,-0.755670883116313
3955,17,2.45910798381359,-0.809819672593241
3956,32,1.1131134493307,0.226822797426977
3957,16,1.13319151556319,-0.644111999959954
3958,7,1.70182985272668,0.154310414326629
3959,7,2.07996595665346,1.62624489240993
3960,11,1.55426451927258,0.404896334867398
3961,7,0.28434173695659,1.05857732919342
3962,8,0.499702113922683,1.84083250005027
3963,5,1.47254569196188,-1.06915202850337
3964,32,1.80733441634295,-0.605340633358418
3965,25,2.31720292905041,-0.806062217808922
3966,32,3.32478238267154,-0.964784376802569
3967,4,2.18328584668985,-0.0791078294668457
3968,42,1.19684316603822,-0.559625378471604
3969,21,0.906298229998881,-0.665563683981858
3970,9,1.08786978072761,-0.921859241870516
3971,14,1.08284421489774,-1.1783048580242
3972,17,2.50735179807687,-1.13162751721678
3973,27,1.54972255864809,-1.25155082283701
3974,4,0.628251168799876,0.934062314629692
3975,2,0.840283668792922,0.164920817891922
3976,38,1.26844981972129,-0.956515868256196
3977,48,1.11815664457508,-0.487526873515469
3978,22,0.74773856626673,1.97303170260634
3979,27,3.12506000808434,-0.361276005249397
3980,34,2.11062174976833,-1.56117114566632
3981,34,0.617414751337684,0.523243002211366
3982,1,1.86476752995128,1.13117871141977
3983,39,1.95455626200847,-1.74157210399293
3984,10,0.989830596321315,1.00485651285071
3985,44,0.464377115808207,-1.48194290955696
3986,5,0.873632250755798,-0.59806572234352
3987,32,0.726140460665889,1.0058238614592
3988,30,3.8901059072293,0.0867975330387508
3989,18,3.98153799151966,-2.06704700065664
3990,11,1.11500823616937,-1.91994691416432
3991,11,1.14597036674079,-2.54861110344989
3992,45,1.73828720179702,0.806960086898815
3993,29,2.67860931552715,-0.257657696068707
3994,44,1.34607152126775,-1.32734779849779
3995,4,0.603356640432719,0.0911831319173987
3996,30,1.75537725097402,-1.37022802914025
3997,49,2.02301449998299,0.0924758369751953
3998,23,1.1273223088981,-1.68118082084261
3999,13,3.85892412768416,-2.098969783794
4000,31,4.08521944209438,0.40447774813152
4001,5,2.37412800174245,-1.23375587130659
4002,19,2.22722253048358,-0.339321986269474
4003,41,0.645071140106026,-1.29425834761586
4004,40,1.5025822198923,0.491189037785283
4005,32,1.33540510642126,0.477030420839403
4006,49,3.08403691847717,-0.475927991277704
4007,28,1.26585766554892,-0.50714739390301
4008,9,3.64679668909057,0.500304756466845
4009,13,0.8438922443875,-0.477767984666075
4010,6,3.7160773282187,0.142531131647081
4011,19,0.422436444902586,-1.12424047645229
4012,49,0.872670943713092,0.845512010617699
4013,11,3.78549971114159,-0.609660825134926
4014,44,2.09972255832452,-0.813243960288493
4015,50,3.16403881230327,1.48174489975105
4016,16,0.682934672744204,0.166796086661929
4017,49,3.90106078543373,-0.591994974415766
4018,45,2.87057423872955,0.00126253278300947
4019,4,0.858844700036467,0.0916230849964768
4020,32,2.97767590488483,-0.712582610423326
4021,19,2.24562654090318,-1.49210879935814
4022,47,1.65748887179957,-0.442062257730417
4023,43,1.91591810756784,-0.169276504502626
4024,42,1.10931772395577,-0.179027826110477
4025,11,1.23441310634969,0.0653769397547527
4026,32,1.02701753062951,-0.20182800611238
4027,41,1.18851888116269,0.637368154829938
4028,7,1.30839632634761,-1.40288747972073
4029,48,1.149519838517,-0.481255606730388
4030,42,1.101373743013,0.905878286847572
4031,26,1.83513874574448,0.656890082613397
4032,38,1.05902866775764,0.0143149194154713
4033,24,3.00808568918789,0.141729403498955
4034,31,0.429047996027118,1.40674580308122
4035,38,1.83134252676082,-2.20836317130167
4036,39,1.85424724494173,0.0109260802993255
4037,29,2.58429987413951,-0.689616753113343
4038,36,3.9637733030799,-1.51484985955229
4039,36,0.96837099948267,1.05637514343011
4040,20,0.81196114806374,0.850326494797076
4041,46,1.04242775389735,0.273811773899694
4042,43,1.61269053685716,-0.0809046518177253
4043,18,0.864688644859555,-0.765301948742042
4044,1,0.461852997186174,1.53592891272531
4045,28,2.87807089198243,-3.12613355221224
4046,9,1.10332220554714,0.799125528523126
4047,30,2.08352225211449,-0.527942193602538
4048,40,0.803068332601348,2.14689023181083
4049,49,1.13134822645682,0.361521949553391
4050,27,0.996644407686423,-0.458958465637898
4051,17,3.67782875512698,-1.1002433170925
4052,6,1.24350233836581,-1.3219262195604
4053,23,1.66912621818733,-0.183436125108824
4054,27,0.671205574503076,0.328162328817449
4055,8,1.19710277015788,-0.215585297012629
4056,50,1.15964476238121,-0.376818574306123
4057,37,1.12307489105341,-1.07749329452891
4058,31,1.07912354989602,-0.0429280600314815
4059,15,1.84315958590818,-0.672841821903068
4060,19,1.74438570420232,-2.19744510342701
4061,8,2.60100410745287,-1.31808684466514
4062,23,3.48907206819548,-0.692922403950727
4063,22,1.61276707775905,0.987849838920225
4064,1,0.50182680273751,2.11831253330803
4065,45,0.856512418146371,0.34110961516138
4066,11,1.41470882242984,-2.98363920464522
4067,17,1.91762319570073,-0.469594785475943
4068,40,1.75873167474311,-2.35488601987054
4069,19,3.36277878073178,-1.01296462382249
4070,24,0.329767503411991,0.320004570069836
4071,23,1.28917832175059,-0.513008254417649
4072,1,0.807878524754879,-0.333108202480399
4073,49,0.388593976432575,-0.0774937532630126
4074,33,2.01413892196634,1.60954237510958
4075,34,0.500732015463467,0.374561567616532
4076,5,1.69570586288138,-1.36360723027621
4077,36,0.514003650680225,0.64691611596777
4078,9,2.74079389521216,-0.453640321915201
4079,41,1.40865343454262,0.101910902245454
4080,30,1.38925822511476,0.0607372281281064
4081,10,2.52485900006371,-0.130404266618383
4082,40,2.29263102692112,-0.99400534905414
4083,10,1.82557129268872,-1.24398203809218
4084,5,3.2871604563463,-0.392382599696152
4085,39,2.93537699529807,-0.966689086506787
4086,24,0.695850208322997,-0.850261383518129
4087,27,1.32428890073544,-0.264170739142712
4088,15,2.97852298475993,-0.276519868910881
4089,47,1.38129480633402,0.937022947380965
4090,48,1.47504994957113,-1.20845875603703
4091,36,3.90395254924502,-0.622867965842145
4092,38,1.07163167667453,-2.43098663001344
4093,44,0.295523080549931,0.209848003657749
4094,45,0.620084116058107,-1.41539341178704
4095,31,1.07583828391183,-0.394725657208187
4096,39,0.718798941706078,-1.84606845224326
4097,49,1.60295145497955,0.593902000182068
4098,2,2.65957514752919,-0.532845896027013
4099,13,1.28073486394187,-1.10082084206136
4100,39,1.25927898832558,-0.272391243306361
4101,25,1.01713547595023,-0.525425172594402
4102,6,1.21011001743573,0.278417306763389
4103,4,0.802439133199911,-0.689528811792581
4104,48,1.47522722358542,-0.304812548657967
4105,16,2.31095392085436,0.247076325565199
4106,18,1.05573720342555,-0.494840273711923
4107,29,0.90757823393583,-0.936612303376148
4108,24,1.61862756739645,-0.608372066439694
4109,37,1.10827255711279,-0.176763357183219
4110,31,3.05314330305333,-0.800876635914447
4111,38,1.30576823464773,-0.448442217344263
4112,36,1.27805156995585,-0.56660450660641
4113,18,4.84105930792562,-0.634859567289304
4114,30,0.638084781363175,0.951596943864541
4115,11,1.28289522043415,-1.55830340715559
4116,33,0.838476310218751,-1.2501335139322
4117,5,1.00357134927744,-1.01246232099876
4118,27,0.917631539789993,-1.19663522531727
4119,5,6.01689703771014,-1.19650875558286
4120,45,2.21931479633531,0.162685896032193
4121,13,0.989027227415959,0.681689876879331
4122,20,2.46795302642947,-0.476635295539547
4123,42,1.42476111658009,0.160243818145423
4124,10,0.729072277906333,0.853042028046132
4125,2,0.921548941207241,-2.07421055156291
4126,9,1.3993568632892,0.259166891435891
4127,32,0.650774272167395,0.68207896301404
4128,17,3.6581769773159,-0.666816205281587
4129,17,2.69378028541293,-0.566127345501708
4130,19,1.9063308220721,-2.07301726648169
4131,22,1.15365993663461,-0.127839385663597
4132,16,0.44888934593271,-0.609893983514587
4133,37,1.17943768940241,0.0820172884565178
4134,2,1.46791295916779,-1.63568014848371
4135,25,0.707421872744201,2.16198217022545
4136,20,1.287499591754,0.605465041529028
4137,50,0.597528020929296,0.637661347269504
4138,49,1.20720402733007,1.73066611864924
4139,7,0.478148964777524,-0.04580885949436
4140,43,3.22490157688917,0.946578460838206
4141,24,1.519470033194,1.68980029192874
4142,10,2.97491459676061,-0.568008655992943
4143,3,2.29397065744234,1.12393768623729
4144,7,0.909426547478917,-1.00536043805011
4145,39,1.35023692509473,-0.948468877710925
4146,10,2.90163607509605,-0.269005404288447
4147,13,4.54466487924889,-1.18717857460498
4148,15,4.1793746699892,-1.72839054562734
4149,50,1.56382418059723,-0.799053214524979
4150,2,2.34258168060624,1.0120615973058
4151,10,1.69022483738321,-0.0895002913878929
4152,30,0.833264614270254,0.404090374223209
4153,49,2.44400333180826,-0.220520032342732
4154,14,1.47487642762201,-1.57219523086109
4155,49,3.24872310408799,-0.500663289433629
4156,16,2.19118652845317,-1.12062983142047
4157,31,1.31917370189305,0.446133100961629
4158,31,1.61295670016464,1.2286724479569
4159,32,0.36836141990322,0.81287060492402
4160,38,0.786368235102574,-0.849564007597705
4161,13,2.78123802059682,0.47262076342769
4162,17,2.58162987516089,-0.730811627153649
4163,18,1.24438232618753,-1.04604662673164
4164,11,3.85949471236701,-0.678540747865679
4165,49,2.44962030060171,-1.72082122817602
4166,16,0.776827384676134,-1.28728221774512
4167,40,1.38222610418775,-0.494885379434748
4168,35,1.20107958696645,0.990401278515322
4169,50,4.2618469745299,-2.65640768736071
4170,21,3.46828580527653,-0.310215424370176
4171,22,1.78827972595384,-0.669696744050223
4172,28,0.535431863132078,2.62131478104866
4173,45,1.35767504520003,-0.391295853496776
4174,32,0.706131607344924,1.20026043683144
4175,46,0.725886391342632,-0.925088161350764
4176,36,3.93409695637724,-1.12255434557341
4177,38,1.84001968895074,1.37626762245419
4178,8,0.425288031808116,1.26982926599354
4179,38,5.71927721729513,-2.73809986594081
4180,39,2.68629953031502,-0.132907933601872
4181,9,1.36244997125371,1.27865496342173
4182,21,0.333576182967839,2.04985007566324
4183,32,2.86667775163911,-1.21922404136734
4184,14,6.41167727740978,-2.19241254734918
4185,32,1.13573755588231,0.281175003134844
4186,5,1.28069376422456,0.150804538809622
4187,17,1.55687668778575,0.0114107455674698
4188,31,1.69210144093394,-0.558903223143728
4189,41,1.65270630313648,-0.973801994768016
4190,13,1.39225054794996,-0.431717221571264
4191,44,0.716878854786066,0.17321067471798
4192,9,1.34550450972519,-0.264009329013177
4193,6,3.78451421914002,-2.62344258280035
4194,14,2.02473935272568,1.15092197808684
4195,17,1.1190774253516,0.793759190842316
4196,6,1.1521762595128,-1.79717747962725
4197,25,0.884462353184929,-1.03358193366597
4198,29,0.834241295459228,-0.898540357756533
4199,11,1.03532061546036,0.0113384375006392
4200,37,1.41539163763825,1.20129825041767
4201,19,1.21147888284882,-0.976524638945726
4202,47,1.94500991653396,-0.157785903891982
4203,14,0.908441140843325,0.864614366967675
4204,49,0.762701761158811,0.512164026952427
4205,6,5.8728723627182,-0.658751284788873
4206,10,1.28837603652617,0.630634265813051
4207,46,2.82147865747632,-0.703084593072818
4208,37,0.749869169352653,-0.983951602227104
4209,17,1.73572749183635,-1.61747874967873
4210,6,3.18373195479169,0.296863745177509
4211,47,0.672585514151424,0.999789914458786
4212,7,1.17643030483065,0.426995974507012
4213,20,0.764768588350775,-0.42393721611184
4214,48,1.19610385311726,-2.13722999547889
4215,27,1.27551541622428,0.144194517075474
4216,22,2.62895279032297,1.34762150937265
4217,28,1.86051873259594,0.156271004927288
4218,1,4.42089742933239,-0.760650393799415
4219,27,0.995024216477642,-0.65001098025456
4220,10,0.862669854097155,-2.44167707717386
4221,41,1.52867275831465,0.440917032042712
4222,38,3.31103135737689,-1.01971696037556
4223,16,1.42530879026894,0.908919771190384
4224,37,1.09995152571372,-1.00641879835325
4225,46,2.56577526586127,0.844527936673088
4226,25,0.858263569607556,-1.27776468340071
4227,3,1.34447280859874,-2.13174910330576
4228,12,1.65553003428658,-1.26000979047155
4229,31,1.76274697538196,-0.561908179976755
4230,14,0.675889105907094,1.33889083533802
4231,5,1.19484600869779,-2.66971506594325
4232,44,1.98818310838278,-0.98335382721675
4233,44,2.14068499053996,-0.15617109631603
4234,28,1.04141259919549,0.010001424405655
4235,3,1.24494016868862,-1.0930760225936
4236,4,0.619331488324009,-0.912638242252291
4237,17,2.52237980768757,-1.11605538826
4238,3,3.77946995984767,-0.035583334036884
4239,20,1.18095709899673,0.125597842176473
4240,2,1.72306814607294,-1.57445029098316
4241,25,0.814753788689212,-1.11395884223523
4242,43,3.00923642404384,-0.723135005579249
4243,16,2.34871388752168,-0.608150858202367
4244,32,1.91501009872065,0.0406982089398903
4245,49,2.23802954580139,-0.803027016820248
4246,2,0.420162317074094,0.745249953784753
4247,46,1.0113806745053,0.567959356519501
4248,11,1.29538315744764,1.35174296705401
4249,3,1.89431308535497,-1.26467265953934
4250,31,1.11022651819069,-0.32393382772018
4251,38,3.69286757196801,-1.43495342071247
4252,18,0.614904306732663,-0.188932142181522
4253,45,1.09623305722217,-1.21078937041171
4254,14,2.01307163906663,-0.721513822955301
4255,50,2.21730384254075,-1.64372986335374
4256,7,1.48907067211393,-0.670649363424504
4257,37,3.04522032786338,-1.36918943027343
4258,37,0.791144091794644,-0.661401636568159
4259,14,1.78988340338661,0.857759968167637
4260,50,1.40926116944276,0.642330813348508
4261,23,2.38538272313011,0.0597717468585308
4262,23,1.17773478934226,-0.857035772913724
4263,2,1.00275349465229,-0.627002197728514
4264,10,0.531959763163937,0.776855567136195
4265,13,2.10186731571418,0.393458668844644
4266,2,0.875949953242936,-2.00586793405052
4267,22,3.42201327170495,0.18715517208596
4268,10,0.745509201526284,-1.12930422906682
4269,44,1.48610914830951,1.05445519676477
4270,25,0.530561125293374,-0.921056391437344
4271,27,0.830321357202409,0.903472533017108
4272,30,2.03468282402312,0.671161544472392
4273,20,1.15649672546457,0.987061899068041
4274,3,1.8705646218679,-1.04429317805216
4275,6,1.54969510717991,-0.303242392019247
4276,24,0.758598382695665,-0.454335662580472
4277,26,1.31096839275762,1.31452638181316
4278,7,2.53793617575322,0.705548931566349
4279,17,1.36570278616325,-0.721602908028527
4280,35,2.2044412844785,0.354089513963316
4281,20,0.829318110698347,0.445729039951072
4282,1,1.25574252775392,1.13085094696026
4283,7,0.92576857307607,1.6424697685854
4284,38,2.08189836252128,-1.19246755196369
4285,18,0.854227348234541,0.892086572695908
4286,6,0.515018560926978,-1.46839463435141
4287,36,1.4462712204242,-1.63077778776087
4288,25,1.20695180910553,-0.236907179662638
4289,38,1.60758502262668,-1.42956690753088
4290,20,2.40812320336315,-1.58797758626352
4291,10,1.01024452593524,-1.02136274957748
4292,15,0.912083666819342,0.982133012689933
4293,49,1.33221771249483,-0.2638419561932
4294,42,1.29727002196784,1.75147120497231
4295,11,1.30547240759971,-0.255696033706729
4296,32,2.48730010709075,-1.59565145982623
4297,12,2.39223591537563,-0.327133623881709
4298,36,2.60552264010585,-0.0701896880948469
4299,48,3.90275873353553,1.58938142851304
4300,6,3.51032543518087,-2.13375905052118
4301,33,1.03720162230768,-0.290791412896415
4302,31,2.18269860960745,0.990104208523561
4303,22,0.668712344331104,-0.539330281506908
4304,15,1.82234123245101,0.847052155186328
4305,36,1.13326903526018,2.46218786845426
4306,17,1.6150366097745,-0.218013635328888
4307,42,0.851222449040259,0.958644848625271
4308,1,1.61447801618626,-1.11730420551415
4309,42,0.63014730702469,-1.22129829560445
4310,13,1.17732221849915,-0.77402087084189
4311,27,1.40755938554036,-0.513925440575068
4312,26,2.4372700478414,-0.692806828488685
4313,50,0.699896452531819,-0.472683097920869
4314,11,1.04282489393126,-1.3712365582054
4315,5,2.92680365817548,-0.20778212580347
4316,50,2.0297683611909,-0.950027938641132
4317,41,1.2838438070526,1.80870884778498
4318,25,0.728706700491066,-0.388047828412165
4319,14,1.0055606516736,-0.21164441769539
4320,19,1.26825784864247,-0.585003738574675
4321,41,1.72324975432061,-0.637851664314196
4322,2,3.49936432998883,-0.227401309597959
4323,21,0.772721475175639,2.03467978128985
4324,22,3.95396438116442,-1.85278755472764
4325,26,1.73549953781841,0.698649901930802
4326,3,1.32957578375792,1.19848944941428
4327,42,1.24513532243891,0.635508180560303
4328,34,2.35687168840485,0.55766317205526
4329,20,0.471518687479091,0.357214246633303
4330,21,1.11274866153094,0.126588073071994
4331,13,1.47797297545722,-1.79403753010932
4332,2,1.29034042063518,-0.861552371701136
4333,11,1.87715111066194,1.325660828215
4334,9,0.819216120167947,-1.08889031778811
4335,36,3.52510702450767,-0.0345019890129884
4336,45,1.75242707405395,-1.53627620783703
4337,27,0.508763885557293,-2.33681386868471
4338,34,0.593780832460613,0.864769541067099
4339,40,1.35334355868735,0.810891172790241
4340,18,0.738819116162645,-0.944939344072979
4341,47,0.555933597460316,-0.658156433281746
4342,30,0.8673628153045,0.164999781063672
4343,25,1.25881089476986,-1.63830184727973
4344,31,1.48800746315381,0.378809502351859
4345,42,1.61081016780992,-0.11739027102962
4346,47,1.10071581765051,-0.323149893115535
4347,37,0.689804766929545,0.163137103614103
4348,21,0.620952939311862,2.93505686347533
4349,27,0.594448560190106,-0.737813903394442
4350,28,0.675730634440762,-0.217980449607836
4351,38,3.02050287125328,-0.486985705325641
4352,1,2.29758981761868,-0.763565099429486
4353,15,1.22947451707026,0.201959572824194
4354,39,3.4727620427298,-1.86973395122386
4355,17,1.06893898112106,-0.354514572203877
4356,36,1.62237242894169,0.584858766517356
4357,9,0.82785407743113,2.35402703379492
4358,28,2.64143064281575,1.32185387465932
4359,35,1.39917636648525,0.486266443616794
4360,28,0.814183626530034,0.417284438136131
4361,27,1.7487037677809,-0.337628458168701
4362,49,3.32395920928122,-1.79343236058787
4363,49,1.05688655881185,-0.167241441878299
4364,45,1.04649543977232,-2.38292595444607
4365,25,0.700126888105158,0.50384168599915
4366,28,0.768549459505647,0.937937450533444
4367,3,0.624249567206613,-0.213203687937946
4368,36,2.54904947461657,0.17246740076799
4369,27,1.30869761650753,-0.793798805908831
4370,42,1.64746063215021,-0.580938769702587
4371,2,1.29837005370318,0.0868897826127785
4372,4,1.11088847524053,0.0757684897615856
4373,23,0.532145174029781,1.18780283457437
4374,10,0.658874826096058,1.01222677994323
4375,10,0.722738920937082,0.568718266202688
4376,27,1.0909580792122,0.826838120406753
4377,15,2.31282257017562,-1.72122416045634
4378,41,2.34704795727784,0.0904994053476336
4379,37,2.25375661981112,-0.177311462756104
4380,19,2.10088727020374,0.0872171250766475
4381,12,2.35764116751632,-0.909349146169274
4382,20,1.59901028784731,-1.34954329480923
4383,6,2.12395874855264,-0.0451684362672454
4384,35,1.86735553231975,0.0195008762404764
4385,1,1.4834523351212,-1.5558094030245
4386,2,0.58796724190683,-0.899093779027719
4387,49,0.881386903311716,0.621427803915693
4388,18,1.5924433719797,0.441182555552164
4389,23,1.52794752763065,-0.070960503356179
4390,2,1.39617027162664,-0.229154132644201
4391,24,0.599242276143171,-0.924593684903744
4392,26,3.25020438072847,0.896329800062294
4393,32,0.806200831752178,0.896342897985413
4394,18,1.1577018008539,1.00663431825386
4395,48,1.50240114118287,-1.15481919726678
4396,34,1.27145993883899,-1.59053409541401
4397,6,0.819870441231011,1.96925255492855
4398,6,0.444229611675245,-0.669107990249308
4399,37,1.11602012083802,0.76644580549349
4400,31,1.3932242359584,-0.17766268564374
4401,47,0.593847819911529,-1.75658354595873
4402,16,1.25890519594428,-0.607504381897887
4403,28,0.821121364161585,0.971249183429649
4404,46,0.981453671133261,0.87099096756192
4405,46,1.76034305411799,-0.614592190302836
4406,9,2.15980826357598,-0.756922498272393
4407,17,2.9548383602657,-1.55080858978517
4408,8,2.14477815922587,-0.114491133440196
4409,6,0.750580847157005,-1.79540566230157
4410,20,0.92579512316946,1.97991462836652
4411,43,1.71197825021832,1.01411143410422
4412,45,1.81896845043787,2.05191909275658
4413,6,2.17246705568786,-1.34992111462161
4414,32,1.71414545982783,-0.59134572957718
4415,9,1.49807182556066,1.89611838920089
4416,41,0.967558361492879,-0.335390235073619
4417,34,3.53748183374391,-1.07561373729321
4418,2,1.17119558671616,-0.345217749441022
4419,46,2.9450883737662,-0.732099680803396
4420,2,2.87796678197645,-0.150624351810268
4421,11,1.09374422258126,-0.432352327002598
4422,10,0.613996079512412,0.528530488960667
4423,28,0.371112823175384,1.28428494844541
4424,6,1.23777815664975,-1.00417467014014
4425,4,1.77371994906974,1.22153306665755
4426,27,1.81541354992879,-0.595265250598017
4427,12,2.12495478640435,-1.42712779942254
4428,26,2.04627979471672,1.13565177842155
4429,12,2.2805845530529,-0.99750665298918
4430,39,0.99454901264859,1.50255698150416
4431,6,1.00703244271535,0.0409217632863524
4432,9,0.223238883598203,-1.07574198558759
4433,3,1.98112480976685,-1.57367897697992
4434,27,0.641179359768084,1.41307261872901
4435,22,1.22078608250049,2.17666335782481
4436,27,2.31419048273508,-1.38820571594905
4437,44,1.63694219322937,0.211912564760396
4438,40,1.41265157768046,0.000205240402371902
4439,23,1.1535745234184,2.18477183829607
4440,1,0.817128291165606,1.21153150797535
4441,25,1.33882981562149,-1.10258697416155
4442,44,2.29359110643337,-2.40159315557942
4443,37,0.581730136746511,1.25181368534013
4444,36,2.24730002120458,-0.976096498533103
4445,6,1.21913150311943,-1.54093334400048
4446,11,1.33034492747682,0.776610333301057
4447,12,2.36763132210172,0.654692470272849
4448,15,1.91264691808205,-0.829377556092233
4449,8,1.54964638357923,-0.76706061266278
4450,23,3.57363424252416,0.132205837697914
4451,9,1.13818787250038,-2.66620975753878
4452,43,0.398319448850475,-1.17902073085152
4453,34,1.96015204001018,-0.843290374754101
4454,12,3.52278085102556,-1.42470338162441
4455,49,1.61977776109319,-0.567676915988086
4456,13,1.09505432224739,0.38058498177771
4457,40,2.88589190369438,1.35440663042645
4458,26,3.48298545822609,0.811430345921019
4459,50,2.30842898686718,-2.43185245269728
4460,24,0.949990010850387,1.30273562892476
4461,44,0.974106344728063,-0.994228952489124
4462,1,1.08886185192534,-2.14860842852596
4463,13,1.34665787685729,-0.0399319068768003
4464,1,0.983814367349442,-0.346706879704006
4465,6,0.889044008071532,0.296212926034596
4466,32,0.380347698505956,0.364248127867178
4467,41,2.27607627612948,-0.92316285976994
4468,10,0.663070691831522,0.204608388679754
4469,17,1.48706300937529,-1.71724300579301
4470,8,1.91462826258653,-0.105630494151795
4471,39,1.64148908868342,1.1476373318103
4472,13,0.55086472909412,-1.15667518520355
4473,47,0.683488669501742,0.862296681008024
4474,9,0.993335676259873,-0.593126635368012
4475,30,1.64993694231858,-0.418925246189245
4476,14,1.46518508999779,-1.17447067834926
4477,23,1.0314563344732,0.0550254957638283
4478,35,1.58567289786779,-0.682553663852205
4479,33,0.713140563217912,-0.0483624096216853
4480,42,1.16211448722101,0.867861867903583
4481,39,0.404335986524921,1.12827363207264
4482,23,1.97902834388816,0.94439859143835
4483,20,0.291403910695971,0.946492947735069
4484,7,1.09300786523927,-0.209356895431121
4485,42,1.71038770387306,0.263458958836587
4486,9,2.2413405754516,-0.335274233224337
4487,2,0.803792529325816,-0.240251492224804
4488,33,2.04809290520888,-0.137449329098866
4489,45,1.5578661628974,0.550889183107672
4490,14,0.483163956583459,-1.19584022882492
4491,41,0.385392590233326,-0.995104222701999
4492,19,0.833304085363278,-1.57926495006716
4493,29,2.0676650896435,0.00948662949601509
4494,32,0.756545476664958,1.21528957112324
4495,21,4.33895717364192,-0.813702815122059
4496,23,2.59590511767214,0.0866018445793416
4497,48,2.50816340039838,-1.83348459698812
4498,1,1.14016851846697,0.81434586049036
4499,11,0.643965874749541,0.611160796718622
4500,11,2.02628787669482,-1.42267488303832
4501,36,0.966043289162173,-1.24325350064476
4502,22,2.65890540042385,-1.98390389865331
4503,47,0.563071627951711,0.461557315628073
4504,3,1.18611698645082,0.176957375895199
4505,5,0.61531157200325,-0.563621840759722
4506,34,1.71671637038345,-0.687949660908213
4507,9,0.58904001815355,2.10807177080416
4508,10,3.61229911935278,-1.47276141048128
4509,13,0.801713608916029,-0.886419967288259
4510,41,0.543011720383766,1.57744833452327
4511,27,2.89037054093788,1.37287000407556
4512,30,2.19710065181781,-1.13831076899699
4513,14,3.42423409585368,-1.67172431637839
4514,13,2.29035676931233,0.693474678547945
4515,35,0.979365440881496,0.471114544363788
4516,31,1.78450301632851,-1.22305572348026
4517,48,1.23016646741971,0.30943140890907
4518,6,1.10568940681491,0.957232229906956
4519,13,1.9585734941632,0.805441468910202
4520,38,5.90991921265361,1.17112370780256
4521,30,1.87339936993868,0.387237095507329
4522,21,1.62787292466745,1.12600119212583
4523,44,1.8420884485625,-1.30089571402489
4524,32,4.16665079535291,-0.616785799473865
4525,19,3.47442924061185,-2.45999334190224
4526,19,1.94409025347739,0.939001712187174
4527,25,0.589846107762872,1.7500812484382
4528,8,2.39965847208208,-1.47211135375967
4529,47,2.0189326837336,-0.6451565355772
4530,43,1.19684127665021,-0.496310397501888
4531,44,0.859840431813428,-0.211694860793846
4532,25,2.32328552973039,-0.699379820793718
4533,11,2.41749577669015,0.053906141962941
4534,26,2.21038227627895,0.208193116934751
4535,34,1.08543337464087,-2.27744629715311
4536,40,3.96197629246764,-0.928234223895196
4537,7,1.53742543546197,-0.308631643916398
4538,34,1.1292625981681,0.582706408729226
4539,47,1.4174750280312,-2.04566540468216
4540,31,2.90993361392933,-0.267943284371916
4541,17,3.62665071021333,-0.962029368882724
4542,20,1.43019587460686,-0.357497041015772
4543,3,1.11512546651862,1.66241094387995
4544,7,1.48139171829866,0.349498863220625
4545,49,2.97959475252674,-0.664822547579373
4546,11,1.86920031173516,-0.687455342599948
4547,2,0.459462216530944,0.649169659114347
4548,21,1.72589106314479,0.128533802370571
4549,11,0.883375636023672,-0.55790517664118
4550,16,1.21845684833477,-0.550521276668691
4551,3,0.917921400788023,-0.542406596901954
4552,32,1.24214414081516,0.528509207948376
4553,3,1.15332718841359,-1.54555871288287
4554,19,1.47677966063575,-0.389721189899617
4555,4,0.994773841471057,-1.91690589775687
4556,45,0.697313936304202,-0.47735608964716
4557,43,1.4305589829112,-0.22655617466251
4558,24,0.712437387070525,-1.70059194423262
4559,31,1.75115614614596,-0.610660544530424
4560,50,1.57498335342595,-0.0879731816631508
4561,46,2.55338471175317,0.122992861661039
4562,21,2.00881166024127,0.456798397427233
4563,34,0.88948539166402,-0.519832382176988
4564,24,2.22704400247001,1.38683100373601
4565,5,0.557745830458338,-0.60416425371622
4566,14,2.40152122342894,0.0534658822784806
4567,46,1.24797956639362,1.19419213644258
4568,42,2.56972681500508,-1.22096945274302
4569,48,1.11853090019158,-2.66607945326552
4570,5,1.38467498594516,0.855104430183439
4571,24,1.50043118775572,0.56785282830722
4572,7,2.67338207893884,-0.935598440642935
4573,2,3.39829228125999,-0.711521997012799
4574,35,0.592273932265944,1.00650988921891
4575,32,0.699891214102351,0.148780214965064
4576,31,1.19352127629843,-0.695383397708697
4577,18,2.27437591140175,-0.213649546489946
4578,10,0.32056714933416,1.65009385585207
4579,44,1.38802127286506,-0.782677597723449
4580,11,1.0451517609214,-0.878677689562116
4581,1,1.64671741453665,-1.17399693240684
4582,41,0.770873929332371,-0.563052473532878
4583,47,3.26239044886263,-2.18877662925816
4584,21,0.900087091527541,-0.443432217691302
4585,47,0.540326469484528,0.524521177913085
4586,47,0.39477978346905,2.06534691361494
4587,21,1.98511232770552,0.951656267334126
4588,17,2.55460260576852,0.10150659149908
4589,29,2.71993882157535,-0.947767764610787
4590,11,2.60250308486012,-0.308920331121749
4591,4,1.24722220436142,-1.23573318329509
4592,33,1.10142369836024,0.448528523032368
4593,30,1.04571443080497,1.11600313172665
4594,7,2.16753415682433,-1.62931520618917
4595,37,4.34897250717457,-0.623935776493541
4596,45,1.7353002068451,-1.26898068963469
4597,8,1.15190824672912,0.302461535727433
4598,34,0.842835807282705,0.0204309931902008
4599,27,0.617361303560667,-0.707086494053733
4600,48,0.940833054440882,-0.958829465003482
4601,21,1.89331031847808,1.35535429159107
4602,17,1.19058701642629,-0.897582936168334
4603,23,0.740720925047031,-1.19374157020404
4604,15,0.594560424328195,-2.23480612405223
4605,7,1.75245916254031,-0.179619942529523
4606,36,3.02666577022452,-0.609184484547617
4607,24,0.574597631546531,-0.671038072504557
4608,14,2.49746116048546,-1.12242875514191
4609,5,2.80821098250547,-0.711915939667447
4610,1,1.79118238645065,0.150621434622809
4611,10,2.64265692958887,-1.63424871213697
4612,45,1.27035966150428,-0.261206082070942
4613,44,1.64292985871492,-1.79223530012053
4614,19,1.11950170536529,-1.08450272040372
4615,4,1.81594745616268,-1.99632699831179
4616,4,1.66215260340524,0.0877180347286165
4617,31,2.17162954539952,-0.452882671067344
4618,33,2.04177479863362,-0.99593885054741
4619,39,1.45724731010589,0.904897231384305
4620,36,2.1795278104623,0.796033937507403
4621,9,2.44903487041446,0.807882176126304
4622,28,2.34942681089493,-1.34380425757584
4623,11,1.14539744154647,-0.0392189620312353
4624,33,1.54962516599097,0.637956147985819
4625,17,4.65571685182974,-2.27854801436589
4626,39,3.81091044912523,0.0171477835507283
4627,33,2.32472863833172,2.00718956258703
4628,41,2.00229514757332,1.21596975521045
4629,24,1.17081306254524,-1.29036545063515
4630,42,1.17661965058578,0.466600348254892
4631,42,1.30616887091625,0.735518366511305
4632,7,0.664461772113108,2.56562889539011
4633,3,0.663585491964813,-1.17227763316397
4634,5,0.878468953005122,0.475940805571032
4635,5,1.03387075002667,-0.412583358583228
4636,15,2.83419064210489,-1.13111934095661
4637,44,1.13983834202918,-0.623021312194423
4638,5,0.663978469093655,0.211320814355099
4639,5,0.528768497566925,1.33137124865128
4640,39,1.90290675237148,0.539794492815318
4641,10,3.29513355105119,-1.48359624275204
4642,21,1.76448799080575,2.35033836319474
4643,26,1.30199948506008,-0.727139431898762
4644,36,1.20114210464463,0.712239705920265
4645,3,2.447862531154,-0.835367269463493
4646,1,2.79342957204346,0.916662925503915
4647,32,1.6467292127888,0.647515801256657
4648,27,2.97884380472007,1.25184084320289
4649,38,0.635097799402089,-1.83537650133553
4650,40,0.71618586865494,1.07701246780976
4651,5,2.57871576847036,-0.569008530443348
4652,46,2.79282075707192,-0.0249551486888292
4653,23,0.793612630253706,0.717019682563749
4654,24,2.07879131298039,1.80733351422006
4655,27,3.34120956396845,-0.886387390571123
4656,28,1.81994537186382,-1.25038617280349
4657,29,3.44266600765461,-0.193933379600284
4658,44,1.14771027730449,-0.0113339184370811
4659,36,3.14882532085846,-2.15032821273472
4660,20,1.2285082230781,1.37289334732802
4661,43,1.0553481286233,-0.412830732537994
4662,49,2.06499338944458,-2.28956283171932
4663,5,3.31623831327743,-0.0671750896566835
4664,1,0.83041024483598,0.326379203690794
4665,16,1.66590051084874,-0.177505694689664
4666,7,4.04104683512859,-1.26334439083913
4667,30,0.968044618921573,1.67724122684937
4668,24,0.582453942504502,0.609411640272001
4669,33,0.625847785480116,1.99916114360263
4670,41,1.5158179218174,-0.823526625836699
4671,22,1.87027507685172,-1.70853724600655
4672,37,0.615175796711251,-0.731433204968056
4673,15,0.495588912776742,0.132469925307601
4674,18,3.93308973294868,-0.206991344816336
4675,10,0.760601163574296,0.269248448589303
4676,20,3.27434227592134,0.308401668657789
4677,43,3.24150395856086,-2.2167096183799
4678,2,0.897834533806167,0.0936198710329113
4679,45,1.12991646824108,-0.84962841879594
4680,36,2.93969006098421,-0.947505024109748
4681,14,2.13510086514921,-1.7812853337121
4682,18,0.680159296783181,0.747214731992091
4683,35,1.21374018475126,0.757141136846897
4684,18,1.29188940700781,1.36356164838413
4685,49,0.785769122894025,-0.22611179428458
4686,1,1.69912252585787,-0.502679641872213
4687,38,2.86424847483034,-1.21922856894901
4688,40,0.565569757255045,2.46927219581226
4689,21,2.60417063186774,-0.623609868126147
4690,3,4.34994162029796,-1.67651037152775
4691,42,2.61770033009392,1.3344674377738
4692,33,0.921511532796415,0.0385521077939815
4693,37,0.838685740166448,0.803316896603719
4694,47,0.873554887479997,-1.84518221483106
4695,49,2.24814353066436,0.380155574320449
4696,15,1.94550833966661,-1.538609958869
4697,45,0.978830016261328,-0.120245870726598
4698,6,3.12293665842708,-1.74873060890944
4699,30,0.614108092018201,2.35540536543851
4700,34,2.02853559140336,0.922460724804404
4701,8,1.14268232983363,-0.712428819411512
4702,2,1.16660484338559,-0.41584482252536
4703,21,0.599579113653968,1.68103656645565
4704,23,1.06885507321577,-0.81329267080207
4705,45,0.961966618298253,0.108637619743512
4706,15,2.96476151630879,-0.924173207539377
4707,23,2.34701875341591,1.10906131836816
4708,40,1.91664660610145,0.666540687277314
4709,1,1.61066592147903,-1.48846139702133
4710,19,1.31483882612138,-1.79471131779615
4711,45,3.20826692071919,-2.59163858588282
4712,35,1.5110126577392,-0.259211688917151
4713,34,0.969626292449759,0.333256759275307
4714,11,1.57873588312904,-0.55112947215584
4715,41,0.735010964001305,0.730071393105405
4716,29,1.19405801442407,-1.58631805815043
4717,11,1.00727920635896,-0.871394789773358
4718,22,1.91383248662338,0.975872058423792
4719,19,2.16432059165216,-0.611128800311224
4720,7,1.04229903718147,1.33304504947449
4721,42,0.89412297240694,-0.869218795265603
4722,19,1.09811024973754,1.3676034051056
4723,10,2.27787537545669,-0.564218130090911
4724,21,3.78029362276571,-1.59042433473476
4725,39,1.67998930786456,0.189636419990828
4726,2,1.6024172704737,-1.77505111408829
4727,24,2.09342921841472,-1.39766097435963
4728,28,2.2612648232249,0.203854075029599
4729,15,1.12546353778359,-0.768237813304397
4730,46,1.37355866113778,-1.17722783953368
4731,12,4.97744527371508,0.25319598046365
4732,39,0.825450973729272,-0.334756334358363
4733,25,1.25834324941605,-0.451925801934828
4734,28,0.780305083516819,-0.635625260524358
4735,3,4.56577119536843,-1.33540043945254
4736,41,1.72064244772658,0.38062076309753
4737,39,1.40917933335212,1.75700262547748
4738,6,1.28542385592733,-0.530814204671515
4739,43,2.88459333902683,-0.103817844441377
4740,17,0.532421294499297,0.421920106526282
4741,5,1.27685271325428,-1.92701296842456
4742,14,2.07121480104341,-1.7947048692365
4743,16,0.871935582140038,-0.0640252999142556
4744,17,1.3035191589797,0.680662208312592
4745,26,0.564476094213937,1.20920890125479
4746,1,0.63879395387754,-1.24852140505727
4747,36,0.969688291559054,-0.0706933967438179
4748,10,2.5773308452657,0.665688255373221
4749,48,1.33273987883515,-1.0722870971889
4750,30,2.73188900340589,-1.52629452137807
4751,6,1.76497382178259,-1.15584906207429
4752,30,6.29613524128158,-1.49646386423821
4753,21,0.869097631601225,1.65808261273085
4754,29,1.07191480320884,-0.813579618636293
4755,46,1.58524039262828,0.238280961723995
4756,23,3.56693728172873,-1.27708029994852
4757,40,1.48205232056848,-1.65423271860739
4758,20,1.23529148086528,-0.455900364936419
4759,17,2.37186248561561,1.06294626845923
4760,38,0.884968020214684,0.166978542587858
4761,23,0.891552479005058,-1.42283410539742
4762,47,1.74262841239281,0.267147056590526
4763,50,0.45585186627658,1.48277931831407
4764,19,1.05645557082339,-2.13002570671892
4765,19,0.802955566021758,-0.829409131058846
4766,33,1.88437186042272,-0.044218387695387
4767,26,1.90269260805988,1.040258331657
4768,17,1.06003306811607,-0.468016427503699
4769,7,4.77831760747813,-0.563101604559285
4770,12,1.94152469939037,-0.64759620480967
4771,7,0.652789984594436,-2.42800036677943
4772,12,0.693407664497661,-0.758281905530659
4773,24,0.812772459822615,-0.598830334721109
4774,20,1.77559919714817,0.301744409463617
4775,42,2.11137094652638,-0.166764393847855
4776,21,0.82889140586584,1.51411321717961
4777,21,2.02680497787604,-0.576925330148664
4778,41,1.02751550918427,0.461633774211089
4779,42,0.971660542603893,0.0398511649599421
4780,27,1.14040176460516,-1.19182543758541
4781,41,1.6419934860034,-0.234466453555171
4782,2,1.27514260672563,0.884395286022087
4783,38,1.24757432051173,-0.655471113256232
4784,16,0.618031275822446,0.878034389900508
4785,28,4.76360159693095,-1.67131265903501
4786,45,1.59772996656297,-1.41277545482492
4787,12,1.52070177091413,-1.61464923656345
4788,18,3.00899784372434,-1.43295707604515
4789,47,1.81250251564105,-0.943867459581444
4790,33,5.30393751733535,-1.02351322755628
4791,11,3.22264901068721,-0.0136582696577847
4792,16,2.22816087018129,-0.494819528929313
4793,31,1.4524962609926,-0.485848562262347
4794,26,1.27405190925091,-0.845549995530346
4795,1,3.49313581962552,1.54496475077174
4796,42,2.79311011726546,-0.454872281231794
4797,14,0.516502714418149,-0.302043202746872
4798,34,0.995051721299745,-0.687837846932132
4799,5,0.643418401047904,0.543855787639254
4800,8,1.21775003905663,0.606233235006378
4801,37,1.05116925834851,1.28875909089701
4802,6,4.48487161915461,-1.47801036498822
4803,32,1.52815831242587,1.37580360540687
4804,37,1.17455783671298,0.880596295711077
4805,31,0.992338814223668,0.0236561708394016
4806,29,1.26813530946497,-0.0286476491304338
4807,5,1.14326623831749,-0.31106337492412
4808,18,0.843238024289218,-0.305850809930904
4809,33,0.798045397873342,1.642188821827
4810,11,2.60448164642329,-1.42804392988807
4811,15,0.502168942121863,-0.773560302761446
4812,39,1.06553606533744,-0.495272264423105
4813,12,1.14790591486354,-0.679354781908716
4814,14,1.0994405851046,-1.13511520885018
4815,37,1.42358877526706,1.0796195653254
4816,22,0.887130622179871,-0.364370594339745
4817,45,0.353806743021453,1.61536203065591
4818,13,3.19942750021476,-1.17607357303293
4819,24,1.56905031096472,1.63632575719165
4820,17,1.14618741252803,0.767652243342302
4821,38,3.78684450823603,-0.929673436969974
4822,47,1.42834035766892,0.271572405482726
4823,13,2.30074966319629,-0.00464279560417802
4824,3,1.99972354852777,0.986536792195974
4825,29,1.70359393335999,-0.376601116995781
4826,34,0.752850053443688,0.240870311694656
4827,6,0.850962292991859,-0.416591612216013
4828,26,2.96866491028575,0.164204652721308
4829,11,0.98004135954509,-2.44580602215392
4830,29,0.9010747369798,-2.26672855336646
4831,24,0.59882660564331,0.588655370447592
4832,15,0.982302294634146,-1.37071398078155
4833,8,1.92929884903145,1.25669133754552
4834,45,0.780915731353801,-0.394351597028061
4835,21,1.06899736186939,1.23198037703994
4836,22,2.84750357267825,-0.868661307195061
4837,17,2.0126193503609,-0.95975000529069
4838,25,1.91092734297434,1.23669394080965
4839,3,4.32249552516592,-1.63390979171933
4840,49,1.40870674738433,-0.0936004010639283
4841,10,1.20918760488643,-1.51046538503401
4842,38,2.61546786071746,-1.05338152262494
4843,25,1.63024479613865,-0.276740835591551
4844,41,1.21515331695302,1.76191173811428
4845,41,2.55942944168573,-1.04931176367626
4846,1,2.75061869008721,-0.298492301864721
4847,23,0.547736355642031,1.82245395880015
4848,37,1.23249319406672,-0.86772339423707
4849,29,2.42146580583836,0.424129752249207
4850,38,1.19466655063881,-0.164060461180894
4851,50,1.09335617607818,0.461039656245578
4852,37,2.60557896295177,0.528889951606223
4853,4,0.962366411103419,1.12459285003614
4854,43,2.92573845359965,-0.240990292451662
4855,47,2.60480005289629,2.36180458290003
4856,5,2.3947524620683,-1.63726831265596
4857,15,1.53761302563722,-2.45394758438038
4858,38,2.24089597508488,-1.12950173195478
4859,21,2.56495022537609,0.0595214120593121
4860,33,0.960930747777052,0.799957438346455
4861,22,0.994666230735434,0.0519925819754579
4862,39,2.9571388704004,-0.422878453304606
4863,19,3.13906704190609,-1.02336383429313
4864,49,1.03105100283117,-1.91043189605532
4865,26,1.06395267407044,0.388359388756862
4866,28,1.96285386077546,-0.738038507781177
4867,47,1.41120588723211,-0.936967082679554
4868,23,0.59695407962859,0.777516307669896
4869,1,1.22877398863919,-0.93353126416142
4870,37,1.03885397885572,1.03687990065903
4871,39,0.999171693089401,-2.13273739347479
4872,2,1.71000449140735,0.34691548014625
4873,18,0.896835386848484,-1.89820020068096
4874,7,1.05626625666679,0.8310723648742
4875,35,1.07509221941082,-1.79137754821515
4876,43,1.29921306771032,-0.738144253037955
4877,20,1.05008591331117,0.857807025098535
4878,7,1.46917319303069,0.939998302350533
4879,16,2.03983808013756,-1.85448808960265
4880,30,1.71670179898707,0.284899086528748
4881,26,0.813274647330229,0.334470504434437
4882,33,1.23171225147589,1.03818256034781
4883,28,1.70410838054781,-1.53848182184514
4884,28,1.36969363218109,-0.342542196037638
4885,10,1.17370683023381,-1.43339067292445
4886,35,0.545775243478086,0.807439172571583
4887,15,1.94087728202236,-0.444923066210553
4888,6,1.67700848498718,0.212817874268752
4889,7,1.25460004036064,0.68542863714914
4890,27,2.27207616430799,-0.307966169020073
4891,7,1.25790987514238,-0.589345189424815
4892,21,0.384775276983289,0.154491794371226
4893,5,1.33976685564657,-0.614344797130158
4894,44,0.539344841998211,-1.94863837183949
4895,39,1.4586187954737,0.521012135690528
4896,27,1.56573821531817,0.660318334452241
4897,16,1.72940604012407,0.690575737230801
4898,35,1.10735108120412,-0.0259548229182201
4899,12,2.39458599867678,0.22639968043635
4900,11,1.44642761644223,-2.58531299371511
4901,3,4.7290938845113,-1.00805275721658
4902,19,0.812772333327401,-0.0939116299536505
4903,37,2.10006842572569,0.741146014094636
4904,33,2.04313678191269,-0.590987469021021
4905,30,0.792232477733482,-0.236294096407635
4906,41,2.46522756028961,1.67427716958719
4907,5,0.340016951936825,-1.02343678284488
4908,26,2.65336850297001,-1.03006430082971
4909,12,1.93597857928754,-1.13410147363856
4910,25,0.818544664084243,0.866879769683805
4911,13,1.05640877055468,0.885924760928236
4912,28,1.32142956097787,-0.225406119986823
4913,15,1.52814701141083,-1.11854923552683
4914,19,0.90910207892191,1.30782133359394
4915,12,3.42130099607313,-1.6842310806664
4916,2,1.06981695158755,0.186038873149905
4917,30,0.602273022447931,0.814362349348052
4918,20,3.81430464567657,-0.100306446766941
4919,28,2.70904859437417,-1.07061835063646
4920,15,0.736788324180318,0.613880996863173
4921,44,1.37830147271949,-1.13078558778367
4922,7,1.6428379497405,-1.08921269262695
4923,2,4.70928381819906,-0.848085142512721
4924,20,1.26515314079019,-0.437994465199336
4925,4,0.758032403412128,-0.0789528883225896
4926,6,1.51482226139093,0.475045779597726
4927,39,0.996293018764459,-1.02480169839111
4928,21,2.16247134028157,-0.644871714997982
4929,28,0.592240197455395,-0.308375925442941
4930,46,2.04601213692589,-0.706342732797933
4931,19,0.820695721334003,1.16543657420781
4932,3,0.710276931583777,0.314273155986147
4933,40,0.738291839906596,0.062590478660226
4934,30,2.27453528941167,-0.821172069332981
4935,28,0.726630861800036,-0.0988115009790126
4936,26,2.51521854172404,1.68715151761309
4937,11,1.5886249623565,-2.23458763797477
4938,1,1.8692952375976,0.872003232210839
4939,13,1.62793697039509,-1.80395294735868
4940,14,1.87442834030966,-1.56620278238584
4941,26,1.24909218941691,-0.79574849559892
4942,19,0.768407844849222,-3.36255107792036
4943,33,0.533996452967845,1.46024863779709
4944,25,4.76982305878503,-0.693781449050499
4945,32,4.38029445629662,-0.328709735193464
4946,9,0.948824608405376,-0.861975605961936
4947,34,1.9209575887988,-1.94478829866987
4948,41,1.24049596256272,-1.96664489173034
4949,49,1.20950690560059,0.277363094566364
4950,42,1.71417544937561,0.720533213957051
4951,20,1.53090058151461,-2.13988519502074
4952,32,2.58029200249307,2.18947022176384
4953,9,0.484594177506268,-0.626801035351241
4954,31,1.20229566180063,0.965677485302584
4955,16,2.1409483276727,-0.792714384755827
4956,35,1.98297998034996,-1.66542212083416
4957,37,0.484309028704749,0.890813842615513
4958,9,1.26000086846402,-2.12265499718575
4959,32,1.81064868268789,2.0939123164008
4960,16,0.996997876490478,0.680772250110252
4961,14,0.924469178942701,-1.50512887750772
4962,29,1.69058932775878,-0.360244322361928
4963,16,1.35987332784897,-0.141014057495987
4964,33,0.412879626848382,0.224646946699139
4965,8,0.481647687563853,0.828869675515914
4966,29,1.96563150722404,1.39039207833822
4967,33,0.768979711250818,1.45597854373013
4968,40,0.881183738611434,0.941223035144593
4969,50,0.875528437069802,-0.341468220917154
4970,20,1.89278602866349,1.57794630289802
4971,27,3.04447408340733,-0.800579228388633
4972,32,5.17029485960237,-0.542769772039357
4973,45,0.949863037389451,-0.61285552198106
4974,4,1.84723568227819,-1.71000188327364
4975,5,1.31786840449739,-1.84066702653597
4976,7,0.45979280335943,0.00788899512391672
4977,3,6.88771299904123,-1.72301686647372
4978,46,0.865304322377272,-0.351376615365659
4979,19,0.997835660988361,0.0943337504036325
4980,7,0.954441140957466,0.0167226932250736
4981,6,1.25777233768484,-1.23877327900766
4982,42,0.73802242680417,-0.401868312986716
4983,32,1.62528929907351,0.323592081281225
4984,41,0.926854706292483,-0.553106555279652
4985,27,1.56736123980892,1.06060747219722
4986,13,2.15992573608053,-1.23912034064466
4987,38,1.01082868817939,-0.552255156721874
4988,29,0.710147758199767,-1.7633805141776
4989,32,0.6464431169526,-0.101103278361245
4990,48,3.08620509789746,-2.33764139321145
4991,49,1.18977958149763,0.619884325376125
4992,1,1.824413053632,0.787161088365231
4993,40,0.700382045379041,1.19614465888642
4994,47,1.26457068705211,1.29571021831937
4995,17,0.507006459168568,0.938885908329615
4996,45,3.23534919172611,0.85224468742504
4997,28,1.74929698611282,-1.38056190601478
4998,34,1.73814143617216,-0.813763091388455
4999,38,0.480491163343348,0.560547775324504
5000,40,1.16642267485617,0.160616010237507
5001,31,1.24992440474657,1.12906773942184
5002,15,1.23373483872689,0.282204575119168
5003,15,1.72108080483849,-0.540268961850046
5004,5,2.33240777393535,1.66761947311057
5005,35,1.26131192289742,-1.24318673528049
5006,47,1.00916468812405,-1.21324912904267
5007,45,1.38155907985619,0.318000489468572
5008,3,1.81646729529038,-0.98088169397941
5009,48,6.72044725693349,-1.33601827207967
5010,35,2.70162656601801,-1.13676981415618
5011,2,1.78877621217528,-1.5770071368156
5012,16,0.776438163065295,1.74099490681236
5013,13,1.72124983347226,-0.196072225330594
5014,6,1.24311189336698,-1.45733543864017
5015,16,1.03261772582419,1.0393484933156
5016,12,1.63965876530632,-0.657626091853904
5017,44,1.94041169775053,-1.79014440727756
5018,13,1.64629708866395,-0.083738229798315
5019,33,1.01471600833887,2.39179882353042
5020,10,1.25353869624432,0.224881346537564
5021,19,1.40642203371274,-1.8200282354149
5022,50,1.86177541526032,-0.502757398128328
5023,27,0.586871518730124,-0.330813805305688
5024,18,1.63366101943542,-1.05950692107094
5025,21,1.50510588981819,-1.38983114911983
5026,31,1.84854134601754,-0.0995338506307314
5027,26,3.48724952454598,0.408723827569765
5028,47,0.495000553513809,0.889940046643817
5029,9,2.05140466550645,-2.31490146174973
5030,5,2.59184595981051,-0.841144487968979
5031,15,0.876450044643043,-3.72903995787264
5032,19,1.46372603734625,-1.75719281957277
5033,2,1.7508079679168,-0.862049189599371
5034,49,1.07972860861571,-0.492908201943937
5035,13,0.726841627285187,1.12399267827465
5036,13,1.27921588572637,0.14893012280974
5037,35,1.02284442544353,0.170823936053942
5038,18,0.940312601989511,0.277256773275794
5039,8,2.23106882433853,-0.965670406397601
5040,23,1.60406516006366,-1.96105401490827
5041,15,1.52140393323302,-1.55351666284068
5042,35,0.643540008697644,2.06792590920275
5043,38,2.18494086841212,-1.66217994646232
5044,48,0.96367850087311,0.799986204842915
5045,48,3.18089254818832,0.486965296556754
5046,32,1.37810896308902,-0.472304699322073
5047,50,1.32955372321419,-0.250757023138877
5048,2,0.670481611225451,-0.78089374513759
5049,46,0.835179726868649,2.74691617450362
5050,26,1.19515970802469,-1.1473975184047
5051,21,0.828574050935431,1.55924372305865
5052,2,2.16623160944969,0.141389268173023
5053,39,0.546739543931342,0.937968659199886
5054,34,0.515125329131449,0.85435491961716
5055,12,0.789671171570861,0.233242026999762
5056,47,2.07353494461206,0.3893791638512
5057,23,0.768181343742222,0.79677918142905
5058,48,0.350114783676937,1.24094597717522
5059,32,0.803871710646275,-0.274953059358842
5060,15,3.98404998851166,0.271726256058977
5061,48,1.29491073805434,0.420388964660072
5062,4,0.857363186363853,0.868167462529316
5063,18,1.08759774078119,0.51850200362185
5064,39,0.784441728090725,-0.104006501770588
5065,35,1.63206700407001,-1.03118731145306
5066,14,1.49595040137121,-2.26078300511549
5067,12,2.33049194174402,-0.723179209054693
5068,35,1.21547007389572,-1.0281539247744
5069,41,0.310466009987477,-1.21694854287991
5070,11,2.3826426015634,-1.12896458604697
5071,11,1.98191464326984,-1.84778718704542
5072,50,0.755894543496444,0.543657524407287
5073,41,0.968822420694639,-0.888968559949189
5074,8,3.35858411494342,-3.76387670917553
5075,21,1.56450979926955,-1.19015571391104
5076,29,0.80439512634895,-1.56901627335053
5077,20,2.17108113511104,-0.0728423741082878
5078,15,2.84834956359984,-0.908220909007099
5079,13,2.93631917167896,0.0853005841005514
5080,23,1.62352678598352,0.860113816441582
5081,14,1.77902714152233,-1.49239313485618
5082,7,0.283555767495002,0.403679373804185
5083,13,2.63659788719581,0.171254797208957
5084,28,1.72091615618768,1.2167467720697
5085,49,4.453719128102,-0.936662357070185
5086,32,0.423373590557284,-0.160517160467451
5087,37,0.910631328180737,-1.85137001112553
5088,33,3.53788427132946,-0.278271356009553
5089,18,3.24397370770715,-0.343526120335825
5090,6,3.33335302123551,-0.360262017628845
5091,30,1.44326559279864,-1.40949217368459
5092,10,0.795274333861135,1.65470481351035
5093,2,1.3016241784428,-0.769598735713526
5094,25,0.575538234793745,-0.465245763255724
5095,14,1.24543001669807,-0.666468175675809
5096,13,2.7560576187009,-1.35108330107168
5097,7,1.04709175011152,-0.856774293947763
5098,50,6.53774036108687,0.26168411107281
5099,44,2.0983665793586,-1.07290205934924
5100,35,2.53302743394607,-0.622107352436349
5101,28,3.6524335435883,0.634619580074438
5102,33,1.62752359950894,0.85918774200062
5103,3,4.76485523590292,-0.0306047650336012
5104,47,1.36880371553796,0.0329399532021803
5105,9,1.53778696525311,-0.710026912196919
5106,27,1.74491993475335,0.0786754599432407
5107,50,1.61222286188097,0.525810098905176
5108,18,1.69536050151918,1.45565304388834
5109,42,0.766498899269641,0.0544687256348705
5110,44,0.482663625121936,-0.0546779985135472
5111,41,3.02481244888879,-1.27321804260932
5112,45,3.27494766285015,-0.458400459873714
5113,3,2.18940404627034,-0.584629120356966
5114,49,1.30692922393755,0.580388362414972
5115,44,1.23616203201034,-1.08044496505376
5116,1,2.87755319207648,-1.24705795856761
5117,3,0.873691690840105,-1.63115023564719
5118,6,1.80360544892173,-0.694369192518657
5119,28,1.49358881540668,1.07099697665301
5120,19,1.66682581026911,-2.44050171702209
5121,36,2.03967788830259,-0.544616708157015
5122,12,1.33540789538253,-0.0619033984957727
5123,3,4.81331164710595,-1.01027423201079
5124,21,3.1282345399026,-0.337489233030879
5125,44,1.92880831068022,0.0988641938723782
5126,14,1.70744260438857,-2.63130845188588
5127,32,1.64412985080062,1.43646109813715
5128,13,5.10156629009567,-3.0848724437744
5129,10,1.45432454709504,-0.488501726438723
5130,29,2.72012020932918,-0.836985710125483
5131,21,1.43960530811538,1.09082274097387
5132,31,1.16681041993507,-0.801358724145543
5133,38,1.71247590952719,-0.844575307730294
5134,4,1.01902975558185,0.216872967534747
5135,6,0.870879079128958,-0.152517814009205
5136,34,1.0026821782797,-0.97910771899876
5137,39,0.768311115100296,-0.761883000933316
5138,17,3.72010027612149,-1.02439933712963
5139,30,1.62906488075959,-0.26312261093089
5140,43,3.82263270610373,0.325934591313616
5141,14,3.74959812253415,0.594854754786423
5142,7,2.75491140662309,-0.505780601572698
5143,16,0.716998081709506,0.885798439985673
5144,12,0.416316212408181,-0.0917424486270653
5145,31,0.966478028273367,0.399464703061311
5146,49,7.50039665421479,-0.111711772309698
5147,8,0.367055401830733,-0.130445317286816
5148,9,1.42383441800284,-1.78566831488929
5149,4,1.34931208437275,-0.317043473788892
5150,29,0.798403274416304,-1.45741353745147
5151,15,2.43835265875121,-0.814306776267153
5152,35,0.95132590100849,-1.07404864371042
5153,50,0.852390541271261,1.48315234837834
5154,42,2.49752819687631,-0.578428035103295
5155,5,2.81356434333529,-2.47326148838684
5156,13,0.840104333924762,-1.36430901046468
5157,43,0.956214229283735,-0.907651230218203
5158,16,0.686186261090118,-0.43485704000061
5159,15,2.54388795064684,0.875363783311941
5160,26,1.22422898908392,0.673587364146573
5161,22,0.952631306464274,0.504124432836311
5162,45,2.19557416031262,2.0990130112183
5163,25,0.565029815833446,-0.473299108575135
5164,39,1.35117301036238,-0.524902036170916
5165,35,1.50350816093262,-0.930259879366762
5166,28,0.419685447755023,2.2150196217559
5167,26,2.87425872312853,-0.839617896519638
5168,24,0.666310359443669,0.167230443884217
5169,11,0.783742346329198,0.864042537898624
5170,6,0.829522683124268,0.288678697153509
5171,9,1.9275639165641,-0.154768869789431
5172,19,2.201216193208,0.570128491855491
5173,17,1.18200728605729,-1.35973105641118
5174,33,1.38341845454961,-0.278187119769911
5175,11,2.15846580479515,-1.01960016406412
5176,46,2.86107778404748,-2.30595650880133
5177,5,0.963173289949081,1.39749982287439
5178,5,0.78142638082617,0.217939927990605
5179,44,2.14339459539126,-2.34423536516608
5180,46,3.5674758072105,-0.745727923575276
5181,3,3.15394613483948,-1.30762041846455
5182,23,1.77112630089992,-1.43809097395275
5183,37,1.89136277056491,-1.99106280009669
5184,24,0.642514397273177,-0.0427427892903443
5185,45,1.67020567647224,-0.232746490572302
5186,35,1.04805119626252,0.270276688776174
5187,30,1.53292300234371,0.0731622811026441
5188,15,0.520660847766252,0.904086908489833
5189,16,3.82012910570717,-1.76695723754343
5190,12,6.02582234670747,-1.08169307666519
5191,17,1.00824998440989,-2.65991192337504
5192,25,3.28644188800128,-1.2761250513501
5193,46,1.22135780675615,-0.852129908409378
5194,4,0.719861463000836,1.35771389257834
5195,21,1.78721775686721,-0.555162635571585
5196,39,1.18214245159333,-0.116738626156293
5197,7,1.34740373140838,0.284901374143796
5198,16,3.57993482674865,-2.12606185645477
5199,29,0.623511024484098,-0.64722359774756
5200,22,1.25100166247964,0.342155984352333
5201,26,1.06550396807572,1.54674531415418
5202,30,0.812020803841126,-0.423226172096004
5203,15,1.32184154955277,-1.58479650207488
5204,1,0.816663059855952,0.12524934512779
5205,6,3.0161528568654,1.45632528964365
5206,21,2.46594415835125,-0.527968961748179
5207,3,1.27436823890513,-0.775186190391822
5208,40,0.955921162639236,0.917963232157145
5209,10,0.57449147289229,-0.477291342158513
5210,30,5.44236746488363,-0.582690653215594
5211,6,2.01075716378583,0.934581048349286
5212,8,1.49289618078088,0.541340361211039
5213,33,1.06375923746424,1.29935206950371
5214,19,1.23531807930663,-0.0385577339130257
5215,43,1.79890904007466,-0.338076921870692
5216,32,1.17714835773167,0.611999013089595
5217,38,1.20579308815462,-2.40834704392914
5218,27,0.910961870684518,1.13379431516142
5219,6,1.5833627028971,-0.472471229643611
5220,13,0.836235519915068,1.19250690589467
5221,7,1.79762646264533,0.0190683507754165
5222,28,0.756558529594435,-2.14717933833235
5223,41,1.66956628991929,0.197760217587492
5224,30,2.34097353240882,-0.0649514076195916
5225,29,2.00796756596609,-0.206551199908815
5226,7,2.8593289673141,0.253398092837098
5227,29,2.37527740248366,-1.19684932551695
5228,44,1.00285701783328,-0.0752528697586545
5229,16,0.593464141687343,1.93093319887642
5230,6,6.37314199828651,0.0312323223989841
5231,13,2.68482461114755,-0.504083941441232
5232,6,2.60852871984592,-1.19398212631232
5233,40,2.0000657487357,-0.874949994700911
5234,38,2.1831995088516,-2.00867944403899
5235,23,1.16776462112095,0.339926325562841
5236,46,1.39661416115442,0.468633490877409
5237,47,1.20032990242678,-1.30045877780629
5238,12,0.981198096186926,0.299643719552187
5239,6,0.969572796665609,0.495764984406108
5240,46,3.46660454569976,-0.347933604480373
5241,47,0.744973935578328,0.766416741539856
5242,47,1.48228267120788,0.0367744919749854
5243,34,1.31532090015011,-0.225829882747851
5244,37,2.63176130401112,-0.189630290901152
5245,39,1.68993076222842,-0.228213159545537
5246,30,0.285222402150104,0.55261458526394
5247,13,1.6759625813584,-1.20112172660403
5248,23,0.485397827227048,0.0865228629583246
5249,16,0.923300774547307,0.880554074160998
5250,6,3.49253167395827,-1.93127529704708
5251,49,1.96939429630166,-0.779913373909999
5252,31,2.14024556434456,-0.853855184501965
5253,10,1.72018418646047,0.93810014631237
5254,30,1.46705255555079,0.251168925280473
5255,44,2.35637892106636,-0.648175630948408
5256,50,1.21714567753427,0.185782791642625
5257,21,5.43593988468263,-1.71161873495826
5258,42,1.02588253375305,-1.20710971545567
5259,48,1.9935096977923,-1.2107649007507
5260,47,2.96530789400391,-1.5267798608508
5261,30,3.70868596626772,-1.62996311440046
5262,13,3.18121542186399,-0.0849314144894817
5263,13,1.97201381898525,-0.833870711444326
5264,30,1.3298637910416,-0.911874064031606
5265,8,1.85326261920636,-0.428140748281753
5266,37,2.24600407629019,0.0641603109053535
5267,35,1.28269164910236,-1.40667919593113
5268,50,0.97743600371081,0.616758628164203
5269,33,1.6329294420135,-2.08374313714565
5270,21,1.49300400052082,1.77399982298462
5271,48,2.946491220353,-0.81647006416988
5272,7,0.758493787908947,-0.873207945186498
5273,47,0.911785900833106,0.261727650364106
5274,11,1.37365724430266,-1.01384688113889
5275,21,2.17366915691701,-1.30927615487646
5276,6,0.702285136077777,-0.90549766266763
5277,25,1.06120311505351,-0.561078798360451
5278,16,2.73881148065045,-1.04181946237663
5279,48,1.46108860538932,-1.48343337616267
5280,21,0.228174794555395,-0.399562798655127
5281,44,0.839291606043732,-1.45388959517904
5282,35,0.70706395265404,0.853509743782157
5283,44,1.69580342897831,0.12204275287189
5284,45,2.14650339161566,-0.434940366947502
5285,2,3.32530316934743,0.0729404096145575
5286,23,0.799179065368683,-0.955398938374661
5287,7,1.37720493232859,-0.27236000281712
5288,25,2.39302589110426,-1.84248289431272
5289,48,5.54925391596602,-0.99248833822941
5290,11,2.32735766042468,-1.40745090781237
5291,32,1.47121582975682,-2.03102602035209
5292,41,2.05665350495582,-0.884179215978292
5293,15,0.841712833837194,-0.882844006211938
5294,21,1.0701107907869,-0.549428813278271
5295,10,3.50208333728616,0.122727864991721
5296,45,0.477394558484399,1.52436558804783
5297,43,0.626186856074467,1.04537124598328
5298,3,1.73278049259153,0.513796581396819
5299,46,0.885297505019297,1.37522685025676
5300,47,1.09961216530888,0.827458721872643
5301,15,5.3188400149248,-1.22061705511635
5302,47,0.617234912545794,-0.156379160198326
5303,8,1.03894132446821,0.227134713315758
5304,36,1.9158542169436,-0.208984801243713
5305,7,0.640478414661326,2.53186355934715
5306,12,1.60343065202494,-0.352141368534626
5307,22,1.09969877865149,0.808248354858609
5308,22,2.9517941385673,-0.437641753228765
5309,11,0.945421035573906,-2.34823723006314
5310,10,1.40996642919747,-1.62167390683687
5311,50,0.946696377800932,2.15839496491002
5312,49,1.26703328615761,-0.300361206765578
5313,14,1.11325296728302,-0.00888648372908829
5314,48,0.851018980452841,-1.10482374773273
5315,41,1.46360849486003,0.466901811546702
5316,5,3.3481814821873,-1.45051795667954
5317,44,2.60382859988761,-1.3307163331714
5318,45,1.03423499302155,0.120820568603813
5319,29,2.03229450151324,1.44368760073501
5320,2,2.33222148817267,0.410394940640986
5321,18,1.70864484899901,-1.12169379260179
5322,11,0.923429077968793,-0.974459959192194
5323,9,1.09707822288548,-1.32473139413501
5324,2,1.73001315694187,0.209645140213312
5325,19,1.78791092020453,-0.378950777497885
5326,12,2.00229243025636,0.370350520404751
5327,4,1.30485140485226,0.235073076499962
5328,47,3.63158451956567,-2.76769820468645
5329,16,0.634481616012024,-0.146761889131199
5330,26,2.15466382058366,0.197966571667104
5331,45,1.23059715863407,-0.373965054589291
5332,34,0.512615058902163,-0.0383248294428524
5333,39,2.36881424190731,0.242638159918766
5334,30,2.88631777792858,-1.04749467612831
5335,21,0.930325697178226,1.46532364145196
5336,18,0.635433384853705,1.09692102187587
5337,37,1.44499556502851,0.698822930146541
5338,11,0.638531486682564,-1.02843852285294
5339,38,1.47616091971485,0.831594547774999
5340,46,0.5718769183717,-0.628317289345382
5341,47,0.765504179688916,0.607128401322925
5342,11,0.813146586549611,2.08796118700577
5343,17,1.9794188351878,-0.986067353638117
5344,6,3.9452831445436,-0.431946016095817
5345,31,0.650033735566399,0.23219639624037
5346,12,1.57114306441073,-0.795724270989839
5347,30,1.2817482637039,0.369017366571333
5348,48,2.46079893946363,-1.5905249897412
5349,27,1.68769087533319,-0.428334854353704
5350,12,1.44078209716354,0.716237803573984
5351,20,2.67312861846383,-0.196864928436573
5352,28,1.66372386507004,-0.00867432360005804
5353,29,3.50891792593739,1.63400646977488
5354,26,1.40551661215655,0.519791472081803
5355,32,1.30954951100807,-0.526592418468854
5356,17,1.93211437273973,-0.491936965943513
5357,3,2.8411743791955,-1.17216381910167
5358,47,3.6224171429353,1.37481931308045
5359,10,0.535162475987074,0.64810578603667
5360,8,2.7672865004816,1.4989153655831
5361,45,1.85010199133154,-0.341906580208806
5362,15,0.824775838234464,-1.05551058182394
5363,23,1.62828196309942,0.556758906224032
5364,7,3.4151053979517,0.00766574890948535
5365,38,1.698876059538,-1.12316685065329
5366,41,2.54255780321636,-1.52918846414594
5367,29,1.37722735430142,-2.4919590107138
5368,18,1.30701003013774,1.05071799644198
5369,27,1.3152714878899,-0.0590753690822011
5370,23,1.02931431273024,-0.728444725775799
5371,45,1.21358630767649,1.51697480781802
5372,29,0.342053613460173,0.755860367845209
5373,48,1.1864586136798,-1.77596002503332
5374,29,0.530572469977748,0.026188857079059
5375,5,1.27985871808568,0.467645773228175
5376,2,3.21447690412202,-1.60605667344253
5377,13,1.95160688639476,-1.00595593229761
5378,2,1.19633378028735,-0.332867621125339
5379,10,0.483862218099797,-0.287867659298834
5380,33,1.45931885585493,1.20558909406594
5381,20,0.865308759035545,-0.103182019584577
5382,49,1.81931690314597,-0.434338904581149
5383,37,0.885877755745587,0.329743064509486
5384,28,0.414067676713045,1.33784526785723
5385,47,1.47691572235807,-0.903055015130082
5386,46,1.51824606866802,0.168960308623905
5387,31,2.07469618043147,1.88025572584317
5388,26,1.44219443358548,1.29669363879902
5389,47,4.10228192722757,-0.950441756073301
5390,31,0.965336568240166,0.947072245724423
5391,49,2.09753152707508,0.203463997635647
5392,43,2.5675259366043,1.45031713615939
5393,11,2.5751877293339,-0.317560464846061
5394,18,2.06997521303971,-0.179592357497934
5395,11,0.869672081490271,-0.921354246974139
5396,42,2.66639130815037,-0.54588791462963
5397,36,0.419379350861973,1.31284502217381
5398,23,1.42885821536012,-1.00473941214214
5399,16,0.755920018520944,1.34470334549938
5400,36,3.76342913783695,0.38937425165844
5401,48,1.9349660855955,0.561368033256603
5402,4,2.17113521817422,0.151034168855052
5403,14,0.629175631045986,-0.945723602736535
5404,18,1.52642921219925,0.840851174567201
5405,21,2.54601319217226,-0.100924526733462
5406,19,1.97337279023779,-1.37963635183272
5407,14,1.00190412525232,0.36919082571013
5408,9,1.20951209934135,0.154451222803595
5409,5,2.06915712856962,-1.15146089573232
5410,36,0.993827602665371,-0.311907215350603
5411,24,0.25697543476709,-1.01165490624171
5412,7,1.45520447112291,-1.51582899501884
5413,7,1.2770000988302,1.06053903458549
5414,8,4.01643843838727,-0.495522643285809
5415,1,4.42649436800925,0.160396611119351
5416,34,2.13822388892444,0.595271523183414
5417,16,2.44980176893463,-0.0876927547576125
5418,21,2.01256813063153,-0.83618222425777
5419,41,0.940266893593443,-0.439055602809718
5420,40,2.36521514556103,-0.350773700112267
5421,15,3.45463823899132,-1.98049871374876
5422,29,4.40570853079849,-0.558361947664135
5423,25,1.54940554871248,-1.473468899373
5424,27,1.72960511313413,-0.884562884758302
5425,13,0.50730108580352,1.44371467851713
5426,24,0.731416817765862,0.983656072623015
5427,47,2.66239820809124,-1.12489868548958
5428,38,1.15986670098003,-0.741168006944384
5429,5,1.95225770199857,-1.30310896445267
5430,31,1.73745123493916,-0.390609896654381
5431,27,1.17847993724465,-0.55648822305676
5432,6,0.772135628781791,-0.611648981314117
5433,26,0.93786514227015,-0.245598518179684
5434,48,0.618304445398068,-2.30651111314999
5435,32,1.29604980776798,-0.531536340152873
5436,34,2.23616799791185,0.191441060681779
5437,30,5.59246216260071,-0.377556190547743
5438,34,0.710073106901516,0.430450373515303
5439,14,0.979129100313415,-1.39788934180086
5440,27,1.40380214325532,0.0769528434210933
5441,21,1.25925102258174,2.05330469336586
5442,6,0.913194454268468,-0.203247432417195
5443,39,1.28763811525107,0.984825856730775
5444,26,0.854151769936023,1.18398843502274
5445,44,1.41220912198234,-1.10785760196926
5446,11,2.64025454552678,-1.1629864703702
5447,37,1.40111854612732,2.13585008416673
5448,18,2.29288888074145,0.0101957613672852
5449,44,1.42336154983217,-0.690740376042429
5450,1,0.991439477651489,-1.2298457623649
5451,38,0.241604574827333,0.0882252870963
5452,33,1.78826297597356,1.64409977177282
5453,40,0.892609397281313,-0.0726636173180415
5454,24,0.729751381181677,0.102632302045026
5455,8,3.18613151159434,-0.0127277580493074
5456,20,1.20924909410955,1.13124010841688
5457,35,1.20177019519955,0.645016456955936
5458,34,2.0867641318815,-0.324629705346991
5459,10,2.44654327210934,-1.56109108342293
5460,43,4.30323775515724,-1.71693951299483
5461,3,1.37174816449019,0.529293424570566
5462,47,1.78615176552956,-0.748895349915755
5463,7,0.884354833621788,-1.524605273926
5464,11,0.470269310531664,0.691768557718282
5465,22,0.715808615053983,-1.34556972075321
5466,37,0.90085036230766,-0.627081042121242
5467,4,1.29606582146647,0.418635233222253
5468,26,0.792267439442953,0.403082792033844
5469,20,3.02089549605211,-1.80585593501887
5470,27,1.85957973230303,-1.39151467263065
5471,3,2.66500819291533,-2.43750781742414
5472,18,1.0689884249162,0.845104059558785
5473,31,1.45003183490687,-0.483940700029061
5474,8,0.892072569798192,-1.64724612934944
5475,37,1.13180820908009,0.475995041465845
5476,45,0.477344008077319,-0.701902339355934
5477,34,1.75170545216225,0.0477681866814435
5478,45,0.996232595109503,2.01238331022166
5479,40,3.6023453203056,0.171641596570829
5480,19,2.68876771434813,-1.22543923681581
5481,7,3.71529288398139,0.288663791081724
5482,46,1.00884453610169,-1.56903703254431
5483,40,1.3416506593618,-0.159159070429356
5484,9,0.719924249373734,1.06809425390587
5485,16,0.609688265538161,-0.150084355964346
5486,6,2.97955464286351,-1.22042304085288
5487,21,3.07588690895144,-0.972958958677222
5488,33,1.10935996566403,1.01750235318388
5489,41,1.19031924665463,0.22191069102097
5490,1,0.784977642579958,-1.92896317562117
5491,15,3.29607721055096,-1.18021505984688
5492,32,1.89764861639279,0.751128053012728
5493,14,1.1239949247133,-1.18438914475762
5494,38,1.9268386032202,-0.0453720969350492
5495,4,1.35969109563773,0.728803892275253
5496,25,0.713365330854797,-0.598683578740568
5497,12,0.660120575122382,-1.71972132481097
5498,39,1.3869440795456,-0.943025372316697
5499,25,0.793661273712248,-0.166377606479016
5500,40,4.61358329209365,-0.977922722183824
5501,36,1.87608127208675,0.101300072131149
5502,16,1.71583254154856,-0.408927311990685
5503,27,0.317349721028687,0.0779883640356004
5504,22,1.70983283358213,-2.46717517224597
5505,37,1.11437992842796,0.0265463531242931
5506,32,2.22771620809857,-0.493922779649424
5507,12,0.806780499514276,0.502133240012305
5508,39,0.83887510425816,-0.660677179278061
5509,39,1.04878258677076,-1.41977184985136
5510,3,1.74085796804034,-1.96680128225309
5511,4,1.10557748291406,0.986988596375796
5512,23,1.03292053523163,0.0228580345771622
5513,50,0.914612712230595,-0.253447900798089
5514,4,2.58546592468521,-1.06232746213209
5515,12,1.01482730935263,-0.763163925837989
5516,11,1.76922682125493,-1.08904817820474
5517,47,0.505749926208525,0.286324098774359
5518,24,1.39935104042524,-0.0507877752904308
5519,40,2.38723202322182,2.15161432319101
5520,5,0.834133371581249,0.00149404712213347
5521,50,0.842346992680664,-0.5924783151165
5522,28,1.78019390902084,0.139548656086258
5523,30,3.10651439753389,-0.3475440733034
5524,17,1.84955746158909,0.282669953355947
5525,38,0.982899675589436,0.851754973235061
5526,48,1.81634874505925,1.04226445561879
5527,34,0.856167252940124,-0.951877467399469
5528,36,0.911409922469181,0.19442774585309
5529,42,1.12928974853262,0.0606849326468106
5530,24,3.18213416182153,-0.26867465347806
5531,44,3.21725084095482,-2.07927393627641
5532,13,0.977186594578541,-0.584512643181643
5533,40,1.6154985549844,0.119000230825576
5534,15,1.42798895493905,-2.36805827153504
5535,41,1.09973620013559,-1.13761538772634
5536,24,1.59479534159268,-0.134889790294284
5537,24,1.47788301398279,0.109746839244198
5538,4,1.1284457345234,-0.488960351988726
5539,23,1.94645730457976,-1.12776473892845
5540,1,1.0611252861788,-0.291949657822794
5541,23,1.477632074289,-0.18188440896694
5542,8,1.11204146112368,-0.859808548822689
5543,5,1.64467229346079,-0.497160236854337
5544,33,1.07002051409132,0.514256762341493
5545,37,0.588804583106352,1.58884430775129
5546,46,2.56611612133447,0.00181387979998537
5547,32,2.55058250802437,0.0810557509310945
5548,46,2.48725050315594,0.0526998423648108
5549,23,1.27779555313199,-0.811176482582542
5550,12,0.991189437087488,-0.260748797375965
5551,41,6.59718746396649,-1.51231605945786
5552,44,2.0969135514477,-0.820307652586035
5553,26,1.61956418625255,-0.604915385016269
5554,48,6.2850497787614,-1.6702962003845
5555,28,1.07168036327407,1.80315407104239
5556,2,2.04717157183075,-0.7831200006823
5557,39,1.76858068601623,1.24566930778592
5558,8,1.76880066188959,0.516138779958164
5559,31,2.79812874193583,-0.918806567698548
5560,22,1.5884322569977,-0.0421578757564521
5561,30,4.26861756944635,-1.10386593340135
5562,45,2.27818858575859,-1.58241741672086
5563,36,1.0417727155917,-0.0441059382938977
5564,4,0.973381708006884,-0.255189232786377
5565,36,2.0769416716141,-0.359381869906075
5566,17,2.15595558353109,-0.683368845759264
5567,44,2.6679116612949,-1.21016331658475
5568,33,1.52493638634808,-1.1269297690624
5569,19,1.07488120660772,-0.139916523384092
5570,12,0.693860104278569,-0.303690433745805
5571,7,1.58548467241943,0.319629151319751
5572,37,4.64924478648764,0.141873948350796
5573,24,0.391976830743799,-1.03150435643405
5574,18,0.477306573209944,0.891518723479374
5575,50,2.27758582808962,0.152829904422216
5576,28,1.57054281918883,-1.27383724595735
5577,16,3.70416311988208,0.398023781467535
5578,28,4.48240467764251,-0.601967810946498
5579,39,2.03503079109878,0.24122133089501
5580,9,1.8483998589485,-0.631862017020756
5581,25,1.95080235388219,0.144894928180235
5582,4,1.72484506364832,-0.682650826502296
5583,35,0.568609867279482,0.513492710904032
5584,14,2.29990434075626,-1.44624162089995
5585,4,0.404573880771399,0.224542609615764
5586,6,3.21562974665685,-0.862486605438441
5587,18,1.31246440279685,0.722917088251611
5588,30,3.05491215069531,-1.34675202060928
5589,48,1.17360535139857,0.276425476848414
5590,14,0.89437600808777,0.150266242733609
5591,25,1.95522260710698,0.145012660138028
5592,50,3.76301033859106,-1.25515370783339
5593,24,1.76661303692436,0.406076214968332
5594,5,1.33968969054067,-0.967045198424275
5595,9,0.974018216720594,-0.330605248676231
5596,26,1.29698402588618,-2.45917496556789
5597,31,1.51941332281134,0.158458798218148
5598,50,0.80438947412203,-0.940715962294116
5599,13,2.30576291761137,-2.15948231416955
5600,9,1.82627987796405,-1.79962770955154
5601,24,1.02651019923091,-0.372521266851535
5602,37,2.19664732971263,-2.12619258302479
5603,50,1.8158754037022,0.450023398350168
5604,27,1.60439285065314,-0.00662953644895464
5605,46,6.14869945688379,0.33803281198187
5606,22,1.86378634412851,-0.770171306129656
5607,6,2.23096406009135,-0.646057112142875
5608,45,1.85322241981729,-2.47321510936149
5609,19,2.54608217162151,-0.0739934872784889
5610,7,2.69767378248745,-0.535367981517014
5611,30,0.620103197412331,-0.235736939186886
5612,43,0.783832611580297,0.373634326800678
5613,42,0.982305049969717,-0.108195122715559
5614,39,2.76239907398994,0.0360836153823528
5615,18,1.52205406651942,0.872533489941748
5616,2,1.68419090507754,0.472071485026134
5617,44,1.33896402403395,-1.17111477179476
5618,21,2.02923671512012,-1.06423247706281
5619,24,0.633027770832072,3.42756264706147
5620,26,1.28116197497076,-0.0602595406085878
5621,13,0.979124207897428,-1.30119867936453
5622,26,1.3709607054593,0.276471055354715
5623,5,4.91537693817946,-1.7936107219139
5624,8,3.23606697216677,-1.3283969640332
5625,34,2.25531811900329,0.00700399347850833
5626,42,0.563103015979993,0.0498749028442898
5627,29,1.07921936948837,-1.3485028589244
5628,3,1.42861669028891,-0.0836766382275314
5629,27,1.44119579007205,-0.614564434097369
5630,32,1.53901710990676,1.22144256923859
5631,10,0.911536491385501,-2.29903490776366
5632,18,5.91358089110872,2.44866042593209
5633,14,0.719992067993784,1.07771401259221
5634,34,1.44552883705288,-1.83173928358955
5635,22,2.58722752501274,-1.26797812647731
5636,20,0.781677576573831,1.92495346928579
5637,49,1.34176572532778,-0.785120313103458
5638,32,2.12327077096312,0.101707964476412
5639,9,1.59110992844311,0.540530275711255
5640,23,0.802368047223406,-0.298317237171797
5641,50,0.520613667055852,0.226844017404782
5642,11,1.65449373478441,-0.398679492719071
5643,38,1.07409990816384,-2.4337738031562
5644,17,2.03499646819662,-1.70882348035257
5645,36,0.660001524517404,1.24338802007982
5646,21,3.39561771201629,1.87722216440041
5647,50,0.775577886577493,0.121119841788675
5648,10,1.21351716858115,0.187063048949619
5649,25,1.18386584707531,-0.2013446816207
5650,36,0.985438659362529,-0.800223359938315
5651,34,2.45489060153765,-0.633563424660537
5652,50,0.733120599826153,1.27182741526049
5653,12,1.16948212779171,-2.00593855657126
5654,44,3.31652330234044,-1.11921803233115
5655,7,1.70487242442234,0.872644931742116
5656,6,1.45930918167918,-2.40850173077139
5657,10,1.14238812500412,-1.13818445262087
5658,6,1.14277722508932,-1.74186614753301
5659,33,2.57811194228574,0.907941422783563
5660,2,2.47675395791088,-0.508691010559075
5661,25,2.16053247024202,-1.82105670306484
5662,45,1.25003486170803,-0.308771624674704
5663,12,1.81094275274099,0.143352346533388
5664,23,2.12482247373129,-0.297082148714646
5665,4,1.30949264460084,-0.438435247239027
5666,8,0.964497413562142,-0.920477679729929
5667,9,1.8350158669232,-0.0249241084509039
5668,14,0.884434040063702,-3.65968004911741
5669,17,0.697438496456844,-1.97728427353852
5670,16,1.13625901260267,-0.253383822337985
5671,45,2.21362420469105,0.430852171887496
5672,48,0.701651866480177,0.915560286734173
5673,1,2.23977284303623,-0.15114016370058
5674,19,1.51834255173484,0.636496467925245
5675,24,0.664524287181609,0.625711317001795
5676,35,1.28896454076607,0.739488122840005
5677,37,5.24097210602625,0.636274391620979
5678,26,1.8501685495536,0.634808531530604
5679,17,1.42499070229058,-1.5798096068103
5680,16,2.24626537970304,-1.04907522297542
5681,47,1.80642304284943,-1.04338551889355
5682,20,0.207491244257268,1.11341245115504
5683,18,2.45455631166019,-0.108916665549004
5684,24,0.317349499562561,-0.870617652145342
5685,2,1.36352540533486,2.43170344885335
5686,17,1.80336766196229,-1.24529756003669
5687,46,0.953185723673339,-0.984323239597925
5688,2,1.56125555780152,-1.77915967392095
5689,37,2.40263681915856,-1.59981812310024
5690,10,2.51441443195828,0.825899301862212
5691,12,1.21386199055614,0.112411955624661
5692,4,2.02970649832887,-0.981132596165498
5693,31,1.09300756444444,0.653254764358534
5694,38,3.48236667993293,-3.12047305117743
5695,47,1.92608139608813,-0.93814145550511
5696,50,1.5034039367637,0.856342777651335
5697,6,1.64184958760518,-1.40154339099644
5698,45,0.739243135610635,0.347303663171144
5699,46,2.42428010814495,-0.569815668747372
5700,5,0.919648357726886,0.553489097860783
5701,42,1.33385169311156,-1.00500684355917
5702,48,3.14690099728294,-0.54954579988746
5703,42,1.14012661036377,1.13965316154441
5704,11,1.02619433264016,0.195791266479583
5705,34,1.60675831900808,-1.47392777945679
5706,4,0.790998964836061,-0.433745874813441
5707,27,1.26301391215162,1.19518898564027
5708,36,3.59389734533427,-1.41959528467092
5709,7,4.28206215459608,-0.531356249088265
5710,15,1.82659885498352,-0.786498505224448
5711,16,0.579226233106,-0.168579416398748
5712,34,1.41167287473269,-1.26518503927494
5713,43,0.97721631631405,0.21102629497386
5714,43,1.72538616019265,0.592816738581781
5715,3,2.26229032022593,-0.0549326068511716
5716,17,1.51804930884019,-0.674929728564311
5717,34,1.75331002659895,-2.19622082437539
5718,44,0.900598325867624,-1.7096033874306
5719,48,1.61988616176374,0.653900004772622
5720,11,4.18550382052206,-2.61245910383165
5721,37,0.60977283280882,-0.494065108728968
5722,16,1.33288903007265,-0.537593697925189
5723,21,3.21288535886178,-0.744730255486966
5724,39,0.786747956085594,-1.03269174919724
5725,22,1.24886472714533,-0.0816318475081646
5726,31,0.828785856798512,-1.50073575959289
5727,7,5.49896792259557,-2.63050534064692
5728,34,1.46764140343613,-1.6757017759916
5729,47,1.38454952632262,-0.533480097268035
5730,23,3.47406089839104,0.3355945475179
5731,10,0.942550481957453,0.921923497061868
5732,49,2.93627479049683,-2.84746145906944
5733,12,1.0014618822579,2.74460085339907
5734,15,0.784190959097705,-0.712850251366841
5735,29,5.73244989106852,-2.11438518289866
5736,2,1.22241619128682,0.473279194314572
5737,10,0.814416915818731,0.398434597181021
5738,26,0.58188088048122,3.42581947804001
5739,13,4.87113161063116,0.232478217884036
5740,13,1.425313444367,-2.01304021233211
5741,30,3.14058955685166,-0.415954408255397
5742,23,1.99128716264002,-0.609767959011834
5743,10,0.656832762351278,0.582046523427148
5744,36,0.879761646127514,-0.816190712603284
5745,50,0.713132838366684,1.20983339791481
5746,6,2.86401774862703,-2.01450089844582
5747,29,3.24062732403699,-1.49312697345901
5748,35,2.87489759927989,-1.37842414716376
5749,36,1.22238466321184,-0.299886660022583
5750,29,2.51446652954119,-0.866655504476433
5751,27,0.436654419685541,0.214589565362026
5752,30,1.98695016038183,-0.600269514765692
5753,26,0.687588529579329,2.53543429355645
5754,39,0.922632335794596,1.05999895575039
5755,26,0.481709166339512,0.141145372681632
5756,29,1.15988592723145,-1.04258798318182
5757,31,0.641144399172631,-1.40896915283349
5758,44,1.24896638833961,-0.990960036002537
5759,22,2.20536864158367,-0.482101461206273
5760,26,0.844643417129666,1.76513593634686
5761,42,1.02491208892276,0.168326735841338
5762,19,0.449600700716864,-0.132748507007006
5763,25,2.66232766404225,-1.14071275374403
5764,47,1.29826547288613,0.408213231824863
5765,18,0.630638286078529,1.5082872779548
5766,9,1.77869103870474,0.664749781277779
5767,16,1.66701780426809,0.103163218781789
5768,18,0.764125095139129,0.259233021991872
5769,48,2.74184444470359,-1.43630569617931
5770,1,1.84140339344686,0.793868481879938
5771,5,2.46757422473382,-0.619641530592164
5772,29,1.58026076397106,-0.360931366249317
5773,37,0.68661783539226,0.164094317733661
5774,27,1.63558255865098,-0.861218417332125
5775,21,1.00038306877562,-0.633310443241089
5776,25,0.520394653355589,-0.00855457573700399
5777,48,1.96594028660233,-1.72132182404745
5778,7,2.42509743986437,1.41450630991802
5779,34,3.04496868553365,-0.978973560808268
5780,21,0.671828328399934,-2.12184533115243
5781,13,1.64882388805635,-1.72256797233663
5782,32,1.6363992254695,0.246748350302461
5783,4,0.176582072869807,-0.475531402834009
5784,5,1.75283092856887,-0.59600143149208
5785,4,1.35758870790708,0.392945024967848
5786,31,1.28521257576434,1.19633466516554
5787,23,1.79040262219148,-0.0130047726315293
5788,14,0.943625854828484,-1.86030164240308
5789,44,0.972159198960898,0.742146542191868
5790,42,1.82408649507606,0.179515520867367
5791,12,0.588118905653792,0.390103375568039
5792,7,0.942299491880517,-0.839352279629702
5793,35,1.09287305066656,-1.4098162166663
5794,43,2.21440865497661,1.33395955842607
5795,39,0.693357760830023,0.133781802743089
5796,28,1.01337487457229,0.0281151746241222
5797,7,0.730185799821936,1.75698534427912
5798,41,2.53055975806133,1.343652963077
5799,36,0.994651108560231,-0.170097207671452
5800,9,5.3748250691312,-0.332478852498284
5801,45,0.590193064563843,1.90533330513623
5802,26,0.517717157160193,-0.211450500380568
5803,35,0.299620856882116,0.0619608589627308
5804,32,0.701570148732421,1.30338039804634
5805,46,2.09746073225207,0.0142065053364155
5806,37,0.813121626589208,-1.23505861138682
5807,43,1.15694158837527,0.469725408727123
5808,21,0.513720084670691,1.45663443996975
5809,36,3.72456860855213,-1.03164470336379
5810,29,0.864927831625634,-0.736697661320012
5811,48,0.939101204461502,0.313570645003289
5812,13,3.6971979396327,0.703385471744766
5813,39,1.63947226324057,-1.42803284561116
5814,24,1.8463534239541,0.0470137410041961
5815,10,3.33617123541661,-2.05196190573083
5816,43,0.829906767415188,0.0488585991348522
5817,33,1.17800958153401,-1.05905325283137
5818,28,0.881372187253041,0.251859107369849
5819,17,1.32657336879753,-0.172521401987532
5820,34,1.1084616159915,0.824215753525678
5821,7,3.68040666552706,-1.0176314964749
5822,42,0.80576631798511,0.624732380551069
5823,28,2.51977658484846,0.616586581426242
5824,47,3.72371711581804,1.08214047361418
5825,46,1.14270990430773,-0.254765141644912
5826,30,2.94097075064362,-0.18173185502752
5827,4,0.476079604623833,0.28877865311574
5828,15,4.90022607851996,-0.259441570190616
5829,33,1.50690146930197,-1.31279024635428
5830,39,0.492926240070109,1.12416480125935
5831,14,2.84744980001383,0.223488356574816
5832,38,0.887443600752439,-1.11225029761957
5833,19,0.615954403679072,-1.42674514812188
5834,47,1.52815248491095,-0.0206815077290579
5835,26,1.97123501401276,1.05434632569871
5836,16,1.26702554743868,-2.33663472119813
5837,22,1.59281130658246,-0.303767090079652
5838,33,2.63413240959078,-0.132970856864758
5839,2,0.838666193496931,-1.78375886655532
5840,4,1.23835185139438,0.546896120692314
5841,46,1.84595314178484,-0.533822149359386
5842,30,2.77335080745729,0.923328372404278
5843,35,1.47946237564154,-0.425769130312636
5844,32,1.00770836848112,-1.20101367367864
5845,15,2.10518215443908,-1.91814047487414
5846,30,2.92379055871679,-1.88550891763181
5847,44,0.735255900309563,-0.291721849448373
5848,33,1.58869388076254,-1.22210955806382
5849,49,1.71368663637618,-0.892187216580738
5850,5,2.47416139379443,-2.17063642256432
5851,22,2.46042277341541,0.258368079996397
5852,44,1.16996200501226,-0.464809250997421
5853,6,1.47503883582001,-0.492438775286736
5854,26,1.35414364926132,0.0269686738812998
5855,18,1.60505620306668,-1.09708092865851
5856,38,1.88264867002061,0.436740883751353
5857,47,4.63095513172647,0.0197186349977102
5858,32,1.76936502716544,0.527848903676962
5859,48,2.76306920526473,-2.51769188829699
5860,1,1.09856387811382,1.556930601568
5861,17,3.84807335517178,-0.735853256423519
5862,25,0.856139736617362,-2.23331350693935
5863,26,1.3572269048046,-0.061869607369749
5864,46,2.25004427846095,1.02392736244503
5865,23,2.91383778576348,0.741402332020293
5866,5,1.29971227429401,-0.490546505172662
5867,21,2.15167456420954,-0.138783721342223
5868,6,1.83538231323763,-1.98084192660404
5869,48,0.696825767260506,0.66067216211078
5870,37,1.62521357277383,1.20464290530674
5871,16,1.44800440470625,-0.502299719487501
5872,47,0.725178004847411,-0.360380313856502
5873,16,1.77902816574088,-1.52296398535344
5874,3,0.66541944319584,-1.11769470074295
5875,15,2.09443670212511,-1.17279667914444
5876,29,1.47920969521966,1.39992642005311
5877,35,2.42875259536599,1.52207733063211
5878,26,0.985079010696092,0.37521734044076
5879,18,2.49523745780357,0.587510792955697
5880,26,1.01539546065981,-0.703230660075903
5881,11,1.91260116422298,-1.8820301905995
5882,24,0.474324230926248,1.44198847964494
5883,11,2.11110504989861,-2.23386056518163
5884,1,0.653269984907225,-0.0958256919634694
5885,40,0.399609142189296,0.749990902392432
5886,34,1.06717807466659,0.366742995774146
5887,19,0.995282505627101,-0.698344528651712
5888,31,2.16758829134799,-0.632870614894345
5889,9,0.940215154847192,-0.280303735829069
5890,44,0.937547935622928,-1.86046064294549
5891,27,1.2070809034962,-0.415423023963939
5892,38,1.16747994318443,-0.465105848756702
5893,17,0.533938386954019,-1.62671523253881
5894,19,2.1050526196545,-0.706521352542126
5895,37,1.68865122824594,-0.044334240313249
5896,38,2.25660948650922,1.09953117738898
5897,2,1.32124456439776,-1.03132074241694
5898,20,1.31620189679706,1.36495850429244
5899,44,1.94403210717745,-1.43826783313124
5900,25,0.890833486179968,0.374506884609044
5901,46,1.635453608348,-1.56740470339331
5902,9,1.47869564637498,0.763594083128039
5903,32,1.34265828702826,0.467446035044711
5904,22,0.914568267341017,0.175205984494257
5905,22,2.28429319875934,-2.83967063558999
5906,1,1.24894484100457,0.31441436681463
5907,17,1.13730218373229,1.04755289150369
5908,7,1.80578305905275,-0.889836935757922
5909,7,1.59063397745215,-0.304494042524031
5910,2,0.830921127007817,-0.0864190531671176
5911,19,1.15977271248007,-1.1444333552797
5912,24,0.966821164334563,0.709741874235601
5913,49,1.87517350476172,-0.818939307693068
5914,33,1.62848820790301,-0.790297604050574
5915,36,0.880125996162598,-1.23244441689952
5916,32,1.73578147621983,1.59311621958562
5917,29,1.26233415170694,1.30650931300391
5918,32,1.55140692538677,-0.835284836048994
5919,49,2.68042775414204,-0.308285906380669
5920,1,1.18444462899749,-0.413419631930099
5921,46,0.681318898338857,1.28130055456249
5922,29,6.41154426023226,-1.06305125779829
5923,10,0.710155527190474,-1.36457945170956
5924,7,3.03999789862211,-1.52305825452411
5925,5,1.3945350795266,0.170169126440572
5926,34,3.76379078655634,-1.99592887301531
5927,32,3.76147100413547,-0.233253805989536
5928,6,2.80152321516057,-1.7651772700001
5929,48,0.694639792849493,-2.12344970625367
5930,34,0.311123054978274,0.812161191704545
5931,4,1.80045609153652,-1.71791210864239
5932,8,0.67875097829159,1.18883953893581
5933,5,1.946802838252,-1.39499601864941
5934,31,0.602438654531231,1.70151850166409
5935,23,0.971479704480059,-0.0435330684529219
5936,45,1.84807973098184,-0.323941196216348
5937,14,1.77019108450886,0.544400404793353
5938,42,2.43082735783368,-0.611258078080057
5939,6,0.758811482947492,0.726176506808903
5940,24,0.738466320619595,-0.778915942833057
5941,4,1.12278388748612,-0.0780038257360096
5942,37,0.694727835336403,-0.586427280771988
5943,8,0.915005722052121,-2.0482179494563
5944,37,1.64807174398187,0.303121966463193
5945,19,1.36621511414458,-0.841644542244233
5946,3,3.03722572985054,-0.00968447375660852
5947,46,1.55880416927329,-0.561903865008252
5948,43,1.0300094969498,-0.55004943902053
5949,5,1.24431093473751,0.667534740637399
5950,2,0.8069254956125,-1.94709669596648
5951,33,1.1868546847416,-0.0735463391412082
5952,15,1.90469395772558,-1.33531007458722
5953,50,2.31756616481822,-1.15577694473595
5954,22,1.3698608886881,-0.946519395955233
5955,13,1.44796703473833,0.334903366054417
5956,46,1.17267094282696,1.47244392725215
5957,43,1.79202807563983,-0.254184352772067
5958,48,0.398480619100262,0.467162553614645
5959,17,0.986947054672812,-0.404275017362479
5960,5,1.00465684332739,0.00189466285250345
5961,45,0.264331385717038,0.421653213516574
5962,14,1.18346429200794,-0.644628294155158
5963,14,0.511709656540901,-1.09311960602953
5964,22,1.49579252370608,0.209645545795511
5965,20,1.21081876199415,2.37471545316947
5966,42,1.30207224238697,1.85137764930082
5967,28,1.43524303010864,0.117379191498424
5968,14,3.58506661064485,-3.04406324338465
5969,11,3.32487903149122,-3.02162154865776
5970,13,0.854201466031339,0.50769199556273
5971,22,2.51349560163398,-0.979905654564077
5972,16,1.17457122795381,1.04946408204512
5973,37,3.08537421993492,-0.798421206531059
5974,23,2.15175205526281,-0.755917716661721
5975,2,2.6822377383969,0.108698476209835
5976,21,2.24478262081414,0.306612785468369
5977,42,2.86694106845919,0.279168509940896
5978,4,1.88283274607311,-0.552802082359294
5979,38,1.29872511583186,-1.40102345832067
5980,5,1.03832284177362,-2.20524338916048
5981,15,0.69245573300539,-0.505165541922084
5982,10,1.8592870873341,-0.33917089032948
5983,14,0.903113387002961,0.712637234744509
5984,13,2.34123686100796,0.644906792802393
5985,12,4.10772208362777,-2.00574648272699
5986,22,2.34976503953746,-0.886727742655426
5987,6,1.35965993304522,-0.567646157772491
5988,49,0.877403990598735,0.501562287032313
5989,6,2.06987076682516,-0.627654126498319
5990,1,1.23161793176914,-1.12438920786763
5991,18,3.12559822297652,0.298558292590544
5992,23,0.858415660186178,-0.2251952193358
5993,33,1.12661235134912,-0.462943020699698
5994,40,1.17803754726567,0.555248182212216
5995,39,0.892017303071635,0.301009283652522
5996,16,0.988580034076744,0.610639376881652
5997,16,1.05292685824956,-0.968660327973138
5998,28,0.931397695742611,0.0566399273687179
5999,3,3.2140479303898,-0.735357245576411
6000,24,0.855642422504867,0.561645647591495
6001,3,1.86723348146079,-0.544996401461127
6002,23,1.36862911931068,0.0540297050219127
6003,22,2.02791067457517,-0.826893268415017
6004,20,1.23803816393074,0.356259772300978
6005,9,2.52091399600552,-1.44955481742535
6006,46,0.791628426862842,0.7926202677578
6007,7,1.7261999289272,-0.297407097277846
6008,39,1.3943061104509,-0.791739431546251
6009,8,2.07823324679028,0.265519360576948
6010,41,1.01897755029731,-0.0706142054374423
6011,37,0.813163481859542,-1.22852316959364
6012,3,0.989893694910218,-0.906366733873184
6013,13,0.468076872834932,-0.33721549199208
6014,43,1.753731010429,0.848643674136684
6015,44,0.627180657142019,-0.73855025388658
6016,11,0.536787404264843,-2.95862657720611
6017,13,1.24878063884103,-2.00602452257847
6018,25,1.94650067846181,-0.551977163898023
6019,48,1.6530611142972,-2.03648746766079
6020,13,1.05540085760461,1.58647001506696
6021,25,2.64971317619552,-1.35013695825615
6022,50,1.2474797925951,0.999054285939539
6023,39,1.36334357067905,1.30432695910084
6024,15,1.00586431093705,-1.44878599438864
6025,10,3.66190289773434,-2.23831960794935
6026,7,2.10859454134997,0.803537860381881
6027,13,1.60025719657028,-1.16845391377255
6028,24,0.689257236251911,-0.0880786084165695
6029,3,1.62567697913653,0.987005812670869
6030,11,1.99190756263707,-0.389352494445942
6031,20,2.98852421973712,-0.465658111421794
6032,24,1.72082486351042,-1.26848804369057
6033,41,1.11548198203449,0.638439598175337
6034,2,1.87568861922648,-1.36229166075244
6035,50,2.25385181085605,0.627124450483566
6036,31,0.520572773998714,1.90736152528378
6037,36,0.407702980685457,0.404915551747713
6038,7,1.70725142234232,0.528671818042495
6039,12,0.311474172440289,1.55090683567047
6040,32,0.760185528006301,0.800517209728546
6041,5,1.80531580394735,-1.24262937899136
6042,31,0.63089134987675,0.651906747550848
6043,45,1.10076765226736,-1.45428287232653
6044,3,0.58521713753062,1.20816486060806
6045,8,1.48666985954387,-1.09964685833984
6046,22,0.693432350995298,0.44782621658315
6047,42,0.434728275063711,1.14703775379281
6048,12,4.84947670079887,-0.766512944351934
6049,35,1.97795770648257,0.542120498453979
6050,31,1.86190082028897,-0.721015902911994
6051,42,1.85706898168103,-0.450293518354636
6052,37,0.886634191071248,0.234020325721909
6053,45,0.346748709866145,-1.11878754995056
6054,39,1.71710290909974,-1.17134636678769
6055,37,2.28955797748205,-1.73908476634369
6056,27,1.19884465541047,-1.62397946842116
6057,11,1.63625782125399,-1.32220000753732
6058,46,1.00523626983708,0.14799055756229
6059,50,1.23739145470591,-0.640281523159601
6060,25,1.39398001735866,-1.85460386204912
6061,22,3.45138850048159,-0.225438083521974
6062,23,0.392861318406131,1.44891108426548
6063,34,0.90037003351947,-0.850825586566849
6064,1,2.86181576262814,0.38984205566689
6065,7,1.28325747447447,0.252869058184743
6066,43,0.718003844915545,0.647052639317494
6067,6,3.8288307872816,-1.0339884418843
6068,47,1.85087420884462,0.521382997010213
6069,44,0.866370988080603,0.463834931951293
6070,11,3.77994392402733,-2.07302379058444
6071,26,0.516248454264534,0.531157686011101
6072,21,0.852184174260102,1.11101543063305
6073,40,2.56808199286167,-4.16279821889854
6074,28,0.556382689429033,1.52222173695491
6075,17,0.438895806147669,-0.350869002664821
6076,37,1.49604716536274,-0.982265409177155
6077,50,3.51025422789205,0.937927083327489
6078,17,0.964057460368257,0.291171494538708
6079,11,0.509460331805484,-0.345180429170797
6080,36,2.49413868462472,-1.9638100371545
6081,9,1.45433497746993,-0.643089373201295
6082,42,1.41547710873902,-1.05621464085326
6083,7,1.23447819078083,-1.62779682745769
6084,17,1.5532688103336,-0.50106579816001
6085,39,0.828535407279281,0.827693427857866
6086,7,1.23582533904916,-0.431429796066484
6087,41,0.970951907755819,0.943201334517619
6088,11,1.77558914486452,-3.47414604544237
6089,25,2.6092180615514,0.506651603778781
6090,16,3.63794936367575,0.529103629257472
6091,35,0.737977667981097,1.26265286855726
6092,36,2.11231931264401,-0.0733910006731271
6093,7,1.14390737774613,-0.146730031464339
6094,27,1.74157229599843,-1.58634730421829
6095,36,0.529738154763723,-1.84818887057718
6096,18,2.07716738673547,1.09360296718437
6097,30,2.09163560950548,-0.363910275749442
6098,36,3.75619168645467,-0.987850274937725
6099,6,2.02539570809633,-0.697239355953215
6100,24,5.25810359590268,-0.0242649705883494
6101,49,0.752211804425911,-0.14968621185357
6102,38,1.90014450533885,-1.47577442169013
6103,8,0.55705224523424,-0.267639956518584
6104,10,0.78132569274,2.04047933520544
6105,7,2.9067086157584,-1.27886324726917
6106,15,1.41428371931362,0.277393252071761
6107,21,0.798262070985495,0.63891845949287
6108,25,1.09921416037068,0.011964603164273
6109,9,1.23104997371696,-1.93082482005551
6110,22,3.06840471874501,1.20512492791913
6111,24,2.30833851139561,-0.504876540400274
6112,13,1.09026061022509,-2.05052757457834
6113,38,1.56653885129257,-0.373396567649145
6114,10,1.45713268817227,0.474345390089394
6115,5,0.884655184243417,-0.50706469315735
6116,13,1.51004986012661,-1.06181032924117
6117,27,1.00038434048269,-0.596170702340095
6118,30,0.875925328605662,-0.849485284191561
6119,7,2.23158627240138,0.508574244328749
6120,48,2.315154241582,-0.313133624497523
6121,21,1.69624472262125,0.232511183534103
6122,26,3.23780974672971,1.08202016016726
6123,39,0.836113467578129,-1.48251169476297
6124,12,1.62404211391007,0.843435510812212
6125,46,1.88313684708263,-0.874051067027114
6126,5,1.13701909480924,0.876903160739495
6127,33,3.04737719902041,0.244458450830233
6128,32,1.67043835024945,-1.74777196239033
6129,30,3.93408012097947,-0.619327568278028
6130,12,0.822484028011354,-1.53712603513977
6131,21,0.649934165410447,0.850499991796523
6132,1,1.36398802687526,0.923131333853747
6133,10,0.784708891178587,-0.968851480133472
6134,15,0.752724928450459,-1.39929940175899
6135,41,0.84428225408237,-1.48844303123627
6136,2,1.20831764441696,-1.46847763379105
6137,16,0.667466691203655,0.07223677009683
6138,43,1.09009812191518,0.122944373839887
6139,30,0.641707992344856,0.609473918586662
6140,48,2.08467445055958,-3.09538229273828
6141,40,0.862522957275179,-1.44234102233698
6142,30,1.34343011855851,0.112035586106542
6143,5,1.1582838707226,0.538943419985413
6144,5,0.587739473566043,-1.37354828077516
6145,21,1.66555651823941,-0.406780615742463
6146,36,1.15274857643932,0.779752280291929
6147,11,2.22598221179456,-1.85219759164374
6148,49,1.2280344884955,-2.17073241870208
6149,43,0.386926116935807,0.300381256461912
6150,30,1.07347912746451,0.818479361520435
6151,50,0.965657007667016,-0.880925343253995
6152,17,0.800528115274265,-2.46493397676117
6153,32,1.67355139294934,0.883049661323426
6154,46,5.75864043398535,-1.53984887146678
6155,38,1.71611664431462,-2.05159655960991
6156,24,1.88199447009595,-0.352150502600148
6157,50,1.49359287332698,-2.35229852288632
6158,45,1.2729088289206,1.16062001589909
6159,12,2.83508025045576,0.0516668966620769
6160,44,2.10679035080152,-1.14987761532572
6161,3,2.62240912082679,-2.64715292896426
6162,18,0.349694502788448,2.34783164920303
6163,27,3.45118091698343,-1.42606094839765
6164,43,2.3165938808936,-0.409119388108685
6165,32,2.24436797880692,-1.69817663051096
6166,23,3.42099967583357,-0.775449151087437
6167,27,3.96246318267656,-1.50262301529557
6168,27,2.28554870267793,0.84261929834434
6169,8,0.992095292878604,0.339719198959288
6170,8,1.68663214691394,-2.33794408507656
6171,16,1.24146609037364,-0.350101770762734
6172,45,1.91507522270953,0.182162501358222
6173,25,0.532538987706042,-0.627186699738651
6174,3,1.44625364823538,-0.352619149224076
6175,13,1.62659564233002,-0.356612035996045
6176,8,2.18740527619477,-1.2667020817988
6177,46,0.718868288272786,0.791296165524929
6178,31,1.22534451275338,0.706442469928473
6179,9,1.26122373241651,-1.39140754321072
6180,44,1.67862827643491,0.0275941684749024
6181,16,2.21569167152881,-0.455864805798054
6182,21,0.785826596814054,2.19335937724287
6183,25,0.855224131155399,1.022741249882
6184,21,2.79885668904801,-0.398007471792392
6185,19,1.14813212217549,1.06757138326442
6186,46,0.752998133738383,-0.200842875997086
6187,37,5.36193353619756,-0.138728244637842
6188,20,1.23428955560911,0.631562956475763
6189,10,1.10319031569856,0.385672164705611
6190,37,3.04738805673587,-0.652379789611799
6191,33,2.3139016566478,-0.226341896982504
6192,15,1.86308038620752,-1.32605675594853
6193,28,2.69347680567261,-0.20988686356589
6194,20,1.35164877309865,1.52855196008897
6195,45,1.56839763931319,-0.511972429846359
6196,22,1.333996130077,-0.595703892096877
6197,39,1.33957157238045,-1.68661019461874
6198,20,1.92908399745367,-0.540833456629314
6199,3,0.994175591490182,1.28037803512085
6200,34,0.74588747101764,-1.62249526500137
6201,50,1.3376066958346,1.66891810763311
6202,22,1.2534953015744,-1.30391166228117
6203,35,1.77509096823956,-0.302489702177586
6204,42,0.907339449085066,-1.49567327050069
6205,17,0.69374705097793,0.0665920769269439
6206,8,3.63294697903858,-0.804983574216168
6207,1,0.612912287722932,-0.801173204017966
6208,43,2.61195256075479,-0.448169913733685
6209,2,2.69658957985774,-1.21354626244797
6210,43,1.26906569664902,-0.580525985690664
6211,28,2.32307799013473,-2.16371150179663
6212,23,0.403331914049058,1.23363817917072
6213,43,1.71283437187483,-0.000304381425879463
6214,41,3.44933778458917,-0.991777276913043
6215,9,1.87353092663642,-0.159133267198742
6216,33,4.60490255637055,-0.134245381236233
6217,16,0.636349974922594,-0.697318831200873
6218,18,1.74475567673058,0.278098859405937
6219,8,1.01031263318673,-0.828211808783558
6220,7,2.45088528105104,-1.6850173111182
6221,10,2.07937838018785,0.550203145092853
6222,6,1.06404854145801,-0.943156731515506
6223,17,1.91169932112912,-0.351496372681223
6224,48,1.56683112321941,-1.45605058570916
6225,20,3.07792531243089,1.22353981973071
6226,30,0.70133676172042,-0.365397475836059
6227,18,1.09341272038797,1.22802641812184
6228,47,2.66981910014818,-0.510093464708369
6229,49,2.51586903616208,-1.32960064043524
6230,4,2.91846228644052,-0.0686956927285395
6231,17,0.807032612850882,0.0484731758593176
6232,22,0.8933389032793,0.213932367005313
6233,30,3.3340821774598,-0.262621428982055
6234,4,2.823720019593,0.821273644651122
6235,18,1.58889603353407,-0.807387864622673
6236,48,0.590128924393592,-0.961127260933102
6237,42,1.92039646447478,-0.842674572649416
6238,37,2.11449403426086,-0.133705740434666
6239,32,3.31588760217738,-0.188320592434248
6240,13,1.85048492627301,-0.656925368160862
6241,25,1.09388355149677,-2.01711427122583
6242,20,1.04318508020606,0.200233585740782
6243,18,1.7791235724721,1.75186394503783
6244,19,0.861080131086021,1.05374055514354
6245,2,0.646034685286855,-0.862724590075085
6246,27,3.15877311791673,-2.74667014051778
6247,6,2.45860500109199,-1.84581403844744
6248,43,0.937138269784848,0.261943760783714
6249,30,1.28369314717236,-1.41400656632953
6250,19,3.41682975160316,-0.947886652192974
6251,4,1.53351623023548,2.0477909208027
6252,38,4.87704810033116,-0.68812822204101
6253,42,1.43130106123959,0.204099696770136
6254,33,1.35104126940628,-0.675268735222237
6255,20,0.624774944972012,-1.1965437437584
6256,43,1.06613827331513,1.07765521812577
6257,26,1.28827377744313,0.713755471979282
6258,41,0.903204853797706,-0.520238806710112
6259,22,1.87877656113476,1.40420990647871
6260,45,1.49171251186208,0.771293662683848
6261,15,2.4763119909195,-0.684951492986903
6262,2,0.711797533306592,-1.21517907191257
6263,47,1.447601248901,0.808644178141508
6264,42,1.23561303921341,0.209466268833869
6265,29,0.342513606869778,1.70446674939403
6266,20,6.95260352570046,-1.93795506563495
6267,27,1.33345011217473,0.118449066723227
6268,42,2.68436709002223,-0.696959620752846
6269,18,1.67987326004348,-1.85590802424634
6270,17,0.722059570187814,-0.908209103266336
6271,29,2.20552086948061,-1.27878634630047
6272,42,3.08835112777949,-0.664046077427274
6273,8,1.65147031274176,-1.57167490193298
6274,24,0.539999592267611,-1.57271041907804
6275,29,1.68894647593807,-0.267270893910964
6276,42,1.44853168527738,-0.117819827328104
6277,11,1.91893347926293,-1.37030090039161
6278,29,1.34751524680593,-0.470191406167021
6279,40,1.86978828134685,-0.932792568028278
6280,12,1.4481417329453,0.218200122116065
6281,38,0.624571077086517,0.304858937519012
6282,3,2.2453511825242,0.363531622627508
6283,30,1.07572763507055,-0.21627160327635
6284,33,2.9212456269486,-0.773989830435767
6285,2,1.14312440566685,-0.18588843576458
6286,8,0.903466697757066,-1.15690680827338
6287,18,1.03992950856873,-0.873079970852689
6288,22,3.51252559375305,-0.794296922950558
6289,13,0.950141121527416,-1.21051399521321
6290,44,1.09160974636205,-1.492446896546
6291,27,1.2670749406476,-1.36486796011234
6292,50,2.01157865952085,1.40625725185641
6293,11,0.970237813126277,0.348291512480505
6294,13,1.03282344953121,0.0172041533696971
6295,11,1.72428916253122,-1.70444432056267
6296,27,9.05271734804639,-1.26146832979467
6297,5,0.537718117608577,1.21852394818156
6298,21,1.04539609818532,1.29069947359043
6299,7,1.58523555698089,0.281015426794906
6300,17,0.98351845767158,0.207564729585895
6301,7,3.12354751056437,-1.40642281838166
6302,45,0.954213302358953,0.140900928297828
6303,5,0.83336357029327,0.137130169197248
6304,28,1.71806529578935,0.544380726310266
6305,5,2.53399485394918,-1.49386962560425
6306,11,3.43508630877027,-2.00913627018423
6307,8,2.05828340894664,1.19849678571317
6308,26,1.1102537668893,-0.883479220058946
6309,12,0.730763780455057,1.14912200732913
6310,25,1.23234923035003,-1.11827552030543
6311,50,0.621977174429362,-0.305797252814182
6312,20,0.771876912409279,-0.263496614646381
6313,46,1.77930012796436,0.0777989747105683
6314,46,2.56867639167268,-0.445055500861279
6315,35,2.0607598122343,-0.723438000912086
6316,21,1.16847806250356,0.60432138716449
6317,14,1.79756216949519,0.680407076990811
6318,24,7.0409136844174,0.674112882816845
6319,49,1.92649203462159,0.298751204662367
6320,26,1.39698579122346,0.0511304598218023
6321,20,0.851628851464828,-1.22105553669219
6322,27,2.27726534036395,-0.935874267033089
6323,40,2.29805911343662,0.863493086503119
6324,9,1.02798569247242,1.96379320139481
6325,42,0.491149056779535,0.971791960441317
6326,29,1.89964087367927,-2.16690681055142
6327,3,0.513085427934373,-0.599521435139065
6328,18,0.90758860074821,0.107935351438949
6329,42,3.77325121576886,0.163465289864086
6330,7,2.51692732683916,-0.741111913284155
6331,10,5.06044147467956,-0.369616391849872
6332,3,2.14989643897222,-0.420162954236666
6333,11,1.3329338364229,0.936379814510219
6334,7,0.558628519277951,0.697985328696191
6335,3,4.8807787584242,-0.123992651974117
6336,34,1.35279947418851,-0.382615730288834
6337,6,1.14221975682,-1.10997339830654
6338,16,0.710351186348513,-0.91202892734979
6339,38,1.19887814648434,-0.352027305052217
6340,25,1.45957905320522,-1.01108291199688
6341,36,2.34357326747111,-0.990671039790636
6342,7,0.996732858713994,0.659121147904155
6343,36,1.0889349847815,0.0582414778208821
6344,30,1.59074545665734,0.603788903072005
6345,3,0.5323002363477,0.684179222136446
6346,6,1.40620051036699,-1.59690595695536
6347,23,2.10776228179401,0.570809077931289
6348,25,2.0521313328823,0.0438371119541614
6349,28,4.20884816066158,-1.26618543076662
6350,30,1.72986672008476,-0.50859140892082
6351,26,0.719490046850978,0.57031828312094
6352,38,2.87579611944749,-3.58300544672776
6353,40,1.75029897795431,0.170840452134303
6354,38,1.0679572670051,-0.637434332726574
6355,33,1.4239978047716,-0.492965642767252
6356,39,1.03825712010431,-0.62912300784763
6357,3,2.30948233963047,-0.245821268976693
6358,46,5.26198302604275,-1.04069192641757
6359,44,0.555351992515855,-1.0750189544961
6360,46,1.44243004905069,-0.33289461831243
6361,43,0.987503108941945,-2.0337657796087
6362,26,0.683603807545143,1.51850660273327
6363,48,1.90721342205841,-0.638789236000374
6364,5,1.28667016315287,-1.29309781560549
6365,48,2.02003385429551,-1.39420620307194
6366,13,1.90641922766672,-0.529666531589298
6367,12,2.11790261866942,-0.944038191399033
6368,15,1.82642475941985,-3.22852450677771
6369,44,1.50394630701898,1.81576768865447
6370,30,0.429037057328228,0.861123920809043
6371,10,2.09433027626002,0.0880624744627133
6372,14,2.65066192321867,-0.486905820390612
6373,13,1.41871378525747,0.0898082678482562
6374,24,1.22282833958711,0.570622326114302
6375,17,0.280809924357226,2.01090149128303
6376,1,2.74535747309055,-2.62321489854243
6377,30,3.84325676266112,-0.546774502845285
6378,5,4.02734389298431,-1.87828277704993
6379,4,2.11750091111943,-1.12598578807055
6380,35,1.77633209798206,-0.0344651044417554
6381,10,1.50448446843199,-1.37758866989941
6382,27,2.34317104789137,0.501101967180844
6383,32,2.78782872993867,-0.590675130202958
6384,19,0.578538857815761,-2.12035472162978
6385,40,0.817551523959523,-1.07846269570418
6386,20,2.40211576337811,0.891353249941939
6387,40,1.36170798599091,-0.528823025699798
6388,43,2.14901941694667,-2.00965834057167
6389,19,1.46627523309201,1.48694780485002
6390,36,2.18284210233743,0.012457342289119
6391,11,1.1927594536983,-0.68661913301985
6392,1,1.94091518830741,-0.886458479025115
6393,39,3.95110109948363,-2.36925268854751
6394,36,1.1064146656413,1.88041711939198
6395,15,1.96451151750739,-0.886576917240684
6396,3,2.59748811427782,-1.14076758033293
6397,26,1.42177583505215,1.60273241080806
6398,2,0.888567596820029,-1.46793987209
6399,26,1.3614586585207,-1.41354728723452
6400,3,0.99962476627834,1.27585821439925
6401,22,1.80461957068678,-1.06294849358865
6402,29,2.83023557232771,-0.433407469945267
6403,40,0.649161183632456,-2.13866047679396
6404,27,1.55988888416352,-0.293731022166265
6405,40,1.7185197531664,1.83450533502872
6406,17,1.88880650941972,-0.399459504099492
6407,50,0.784992532261979,0.930382538395331
6408,2,1.50167622081003,-0.591996569167769
6409,37,1.57063249835355,-1.31218305822622
6410,27,3.98649591725025,-0.671871100269671
6411,30,1.53108639432282,-1.74079833897042
6412,41,1.19351105600092,0.636322458908006
6413,45,1.83279082835839,0.00695391765177933
6414,44,2.3369312660801,-0.0783058832117992
6415,18,0.923691560583217,-0.654692879821188
6416,24,1.52793947607978,0.805740110368225
6417,43,1.81179991072765,0.915659276665799
6418,8,0.26863682907728,0.566721144905982
6419,41,0.252326404458558,1.38857345051859
6420,45,1.08634367439643,-2.01064488942712
6421,36,3.31455424463749,0.297642180621639
6422,5,0.488367252689642,-0.435110799299009
6423,15,1.53062625021202,0.543710319445788
6424,16,3.21961705221005,-2.51356986675541
6425,12,1.34692729836902,0.838426871442115
6426,1,0.793192264686946,-0.00517950795530324
6427,35,1.51776207257974,0.0906248991329265
6428,13,1.8796273065639,-0.678527299481052
6429,18,2.65055189997515,-1.09001036130736
6430,43,2.21734938703085,0.107362107155138
6431,36,1.09342802283417,0.233567526403175
6432,29,1.33360438652378,-0.728420967799184
6433,25,0.49679062391269,-0.891768243374039
6434,6,0.78624999159788,-0.320694077576149
6435,5,2.69582663652977,-1.51798091662174
6436,19,1.51690414156495,-0.120692504667585
6437,40,0.672983642961758,1.2462954794205
6438,36,1.7094384489944,1.4621151057887
6439,20,1.25103954889507,1.87215162743882
6440,24,2.00583891562521,0.835829641040644
6441,12,0.731393011693964,0.16757075258729
6442,32,2.07590986027252,0.164409106079877
6443,41,0.729893416944068,1.50359476609038
6444,44,0.735409989842934,-0.895263969374026
6445,35,1.14322609748253,0.257347168179749
6446,32,1.27704966566893,-0.973425915010131
6447,39,1.07919890448774,-0.0542553590960999
6448,9,0.592572105591426,1.98566423590293
6449,5,1.69690909710099,1.29569701034077
6450,18,1.01515491029223,1.49414701482756
6451,7,2.07782713777303,0.280022919281853
6452,34,0.444489588861919,0.550543372422889
6453,36,1.16937438443113,0.237199358102865
6454,41,1.96025015087215,-0.886615457881929
6455,3,3.09152118318115,-1.20618455091605
6456,43,0.983258795990975,0.12450895916975
6457,4,1.60318268077716,2.34131021348169
6458,22,1.82650905285138,-3.01249676484955
6459,19,2.05685053761806,1.12508793379731
6460,11,1.38390096992446,-0.404710086029543
6461,10,1.36770819774574,-0.966205205504336
6462,2,3.00276372277013,0.776330712017542
6463,31,2.48887893796396,-1.23913181745494
6464,19,1.72242837056203,0.412732125936162
6465,43,2.20523329981842,-0.0528272880925618
6466,29,2.63665494745319,-0.871031479790715
6467,40,1.50323064418053,0.265643065568157
6468,32,0.925250957528517,0.43047703374977
6469,7,1.0313003497911,-0.25612071014007
6470,5,0.882104760468428,-1.26343914396625
6471,12,1.71299032886702,-0.527425686531874
6472,10,2.07264916080941,-2.4057763085805
6473,14,4.31128699172516,-2.33354212477398
6474,27,1.83374153984432,-0.0810036661882835
6475,48,2.37104653296529,-1.5305805483324
6476,30,1.56086400783862,-0.916306164527628
6477,32,1.34693578598822,0.888621583684948
6478,43,1.02667404221151,0.599866641198392
6479,24,0.990199036625798,0.146221831250958
6480,8,3.47674989772101,-0.181951886042874
6481,32,2.52027979739498,1.47184910943586
6482,15,1.56191002916677,-1.01552430084259
6483,23,2.04172565491197,-0.51741311516568
6484,31,5.7709906970479,-1.84924779493016
6485,14,1.80798538557398,-0.429413166851255
6486,28,0.935408734999678,-0.650344702045832
6487,8,4.04277331617943,-2.48846157895464
6488,4,1.19420686510561,-0.0815262876302169
6489,43,3.48830182956068,-1.96686186636548
6490,42,0.851106187287741,1.23488019796478
6491,31,1.63584926651687,0.280225584883342
6492,39,1.07914036575345,0.782234179408673
6493,16,0.754893747269062,0.164276986947349
6494,46,2.59884531424576,-2.39356135715736
6495,13,3.00493683034051,-1.87917266029571
6496,16,0.796534420845995,0.337142850160152
6497,41,0.841785498607633,-0.337516388836284
6498,18,1.9240309298698,1.47730797360649
6499,38,1.61712713128596,1.16836522726919
6500,3,2.9991940226205,-0.201768840361805
6501,45,1.52856159404238,-1.44601290658567
6502,4,0.754264422797558,1.14849286232484
6503,3,0.741330565431782,0.00758331166772122
6504,41,2.13155217567912,0.0619355857272578
6505,27,1.43816342544997,0.56996524933486
6506,5,0.87233828800186,-1.00269640800767
6507,13,1.12604732216282,-0.564332436252653
6508,5,0.818667667111395,-0.536586463776208
6509,2,3.27618104082447,-2.37353059907447
6510,6,2.52963769775434,1.19326817788548
6511,5,1.89181141038433,-0.155656336748813
6512,9,1.77066680308438,-1.49761428738746
6513,26,1.45043757261414,0.0124663654749039
6514,41,0.520717177222393,-1.33972352232506
6515,28,2.89980532357392,-0.855758900798146
6516,12,3.08168254044421,-1.27684576329348
6517,10,2.07066533451857,-2.41336935447303
6518,3,2.10700860399482,2.27005884054016
6519,34,3.66687834371658,-2.30157630391613
6520,44,0.832579676287175,-0.300402424763976
6521,5,1.10892136238024,0.485351879955123
6522,31,4.32308158044408,0.477426813721455
6523,25,1.51800562217443,-1.95343618322519
6524,46,1.19306831527492,-0.265761827378242
6525,48,0.666160372154774,0.554722025944451
6526,19,3.00260680882215,-0.38645479098663
6527,33,1.99694070421632,0.649934991521744
6528,36,1.29971135045332,0.719374021494844
6529,9,3.1494745118325,0.330808343971617
6530,13,0.997961381755608,-1.18772669575459
6531,19,1.01153016595503,-2.64028311574162
6532,7,1.09073357484146,-0.593545531159513
6533,7,1.53858736468614,1.8261521585143
6534,46,0.99016321336658,0.527110612841516
6535,8,1.46233180920754,-0.55598234020741
6536,37,0.504501770060087,0.546173402357597
6537,49,0.161374083038914,2.73519954904353
6538,30,1.98265199067431,0.0461365070908195
6539,15,0.936314794140544,-2.79437940479838
6540,50,3.09083890827886,1.66411792465414
6541,26,1.60976569777827,2.22998346334921
6542,7,0.766678846593538,-0.5659851362126
6543,49,0.856947177252349,0.55019149482732
6544,38,2.03571404051871,-2.96611941538051
6545,34,1.21314932673288,1.24413600813208
6546,32,0.381380269202915,0.79904159074031
6547,41,0.914049457765125,-0.489275171158206
6548,3,1.3234807360658,-0.165875212903983
6549,27,1.02981381909489,-1.76807532616245
6550,27,2.03579013562576,0.547317103254028
6551,50,1.6175437949016,0.25680571701364
6552,27,1.82638357024301,-1.29001234348895
6553,21,0.762242731387773,1.03226130886738
6554,16,1.1061783661811,-0.940635770975045
6555,32,2.89528149331515,1.11679519957327
6556,37,0.645144512568989,0.0527139218966497
6557,10,1.59112213468489,-1.69877790633142
6558,40,1.99568411935131,-0.59246258395189
6559,27,0.741135474538335,1.04740744626728
6560,18,0.7198342355731,-0.312511026316146
6561,10,1.31963480512861,0.331966395016969
6562,7,2.43713714817209,1.83933828958945
6563,30,1.35838205365475,-0.71764807376204
6564,20,0.752048842074724,0.920562889813149
6565,41,2.31823859796454,-0.302285653213111
6566,2,3.19182052443499,-1.82333730187953
6567,26,3.4374934453725,0.876073175885224
6568,4,2.72111962668295,-1.13326313766485
6569,20,0.997174119112348,-0.1263825900327
6570,39,1.19146461505852,0.538361143227798
6571,39,1.21712179694478,1.70361617191492
6572,35,2.63220425554694,0.351401746697625
6573,26,0.643868209462247,0.831161957943089
6574,33,1.2931455747333,-0.11661541808905
6575,27,1.10278643561555,-0.409136888018365
6576,1,2.58214907076317,-2.20099923173261
6577,37,1.40681413706322,-0.273259789343209
6578,9,1.88170620029197,-0.149215061530871
6579,33,2.16982844704904,-0.113415443003983
6580,41,1.14522791845407,-0.614430152890051
6581,12,2.02660909363189,-0.378881182833082
6582,39,1.17990816864421,-0.160555609698792
6583,44,0.775318455048308,-4.68799321311683
6584,21,0.924804565472574,2.6321128821757
6585,10,0.959182583500135,0.104546940874118
6586,45,1.29762381105542,-1.10184087774669
6587,41,1.63536868018679,0.36976381780069
6588,8,0.571920522253615,-0.553977272801635
6589,18,2.09976476371732,1.26991502137552
6590,19,1.11352143018838,-1.16571027375136
6591,26,1.8408763787997,-0.759562673186949
6592,45,1.70645687489415,0.832651803608268
6593,33,1.16388113240702,1.35561191938248
6594,48,1.15812071572738,0.982960639489362
6595,3,1.21458736168562,-0.370943510766621
6596,44,1.23268627715244,-1.01125868742652
6597,15,0.64300539537832,-0.191045613060765
6598,27,1.8180449591702,0.277322081613147
6599,1,1.28540545525766,-0.852657989385907
6600,34,1.7927629230557,-0.933952670440443
6601,43,1.07134346383577,-0.335647118291001
6602,14,1.35603501880202,-0.39093313760532
6603,46,0.998814268178771,-1.44876780688831
6604,33,0.715317308501351,-1.60651711355326
6605,8,1.27801186158458,1.26750900611796
6606,44,0.87359432784066,-0.799638542170049
6607,36,0.580554908041065,1.22360516432016
6608,20,0.49654659861665,-1.0338738685134
6609,15,1.3730307444731,-1.08453847803042
6610,37,2.64348449769992,-0.278368572683526
6611,7,1.06227995345511,-0.579435289285816
6612,22,1.49475579733817,-0.17915202021035
6613,18,1.52805743834311,1.03222596165875
6614,49,5.12023879603496,-0.0439911682842827
6615,3,0.82327222446591,2.05986107473466
6616,33,1.38908345909363,-1.32436811683431
6617,32,1.72148253284994,0.873780288855008
6618,44,0.805993676552731,-1.3959256316316
6619,1,0.717878387022056,0.318448303637688
6620,8,3.49601467841607,0.092050272850082
6621,15,0.639734258509472,-1.29709783326243
6622,39,2.4031981934294,-0.485452696028291
6623,23,4.6697803978735,-0.839072682964211
6624,4,4.1886374216353,-1.21475690626627
6625,25,0.590980471485538,0.867559256628165
6626,5,1.75149358225806,-1.08677688376434
6627,2,5.20716189253052,-0.617314952476306
6628,8,0.865866700627355,0.929530757713883
6629,46,0.871266310061313,-0.372420150165867
6630,45,0.828851817416694,0.190233561755176
6631,34,1.3129145342759,-1.10038782521517
6632,47,1.07051680484541,-0.457342441711401
6633,14,1.92001601288905,-1.78181924886983
6634,18,2.23070017410237,0.26702952251871
6635,10,1.53066054648668,1.30516169155618
6636,8,0.952750902178203,-0.403393957757455
6637,39,3.13553620836031,0.674124402423474
6638,13,3.77001898251314,-3.05601777658146
6639,33,1.4954433811947,-1.76833146082637
6640,37,1.4984361950533,-0.917163326672661
6641,32,1.66979282763983,-0.657711303829427
6642,16,1.88066335327087,0.45750024944414
6643,37,1.50686496313253,-0.057494287855123
6644,42,0.460868963377439,0.426728529756037
6645,49,2.35911539311729,-2.1730858969689
6646,10,3.35552019702309,-1.44076746184474
6647,39,3.88211739637033,-0.322603143559015
6648,50,0.694783615897873,0.00821787332654889
6649,42,1.63312396338452,-0.18342180906233
6650,25,3.0887537398608,-1.24838191063718
6651,17,0.886943544074794,0.0454823406617283
6652,14,1.45319514909118,-2.16269307112052
6653,48,1.1397964347384,-0.615549276263785
6654,36,1.19326030317049,1.10559700442912
6655,31,0.952135395591467,0.114865196907433
6656,11,1.22985936552256,0.628692036931388
6657,42,0.912276602417856,-0.550684663386166
6658,50,2.49605279079104,0.730796930870327
6659,22,1.37995690428602,-0.61577269815089
6660,37,1.57653558012666,0.126608849175695
6661,21,2.57437670183639,1.45756847408711
6662,12,2.58180280851217,-2.1032377936529
6663,21,0.754949570004024,0.46785645726429
6664,4,1.57224016432957,-1.21410541888476
6665,35,1.02549776238449,-0.509915562300374
6666,49,1.26315099957426,-1.65136779213995
6667,49,1.71256912495941,1.22161421277566
6668,39,1.1186669887392,-0.543015327433948
6669,39,3.45145671156403,0.764383322586553
6670,50,1.53024454204739,1.18329752052713
6671,13,0.849375516422604,0.0758591451962462
6672,22,0.489157089835643,-1.30491507906875
6673,48,2.35604206861627,0.623023349973081
6674,39,2.3562773800146,0.626095883633172
6675,17,1.74610527174496,-0.697461563369066
6676,27,0.553245362557802,1.22997142414459
6677,11,6.30893106303107,0.139044844776002
6678,22,1.91181090589215,-0.499231676674292
6679,10,1.33142622321574,0.236427297470112
6680,36,1.26378723694895,-0.582773561742651
6681,22,1.35641583434261,1.1229037524042
6682,33,1.86484403511721,0.375612964000669
6683,6,1.82176188641796,-0.369255646456211
6684,17,0.357153445565477,2.00260084149774
6685,32,1.62005716368901,0.883292948289996
6686,29,0.731655507870761,1.00598792841248
6687,32,0.791987308972615,1.44828951982111
6688,24,1.55625016199354,-1.20687514619275
6689,45,2.15642326587453,-0.789916423186139
6690,29,3.13771831370304,-2.5813446931153
6691,48,0.846237086688691,1.00617701475831
6692,9,0.428553169018357,0.426748440611772
6693,19,3.122610625971,-1.21318359119743
6694,8,1.30399055850264,-1.70733133104416
6695,23,1.00294886818095,-0.154109277053662
6696,14,3.89702511113636,-1.34334053009383
6697,29,1.99312315673151,-1.25083608816538
6698,21,0.768442657277965,1.5135300111605
6699,50,1.02155463802979,0.528031549043362
6700,42,1.56000591053036,0.742286885002803
6701,18,2.04619573438379,-2.93985588624731
6702,36,1.07230411577759,0.500486936708167
6703,15,1.12433625189592,-0.145589168401008
6704,8,0.712634660908346,0.566027284192015
6705,31,1.57457166191152,0.888116592042458
6706,7,1.98480472396867,-0.144680738570459
6707,13,1.71472742437559,-1.07355284036813
6708,32,1.12147158195146,1.62703594662279
6709,11,2.50530569635681,-1.20248729230163
6710,21,0.755593769220831,0.711560674041455
6711,36,2.54200764684901,1.19923024646889
6712,15,6.59318203691258,-0.412029343251122
6713,19,2.82026207214172,-0.436175040755841
6714,25,1.9121690217584,-0.230034131434147
6715,50,0.71218390663308,1.48885063003723
6716,44,2.67204514676274,-0.588938022743443
6717,27,0.935991769452492,-1.01117946179684
6718,11,1.24185077374363,-0.631959182459245
6719,41,2.51901536721602,0.314251811291103
6720,12,0.542345299529691,0.210964657544325
6721,39,0.78647336510826,-0.442562503329133
6722,5,1.9594133399549,-1.03485236185077
6723,18,0.601296042460583,-0.0917079038824111
6724,39,0.997753478674992,0.131889010142348
6725,20,0.742373290239454,-0.0944578384503891
6726,7,1.75390075500073,-1.16246024666305
6727,10,2.39033775698646,0.315296225780641
6728,38,3.09218630582085,-1.03164075306829
6729,9,2.06282860416909,-0.515729548068831
6730,38,1.1504149117219,0.38773542174683
6731,46,0.344210997692421,0.558330066284714
6732,46,0.983411916135289,-0.861770843682912
6733,7,0.931241659864348,0.697747628454007
6734,6,0.891560359021836,-1.0672291514975
6735,43,2.49298993331702,-0.111814685050203
6736,37,2.73366634283046,0.374897916923622
6737,30,3.19523965486679,-0.285430569797866
6738,2,0.878551854409453,-0.564998733737038
6739,7,2.27148923227704,-1.56193939007568
6740,39,2.26583098252976,1.03953323217491
6741,3,2.46736112796274,0.535070536796364
6742,45,3.16163059499012,-0.967285331502287
6743,38,2.71689064875004,-0.0989096502850182
6744,21,1.83837266186936,-0.480445258987955
6745,3,1.0381175162755,-0.404312450871918
6746,46,0.781870737810764,-0.596532947286362
6747,28,0.344602098718902,1.91382677935889
6748,22,1.00925469726672,1.0423488404388
6749,15,0.865980694887371,0.502971993583928
6750,40,0.711561556488214,-1.26170661647629
6751,40,0.739035266806538,-1.67052593724066
6752,22,0.666728670307975,0.165837253357738
6753,40,0.531075375691408,0.797883258554208
6754,20,0.77284267258562,0.328958255110925
6755,23,1.72263936088715,-0.760264956624985
6756,7,3.75089449242702,-1.30053281056793
6757,30,0.703497216329386,-0.0208233841169393
6758,21,0.560361449757123,0.225849273686259
6759,45,1.10202105371848,-0.324337699659434
6760,47,0.387434033480485,-0.607574539153444
6761,20,1.94934990171996,-1.16242595624051
6762,24,1.14629468404552,-0.24613259396169
6763,26,0.642200553465791,0.640543898954105
6764,32,0.981147551728054,1.11601910885982
6765,50,0.733408895728354,-0.698863560782969
6766,41,1.78750711627082,1.71618345332376
6767,50,1.03947299988915,1.18390755457286
6768,22,1.5155973632552,-0.935358904034104
6769,31,1.58733952911364,1.00370083493578
6770,1,1.63096246354021,-0.146208539975172
6771,26,2.59209478979394,-1.36448463133069
6772,15,1.11321681817287,-0.611281345001477
6773,1,1.51937354383748,0.659233537859741
6774,34,1.16284567161615,-1.6686090219392
6775,44,1.69439801055324,0.714917050891914
6776,50,2.27620474699191,0.721846864001303
6777,29,4.12641867965108,-1.82253069325885
6778,14,0.959602060910137,-1.81843359377595
6779,6,2.55950631424937,1.01630545876362
6780,18,1.81810433167465,-0.249881977229564
6781,31,7.00830880635195,-1.52662308381496
6782,9,1.03519820181799,-0.140786042272755
6783,13,4.84228975177729,-1.64096204758689
6784,39,1.26931386803826,-0.221424255710648
6785,35,4.43467668889194,1.16151564502807
6786,50,0.909253647875317,0.0474467036341276
6787,10,1.73028716773221,-0.123612195352054
6788,36,0.902990548431251,-0.0260626858187074
6789,39,2.9201842964897,-1.89949482583243
6790,1,1.20470050822808,-0.092682081052828
6791,23,2.92349792389844,0.416456452448931
6792,46,2.98530696659769,0.482270777828647
6793,44,1.27850388017322,-1.44481154627594
6794,16,0.802199640311728,-1.40779341885162
6795,12,0.546876137299744,1.58869737899486
6796,6,3.85670205209444,-0.604669035047971
6797,28,1.02037950943337,-0.800944644407861
6798,40,1.37860870323659,-0.377571809815742
6799,6,0.611866597393999,0.584365128193371
6800,21,1.38025466948524,0.65256213021998
6801,33,1.82005613279956,-1.39675573927273
6802,13,1.01706048909655,1.69708046581613
6803,30,2.38825853924736,-1.28774376654892
6804,45,0.381282435673927,0.432214614931664
6805,18,2.41154837106186,0.508245111931266
6806,29,1.64944084053791,-0.241345485464064
6807,2,2.1542788428514,-1.45654594028954
6808,6,1.06607137059545,-0.756729509873822
6809,42,1.19107994201081,1.45651154023964
6810,11,1.07725343499102,-0.549930945307713
6811,26,0.849987059841815,-0.968256369868015
6812,44,1.50644153488617,-0.272077129639796
6813,26,2.12240875787245,1.79148416043763
6814,47,0.645077446503421,-0.889630798380164
6815,7,2.52048118536508,-0.72330786678038
6816,32,1.17117154910066,-0.306790890084015
6817,23,1.9494037253522,0.390999697048077
6818,6,1.07424163012402,-0.662302659825434
6819,6,0.356814758905305,-0.728928128176777
6820,8,2.44722337456358,-3.44970808937103
6821,9,1.49978665877514,-1.31105955002308
6822,24,1.45946650129281,1.56422867699557
6823,41,1.30799978941461,0.14293575043375
6824,12,1.85043596890955,-0.373287033542514
6825,19,1.11683724373569,0.446545928967333
6826,11,1.62548463139127,-2.42751264610995
6827,20,1.52128322545315,1.55668454975522
6828,39,1.28461982708243,-0.909451581308411
6829,41,3.19265413671431,0.477135319477431
6830,8,2.75091576429978,-0.702682849531563
6831,20,7.49131731195234,0.563348988725059
6832,32,2.9608711113517,-1.03596213768288
6833,40,2.32960226913885,-1.16432179971691
6834,28,1.14393056811153,0.608013366058736
6835,29,1.98166398590107,-2.23360934559826
6836,26,1.40290065727569,-0.164577786375332
6837,32,0.742676395037588,2.33645826882864
6838,37,2.07343911299863,-2.13035084484686
6839,16,1.25127767682786,0.0608036803484063
6840,23,0.900819039211917,1.609892890394
6841,33,2.07803883458601,0.361202118158641
6842,22,3.90216851456391,0.587903659938755
6843,24,1.24600620944292,0.162205329719483
6844,1,1.8816508617371,-0.835940514192157
6845,34,0.743740912037842,0.958705881859993
6846,42,1.93470215736029,0.763163273970483
6847,17,1.77954427956012,-0.195675362044533
6848,26,0.644451861111617,2.23665040646704
6849,4,1.28441204441551,0.319946342690706
6850,19,0.958012037297175,1.24087979492602
6851,34,3.19751207765878,-1.02374413255014
6852,10,0.849019183375129,0.317038518420951
6853,20,2.29774742139066,-0.0867495415530798
6854,47,1.61129423469039,0.429181955132381
6855,20,1.01685392132303,-1.58289457575971
6856,47,1.66105777313876,-1.00086040102399
6857,18,0.850352662618392,2.09751568820916
6858,2,0.975122570443472,-0.1096350092939
6859,10,1.01190762463717,0.549807539239078
6860,6,1.21220882848651,-0.561370795524835
6861,44,1.77874232794149,-2.8903357123348
6862,23,1.64125575007585,0.513980701505827
6863,15,3.34271465275779,-0.321891697804038
6864,2,1.93534139869385,1.14454805692308
6865,30,1.83915964391614,-2.05109551453875
6866,2,1.33335483244595,0.449674801848727
6867,21,2.70660544987739,-0.553950164168504
6868,14,1.14816408784955,-0.0503571211210532
6869,5,2.54964933857138,-2.07976548742078
6870,10,2.5157021566533,-0.0175307183827204
6871,32,0.416034009950349,1.87291238032342
6872,50,3.74338967980641,0.0140044539582566
6873,23,2.32994719472309,0.408817840961497
6874,50,1.38900110182418,-0.83847708518093
6875,44,0.327618760954983,0.0573812206415396
6876,37,2.66306792565149,0.843165356655301
6877,34,1.76033177078407,-0.208522966046607
6878,12,1.15146706914957,0.307827335617865
6879,41,3.86991224660122,-0.334070222579008
6880,10,0.757461817215917,0.0838089491494659
6881,5,0.803240538259118,0.975769482068181
6882,18,2.02086859315888,-0.420241077374427
6883,43,0.722216933004679,-0.141114394806437
6884,14,1.22338804164117,-1.33710523900577
6885,34,2.9115122639552,-2.5133639953305
6886,8,1.48734888900434,-0.57348217853061
6887,35,2.12278859278292,0.612227260184463
6888,3,1.21948019406485,0.645358541519002
6889,35,2.03500879590573,-0.265295336933606
6890,41,0.666746526717084,-0.332392900670567
6891,31,1.47021929184949,-0.301513898436799
6892,45,5.77357814647894,-3.72408817523883
6893,26,0.339833525555085,1.71058599670598
6894,9,0.686494190723105,-0.995099579792225
6895,6,1.39343080877105,-2.13569898210184
6896,40,1.98368603486827,0.105758895926944
6897,21,0.740332994914222,0.931305559614408
6898,19,1.4893679643645,-0.670075508472656
6899,38,2.95654857103854,0.137344495072722
6900,2,1.31230313196267,-1.09379971748228
6901,9,1.65882505803802,-0.527850351464404
6902,7,0.891946124824653,0.732972857893853
6903,45,1.61169311893809,-0.431103470591297
6904,44,2.88974812535433,-0.609767147539354
6905,15,2.258676694142,-1.39868295262977
6906,50,2.48406042934978,-0.704125760713169
6907,37,1.53256115173669,0.0131392646764536
6908,24,2.08440520736856,0.698929725455671
6909,3,0.668035672946065,1.18852391318277
6910,1,2.61458115697845,-2.12752305679344
6911,43,0.704751787697401,0.767874717503389
6912,15,0.490827264519815,0.391440548520242
6913,2,1.08234378699808,-0.494657522277365
6914,2,0.877699489936762,-2.19856277425004
6915,28,4.95941254912598,-1.97413705079363
6916,7,0.928575271453129,-0.159837827394169
6917,15,2.75287426444478,-1.29771946109554
6918,47,1.43750181011354,-0.264265782233796
6919,29,1.02324489390574,0.195158159858049
6920,27,0.80078459320745,-0.053345338907882
6921,10,1.41900904192488,-0.331398877165501
6922,2,0.462007683028813,0.781964766793372
6923,4,1.91992245167595,-0.494372359763274
6924,36,2.4170946663255,1.49129495620324
6925,37,2.09966905353311,-0.366178318044397
6926,11,8.34896931967599,-3.07058610256743
6927,22,1.15363704585345,0.0966054156278551
6928,40,1.45323809103322,0.360058195073761
6929,6,0.313057385677045,0.513220035981641
6930,14,0.68998776929714,0.442406401517313
6931,38,0.714720598831827,-0.683848810848727
6932,45,2.55588902693866,-1.90213298253894
6933,15,0.375042123710736,-0.760016825286195
6934,34,0.544508293046755,0.464263789779416
6935,43,4.77554352421915,-1.44779925368221
6936,6,1.41183313119232,-1.95781214563197
6937,39,0.757343647991802,-0.75801314815058
6938,36,1.62053275926548,-0.71506002322002
6939,3,0.922878432840462,-1.27977702553337
6940,28,3.0636962851059,-2.33513891575378
6941,8,1.80526780098001,0.131215471263989
6942,32,1.93408762233476,1.33364885470758
6943,25,1.12712898934624,0.461236304283828
6944,21,2.49669063379032,1.07181367936601
6945,28,0.934229277430014,-0.643755129316434
6946,49,1.93410104956846,-1.07334864784416
6947,38,0.369475527298932,1.60485334072758
6948,4,6.68260330331604,-1.08076249869969
6949,49,6.02722144372019,-1.08204755381226
6950,47,1.73486683334947,-0.675620505493009
6951,30,1.5785010933648,1.32314237592143
6952,6,1.88884768023569,-1.45487434328939
6953,8,3.66744570767871,0.0230276077915936
6954,34,5.22253195965197,0.516056010251615
6955,29,0.946464937227809,-1.79166902328628
6956,20,0.808242279211154,-0.0116777599347366
6957,26,1.48822077012262,0.789138720267787
6958,47,3.2882818117421,0.705515048383869
6959,40,0.694034837885725,0.505438304293354
6960,43,1.28652817250524,-0.666872563482617
6961,40,0.750142655395209,-1.06663067869651
6962,12,3.80852519889233,0.23280383845901
6963,29,0.817570415499715,-0.22468447285457
6964,7,1.51553430751367,0.323116311989538
6965,43,0.525968516773343,-0.404057315702118
6966,6,1.13812151003737,0.307735718089973
6967,20,0.604041113183754,0.0924475559324929
6968,9,2.45270195576572,-1.25385542881663
6969,23,5.02606314930189,-2.73378473599878
6970,12,1.81104515579028,-1.60303530416112
6971,7,0.643693946292648,-0.0625495319609791
6972,26,1.51104571231373,1.20982361278911
6973,43,5.51889801663762,-0.4872018066815
6974,15,0.979125708886446,-1.29171777956447
6975,42,1.39385615896445,-0.301272621939763
6976,42,0.751973803515317,0.95060963763831
6977,14,1.5015617803278,-0.686569971225588
6978,36,0.575388159247513,-0.134010013969951
6979,2,0.604859142876086,0.724022988165112
6980,10,1.98776955300607,-1.83095238311859
6981,38,2.09482596955071,-0.574439321613678
6982,37,3.1569018840251,0.0254458908136834
6983,15,1.36237752614934,-0.16137397846637
6984,15,0.920101539828815,0.474106562229037
6985,37,0.613750394051018,-0.316754997145034
6986,21,0.993503648012972,0.438638328717762
6987,2,2.58564377790641,0.237973538004686
6988,33,1.71779477418853,0.806730733030363
6989,7,1.85132077831263,1.14151844055949
6990,20,3.72228704762954,-0.0121168713583849
6991,33,0.851759956128107,-0.335432283168173
6992,39,0.597729817930754,2.40214377589447
6993,47,4.65495529074031,-0.424125051913582
6994,45,3.00923158959659,0.935896692620941
6995,31,0.560472249416018,0.409066850925396
6996,29,0.966418847208746,-0.237731763208655
6997,32,2.1633900310071,0.386304918825222
6998,16,1.3001714699709,1.07804876789438
6999,49,2.67368010442692,-1.08588134561231
7000,38,2.02525704937367,0.00981118452181517
7001,9,1.25458294612089,1.22200817702059
7002,34,2.10818746854381,-2.16929238754482
7003,25,2.0936819971924,-0.817286468147387
7004,50,3.79988965422076,0.535082227322438
7005,6,1.11482982621376,0.338886972145818
7006,16,1.40403582216251,0.83074359422931
7007,44,0.760384432336496,-0.0384307598039713
7008,13,1.99236923912093,-1.35065115468253
7009,22,2.77431891462552,-1.38662048291878
7010,28,3.40251460634999,0.356415557720309
7011,30,0.916356012806935,0.0110063655001869
7012,10,1.62447652028754,-1.43001870209902
7013,17,1.41332768976455,-0.149391855374536
7014,2,3.71167628338264,-2.52661468840235
7015,42,0.558074015913414,0.400920819702513
7016,44,2.40104547215426,-0.891316441472537
7017,12,1.01586349868223,-0.391642813422321
7018,13,1.14273224111557,-0.914781226646607
7019,46,0.733804032435917,-0.743687093492337
7020,31,1.07532943449807,-1.76864641372544
7021,28,3.60113400529246,-2.59867713026707
7022,21,0.477384937415955,-0.82908170261299
7023,48,1.21213124412842,-1.31034583384122
7024,5,0.962650598261035,-0.552486426966501
7025,32,0.827820964380757,-0.580244727151958
7026,35,1.67093907350737,0.958059285817105
7027,14,1.49345064816352,-1.78601279056336
7028,12,0.464948082153602,-0.142988738943385
7029,11,1.95753815616007,-1.44296022804422
7030,47,0.958467874840354,-0.469620041693028
7031,16,1.27937737078699,-0.255158800868726
7032,37,2.1528051318695,0.631910045797273
7033,12,2.67671432563255,-0.379791396217078
7034,48,3.1891514382884,-1.03242374374375
7035,36,1.29855991347825,-1.73186250386857
7036,19,1.18635844153564,-2.78839040186747
7037,5,1.59877461539045,-0.797135688982359
7038,25,2.6937537398822,0.235866446858844
7039,9,2.75496197949689,-2.17884016226073
7040,34,2.04261731758034,-0.87204396817174
7041,26,0.92463975202197,1.24466033871891
7042,10,0.304470692573755,-0.0177982743677167
7043,15,1.00551578211811,-0.426236708285311
7044,11,1.12761467297486,0.348710743707615
7045,33,2.12890470857772,-0.468467191707295
7046,16,1.07375373372505,-2.55211862873179
7047,32,3.61421982210595,-1.63678525978878
7048,24,1.02536109587314,1.4463131655591
7049,44,0.513574558017634,-0.749615058613806
7050,16,4.31730995633355,-1.61632020525818
7051,50,2.01154116189342,-1.20169451389615
7052,21,3.28698040488941,-1.25380203306991
7053,12,1.9308248400215,-1.39173075652637
7054,27,1.85068758613329,-0.932344927730628
7055,4,1.19476575433097,0.357593185735788
7056,44,1.46488986672318,-0.285932716507058
7057,20,1.83983143883259,-1.40857521160184
7058,38,2.52646047139074,-1.30553236191579
7059,15,3.13543705694018,-1.1057133801181
7060,45,1.52177342462871,0.165167243004948
7061,32,4.00712581277091,-0.264660611373741
7062,24,3.35065455805619,-1.40631446969574
7063,32,1.43458365757004,-0.395007775999217
7064,12,1.20618987758157,-2.72437887427475
7065,41,1.71164225421591,1.52811066941821
7066,17,0.637575748154462,-0.738012935076375
7067,6,1.275352366454,-1.87725858449618
7068,28,1.46873177248097,1.26214558550999
7069,23,0.96730990071569,-1.2801456216973
7070,45,1.53193874208971,-0.800469794589591
7071,11,1.15790129239974,-0.63015935442891
7072,44,1.30462788159948,-1.38393468177791
7073,22,1.22710154131306,1.24705331013119
7074,25,1.57761438137464,-0.561711165860664
7075,45,0.866616647211063,1.01133599614778
7076,35,2.76483669411645,0.0211356806980739
7077,18,1.94465645315379,-1.00294637243671
7078,8,1.94143752733217,0.0915492280259401
7079,33,3.10161439310709,-1.44903521073823
7080,29,1.30611202470817,-1.28520829130628
7081,20,2.42110652377533,-0.300138969466097
7082,17,1.09367054329343,-0.530461229517574
7083,48,3.64705596686767,-0.357095548153921
7084,40,1.69899509354229,0.840893684256115
7085,22,0.429744916239208,0.651676779745688
7086,29,3.72929095414704,-2.11164482340392
7087,3,3.16337142434799,-0.552730872513168
7088,46,1.56235087828948,-0.51454985329089
7089,1,1.9026202407328,0.653345173306862
7090,45,4.02016363830642,-0.96491118032693
7091,6,0.853905637132958,0.187227116636034
7092,42,1.72523317166223,-1.4202273020188
7093,18,2.11086550058774,-1.68889475045322
7094,18,1.16889564244544,-0.136987912654393
7095,29,1.88803388127957,-2.27995507997546
7096,15,1.27171523690799,0.0166922169900872
7097,23,1.1236771203687,0.00422070090313956
7098,27,3.18232936415954,0.736584488192024
7099,19,1.69316345405912,0.290650936782009
7100,11,1.95225857205978,-1.10166603103746
7101,21,0.747354385238957,1.65914235389624
7102,7,1.78930413833554,-1.34613230366915
7103,17,0.52650074972783,0.669804557601057
7104,46,2.82434702429483,-2.22590239613311
7105,12,0.855939168514401,-0.66634134429152
7106,2,3.41687398112943,-2.62013529707199
7107,31,0.958786936894177,1.933161870944
7108,36,2.64585110891093,-0.0890368587045688
7109,45,1.04246737393593,0.278980962370386
7110,1,1.0081447833891,0.475654479850203
7111,15,3.37630110909687,0.144907385953154
7112,1,1.59457827402241,-0.335155735297483
7113,35,0.97536465384969,-2.36657372526803
7114,18,1.46326689423959,-0.467425520800551
7115,34,2.62310717521138,-0.281414885693894
7116,30,1.29971232074318,0.550878114703674
7117,47,1.00267100957643,-0.811517874343379
7118,47,0.7205998872987,0.663205231493949
7119,6,1.59872792367855,-2.12588969781674
7120,31,2.7144826547488,0.100055305769129
7121,35,1.74000017293942,1.31713236505377
7122,44,0.525527370369842,-2.25701339965457
7123,34,1.6410255460231,-0.236744363285828
7124,23,0.725901944057893,-0.41140708384676
7125,27,0.652911792100725,-1.07344503758579
7126,45,2.4788207179563,-0.495541025081038
7127,24,0.585808467481521,1.32051686932601
7128,45,0.868329909931702,-0.421210717880479
7129,31,3.38705470136571,0.268370104147492
7130,6,1.23040872731438,-1.11522506768838
7131,34,1.86694879339533,0.971073192226814
7132,26,1.07570503907519,-0.383939271627463
7133,44,3.4996191784947,2.3424413759661
7134,22,0.234507450029334,0.623527980248819
7135,9,1.15978084699893,-0.182739994903407
7136,47,2.28500938599726,0.282566872040458
7137,38,0.431193767690289,0.00270070248554725
7138,26,1.82395736931555,0.793082576783303
7139,20,0.772259575563855,0.468109069053591
7140,36,3.33315211695601,0.0568099487515821
7141,19,1.75685645142727,-0.498403776487792
7142,43,0.382588714249628,-0.44051367326434
7143,21,0.691269273860024,0.975095635226877
7144,5,1.39910394621555,-1.82922306432448
7145,35,2.59406486042259,-0.922388103741564
7146,20,0.468628630896681,0.954773883916483
7147,30,1.22423024414157,-0.565744751261495
7148,35,2.73290394077108,-0.70070671536088
7149,30,2.06033351263936,-0.315454015418705
7150,22,2.38738243456471,-0.506765440990301
7151,13,2.00173227273522,-0.343689903561508
7152,43,0.605581249982168,0.772180439002336
7153,47,1.71071796254681,-1.46348424451629
7154,40,1.37448164945342,1.12933086434864
7155,39,1.91493456908866,0.804753849951562
7156,2,0.8023711669729,0.302910003635469
7157,36,1.65430350478558,-2.16273336831145
7158,32,1.23301283806411,-0.283915391254045
7159,4,1.44020468679178,0.589401459199456
7160,15,1.00289059337474,0.190661751567933
7161,10,0.939517740679164,-0.0600757500524164
7162,11,1.87812534845158,-1.25513497903163
7163,10,1.35560698075121,0.121194343429833
7164,27,3.48730740552526,0.414173455428045
7165,29,2.36058920198805,0.151827657112268
7166,22,9.64313719045736,-1.3392578095782
7167,8,2.68128953801635,-1.69371735168811
7168,36,0.64644677307214,-0.562459727878088
7169,38,2.17640594838812,-2.22703311046813
7170,37,1.64991106636659,-0.346402154896118
7171,15,2.47979080171688,-0.44073883760465
7172,35,2.19827620643794,-1.78895284417297
7173,42,1.96184172581451,-1.90415653627826
7174,29,1.25754691917343,-0.146823453198346
7175,42,1.51085008473128,0.057709705346631
7176,2,1.05253336973165,0.184642962001262
7177,22,2.91259019138992,1.38268409412503
7178,23,2.88732727490982,-0.0765287110589952
7179,25,2.83526580456452,-1.38266252984091
7180,32,0.807846785134609,0.22689852678753
7181,32,0.632671035417666,0.406825811015181
7182,9,0.797134720864519,0.305327347146298
7183,24,0.896056000373186,-1.27757408173677
7184,35,0.778328332909009,-1.03965316780782
7185,33,0.976390854194719,0.408559610723862
7186,41,2.06714704259904,-1.65479756405711
7187,15,1.02472653940225,0.397437909807742
7188,22,0.810523417370453,-0.419132072254451
7189,37,1.32866492019537,0.0426039021173647
7190,43,1.3549087217943,-0.511350854416539
7191,45,2.2090340263946,-0.240952579506168
7192,17,2.90050252538637,1.04242999909601
7193,37,1.1518212715386,1.07366141236155
7194,27,0.880811558520044,2.33150280761938
7195,46,3.3209832011272,-0.755616507221275
7196,27,1.03401474050034,0.750947573777919
7197,34,1.34734824103379,0.627583252057655
7198,23,0.746413278578817,0.720597275809189
7199,33,3.70206222094681,0.763088967833942
7200,21,2.12551214834444,-1.79430808730296
7201,41,2.10352588309233,-0.156333641179054
7202,24,0.566254275149008,-0.0388403994126049
7203,4,0.836467178998496,0.479122639100179
7204,4,2.19852750165254,-1.79124458299919
7205,1,1.59497405187138,-1.0773213331778
7206,6,1.40461313172455,-0.912757570931732
7207,14,0.897080062562105,1.32407351938491
7208,30,1.58242631705731,2.31124267666429
7209,44,2.56472002199996,-1.81288898944329
7210,31,1.43457516479095,-0.539641003016998
7211,8,2.33234499253201,-1.87702872576186
7212,39,0.539590996712592,0.901529983182029
7213,16,2.46485554028631,-0.762840519447889
7214,23,1.26625066058557,1.17425887112965
7215,25,0.915382338353742,-0.927747284227827
7216,43,0.77280852427311,0.101777208116741
7217,35,0.579315196044833,-1.22147145815493
7218,22,2.2557284971217,-1.18444527302481
7219,43,1.83878746917718,0.220103822159447
7220,18,1.55379353798086,-0.37052986177211
7221,39,2.54490704640685,0.0733378052616296
7222,45,0.804363274377096,0.264491978496524
7223,15,1.00434724234142,0.95280978479814
7224,50,0.400519072904149,0.141087097474526
7225,28,0.646597689886735,1.27270149831988
7226,32,1.4751120094512,0.584574213681873
7227,7,0.630004459478926,-1.90399168243179
7228,32,0.721248981470392,-0.826805122252443
7229,35,0.275868571657122,1.59477471916294
7230,4,0.47712692105156,-0.687425634931572
7231,30,4.54566794104086,-1.76537571875529
7232,44,1.87058342548053,-0.194056148284479
7233,1,1.20209475357365,0.0708917955897113
7234,4,1.10480564701206,-0.718995574313396
7235,38,2.15751661588988,-1.68103965523196
7236,46,3.70233658897388,1.09505073414337
7237,27,0.553838697122566,0.486308720807604
7238,16,0.743034831744717,-0.12207467686134
7239,35,0.688730345340967,-0.21972768111651
7240,8,2.79227674052399,0.0881505827971544
7241,23,0.693459772765515,-0.120280089063765
7242,8,1.37588154014745,-2.03693844689126
7243,33,1.52782924620238,-1.31194102306829
7244,14,2.80609242727392,1.05133229528621
7245,45,0.824097876870064,0.310766028093056
7246,27,3.31319531954497,-0.770637208683635
7247,4,2.47772586657154,0.0901222630610553
7248,48,1.83919655519933,-0.638485679214117
7249,26,2.26687275240088,-0.0475159801374185
7250,34,2.50991388593495,-1.00139668000392
7251,4,1.45755566295761,0.386170146956644
7252,13,2.31454974363282,-1.24969421252764
7253,42,1.57842575787674,-1.66888058902331
7254,15,2.52796670909402,-0.253114727127038
7255,45,2.40509668004428,-1.00882166104974
7256,11,0.667180158147308,1.37249992418631
7257,44,0.574600764139557,-0.159060445430714
7258,40,1.05590843576015,-0.267411759049064
7259,13,1.53359078660784,0.105508235406518
7260,6,1.01355563534544,-1.27371402323979
7261,48,3.49392360312559,0.404992206622754
7262,32,1.84690561934596,1.61858978125342
7263,7,0.978923725410064,1.91056615588025
7264,29,4.2155962723587,-1.54930943732505
7265,49,1.02854236709306,-1.57489019975012
7266,6,6.41721610082561,0.570540428280654
7267,35,0.895456936208242,0.910727761756686
7268,30,1.88803387604093,-1.61177362847391
7269,10,1.46367869182499,-1.09067066863166
7270,48,1.20649223255724,-0.634701948999558
7271,15,0.719336419195342,0.316869110428284
7272,13,0.483485852504988,1.95127418486015
7273,47,1.2263400492711,-0.533806120371095
7274,31,0.701421854431318,1.13704394055636
7275,22,0.832567045573053,0.0720831655673823
7276,41,0.560713686097158,0.459438954675288
7277,10,0.798285102438755,-2.19707181952511
7278,31,0.916236784610556,1.91903734372196
7279,4,1.69926068032873,0.425400106073139
7280,29,1.12148872237105,1.24358407572269
7281,31,0.977305763951093,-0.411319120903373
7282,29,0.740427410955246,-0.371328439819956
7283,33,1.77349395047037,-1.94814227857985
7284,37,1.56570319214923,0.661045308737022
7285,29,0.554394713610166,0.0784868751176559
7286,46,1.56855569463645,-0.532595185312965
7287,26,1.03313708313104,0.345285778630662
7288,44,1.09663537666908,0.580635275899886
7289,20,2.7952811948155,-0.391684915814647
7290,28,0.512407402910376,-2.23920149622645
7291,29,0.669143110849339,0.508108409415971
7292,8,1.07913128189151,0.201158545186583
7293,26,2.65977396777106,2.7341927120029
7294,4,2.50602329807002,-0.527102481257771
7295,4,2.85250979840981,-0.573632546414615
7296,34,0.726633494082709,1.50830583161146
7297,45,1.8247527618595,-0.804962953681191
7298,29,2.80105847330353,0.347098289396088
7299,2,0.739502521993712,0.2196232242474
7300,40,1.59422324557512,-0.295793448098394
7301,12,3.21195694248135,0.619203781021564
7302,11,1.94424938046304,-1.39380791086263
7303,21,1.70996499662645,-0.249104370961324
7304,23,1.52495993875163,-0.592798849795496
7305,40,0.559835149099593,0.128822368861035
7306,35,2.59182875896973,-0.100754140322875
7307,9,1.71857830553099,0.989068118904733
7308,12,0.866450474294637,0.795285713637754
7309,22,3.54763153848593,-2.19084355639434
7310,11,1.79437217144198,-2.51717380452831
7311,14,1.5570271444376,-1.71429411265415
7312,39,2.5094577706314,-1.3481078833951
7313,6,3.46832177680905,0.345941489866824
7314,10,1.52426646154771,-1.54930825976296
7315,48,1.51503640555039,-0.919846969977477
7316,5,1.80575087442295,-1.21424342133129
7317,13,3.16116743382923,-2.05786792332457
7318,8,0.486508138553054,0.141185986284676
7319,40,0.864665111707172,-1.90481288744895
7320,12,5.31365403543826,-1.01639924906153
7321,26,2.97579583866351,-0.501269009288153
7322,21,0.654926700360479,1.04805236721565
7323,4,0.660697846391714,0.303603038032072
7324,12,1.32233498047952,-0.855261597793413
7325,20,1.93829433747879,0.916003529218935
7326,47,0.618332987396863,1.0385636996629
7327,17,1.07018228147647,1.23142215319783
7328,16,1.21029826037215,0.667897670047611
7329,22,2.83812683291272,-0.822895408314102
7330,34,2.33136093857118,0.234157197229163
7331,48,0.611517389400925,-0.128458915351071
7332,26,1.48022538570389,-0.406776473505788
7333,6,2.23393773651428,-2.34982395930339
7334,38,1.01694652155575,-1.22416916356735
7335,45,0.982293713875046,-0.672221112350028
7336,9,0.781986714664283,-0.160291261392431
7337,15,0.477276935185528,-0.870123654360872
7338,4,7.24597556032815,0.0907141216249123
7339,50,0.264268548548353,0.0348750672599596
7340,12,1.98986189699112,-1.68019275834643
7341,33,3.92071189374795,-0.658674080471457
7342,21,1.0824130948845,0.672908632367235
7343,44,2.20262315595555,-2.60724470923613
7344,20,0.491833492058401,0.710422136119282
7345,49,4.21222924185907,-1.53382079281837
7346,26,1.07228573184474,0.006461617949299
7347,19,1.92236185502919,-1.75154285172102
7348,31,1.60831058085828,-1.72603509536241
7349,27,0.5511854801247,-0.466067833618965
7350,40,1.21965282369672,1.18213104664093
7351,40,1.27761632765176,-1.27057402000389
7352,2,1.75260011747906,-0.182530003509867
7353,45,0.618817806300475,-0.474265245687191
7354,43,1.09920884414969,1.4599234825318
7355,28,0.971960151560678,-0.280388581518145
7356,45,1.42903980038902,0.163996386088114
7357,17,1.6178474252668,-0.40610911769308
7358,23,2.13748354058844,0.691996428290335
7359,6,1.86616911300658,-1.57753167790354
7360,39,1.77549157009994,2.39276569169847
7361,25,1.84928245622855,1.0085677629541
7362,11,1.59336529437682,-1.83672011019805
7363,4,1.2797019859166,0.530871981044019
7364,13,3.05503651090617,-0.807263641555423
7365,24,1.17245770840098,-0.178906977886029
7366,26,2.46154598686725,0.305626727659757
7367,14,0.919067503595922,-2.50943583938423
7368,7,1.07607906332747,0.880028840241296
7369,22,1.11159431901755,0.153906389853238
7370,49,0.397290467247083,0.559215669417345
7371,27,4.59500036240041,-3.48781237261679
7372,18,0.798745622390356,-0.311758610486591
7373,33,3.07460301956188,0.21358361525268
7374,16,0.579175712708684,-0.514671187444914
7375,12,1.20969918466772,-0.0468578291837938
7376,48,1.86124686830283,-0.749659203362248
7377,35,1.2365734563733,-0.816618031332224
7378,41,0.336458143643099,0.0398576020337249
7379,14,2.89489161763002,-2.66314524616384
7380,29,1.56087093267035,-1.0080753929996
7381,30,2.53916809313732,0.264955236619172
7382,33,1.60035542019765,1.65387723814744
7383,28,0.419665785504978,0.608331268875364
7384,33,1.57031512214982,0.698805988381449
7385,40,0.930126188405074,0.773422131243492
7386,4,3.34827472719624,0.331056721510185
7387,33,2.03133553071574,-1.40618059378051
7388,42,1.78814606996788,-0.807016144337347
7389,10,4.51570051222589,-1.54662341238304
7390,47,0.657933149148471,1.74103500012845
7391,15,1.65750798785113,-1.53530490666649
7392,29,1.11030692659617,-0.5855476342305
7393,29,1.16458547383757,0.249162146466671
7394,41,1.00329906598462,-2.2075169453053
7395,28,1.72562464562993,0.0703279221014231
7396,34,0.548871073353483,0.247104807385641
7397,23,2.50699406333879,-0.321162767730771
7398,42,2.51161033355627,-0.581816826970374
7399,1,1.19538643848616,0.339364047452034
7400,6,3.37668553675319,-0.253901294291438
7401,14,1.63324108175569,-0.526733598456265
7402,42,1.15904485711072,1.21663341873112
7403,24,1.06790455049749,0.607848901129701
7404,14,2.60699066745641,-1.36186205576529
7405,49,2.96828618989165,-1.03620033834107
7406,37,1.93348894066728,-2.37431258453206
7407,10,2.12446349796154,-1.38091329208125
7408,18,0.312034089556765,2.12675360871358
7409,21,2.46637211727727,-1.46647259723463
7410,42,0.838513706604034,0.596066647123385
7411,43,1.54425204374043,-1.15709288585432
7412,22,2.19723663657718,-1.27439041442691
7413,33,1.18767832294867,2.09649511792904
7414,40,0.605483899733015,0.735053456686571
7415,45,1.9233002015877,-1.45138875478268
7416,28,2.17127768049638,0.256198096855753
7417,13,1.40008219860952,1.316948943636
7418,33,1.77552634332496,-2.02750940542383
7419,16,5.38699967479188,0.0174990533278899
7420,40,7.28330869623832,-1.63240418008768
7421,31,2.45445439691334,0.36695505700202
7422,16,3.50172059782149,-0.500308681472534
7423,36,1.13932730069225,0.42070143572439
7424,25,1.38581472782165,0.896317529713629
7425,13,0.819738417470407,-0.446674855560664
7426,13,1.15347680824343,-0.315804449857839
7427,30,0.931805380051017,-0.425259377176518
7428,16,2.69077509256111,-1.38935912322008
7429,8,1.19681490738272,-2.07047103450051
7430,49,2.85761641802912,0.0381267557386136
7431,7,0.793862671919735,-0.497220533411318
7432,10,1.03473701736436,-0.415035883159835
7433,16,0.662568175924956,2.44878347232189
7434,32,3.63213023741108,-0.210874094538869
7435,31,2.54982866374313,-1.81483203429253
7436,19,1.68441298989166,-1.59885940353751
7437,46,3.82715973995264,-0.132445910752118
7438,44,1.39272610881789,-1.7556734101602
7439,41,0.358675827056125,1.88250441000212
7440,12,1.54566346412227,-0.0982526481025807
7441,27,3.32329044773666,0.0223702197234988
7442,4,4.66847246205856,-0.205626626797585
7443,10,0.994704883775676,-0.390807507029105
7444,50,4.22248699172003,-2.133753600303
7445,46,3.1162310936705,-1.05262201036841
7446,1,0.853182741648606,-1.23342044705951
7447,4,0.614223231493853,0.441046401699173
7448,15,1.95968197243874,-0.770613450061812
7449,12,1.23034835101695,-0.772823626930503
7450,4,0.20125794675254,2.62006589019901
7451,29,0.772056402124455,-0.0819617319831884
7452,50,0.78778672920008,0.0768457936036275
7453,24,1.78056981071679,-0.232178639994597
7454,25,1.75297112145642,-2.02180925750866
7455,13,1.56940540552016,-0.223558744906319
7456,36,1.47736355816491,-1.92577029339064
7457,6,0.760355113545734,-0.243783593631499
7458,21,1.94969472142166,-0.265278986804148
7459,44,0.806817841006161,0.657433317784265
7460,48,1.373324588588,-0.995627517849577
7461,19,4.57425356352534,-1.82301791106471
7462,28,1.17012563595837,0.178766778036447
7463,31,1.34987457290029,1.35381229309708
7464,41,1.83732085232945,0.126386618802441
7465,14,0.673852496678301,-1.51356730354123
7466,13,2.56730669958449,-0.751869097388684
7467,1,1.18949468759411,0.630684403553922
7468,40,2.79618691317001,-0.988194211929178
7469,17,1.50211714454931,-0.558151480072249
7470,13,1.23476608144484,1.32383700029863
7471,21,0.457482695266239,1.05171597238459
7472,14,0.73015090429883,-0.827080324945218
7473,11,0.624492468798555,-1.26893046080302
7474,5,2.19539076366343,-1.35326452569432
7475,15,0.832882953861741,0.119592758719284
7476,44,2.71971910770562,1.89673912743975
7477,16,0.880874738812758,-0.376083174510892
7478,34,1.07083645803813,-1.30454140193349
7479,39,0.548326078496559,-0.428926634917136
7480,28,1.16862978448227,2.01201584075285
7481,42,0.849400672856637,1.60475730165597
7482,46,1.65571555749132,-0.0351339551872134
7483,12,1.26756741268547,-1.03759318492759
7484,32,1.18774513520375,0.400870886472372
7485,6,1.65139543748132,-0.717840799237401
7486,3,3.60180622269788,0.0416085882480249
7487,12,1.09182919779883,-0.0396345822848351
7488,3,2.50048016412896,1.00195059892403
7489,1,1.90568617411458,0.0595914770479846
7490,26,1.94693217770746,-0.363073209114501
7491,40,0.718194372166914,0.0539754078865097
7492,32,0.859738965913723,3.00793661016398
7493,41,1.69460498451873,0.648147396379877
7494,40,1.80580796031273,0.134151373305528
7495,23,1.35145945644158,-1.1229999634065
7496,19,1.72817872987478,1.34041258173313
7497,6,2.20571515295762,-0.514013551191085
7498,30,0.936935552133646,-0.509820337694862
7499,42,0.796436381345208,-1.07837164159316
7500,16,0.929719298590887,-0.0352949382281755
7501,49,3.60863302186901,-1.29780725011439
7502,44,0.54666318270133,-0.437819716805121
7503,10,0.986074676095473,0.0264712650040147
7504,14,0.340269001469788,-0.876571422964535
7505,21,0.547771372304239,-0.790166131963254
7506,44,1.04487029589728,-0.168469526339135
7507,47,5.03437095896691,-0.946658518410446
7508,41,1.60918303065724,1.3794650554956
7509,11,1.72078475241702,-0.801843949938891
7510,15,3.04265392978402,-1.2812457230247
7511,16,2.54666978746684,-1.43646351039758
7512,39,1.56235478594164,-0.867326731543113
7513,28,1.09878633434122,0.305263074375708
7514,44,2.48207816242589,-0.704004772976922
7515,36,1.24952887726922,-0.027364968426868
7516,14,2.51063374547549,-1.2589662764836
7517,12,0.831876666446986,-0.494269364167048
7518,48,1.34364604533773,-0.575617346016633
7519,22,0.762559305890726,1.58893835515386
7520,16,2.920398819987,-0.583373804731153
7521,39,1.43049177489603,1.26544274948967
7522,20,1.29881275863342,0.27382781455953
7523,41,0.914873520193578,-0.37924719721756
7524,3,1.31888974557931,-0.360438866811233
7525,3,1.04487271320079,-0.0920199301375382
7526,40,1.24659635067525,-0.385408203791461
7527,33,2.51803035551491,-0.242092280586251
7528,17,2.27332844635663,0.772154498795487
7529,31,1.13884764772147,0.566365241267477
7530,12,0.660701442969822,1.76382224989232
7531,7,2.34240835415346,0.400870988117385
7532,9,1.84350205348945,0.102260545608034
7533,32,2.2555543274106,-1.97487267439555
7534,45,1.77093465057284,-0.866282226399262
7535,49,0.720056556290627,-2.21470152961498
7536,1,1.30526845827797,0.722507463244957
7537,27,1.35487130502476,-0.44530178478499
7538,36,0.727333524554247,0.838241746197881
7539,20,1.25639039658345,0.108769103483401
7540,1,1.61932800092998,0.637814267773495
7541,15,0.880384193956307,-1.22640116506734
7542,13,0.637614535279904,1.43436778931713
7543,4,0.618287265500933,0.747183052463629
7544,29,1.30731484527146,0.78146492786932
7545,23,1.54514252776483,-1.1018076222908
7546,28,0.48313247013993,0.577872747714198
7547,32,0.969864526279961,0.752946756489909
7548,26,1.40045509949718,-1.54041201868706
7549,16,0.954245367279802,-0.918327883892641
7550,9,1.42107608716018,-1.91010607923396
7551,30,0.575096776448988,-1.1315411403831
7552,21,0.418628902114424,0.441316401840245
7553,39,2.03629731286473,0.655177882512453
7554,40,1.52619747706576,0.77226849413088
7555,47,1.40780690343775,-1.93553936350907
7556,31,2.00891246959242,-1.78502054736549
7557,44,3.12177165417625,-2.0170485804695
7558,10,1.3475939492516,0.0320471604570928
7559,5,0.901079306749056,-0.0199509383307675
7560,5,1.19637589562547,-0.660000462685119
7561,40,2.96352995095062,-0.947756585101323
7562,28,0.643138395028079,-0.18762022009134
7563,19,1.60155099629834,0.0967809849285712
7564,2,0.777084470193517,2.51438745995317
7565,32,0.383306589321889,0.0290287141528389
7566,36,1.05351001860802,0.364391517475702
7567,11,0.741090211217054,1.26934282319431
7568,2,0.451506729153696,-0.393862594395794
7569,2,1.20578235588321,-1.00728288376167
7570,36,1.93035622692672,0.641980004209249
7571,40,2.9295207862623,1.524597225222
7572,4,1.30042523346973,-1.03335255851437
7573,4,1.02690980589729,0.228866306642449
7574,43,1.81354860176466,-2.40970994221663
7575,4,0.956163844717394,-0.804844314360131
7576,42,1.50806851972285,0.530983771995892
7577,33,2.68816891681701,1.13879262491798
7578,40,2.56574709722259,0.842786987053389
7579,17,1.44435002087945,-0.416175233495953
7580,29,0.931721817061922,1.70930232730599
7581,5,0.374788093628008,-0.924123118545331
7582,7,1.54001720061129,-0.757352633784061
7583,47,0.55955663766286,0.330878468267098
7584,38,1.21190941779153,-0.430717326944548
7585,37,2.32354483721047,-0.232330613011702
7586,34,1.23666784815615,0.316076160816886
7587,11,3.43391121276062,-2.08254743893476
7588,15,1.62582626921332,0.150066919607047
7589,50,0.981776636501897,0.364768822619266
7590,26,0.827063914000436,-2.04243398904058
7591,10,3.6162622012514,1.34213032191571
7592,50,1.66225972635519,0.160838683320554
7593,27,0.826112350083168,-0.238204302752026
7594,33,1.59500075126796,-0.660715348724646
7595,50,1.53799376708826,-0.938862094224416
7596,26,2.46542274722105,-0.283616598045696
7597,1,0.552707598847504,-1.35345740324345
7598,34,1.78461397536743,0.238157435436527
7599,27,1.60493090872639,-1.4712716261036
7600,39,2.16173797040712,-1.84930873254362
7601,13,2.49016154842429,-0.466199928450103
7602,14,1.09750220923758,-0.0995332615564132
7603,50,1.13982490512351,0.326626713137992
7604,50,3.84287453454073,-1.0409371405173
7605,34,1.20264532228289,0.188825568830252
7606,23,2.14435781078266,-0.594285271285281
7607,50,2.79853315033577,-0.22798084847511
7608,2,1.01203235702664,1.83536393513468
7609,37,1.05880169867813,0.155249478333774
7610,48,5.0668412748899,-0.620746143417538
7611,14,0.476961532170335,-0.498378122327051
7612,1,0.608658749987305,1.95064325326786
7613,50,0.941814751530108,0.37983210624931
7614,10,0.996741478150406,-1.19069684453964
7615,34,2.36889738129182,-1.14796933306248
7616,17,1.33062219531099,0.50654481797283
7617,25,1.7486362434517,0.239631966764406
7618,8,0.740407103792831,1.382727686385
7619,28,0.814791474467402,-0.338861680786277
7620,39,2.98711984979703,-3.1296939133356
7621,5,1.01579452164564,-0.304958684341818
7622,21,1.19915674615087,0.292345184546482
7623,24,3.21299946742282,-0.780633106261315
7624,12,3.01059262344257,1.73969517373508
7625,18,2.40799617164032,0.212782725338751
7626,27,0.837847958166008,-0.117344028270948
7627,32,1.04783802142798,-0.920962060386145
7628,4,1.1047222598173,-1.08412601638603
7629,43,0.693485548139487,1.08507579592805
7630,31,2.3416671870187,-1.73435254811677
7631,48,1.4404323230622,-3.22984638695433
7632,10,1.66450159286251,-1.92285280025433
7633,6,1.43842944006922,-0.108145397649454
7634,13,1.46290695449487,-0.795215137973886
7635,24,1.00919032396528,1.4496618300472
7636,12,1.46115178194534,0.0158187539441935
7637,8,2.34383239888436,-1.42977393789012
7638,30,1.32580738548298,-0.493760512305809
7639,18,0.745671116070944,3.16063283258862
7640,37,3.98617106632223,-1.06952772405227
7641,40,1.17900233587992,1.06047430101792
7642,18,0.685006930811018,-0.202239186977943
7643,4,0.376855358147949,0.954963380275399
7644,1,0.882452662529337,-0.574215392335594
7645,32,1.27532236308843,1.63274196070062
7646,6,1.64401566032958,0.807826476232103
7647,4,2.63370848565639,-1.66592248711988
7648,28,1.10339014423091,-1.52708577101722
7649,10,1.80117294025875,1.81767631143607
7650,37,1.55013685971367,-1.69942830067595
7651,4,1.58383446811603,-2.10318871458199
7652,30,1.44952368427148,0.605656063036924
7653,36,0.714188845785754,0.64140206216909
7654,33,1.44624666955914,0.118475460504161
7655,31,0.448071711047088,1.07731300929928
7656,22,1.66546431828611,-0.821544843693122
7657,22,1.13243322972401,-0.207183292378033
7658,14,1.57099823238677,-2.16009082545334
7659,21,3.78603071736864,-0.615298296730729
7660,22,2.26204668812131,-1.01460794919518
7661,34,1.0431171020572,-0.173080754638718
7662,4,2.63846503552701,0.301137390405842
7663,44,1.24963181474946,-2.20340949459585
7664,43,0.616437031768667,-1.21646071757166
7665,36,1.58303410556553,-0.541779031878646
7666,42,1.25817699267086,1.06363794091376
7667,23,2.30109681356236,0.81893356873185
7668,12,1.58342955173539,-0.875912092340948
7669,7,1.47315240231082,-0.118727278384041
7670,37,1.79962694998925,-0.0571122982608485
7671,38,1.10169794868517,-1.65441129534127
7672,49,1.41237783636064,-0.578631613622598
7673,49,2.7152074054686,-1.29655637522266
7674,20,1.93527866304292,-1.07607887032272
7675,49,0.409749528468874,-1.26963269597468
7676,1,1.35506698779772,-0.655579673673896
7677,12,0.867055194081294,0.0229634618956898
7678,48,0.962903694392921,0.901581835785499
7679,8,2.61587518223229,0.810423038707516
7680,34,3.64983459724773,-3.08983013907333
7681,49,1.54700653880218,-0.249605267820646
7682,23,0.943019402498918,-0.274760360397917
7683,6,3.28042012645072,-1.33354353351995
7684,28,2.49323040619822,-0.556191755222892
7685,26,1.36559373131574,1.11688736231557
7686,50,0.663898417759341,-0.474649213862246
7687,48,0.614314804019229,0.743918763022515
7688,7,0.396753267387836,1.34695377655621
7689,4,3.29449115220435,-0.826989016418612
7690,43,0.823479090321657,-0.298095178579591
7691,36,4.26614300400108,-0.52263661149346
7692,28,1.5752488541332,-0.272866034737989
7693,20,1.59079199525106,1.17385764827567
7694,23,0.554930618506746,0.448941346237483
7695,30,4.27520445038878,-1.66926784432674
7696,34,1.18837879079993,1.3856487216587
7697,21,0.296037917282183,-0.068068768211097
7698,34,4.76777548512414,-1.71056341799803
7699,5,2.0548722102081,-0.88390762164395
7700,17,0.741168486102866,-0.0840882915827655
7701,4,1.4888739094148,1.32131297471338
7702,19,2.88675031856587,-0.137644963263414
7703,24,0.370516621283355,0.246074391160421
7704,12,1.30746909023249,0.666005658770271
7705,38,1.72396666750511,0.153158466195909
7706,45,2.13041226876611,-0.380088753541758
7707,16,0.982190854852702,0.129691004437021
7708,18,0.711623306951906,-1.30650925426059
7709,4,3.82271223493386,-2.58586119794037
7710,32,1.22057113163259,0.682241567662496
7711,38,0.978723325394072,-0.648035196194124
7712,40,0.722133793646187,-0.0843166275817841
7713,24,2.5999226236824,0.613179597082695
7714,48,2.41671402853743,0.625452985118714
7715,14,0.529272789335575,-0.549002452128631
7716,7,2.49115443230083,-0.0223156795831358
7717,7,1.14764579436077,-0.135051812503297
7718,12,1.30240626662237,0.445329334482677
7719,4,1.58250797098024,0.322353350570616
7720,26,1.54100112461933,1.62945941558151
7721,35,2.23481347898519,0.545387533913214
7722,31,1.3317878667132,-0.417883367482096
7723,45,1.08590773537459,0.351201772766285
7724,6,0.390893364686287,0.221494571743361
7725,39,1.93896885880751,1.54582435153551
7726,23,0.904102198849779,-1.89914366341609
7727,8,1.71743942722563,-0.723088609631735
7728,29,0.627419067107281,-0.263881230262219
7729,41,2.44147257449555,-0.239048653616708
7730,48,1.66551449332384,-2.42594776327868
7731,18,0.788039617719121,-0.191391933767317
7732,34,0.751877835372702,-1.65614305782857
7733,49,0.848588653174042,1.33336008642708
7734,36,0.577536360126253,1.29941278261642
7735,31,3.05991603503316,0.33559349951074
7736,36,0.972027420706696,2.08568853709237
7737,8,1.22352116422873,0.181691199720245
7738,19,0.441800719620238,0.761338079535975
7739,27,0.896560922387682,0.479115561183673
7740,38,4.00909325644283,-1.27747639210472
7741,32,1.08496066866417,-0.0607455961534596
7742,42,0.289039756846003,1.44364370620498
7743,5,1.31214930713787,-0.559339313549092
7744,18,1.0265129114237,3.27355390670594
7745,45,0.597406342481675,1.53798274147183
7746,27,2.90390617634414,-1.19628654656897
7747,44,1.17498973028086,-1.19164134881921
7748,38,0.710108086135327,-1.93618640345053
7749,47,1.07805877657762,-1.36841289943109
7750,15,1.54024061570894,-0.360807502423168
7751,23,1.07393698459735,-1.91849033245477
7752,31,1.1418387336776,-1.15117946507087
7753,33,3.10466747721108,0.270219178017158
7754,50,1.2984699937356,1.53127864066389
7755,21,1.17082276768048,-0.76818760948777
7756,36,1.48683052734812,0.0291303304015837
7757,41,0.832383209133487,0.196981290323792
7758,29,0.899855865723416,-1.19932215392548
7759,43,0.919787924604388,-2.33750862706498
7760,41,1.24699059358812,-1.23470037297091
7761,6,2.35592277945825,0.0661788943111501
7762,2,5.1450134753365,-1.0632650913734
7763,9,2.79761870323819,0.133738242496431
7764,26,2.2007368717659,0.268684653380941
7765,30,0.852272268865319,0.509359416899812
7766,35,0.5637003805155,0.360329846787873
7767,7,0.903642713175905,-0.406517495962819
7768,3,0.82824878261556,-1.52008392293057
7769,33,0.891755551151648,-0.482622923064072
7770,10,0.257166846788232,1.18401226200204
7771,11,1.26169347035482,0.03991058886763
7772,36,5.49426587227192,-0.566715282538215
7773,9,3.89642331496863,-2.37027627059679
7774,39,1.74620946540707,0.900944919480426
7775,46,1.69760167490665,-1.45988785269347
7776,46,0.805499822135185,-1.04966236591599
7777,38,3.74491106014822,-2.53652768165203
7778,1,3.10942646702023,-1.18754926475477
7779,20,1.21142920075266,-0.465422164965809
7780,32,1.14813933380569,-0.940582242473307
7781,19,0.613523676953764,-0.094616177000762
7782,25,0.929860419895395,-0.68171136708749
7783,43,0.899191000374881,-1.32494910167746
7784,14,1.11322247695544,-2.34467402169646
7785,2,1.21768242101622,-2.06901359688049
7786,44,1.84237979554409,-2.10414819477943
7787,38,1.02971445290794,0.81059671993843
7788,49,3.34137710289244,0.154383669653847
7789,22,2.31383787141982,0.099491785107374
7790,26,2.35427833553653,0.0656568806317985
7791,28,0.806068993660143,0.662273641673872
7792,28,2.30670671562711,-1.37536401968377
7793,24,2.50418838311952,-1.20540019182262
7794,13,1.89463535035851,0.102456754790563
7795,26,3.13346578346749,-1.86143113857719
7796,41,0.393221525757007,0.890551802627502
7797,21,5.32413085476992,-1.66529296921185
7798,43,1.10836154353201,-0.336107939609665
7799,36,2.09694428305692,1.95659997931183
7800,26,0.633013177933665,0.807187352202483
7801,43,2.19580282884951,-0.976605335256081
7802,16,2.87932163245975,0.263018613246145
7803,8,0.935625410517054,-0.0168191900215935
7804,40,3.26555934573038,-1.60328521131551
7805,9,1.36809133289117,0.918817771595681
7806,45,2.53511202632279,-0.548154405896314
7807,46,1.12952669754267,-0.111371700634987
7808,41,0.846682783970422,-1.43419194438148
7809,21,2.1317331499516,0.565968258957315
7810,48,0.750815188255813,-0.318677410389533
7811,41,2.86598064326377,-0.419359169428893
7812,42,2.34161484128175,-0.978417735407042
7813,3,7.7937721123667,-1.57617167398764
7814,30,0.616925540510068,1.12089506036824
7815,28,0.667610431217309,0.688268057935107
7816,15,0.914381798817672,-2.52616773831261
7817,21,2.1722160664811,0.719192447727977
7818,22,0.700872556826954,0.286586715369881
7819,33,0.827929360306252,1.80333216907076
7820,19,0.597897354485771,1.11566059293132
7821,21,1.06546915803432,2.23413368258592
7822,49,1.62215625854188,1.16850615561869
7823,47,0.996653807932668,0.135197505320484
7824,22,0.913598035620012,0.644229735696331
7825,36,0.747955596738715,-0.634599631176976
7826,3,2.24666687299674,1.1688542818508
7827,30,0.806276181582109,-0.295370258897896
7828,11,0.928941675539221,0.394431407027817
7829,14,1.2698110011928,-2.43996516554353
7830,18,1.6447183645811,0.94258274201379
7831,31,5.1268520111636,-0.365678972479216
7832,15,0.856219780155089,1.20039756645291
7833,15,1.68698786478542,0.0415550463744901
7834,17,2.53498531856168,0.852254322116782
7835,35,0.80292754952946,0.374872217679073
7836,19,1.24514174683621,1.93479717433954
7837,4,0.859672030056093,0.783807698459423
7838,25,1.15429415288529,-0.473602139548986
7839,32,1.54966349139674,0.802773099448575
7840,22,2.19857522559576,0.257681022542688
7841,48,1.82839998880972,-0.234076594051438
7842,34,1.24914338799774,-0.550185313291171
7843,18,0.339303447468,-0.16656263248138
7844,21,0.513118540174081,1.02730588930831
7845,45,2.0890954095376,-0.144262780742546
7846,6,1.09383369126558,0.395892381881186
7847,6,0.548115533781749,-1.39577306753156
7848,24,1.14129712035614,0.29507646396309
7849,20,1.052102709965,0.573303857735048
7850,7,1.29398154447568,1.12444812366187
7851,5,1.95924900259519,-0.01432944388658
7852,6,3.91098911611941,-0.707901152550119
7853,42,2.15547564617138,-1.84739113933035
7854,7,0.296465342276552,0.47342892572344
7855,10,0.653461740226186,-1.21076791570326
7856,23,1.78097711010027,-0.735581461095166
7857,13,1.85170358920671,-1.41804161323452
7858,33,2.14139555873663,1.51558944660403
7859,4,0.592260462394586,-0.0186331917810526
7860,40,3.88291146863646,-2.4140275126295
7861,47,0.81930021581223,-0.704492582712134
7862,32,1.82463555014431,0.260736980198091
7863,38,0.990843989896165,-0.269614077085784
7864,5,0.208193815128057,2.58992652169468
7865,11,0.860370094875114,-0.236365859233977
7866,29,0.862013321810981,1.64098123826912
7867,14,0.6594763490411,-0.0601657093398826
7868,16,3.37529729001629,-1.11876225946652
7869,21,0.841039689351162,0.78089438051003
7870,26,2.44651121466646,1.28693278707518
7871,26,2.84519323947757,0.482532974899297
7872,40,0.684574989509059,-1.68786110039839
7873,5,1.97610305105751,-1.52621797374325
7874,28,0.633163955653455,0.713539212685576
7875,12,0.432632745884627,0.039783572991871
7876,37,2.43147318217058,0.346668534039371
7877,42,1.75842995835896,-0.460595333013121
7878,32,1.56816033361686,1.84032769606984
7879,47,2.72527751766709,0.6659664668003
7880,20,0.820864662663559,0.954062778971469
7881,19,0.888814313205139,-2.55667420664148
7882,50,1.92123051056399,1.20110792109167
7883,32,0.654789078720798,0.407325498678606
7884,21,2.82598336127614,-0.365942503106822
7885,50,2.08069497789242,-0.265844055026819
7886,45,1.98625556365936,-0.462997889541729
7887,14,1.17594077075057,0.0981209640244566
7888,19,2.26363873123579,-1.87088872512636
7889,17,1.34412473057638,0.356776605590978
7890,18,1.23423231539415,-0.153884544507067
7891,35,2.09231121892516,-1.13963222798701
7892,26,0.385672473087832,3.09690745898889
7893,42,0.745960125405655,-0.817805404431466
7894,1,1.6268912950443,-0.5835820404137
7895,31,1.44436489607458,-1.91511457217958
7896,26,0.851546155752699,0.155651461292396
7897,31,1.37262102104129,-0.210307079426119
7898,12,1.15092303397738,-1.20598394501669
7899,50,2.33690834188644,-1.20996701901768
7900,14,1.09339024871271,-3.66428622669327
7901,23,3.35425871410019,0.345178520799306
7902,30,0.740287359862068,1.39233521436473
7903,33,1.19629972586557,0.388817702871499
7904,26,1.6141623749847,-0.660456465620662
7905,35,1.55379445005943,-0.472945389707927
7906,37,1.41883107812995,-0.718744795074482
7907,21,4.67639354686689,-0.0101661402578635
7908,33,1.19890266079723,-0.497923977223013
7909,12,3.37946626776564,0.151506490276674
7910,20,3.91670085920242,0.621087441984082
7911,4,0.525808530165231,0.524504840135911
7912,48,3.18740300049436,1.20579255781684
7913,12,1.59403591977951,-1.35803146805593
7914,16,2.88324493923902,-1.05749199548876
7915,36,2.17956411310194,-1.07194115667738
7916,36,2.50026569994266,0.507515166406137
7917,36,2.94306777651024,0.620723799082624
7918,14,2.96008243200015,-0.482822996735087
7919,34,2.01405598819657,-1.29401369563809
7920,36,1.57106781742598,-1.43045804094055
7921,9,0.752120460978372,-0.362852490254024
7922,18,0.625320422102691,0.242320304168467
7923,41,0.919520664857124,0.603796980324988
7924,6,8.63081823825296,-1.30176306915972
7925,47,1.4318507440395,-1.18567847905813
7926,14,0.963353133260461,0.81506680003006
7927,14,1.85977614222838,-1.72727074929988
7928,45,1.57015214472782,-0.381079674018779
7929,19,1.15498813633989,0.174894293244061
7930,14,1.21024744306705,-1.80743123321225
7931,47,0.807273019107723,-1.12586995217358
7932,5,0.997446967782192,2.14108308029504
7933,44,0.458174730088082,0.320483912454399
7934,37,2.5031519645141,0.4854500983049
7935,35,2.00141877116954,0.296734285171943
7936,19,1.94188672529009,-2.20447729830154
7937,20,2.03641383531219,0.0620786424862708
7938,42,0.626524683958328,0.512928757503838
7939,3,0.632346888710459,-0.187229759757609
7940,9,0.850455099221374,-0.32275289305921
7941,19,2.27135968360183,-0.915043806481588
7942,29,1.94805909656217,-0.53771809881589
7943,29,1.04980999424918,-0.175821707742289
7944,49,1.36927638169721,-0.411675214028653
7945,25,1.64145179421355,-0.0547212927311684
7946,48,1.27042871174228,-1.50244550244709
7947,42,1.44985112069947,1.77482497911023
7948,13,0.580552538546617,1.45291776487088
7949,28,0.928498818559571,-0.202513478472235
7950,33,1.83142668665622,0.1463786253085
7951,45,0.736048736515954,0.759303189298883
7952,1,2.5915530213942,-1.38181657395959
7953,19,0.894545453502756,-0.919423158612931
7954,32,1.58718362918399,-0.251476450847674
7955,31,0.304593329193839,-2.04258825279684
7956,29,2.34123608424348,-0.769010032342773
7957,21,1.58619952297656,1.10975425964136
7958,9,2.56287950852826,0.539668201348211
7959,41,4.64124118301932,1.75213968789825
7960,5,0.866303001479536,-0.16339972337575
7961,34,1.19204905809828,0.899854248366069
7962,37,1.33545452714974,0.921888309463557
7963,21,1.09361476536458,-0.890795514747363
7964,40,1.13114966415606,0.446762338055141
7965,13,1.54379363838927,-0.30912210383129
7966,25,2.96177081914625,-1.60341076019825
7967,1,7.94043186227935,-1.27357492001567
7968,38,3.13285095725188,0.560003040218473
7969,27,1.49923035929307,0.59334544699165
7970,42,0.461165078166562,0.0787388363232898
7971,38,0.819403783145289,-0.883096494350718
7972,15,3.1795137241341,-2.08465557642982
7973,44,0.724929241673705,0.680701012757894
7974,13,1.30266309006117,-0.594152648917424
7975,9,1.88590279502948,2.08422379540278
7976,14,1.06087392880337,-1.16604815803536
7977,7,1.14195659104264,2.38631051613041
7978,22,1.99684140741575,-0.979389805816479
7979,15,0.658522904576196,-1.31282198623407
7980,42,0.904203548223784,0.707186763344262
7981,35,3.49817813081385,-0.887100334239541
7982,45,6.38790350341384,-1.18148641774722
7983,29,0.715667538677564,-0.651508287112055
7984,39,0.952597689687641,0.61155149828565
7985,15,1.01177925589118,-1.38207027660301
7986,16,0.899174403547571,0.924302485028362
7987,17,3.04147848306338,-1.14143678949985
7988,22,4.13707933337516,-0.640038559569846
7989,48,2.04631542099369,-2.54449859061956
7990,10,1.49060656089309,0.0140094587459361
7991,34,0.578948011425763,0.230891229546139
7992,36,1.59779808783937,-0.267947953166018
7993,10,1.52955756961482,-1.24081094565601
7994,31,0.950108664149818,0.165999896699093
7995,48,0.446659433861143,-0.960477472561249
7996,6,4.03067229172744,-0.798242786996832
7997,30,1.41129395445979,-0.594892504787739
7998,44,0.968563745071866,-1.15039180690822
7999,26,0.865183413792273,0.84570549873426
8000,6,1.48699771692648,-0.289623065950403
8001,16,0.762336651023463,0.536948554375411
8002,5,1.33032381752749,0.137533924697335
8003,11,0.634883392822609,-0.386548771244042
8004,34,0.449831044610233,0.879500195916683
8005,18,0.929083803278145,-1.65403415130659
8006,3,2.51587560401638,-0.216778524248097
8007,45,1.06592352758216,-0.58917321924352
8008,25,1.06306650004008,-0.508311421619175
8009,44,1.4034995562728,-0.38338926874293
8010,29,1.10442894657268,0.873050012397814
8011,2,4.01633101828529,-1.53103868656879
8012,27,0.210349681857558,2.06293687700299
8013,19,0.520324823365247,1.33246135980092
8014,19,1.91135866632466,-1.67526386842081
8015,9,2.08132393871759,-1.4762086803052
8016,28,0.592960875531606,-0.601818943429018
8017,35,1.53674335822473,-0.295956516523395
8018,32,0.645559512465111,-1.34896025403393
8019,7,0.988173069067863,0.195556264887803
8020,3,0.651814108753705,-0.381674314482339
8021,46,2.14466143901813,0.325239202944226
8022,40,1.40949961828796,0.0203378080169631
8023,17,1.31985552132743,-0.523341496601869
8024,26,1.84663931532485,-0.256406279314614
8025,43,1.23465650966117,-0.812846857750598
8026,36,3.30557211121821,-1.36435860645536
8027,29,1.69512765067058,-0.275651943567725
8028,18,1.80461221995197,0.751431790820789
8029,42,2.18739170105196,-0.226786736089718
8030,47,1.49591418780577,0.332601902630817
8031,43,1.28311490336889,-1.25684488510632
8032,38,1.16841641886991,0.101804539853573
8033,48,1.2539957568277,-1.40327624438691
8034,24,0.786448202267503,-0.575653454183706
8035,12,0.891772730149452,-0.18962051998523
8036,19,0.958233375365305,-1.13066579021829
8037,8,3.05054464305823,0.07383287314153
8038,25,1.40455885004703,-2.15248464622977
8039,29,0.512582288311639,-1.33208093982114
8040,45,1.34738981294109,-2.03225915392004
8041,26,3.06444102010297,0.215596192262548
8042,49,4.41230870089164,0.0348321676922407
8043,4,3.40067172154514,0.457948801210088
8044,19,1.77186876024683,-1.32777175130295
8045,24,2.83057372216061,0.403052494195905
8046,21,0.852485885491954,-0.148012136462546
8047,12,2.13467024896117,-1.83858695116931
8048,3,1.32029480570851,1.28550536630217
8049,21,0.697563296864269,1.3008344877898
8050,42,8.04214109070329,-3.12591489986305
8051,30,1.25517191400947,0.424584985716009
8052,39,1.82181943487177,0.311776691761965
8053,11,1.19794275792055,-0.301920965441524
8054,38,2.89330513065738,-0.0183644951996256
8055,6,0.686285325669657,-1.18148790118498
8056,30,2.14073736515111,0.468206036767231
8057,50,0.766012047164768,0.411024282244845
8058,9,2.63666253918383,-2.25320132498923
8059,23,4.132235946029,-0.195069378871075
8060,14,0.943222686129437,0.345467376952388
8061,32,1.41790374512312,0.728625589607173
8062,9,1.72170507700977,0.350232855731316
8063,26,3.11158430863972,1.24541542080762
8064,2,1.75655077495388,0.915517995224264
8065,41,1.86859123756461,0.297487310183453
8066,7,0.727389839295908,1.05047024881054
8067,17,0.678781057458758,0.293942588356801
8068,46,1.92410394698094,-0.0457992152427789
8069,8,5.153122984895,0.785588931225728
8070,37,0.67901040119728,-2.03766083077563
8071,32,1.81853271892086,-0.119256663817043
8072,32,3.10770857198771,-0.738590905442348
8073,36,0.647683738857182,0.643798139938116
8074,4,1.33894395019513,-0.825185605397829
8075,35,0.724796969370907,0.242152240776947
8076,18,0.797261121081486,-0.907545191252995
8077,33,0.661241368736796,0.848430359687525
8078,48,1.41028729447728,-0.0893493471530746
8079,25,1.31244431565126,-0.228826617884093
8080,3,1.12928762652333,-0.117666384355748
8081,33,2.52699002214857,-1.33546479990847
8082,28,0.925340900026313,-0.718858168507116
8083,16,0.705578011947737,2.46751316300194
8084,25,1.32897041022826,-2.08373580024636
8085,18,1.06864576634307,-0.555430057761143
8086,1,1.04197357754437,0.774668265306527
8087,45,1.10934200725446,-0.644932992390117
8088,30,0.97129500678047,0.995551059522292
8089,8,1.20213964644765,-0.906941654944415
8090,43,1.18066700481816,-0.384333427380637
8091,19,0.515066071249448,-0.352891147029741
8092,24,1.72159321949147,-0.656203994622796
8093,23,1.61900013616277,-1.12629397668
8094,38,0.575810032425969,-0.673179504921347
8095,23,0.98571436078377,-1.16453279048113
8096,41,3.9128183287232,-2.09351849483349
8097,32,0.644664277404524,-0.254361152822958
8098,31,3.36351461636667,-1.48087408364209
8099,45,1.634846013979,-0.0630525118589573
8100,6,1.66741987260917,-1.515128233671
8101,26,1.51884263206934,1.73864916004726
8102,8,1.60143537508783,0.148055629534953
8103,9,1.43232308127387,-0.108468157512721
8104,18,1.37377548213473,-0.521445184698579
8105,3,1.83817227109244,0.128811808995885
8106,18,3.45210197137554,-0.933451541431211
8107,38,1.6644078370276,-2.12461727043331
8108,4,1.31632892616556,-0.523973965423901
8109,28,1.20704895632918,-0.430706733454578
8110,10,1.09533320051535,-0.252354504072091
8111,7,1.46124901440069,-1.30022063716657
8112,19,2.09968359533842,-2.23240137943256
8113,50,0.96742404078768,1.48454148350188
8114,1,0.918340189085639,0.0629764016937376
8115,4,3.56253868530611,-1.98980714595582
8116,32,1.12167535424945,1.14325856680168
8117,35,0.837792122289339,0.913646232331367
8118,34,1.69590928649827,-1.36282968748662
8119,20,1.92137479977095,-0.180315793000889
8120,31,1.44332461107172,1.50868567859401
8121,32,0.469420600416996,1.23921197738251
8122,10,1.02262136873913,-1.3869704566088
8123,10,0.837890650382571,2.69412187191642
8124,26,1.35417957041283,1.47328774969641
8125,21,2.41665168837742,1.4154619205916
8126,15,1.02966453497858,0.805526725055757
8127,29,0.682241069899567,1.73378191179622
8128,44,2.65215671744589,-2.0980328292885
8129,13,1.13745487546487,-1.2252717021597
8130,46,1.5485028712226,1.20984812271532
8131,4,3.9440962532096,0.0637361714901452
8132,13,1.95110459039374,-0.255944820763238
8133,6,1.20024037057693,-1.91216469261723
8134,2,1.82045094756266,-0.308377635718408
8135,24,1.0422850206092,0.860652881650111
8136,45,1.52325622750163,-0.700658071966191
8137,16,0.245057235229906,-0.784780017549794
8138,45,1.80938452485088,0.145673778684822
8139,46,1.40461813273469,0.769865621452763
8140,33,0.31681645494521,-0.0463197375858487
8141,21,1.28165041122224,2.4099989758741
8142,18,1.80703013551541,-0.543186285673658
8143,16,1.55200346181967,-0.0129839130343895
8144,4,0.786854395360251,0.219266107198123
8145,6,1.79434484739569,-2.58764760265884
8146,14,1.03248957297224,-0.712338704344163
8147,12,1.31491218881134,0.65712261315106
8148,13,0.501415711666249,1.24099905930997
8149,9,2.15567034040091,-0.226305636940173
8150,30,1.76046284938935,0.631065278512281
8151,3,3.87815270185661,-0.803022837867785
8152,24,0.668345262098554,-0.740117846858904
8153,32,2.03078240839651,0.773203177666195
8154,11,0.672203507852849,-1.33464317537843
8155,17,0.776046654158438,-0.0716945445042015
8156,36,0.989221760616115,-1.73741846816296
8157,13,1.58335156036048,-1.647381786938
8158,43,1.08783739609065,0.387671231110992
8159,23,1.26457749773671,0.489129001671623
8160,2,0.942699735177752,0.0203880449633814
8161,31,1.48931684069006,-0.71820420558312
8162,28,1.09309581721612,0.730720770371778
8163,32,1.53988533674726,0.502125537941069
8164,5,1.51852099070657,-2.83486778428071
8165,7,1.09964355941736,0.165787577814236
8166,41,1.6506230674651,-0.0125723673595902
8167,43,1.22952996489979,-0.522036737744943
8168,27,1.8965799094813,-1.15891332700062
8169,36,0.320814526028167,-0.0754517761447271
8170,19,0.318789255514057,0.066290615859889
8171,16,0.258732998998114,0.500397234148196
8172,38,1.2841290874581,-1.01379965225086
8173,31,1.61009640853163,-0.371043789089396
8174,32,2.43659935171465,-2.02276327225876
8175,38,0.784338568518837,0.729293538956261
8176,29,1.04007511720693,-0.460767274883654
8177,44,1.58682928606648,0.272596710384191
8178,11,1.17870817144938,-2.28357530469734
8179,48,3.80272842899479,-1.74020570118528
8180,15,0.250245895670174,2.13935240588072
8181,33,1.02497360617223,-0.997603865446849
8182,49,1.65407253593424,-0.574266342950704
8183,4,0.261769467837016,1.14374111545544
8184,3,2.33486283640085,-1.66242338440536
8185,15,0.914292859149299,0.228626076373688
8186,43,2.60214838439283,0.578491761658628
8187,19,1.92511235547006,-0.23406051408872
8188,44,5.18834453516033,-2.90116960007755
8189,9,1.06475147395615,-1.05234776819886
8190,35,0.770047461094705,0.28874930538969
8191,33,4.73003518669047,-0.997473619939546
8192,33,1.69199953893141,0.117905379304512
8193,28,0.797220893166608,-2.05490882803734
8194,16,2.43311566699163,-1.11941348000059
8195,43,2.45120522745018,-3.73718245744054
8196,13,2.05569443783756,-1.57436587427101
8197,39,1.01241554913828,-1.52478778369123
8198,15,2.10512222613503,-2.5009768555907
8199,15,0.585436490120291,-1.01492991746979
8200,46,1.69905662487125,0.41943145318983
8201,50,1.83094110751506,-2.55738795070447
8202,2,1.54411858554677,1.04142961040232
8203,46,1.45430146443165,-1.04153217803728
8204,14,1.70813120495129,-2.7516085986719
8205,20,1.19545695134977,-1.81255287504897
8206,24,1.10657530839742,0.648636878203043
8207,9,1.70457775733467,-1.30765927439418
8208,21,1.71464648021526,0.0893220489880296
8209,39,2.05024722557226,-0.867804322627761
8210,28,0.491322533130138,0.75800402838448
8211,25,1.93294078487033,-1.31128775393211
8212,30,1.65266101896192,-0.782756253524212
8213,47,1.63157296752879,0.249901958582465
8214,25,3.12842373033215,0.0418085150454114
8215,27,0.826634382967346,-0.139177707390969
8216,10,0.786552231480296,-0.0573437256639283
8217,4,2.55661915058386,-0.387750571236916
8218,7,3.09562403141649,0.527075773333423
8219,14,1.87102717626346,-0.405854927520863
8220,5,1.03226427203544,-0.707772526292379
8221,43,1.46806078135948,-0.567712135623464
8222,1,1.64125037861472,2.20013402535067
8223,7,1.18520843197087,1.62884189680051
8224,18,1.34197035876658,-0.227028571153213
8225,36,1.58770706920533,-1.50380277151439
8226,16,2.8645198587992,2.07303434701495
8227,43,1.26765639770413,1.99115372216195
8228,8,0.935660639085742,-0.798231438357381
8229,21,1.96718492649925,0.110297582596103
8230,5,1.71661812052335,-0.739063370318496
8231,23,5.36466983172823,0.0377202107023707
8232,35,0.897040192424862,1.07847149080625
8233,30,0.899418542321922,0.579826850895288
8234,3,0.830294010931376,1.17177226995343
8235,50,1.06382530314817,-0.258859909458557
8236,46,1.54440809330768,-0.442355680148954
8237,30,2.59232325023702,-0.365636537258039
8238,36,1.38650500871471,1.67637610396535
8239,31,0.652348369498889,0.803598338040898
8240,45,1.95184729066369,-1.61858813463634
8241,28,0.621882813915401,1.80202654011683
8242,10,0.978000544265637,-0.758220557843667
8243,48,2.365179386644,-1.38610653013914
8244,46,0.820586360312827,0.884269253543611
8245,24,1.6783097749747,1.25212713096221
8246,18,0.702508149515942,1.57134467302054
8247,5,1.06062733190259,1.04360080023656
8248,40,1.03361299078884,0.827353637756472
8249,29,0.801485723167637,-0.652152846599726
8250,50,0.321584119866961,0.390556807631478
8251,43,1.82905716426021,-1.13532692814601
8252,14,1.18560795477839,-1.00069752357166
8253,4,4.08378500898289,-2.07361402614493
8254,9,3.84119766512766,-1.22343783023275
8255,31,0.822070076458067,0.10964971972032
8256,27,1.16673209161046,-0.0580311348766498
8257,21,2.69481725932056,-1.35838566087415
8258,36,1.95102121586366,-0.329793407069402
8259,33,3.57012796045994,0.854663177764929
8260,47,1.24363942930781,-1.1870404232159
8261,45,2.00635435857831,-1.30300011756013
8262,32,1.33475081260886,1.00063457795366
8263,31,2.89534794174729,0.947650028308248
8264,11,1.10512612769827,-1.58676225917754
8265,14,1.21082429657209,-1.81278669679225
8266,24,1.23762173678461,0.539034019235471
8267,13,4.22304393061945,-1.52897928195575
8268,32,1.65963868188335,-0.570115332194462
8269,46,1.45721018675633,0.346451874368135
8270,38,4.42844721627705,-0.496713099323207
8271,50,2.06487164136531,-0.489186025114869
8272,4,1.89497685682003,-0.516665149810539
8273,41,3.75197093980926,1.12421764148701
8274,17,1.26334099553313,0.634180775805343
8275,11,1.081700923589,-0.895547189340582
8276,18,5.68481017279911,-0.193473694693001
8277,46,1.18214288747815,1.08864621596754
8278,38,1.94540748275851,-0.829007019584506
8279,36,1.39926069154148,-0.166290287496487
8280,42,1.37637673600164,1.58584374289571
8281,25,1.81754616093802,1.49101203458101
8282,17,1.06407488807549,1.36526251889384
8283,11,0.968547814991917,-2.91398260200159
8284,27,2.81924897374537,-1.01426116688555
8285,4,0.688760908327077,-0.0668520038962139
8286,1,1.02530900435319,0.64753231537339
8287,41,0.795160226001734,0.290743062972651
8288,1,0.888161834031929,-0.471870481318946
8289,44,3.25836746463459,-0.891482574869682
8290,41,0.966317275956607,-1.26792147611027
8291,26,0.663294730367826,0.790596417665972
8292,35,0.899683709762405,-0.0109083781533112
8293,43,0.624827551005661,-0.276552583172448
8294,45,0.937424443243545,0.848371334547403
8295,8,1.86947099321213,-1.00066775741655
8296,4,1.01163256986591,0.532193571033045
8297,11,2.26130190960623,0.472025039179832
8298,29,1.2563476984517,1.70109387044571
8299,43,0.616335092018223,0.116916369522711
8300,38,2.62885366406175,-1.55278526052845
8301,36,1.50287854913752,1.88651509463015
8302,3,0.578381312252559,-1.63893448903747
8303,49,0.721110388122288,1.15052080997614
8304,40,0.647078886636003,-0.0798098939298353
8305,44,0.429255951782045,-2.38087081804117
8306,37,2.45278988656747,-2.29759868203316
8307,26,0.473971061213416,-1.38051151066406
8308,36,1.8648794086439,-0.321372731789601
8309,35,1.329957660462,-0.552464771587191
8310,35,0.578285955790538,0.023086271960337
8311,45,1.28914767804067,-0.566681631706505
8312,42,1.07580418832815,0.943087024112641
8313,4,1.50775911243992,-1.39069657827181
8314,31,2.15135587575438,-1.01965369377026
8315,3,1.97699678725728,1.32515298787682
8316,4,0.813540573294734,-0.72840036336333
8317,24,1.51898668222149,0.448345736353913
8318,44,1.66537882619924,1.15048251291848
8319,46,1.28035803522003,-0.757701600742366
8320,37,1.2981078440752,1.25235116707623
8321,18,2.13545080169036,0.608530257081205
8322,8,1.45941690154048,0.915647728095202
8323,37,1.35695117790992,-0.361344686876033
8324,36,0.984184682071607,0.076670866036364
8325,41,1.5045650653864,0.830449194561768
8326,32,0.873557892410464,0.828093404299108
8327,32,2.09157110625566,-0.759351627181063
8328,24,1.13256927478143,1.79353518833764
8329,21,2.03311121553149,0.571516186911629
8330,46,0.634273278681843,-1.27206196619166
8331,47,0.415852838948425,1.89657717736705
8332,42,1.53845958616613,1.21952355454244
8333,38,1.37542024650298,0.246363797535991
8334,25,1.70487002745709,0.0420375150566571
8335,27,0.714821038625824,1.74699027118599
8336,5,2.77030691964607,-1.26342224708349
8337,20,1.22641654791791,0.525010661883694
8338,49,0.379030399091719,1.44665737768995
8339,19,0.762365650016041,-0.442365010648242
8340,6,0.973473189939415,0.0172890588070865
8341,3,2.19162815281412,-2.17341696373552
8342,11,0.750140079201849,-1.81369416284326
8343,40,3.24262164839576,0.0502754936204404
8344,38,2.22146832593771,1.39044090338242
8345,10,2.15482340124918,-1.77871811508703
8346,19,0.347301706137111,-0.144546763135425
8347,32,0.91990128818524,1.04846673143458
8348,15,0.738313125715472,0.538487705648084
8349,28,4.19567705467723,-0.0917191555975427
8350,20,1.00248191581074,1.70297209089942
8351,45,0.664064218202234,-0.430229153000716
8352,48,1.13472146786861,-0.11002934992153
8353,50,4.43603897080981,-0.482714612003887
8354,17,0.647749565472644,-0.858769657211659
8355,32,3.35039654866734,1.02674089437826
8356,41,1.19657014305849,-0.937877708661962
8357,23,3.19831630567479,-0.0476801187617033
8358,37,3.13032263235676,-1.04059872765669
8359,31,1.39290343222788,0.00234010955690222
8360,37,1.23620908880973,-0.695800956509238
8361,36,3.49505629317695,-1.99526029632331
8362,27,3.34911885562194,-1.13367880399982
8363,31,2.6093999093437,-0.0419649909606011
8364,42,0.945179717278447,-0.582654049575362
8365,24,1.92347723377403,-0.324026262878559
8366,14,1.15559274755334,-0.0122957050029582
8367,35,0.407540982539756,1.47605657956572
8368,49,1.12588746776357,-0.311861148368743
8369,16,2.27736994072289,0.0258382969873646
8370,9,0.377011759182498,0.864822925793979
8371,9,1.35591258062983,0.197874022501282
8372,3,1.15610094797905,-1.37199240070582
8373,30,0.466089614784355,-0.49387050770047
8374,50,0.548519549351979,0.709580939055579
8375,21,1.70880390085331,-0.0150420561308048
8376,5,2.13595311645111,-0.0742485337997242
8377,24,0.850616900858474,1.80465167441074
8378,35,0.996239954881937,0.658481175790643
8379,46,1.23035462806187,-0.296174801378441
8380,11,0.954433337488399,-0.641738461559448
8381,12,1.09248455035087,-0.435321825978857
8382,7,3.35156115163537,0.819339145831439
8383,8,1.23072002308968,-2.06618023193167
8384,49,1.43695527451023,0.203945468765521
8385,6,0.983582181103133,-0.810787145003674
8386,30,3.28953817686726,-0.0269303655098819
8387,50,0.308988540603077,0.0579507947687219
8388,38,2.35208574594074,-0.682541114823181
8389,6,2.64454803165096,-2.25421698405487
8390,28,1.3841392472104,0.175130292196022
8391,31,1.72692028304126,-1.43125735869733
8392,9,1.29879518757349,0.114627009045415
8393,26,1.1227966660027,-0.236937060992528
8394,50,1.45667466227147,-1.54271009516195
8395,39,2.37671007217449,-0.0176267473490347
8396,34,1.19474346470222,-0.765276353458735
8397,25,1.54011076844035,-0.908220093085259
8398,13,1.08555700716673,-1.17779002734555
8399,50,1.03431825705529,0.186815522489058
8400,8,0.789576636280719,-0.850353821532057
8401,23,6.73610071803553,-1.53750281713431
8402,15,0.499132122990563,-1.43003334428121
8403,32,1.25987888873765,-0.0403509322812416
8404,4,1.17706062981384,-0.674729863408282
8405,48,1.32109299228495,0.203098931637574
8406,23,3.02181107313212,0.484552311385128
8407,41,1.89911792920206,-1.117596711681
8408,24,3.54854760407711,-0.392748348717955
8409,23,1.48797878025164,-0.35272890026822
8410,41,1.48102768347424,1.17291355216174
8411,27,3.19174105421645,-0.0524081900930283
8412,6,3.33965444434816,-1.88303287947153
8413,27,1.5041372058632,-2.04478300621195
8414,8,0.351813002785449,-0.23869989221117
8415,19,0.679204035314775,-1.6543201170821
8416,18,2.27425928700012,-0.177632810015815
8417,28,3.88484387966493,-0.757531861387707
8418,13,0.818984624861764,-0.862990703659491
8419,27,0.833907883676448,-0.341449041078585
8420,40,0.949633447575844,0.932711625926346
8421,37,1.90130424326886,-1.34161014743529
8422,20,2.07543664825647,2.36792687718412
8423,3,2.52564614211027,-2.25223714988731
8424,20,1.2504513110663,1.80384023684761
8425,21,1.12912662100361,1.36945321160111
8426,39,0.340709057409779,-0.672754421174255
8427,16,2.59944025853063,-0.242739193301916
8428,34,1.88415641788907,-1.49490693926202
8429,8,0.808873910821497,0.00797378450066566
8430,50,0.610823518719189,-1.31364098117028
8431,2,1.17326279544371,-0.628295803086929
8432,29,1.20630475573396,-0.426495740983468
8433,29,0.704830267904065,-0.999155025892498
8434,18,0.79708367730791,-0.0886600347275349
8435,32,0.467845491201288,0.455068775198933
8436,2,0.831636320098852,1.36074030523371
8437,48,1.15595096749159,-0.677570454653174
8438,29,2.19158810069184,-0.164610297585989
8439,22,1.39547175552216,-0.230553058745332
8440,48,1.54756820741386,-1.80499716537589
8441,4,0.501640428141266,0.246143982039207
8442,40,0.952565677888481,-0.573985465134364
8443,43,2.65031667623614,-0.676061425307116
8444,4,2.09725604575383,-1.87218409048087
8445,14,1.84322198687867,-1.13839459119713
8446,20,1.58980352515911,-0.219160419266567
8447,40,2.16703840303175,1.40522115979278
8448,10,2.94495460266557,0.885022018204224
8449,16,2.38378727051872,-0.459828589436602
8450,2,2.19560652125412,2.15805160250174
8451,14,0.487367660267962,2.35134124584929
8452,36,1.00748614335067,-1.37185589117359
8453,31,1.25725084106697,-0.552624330550868
8454,15,0.675414686901916,0.230691362703817
8455,8,1.02767208924434,0.976586349057694
8456,22,1.16681839583616,0.363388735551001
8457,13,0.938734579643259,-0.0301183615122565
8458,42,0.675440428465987,0.857454851992845
8459,21,2.61775137768471,1.314309380108
8460,2,1.24892541185525,2.19115107831297
8461,48,0.912441389622977,0.0413204561620075
8462,6,0.9734439358766,-1.62956429333483
8463,8,0.454563523119774,-0.607085280619394
8464,14,2.6008473107046,-0.282091650494486
8465,6,1.05587345068921,0.938036032819269
8466,28,1.4546920574224,-0.645396994344035
8467,18,0.894124604722635,0.669490930463527
8468,29,1.59232895175581,1.27990121832273
8469,30,3.08233653298892,-1.48038559861798
8470,39,0.608032730547625,-0.914529264823964
8471,38,0.985264506186975,-0.333953468037387
8472,18,1.96269686280012,-0.390854722016937
8473,48,2.13118004127004,-1.46223355364977
8474,49,1.13887132110167,0.0141928138166186
8475,16,1.58753542473419,-1.04744142250338
8476,21,0.571991321835369,0.571055527489371
8477,17,3.19199209575245,-1.34283234255935
8478,39,2.57680875534415,0.126966988498403
8479,19,1.35333781385247,-0.788552344511772
8480,28,1.04145926801553,0.517941665382437
8481,25,0.897494363243306,-0.836267444921128
8482,1,0.57000050539061,0.0719918954292739
8483,17,0.750864906830503,-1.9968359634888
8484,20,0.384958958669435,-0.262771709962171
8485,29,1.19159163671361,-0.884780235457842
8486,22,3.01586972563704,-1.39758485642663
8487,1,1.52259201202977,-1.49070646400217
8488,20,1.28474625739284,1.01768704102382
8489,30,2.8472809737906,0.784144285855264
8490,2,1.48642754304416,-0.36215916555037
8491,30,1.9223536769997,0.0506731288782019
8492,18,0.530590533756434,1.27235946767973
8493,5,2.21456477693701,-0.134982311954242
8494,3,1.77379806328303,1.89396611899682
8495,15,0.941871316241518,-1.2770155507414
8496,12,1.60155534357345,-1.17727097248382
8497,1,1.5962359680009,0.118537323553323
8498,37,2.59642569712978,-0.716657273053489
8499,44,2.69911477575977,-2.71475119899552
8500,6,1.3079954508189,0.547681860509724
8501,46,0.440146928437829,-0.446251723377951
8502,6,2.3357267487026,-1.6157254482998
8503,46,1.14913479530085,0.0107234057945507
8504,11,1.03518666026931,-1.77906462438463
8505,2,1.34452717691564,-1.02959820096624
8506,22,1.1697831367834,-0.534078350329901
8507,1,4.6658564720469,-0.623116669898254
8508,34,1.32857186187919,0.679262945810486
8509,21,1.54163941589607,-0.41839498646736
8510,24,6.38933800873165,1.63599819027225
8511,9,1.43930851294802,0.946182511043135
8512,13,0.741020612631354,-0.660448485601497
8513,27,2.85081349578558,-0.463374929086646
8514,13,0.875532747145537,1.18073408822803
8515,46,0.760433779657172,-0.249343223379347
8516,49,1.34141223653704,1.47639162356953
8517,14,3.2391906843541,0.118448195532293
8518,11,1.01948073089359,-0.0876497817533438
8519,50,1.42207399880495,1.7909989892831
8520,4,6.17744206392273,-1.15398973076784
8521,39,3.42920685795194,-0.466170578891545
8522,33,0.956294742049119,1.86820337145993
8523,23,2.90470715351627,-0.553891468548984
8524,40,1.15387994155402,-0.729659992290615
8525,47,0.884470903108491,-0.216987001669494
8526,45,0.363907341616044,-1.97490298130043
8527,13,0.600350475628361,0.137825257978639
8528,31,2.47905442841756,-0.741518108662419
8529,15,1.47271090648383,1.56192054758096
8530,33,2.69062769434918,-0.596106586995317
8531,35,1.2158447197627,1.04494185180976
8532,7,5.04899267260407,-2.27099035959679
8533,50,3.22500604430329,0.384010555357129
8534,45,1.60605805345995,-0.51703407485988
8535,2,0.704502750749427,-0.0109537609646176
8536,27,1.74066520231473,-1.16408132514225
8537,43,2.04346898997978,0.432714124575005
8538,40,0.516321889118433,0.607330807066586
8539,10,1.5532129164304,-0.0538938211976051
8540,14,2.03131049389807,-1.02302065166301
8541,9,1.2296529440125,-0.533975447348717
8542,40,2.23769730935753,-1.54599005103606
8543,18,1.60278876009055,-1.93638484226813
8544,44,1.49636522868616,-0.58028486565182
8545,17,1.78501109314532,0.131657225814934
8546,50,0.78407971923205,1.07548524638659
8547,23,0.769427624741251,-1.27468286609755
8548,30,2.90521568714549,-1.08544335047789
8549,45,0.550242137914211,0.33612981073326
8550,13,0.691733603110981,-0.864201531273363
8551,16,3.83017983960694,0.0181672272209304
8552,39,2.70083602977204,-1.61248314514042
8553,50,1.83181361291804,1.69015976751114
8554,31,1.45035321475435,-0.149732288158921
8555,50,2.46705045830922,0.447063669900234
8556,26,1.54373837327479,-0.0734527163781886
8557,14,0.6053294307582,-0.964147792516439
8558,1,1.13796164035703,-0.636584251524017
8559,20,0.906626458625317,0.477934728569208
8560,40,0.702630073679909,0.0880090069347713
8561,32,0.978416233356523,0.77097399009845
8562,38,1.28884812506346,-1.15485274338579
8563,43,1.41848586126403,-0.417531060447142
8564,24,2.91776978026237,-1.59836030813636
8565,36,2.81955004915529,-0.552471732853006
8566,12,1.41440824179524,-0.0234581715189369
8567,50,1.53118714602943,0.261613635784576
8568,12,1.77495806573194,0.160514831758361
8569,37,0.770868356823683,0.534467924543486
8570,17,0.900340665428071,0.755270002143619
8571,36,0.777171590092348,0.641924050899289
8572,19,3.17390063123168,-0.610611335468067
8573,39,0.480919557862867,-0.152094797691448
8574,39,1.78961647017982,-0.538079182276723
8575,3,1.26986580266871,-0.708961063570216
8576,50,2.58569528837386,0.458248893770226
8577,37,0.737736365055685,-1.85496538253902
8578,38,1.34643544294901,0.672590933090788
8579,9,3.54942519210363,0.380678700831159
8580,46,0.717417696321944,-0.190472320958296
8581,49,0.61588587697287,0.462017084325809
8582,14,0.395072897588125,-0.112419469767731
8583,1,2.43230295280589,-0.588028652349657
8584,47,1.25384172209263,-1.136569474051
8585,22,3.64608256463535,0.586411449803089
8586,22,2.67035472480197,1.5081724574113
8587,43,1.92540228840862,-1.14803017768444
8588,12,2.4712576976114,-0.612996450017237
8589,36,2.22042620324292,0.765748406814225
8590,4,1.21675955484951,-0.98625806398138
8591,4,1.34552540815641,-1.5215403172145
8592,17,1.79021674551194,0.0852761131269112
8593,32,1.79518392157179,1.00219001386621
8594,1,3.23749949505949,-1.43404742139436
8595,7,4.25844248571874,0.0299769119474259
8596,26,1.47520639156294,0.050877184150347
8597,36,2.17044620207679,-2.18668354024131
8598,27,0.628521725398707,-1.49017117113905
8599,42,2.08454632148003,-0.51936499684239
8600,44,1.99948694661045,-0.951158601677453
8601,30,0.508825871056738,0.332692876283054
8602,6,1.93718437018734,-2.31658455432189
8603,35,1.84996137014683,-0.541552355159984
8604,23,1.08297982364304,-0.59575232767237
8605,25,0.492851344905453,0.904070279820452
8606,16,1.6587035721455,-0.00738633504439185
8607,25,1.11248841779588,-1.43260299174056
8608,1,1.18862705513096,-1.1980166026143
8609,19,1.18041030921674,-2.87790646365645
8610,30,1.87314614542742,-0.239287501632538
8611,5,1.98539264044751,-2.99474415720292
8612,22,1.01039385631522,0.145015199912473
8613,43,1.51119547387286,-1.93100430956796
8614,8,1.37241235635203,-0.566866034556719
8615,43,0.645549406677617,0.394180163098034
8616,6,0.520586757842546,-0.401420731512691
8617,2,1.73579302711528,-1.84961401643294
8618,41,1.52242124387472,-1.37106056245707
8619,14,0.750118648543667,-1.45803662828954
8620,27,0.43949417238978,0.165259431246195
8621,21,0.611762015606537,0.207611984419932
8622,2,2.75256033087765,-2.22066438722116
8623,49,1.81105972720767,0.200433469523841
8624,42,1.58126452109997,-0.441522139540965
8625,12,0.860508084949947,0.93511128310128
8626,2,0.444197570495923,0.769586472283645
8627,39,1.61300718959823,1.09518442496066
8628,23,0.352292549536508,-0.391601892066462
8629,4,0.759519580288632,-0.982369535247269
8630,25,1.98899998932878,0.162257573967138
8631,31,1.16576714002599,1.19485342992707
8632,15,1.25862258887954,-0.348769054499166
8633,1,1.27978587197461,0.0422103528826415
8634,6,0.389951933420423,0.423166604373272
8635,44,0.652387785904295,-2.14833795915506
8636,14,1.90264315100263,0.405724995028608
8637,5,1.40059971068391,0.472726060754995
8638,1,1.84139755407389,-0.467608758806615
8639,33,1.36882273239962,1.79724757890742
8640,3,1.34690395303759,1.00387858042832
8641,9,0.523440190896851,-1.13289207026161
8642,11,0.910226443563288,-1.14068583495406
8643,14,2.2622987451076,0.152551467796673
8644,29,3.70571800430201,-2.60630772518618
8645,46,0.76340293890905,-1.51601161278114
8646,47,2.74640205832568,-1.03943625229995
8647,49,1.71312891970044,0.0765151929787113
8648,27,1.58163291613894,0.232754405100784
8649,28,3.46309056486741,-0.445717861966605
8650,3,2.13226962215776,-0.0617993262083213
8651,4,1.20431723926129,-1.7228049354212
8652,6,3.9741202349555,-3.01608675665847
8653,39,0.676886531699644,-1.27470010522283
8654,49,1.13104031141623,-0.278098209246326
8655,37,1.00324037562055,-1.38136008325605
8656,17,3.17530237587089,-0.771541003821974
8657,28,1.72298308699561,0.0196022572066992
8658,13,2.30584216771031,-1.36592603063401
8659,42,0.543704378301221,2.33067602269196
8660,38,0.97535187063608,-0.773931223250169
8661,11,1.93741350649267,-0.166836454174875
8662,1,1.6240587306226,0.515963906569647
8663,50,1.88047877492885,-1.00491196880067
8664,42,1.50375337579836,0.244494583142781
8665,23,3.32885655036842,0.235284499189616
8666,15,0.845093259272141,-2.48356861390413
8667,13,1.07663930761018,0.369060023515883
8668,40,1.02595638922523,-1.31539831359336
8669,43,3.31102003960331,-2.10805421584965
8670,21,1.3542701587949,1.53076423030297
8671,14,1.08533943589834,-1.53806238615102
8672,21,3.3955729678429,-2.02607063040928
8673,20,2.81640624074345,0.691246619400797
8674,30,1.68996320190079,-0.64661819023427
8675,8,1.28004442192615,-1.45329302273355
8676,15,0.812451974446955,-1.18424972980719
8677,28,3.7417027049381,-0.618038394735708
8678,46,1.75328394596787,1.27815615816542
8679,15,1.07347115595799,1.08617694639083
8680,16,1.55962418504658,0.210797799217752
8681,24,1.38220628313253,1.78599695365199
8682,6,2.10156784758616,-0.54736636281014
8683,32,1.3053287559345,1.09938807741941
8684,27,0.908040547700934,-0.77545707830344
8685,21,0.847583847524064,-0.196585830382586
8686,23,0.793430142484487,-0.278297460665999
8687,15,2.78983657758773,-1.04271822200975
8688,45,2.10354968227872,-0.0672667565597972
8689,16,4.81868503228413,-0.487039863198196
8690,11,1.74471655491011,0.0463202867414073
8691,25,1.06046270551507,0.392144129977039
8692,46,0.830597867053596,1.51622195356418
8693,44,0.773940776082175,0.427099289531169
8694,5,2.79469400222143,-2.05828504076639
8695,36,2.09450911633757,0.547006483621627
8696,23,1.57027277887144,-0.476544941638426
8697,26,1.32739960365116,-1.00475134864137
8698,40,0.922518803354046,0.507807588591152
8699,24,0.672121202628814,-1.32792264313638
8700,28,1.593572884152,-2.40977872291726
8701,44,2.14503780121233,-1.41790438651089
8702,18,3.86436772451624,1.6610102805627
8703,39,1.1994799660078,0.0936608125734157
8704,20,4.77470816768371,-0.323641055680832
8705,11,1.00610974537228,-1.07866292612719
8706,40,0.377618740974265,0.594728169756645
8707,34,1.02640513871674,-2.648204706286
8708,11,2.2476902902773,-1.35598372508682
8709,9,0.784670490791808,0.304966923393231
8710,12,0.948009113397722,-0.323616607397104
8711,7,0.692683080320732,0.126462362499883
8712,10,4.77640899770782,-0.731165814779962
8713,28,2.21083515863605,-1.41233742030255
8714,40,1.70593698079567,0.540809468513684
8715,34,0.711856203724345,0.110769803343835
8716,14,0.467438359211538,0.638260860917786
8717,35,0.870720165391367,-0.358482770028711
8718,25,1.17457490921924,-1.22514849390682
8719,26,1.12084276192257,1.2890524810064
8720,4,1.27746057638559,-2.26343734997484
8721,39,1.48973884180168,0.372079824979218
8722,37,0.830548643675167,2.41437119923354
8723,17,0.837280556834827,-0.60582578269147
8724,37,1.91093325354187,-0.719143391955221
8725,49,1.34397491473642,0.570984079231734
8726,48,0.822344312869286,0.48378188294124
8727,45,1.09815792699715,-1.42613124749438
8728,34,1.30992656207632,0.814978917663142
8729,39,0.725329982637175,0.206806084907694
8730,37,1.18153579400225,-0.276694617993443
8731,10,1.28806556563039,-0.693226296394642
8732,6,2.23805966024412,-1.9730285665652
8733,34,0.599025514506758,1.48363052342981
8734,18,1.0762198451459,0.956550143985883
8735,50,1.95074540677299,0.0116361905465814
8736,15,0.982092797088673,-1.31153562486951
8737,30,0.661585785350977,-0.848216051343435
8738,40,1.2188336872719,-2.17928856020657
8739,15,1.01236317014152,-0.421051185804957
8740,2,0.921284839385672,-0.409755878496462
8741,27,1.53672656504483,-1.1761170669903
8742,27,1.55455685263802,-0.946964831402516
8743,26,0.550549109695178,0.202782823098819
8744,37,0.972710295127205,1.30671435918626
8745,5,0.776274294094307,0.383481570357355
8746,34,1.65133464215352,-1.36725831949086
8747,34,1.57697327499742,-0.203011319397069
8748,27,1.58858986072112,1.37021501259427
8749,8,2.92758076545445,-1.55262123534732
8750,20,0.836271680880353,0.832644041628443
8751,49,4.56884316038864,-0.128426866338115
8752,4,0.679261910236346,0.902304702897178
8753,37,2.37057721660154,-1.59611777142324
8754,3,0.468433854335039,0.166495318839599
8755,29,1.75189339133419,0.383173892862359
8756,1,3.2341150797892,0.224153081629403
8757,10,3.92731150437802,-0.556251402722217
8758,37,1.17257086040867,1.66343350772816
8759,50,2.70637844037149,0.140622295587147
8760,33,2.86793720564382,-2.10805675527789
8761,41,0.447216093247311,-0.363065555096913
8762,27,0.459148993640544,2.43273961016909
8763,16,0.748054143708824,0.657608882850721
8764,4,1.6982682644269,-1.12834985322545
8765,1,1.18666655672718,0.281734435843986
8766,43,0.534496316439002,-1.67079079134731
8767,1,0.902686240452707,1.06042927781668
8768,39,1.04812616328244,-0.956616071649477
8769,16,1.54417928758306,0.352673593472808
8770,12,2.7140865481177,0.270430096886345
8771,22,4.05188882649102,0.251980195544394
8772,26,1.88101671729691,0.511548636228625
8773,5,0.423912674140357,0.272314010418594
8774,39,0.502283716418275,1.84361852259005
8775,31,1.11417602345328,-1.56236217228313
8776,44,1.85951834626336,1.12289489659949
8777,20,2.66729665287647,-1.44832506576544
8778,27,2.53217415821809,-2.00528862534617
8779,49,1.76017918117434,-1.26356323376408
8780,18,0.384304022131886,-0.186725227416436
8781,44,0.782908225627388,-1.7119761848006
8782,14,0.507371276350497,-2.02382638142166
8783,43,0.806008595436259,0.790073576430864
8784,50,2.92063214429363,2.24574266002792
8785,23,0.663143153677445,0.090870556077736
8786,42,2.95974300324129,-2.07386357501544
8787,41,3.173321119095,0.834797947455357
8788,2,1.14126051798956,-1.01093887186262
8789,25,0.972316417485779,0.861636518513401
8790,50,1.64606662902039,0.352065705625513
8791,43,0.86137723251897,-0.217873164340525
8792,49,4.52825833357482,0.508647535829954
8793,15,3.59994747376108,-0.605608475521723
8794,48,0.92540258916631,-0.404507169513933
8795,33,2.26858646834673,0.177762930945888
8796,26,1.7757084283309,1.34182476500935
8797,29,2.23643661741804,-0.93580339234894
8798,29,1.41152502153997,0.845972443987428
8799,46,0.365878880823069,0.385790180053596
8800,23,1.61748465465641,-1.30912750686198
8801,43,4.06160430054958,-1.33319064302636
8802,50,1.25548214401636,1.27311756761982
8803,21,1.34891357624667,-1.40949555237458
8804,25,1.43028984385063,-1.24241182115802
8805,3,0.813177158942754,-0.98431029951118
8806,20,1.66104359814971,-0.22480614876127
8807,10,1.65822236648228,0.329237890646538
8808,29,2.52231852009872,-2.03532888117024
8809,22,1.38405988196167,-0.45025790530983
8810,2,2.87436779944039,-2.02552462257312
8811,32,0.731033276760796,2.45506256856681
8812,24,3.13313030651723,1.24059733922115
8813,23,0.821022070078366,0.769135963251405
8814,3,3.16088328921997,0.30210067539401
8815,14,2.11068993367762,-1.34771766908701
8816,2,1.69728196828046,0.0574887046953314
8817,24,0.349872328509377,2.08073663180441
8818,34,0.79956495892738,0.365973371790156
8819,7,0.402324360413927,-1.64347677187751
8820,22,1.38995066067038,-1.85818228590305
8821,37,2.19421276341398,-0.27760478961369
8822,37,1.19147089877012,-0.305715300185438
8823,36,1.06085690997191,-0.507764872363768
8824,27,1.98018775200055,-0.784652881570748
8825,35,1.72014456342737,1.16162980244294
8826,9,0.65863152417792,0.667243927692879
8827,35,0.89561735847397,1.3512668569528
8828,28,0.25528241393869,0.558544247185508
8829,44,1.76368308038066,-0.903636871233071
8830,10,0.992362660412962,-0.633234018615531
8831,20,2.24136896905516,-1.03102510023449
8832,46,1.66785259780911,-2.19039126586783
8833,36,0.564339135121837,-2.13299634295657
8834,41,0.620407545145779,-1.73520061011989
8835,8,0.716886505886318,-0.917151712208853
8836,20,1.75964844290098,-0.185632119921659
8837,23,0.656136299028177,1.57635926417119
8838,10,5.35054698451284,-0.532645593701182
8839,28,1.26264151918334,-0.517479591551271
8840,13,1.91856511358988,-1.34678736515344
8841,16,0.480452649340188,0.329852524956659
8842,16,2.15726596518909,-1.5192073715909
8843,17,1.36422408438197,-0.314762794105471
8844,44,1.20116818283202,-0.043894925224279
8845,13,0.761145247848317,-2.08726568466867
8846,31,1.52553907318652,0.713401912085734
8847,13,1.25374245496932,-0.482778266958806
8848,45,2.81830728053814,-0.86636235146379
8849,33,2.27005297234712,-0.370477875684252
8850,25,2.39567752947561,-1.39351205542666
8851,23,2.73435568583262,-1.49403300721551
8852,49,1.66309732779487,-1.25314109698555
8853,12,1.26461633378676,0.515033141672534
8854,19,0.334862308260524,-0.0611497245259134
8855,46,0.750088568096233,1.25938793488474
8856,44,0.731996503011125,-1.25432475647424
8857,39,0.809396353357926,2.33127614243757
8858,41,0.564431135278374,0.431675430044094
8859,46,0.629451530247829,1.59271843285934
8860,45,5.09376074751758,-0.0495546817291203
8861,16,2.51545273001495,0.31143083921886
8862,6,0.597966277633003,0.127581067422783
8863,40,0.416819956990839,0.144098426230396
8864,8,2.06481808196153,1.20237764638984
8865,39,0.960750111725341,-1.03042961103731
8866,20,1.08799430066536,-0.302476196779772
8867,12,3.91544138090249,-0.278552718113758
8868,15,2.08542429911944,-0.821155427365369
8869,5,2.07339550529033,-1.19478894347508
8870,46,0.601135680651137,0.305840267827119
8871,32,1.65890547196703,0.048624609611196
8872,32,0.668150606600141,0.282295665911065
8873,21,2.10745816524429,-0.333031280316643
8874,25,0.780296510404979,-1.72646071668544
8875,3,2.76657710108911,-2.21271465548568
8876,22,3.86811789687744,-2.34655085692532
8877,49,1.20133856710308,-0.959558466466807
8878,2,1.32150038182554,0.137229660392193
8879,34,1.99514445581847,-1.16529763828512
8880,22,1.21631648872624,0.939677736709129
8881,22,2.00104909765021,-0.261309518974096
8882,25,1.61545937151594,-1.52950959816457
8883,41,2.89172286788814,-2.44404326421466
8884,32,1.5884334981236,-0.0391865849698254
8885,41,1.58732011557586,-0.97039388622689
8886,28,0.956239405114335,-1.81861125884166
8887,28,1.14736052741184,-0.435402625270747
8888,6,2.4221196859112,1.02195137291135
8889,5,2.46320892757616,-1.31237543810127
8890,22,1.56834324807644,-1.38488731859885
8891,7,2.29086293104298,0.949793165764562
8892,17,2.35076213007137,0.90715121853428
8893,24,1.15507620775755,-0.549663389612957
8894,39,0.954590197436558,0.438073112825223
8895,49,0.609638989912192,-1.957855235808
8896,34,0.650559838426438,-1.60264199576353
8897,26,2.29086870166531,0.673268684857984
8898,8,0.680425279469685,-0.0374131206462708
8899,31,3.18584026314794,-1.97538355996351
8900,46,0.389184296309085,-0.135365751040347
8901,13,1.87751204618143,-1.10935001769013
8902,17,1.73173148408968,0.342718664013677
8903,25,1.70322796584316,-0.750158344743522
8904,8,2.15336259799648,-0.24767672316908
8905,5,0.910585590448752,0.888302256853125
8906,15,1.37163205986476,-0.129708930164155
8907,35,0.81342383141559,0.533913129457866
8908,4,0.446438357040641,0.611886014717167
8909,4,1.79993506672572,0.315235251767103
8910,31,1.2566173364038,-0.692780145511999
8911,16,1.06483909424867,0.187128904263736
8912,18,1.65757512143434,-0.493877418276181
8913,27,1.100100432933,-0.190616365925079
8914,34,1.37718129047935,0.464486429002044
8915,11,1.65118530626187,-1.26367625415826
8916,17,1.51202361949157,0.0293707644161673
8917,30,0.567450008336451,-2.37200994577736
8918,36,3.82766721780441,-1.41866750475313
8919,49,0.882981382900882,0.0947771084105824
8920,6,1.10417231912636,-0.286210084858149
8921,13,2.38389890515169,0.308413944908968
8922,50,1.36035636764088,0.192726921294598
8923,44,1.39143882452255,0.655248269436143
8924,6,2.58027360247766,-0.931621066185718
8925,33,5.38830865887792,1.05120037920331
8926,35,0.653878427432175,3.21798469325603
8927,47,1.32483294821692,-0.238589219245065
8928,26,1.55653482536338,0.929175779592818
8929,42,1.11456244048736,-0.617283553765003
8930,9,1.76476488494364,0.285352116042102
8931,14,0.89387327753322,-2.94621313043237
8932,18,0.695078631674625,-0.446349673333596
8933,6,0.87044812165239,-1.05242201428309
8934,5,1.64730150336483,1.81679127856759
8935,44,0.661504228948011,-0.658232624242673
8936,39,1.26906051178235,-1.43941792562224
8937,29,1.6411180920424,-0.158193551557463
8938,11,0.719768054027223,-1.51147170726186
8939,46,1.04884047535089,0.469984681626121
8940,30,1.84238171742148,-2.22583194198487
8941,33,0.931324427704391,1.49801683579724
8942,6,0.661964712252718,-1.16129140130775
8943,39,1.14566864608468,1.70712204941133
8944,7,1.33149787353922,0.45917462583203
8945,7,3.26907164929771,-0.687967064479073
8946,34,6.37630495365104,-1.02676652356118
8947,9,3.71505306817925,-0.210570804703616
8948,2,2.68426178941756,-1.83029649014146
8949,29,0.978537011748459,-1.79168421723065
8950,20,1.21064215915102,-0.385234716484905
8951,39,1.24936754069956,0.906209013999811
8952,36,1.91043622639108,-1.41836583501905
8953,21,2.02726413602522,-0.0231667280984402
8954,30,4.18394120331012,-1.68131532543153
8955,23,1.63136155462507,0.384375721682232
8956,43,1.70593577293223,-0.4951157082751
8957,33,1.15580444366877,-0.801632969325332
8958,15,1.40316182430802,-0.985448175703986
8959,3,0.819766852596118,-0.895773106323136
8960,3,0.590758251422978,-0.506486831475136
8961,24,2.75695825576837,-1.63251058827996
8962,11,3.7642621416822,-2.64796728868596
8963,8,2.56999297928217,-1.85079317648783
8964,21,1.43683292455752,0.869215457029065
8965,13,1.12448574570401,-1.0481334514257
8966,24,0.926872608446359,-0.760020222435787
8967,21,1.00912200383906,0.165738117757066
8968,30,1.54773590605856,-0.650935515118368
8969,21,3.00694849838728,-0.544211595335824
8970,14,1.76087048323242,-1.65708320777615
8971,2,2.24997483671084,-2.35063071971452
8972,21,2.6404183393646,0.915489213765319
8973,6,0.654653454979605,-1.38007723536609
8974,34,1.72589915678028,0.908554101293397
8975,14,0.739757293724554,1.08364998940076
8976,49,0.632062398561488,1.98897998849138
8977,21,1.20673265522073,0.646294865748232
8978,49,1.31625030577771,-1.24034266316936
8979,44,2.14106197887333,-2.08788526523572
8980,44,3.06494714087519,-0.274153898238609
8981,13,0.82165199583689,-0.825331015547313
8982,31,1.46178776227377,-1.3841219263123
8983,48,1.14119299739026,-1.82592640400587
8984,34,1.85577146275272,-0.534833904178504
8985,21,2.08347988591326,1.43417206857434
8986,35,0.841100996371712,0.460809737372026
8987,32,1.29246151602351,0.76590825719124
8988,19,2.42676900198898,-0.982008996637162
8989,24,2.07323160231575,-0.821634531324208
8990,35,1.57596909625636,-0.568749437798095
8991,48,1.43313306741952,-2.14582882522786
8992,36,1.48487587061821,-0.88774658686513
8993,40,1.37486329004533,-0.291147308665798
8994,17,3.30582852429816,-0.847700359016204
8995,2,3.68359706825103,-0.268173382879179
8996,15,0.685302482424479,-0.201202339414027
8997,5,3.05151276256876,-2.67275830457115
8998,38,4.58019104722103,-2.49916155865143
8999,38,1.09780783126911,0.29447587740222
9000,17,3.59377001879411,-1.79680546539573
9001,12,1.03536191891494,-1.00463184269219
9002,11,0.918434778810389,-2.81233558580266
9003,33,1.34347965568027,0.218826589187469
9004,3,1.84585929140062,-0.385335804862941
9005,14,1.27588941692829,0.19953159152371
9006,49,1.19292183849576,1.44997343646469
9007,36,1.06627165337791,-1.56237070418989
9008,43,1.21158417122506,1.26886963874633
9009,3,0.492191889479144,-0.556586890978434
9010,8,1.21321976095225,-0.335444590563914
9011,19,1.07640483141728,-2.30570294620384
9012,45,1.79243828731895,0.755354904231658
9013,23,2.88905127739332,-2.78229163546506
9014,15,1.65605985901689,0.896599881224538
9015,17,1.90756766145043,-1.04022152809236
9016,19,2.6280877537232,1.48421242486657
9017,3,3.87767974810454,-0.131588221142099
9018,29,1.31517598824016,0.0155992343605874
9019,19,1.23619710924228,1.24257571120823
9020,25,4.01278136406579,-1.03301521449521
9021,43,2.35818855893456,-1.23415661626015
9022,5,1.38857017268618,-0.0984218492682859
9023,23,0.809896806179192,1.42623464074692
9024,1,1.44349429313019,0.510225670797398
9025,2,0.914864610378582,-0.22207002865441
9026,15,1.59287970249408,-0.607025312552558
9027,3,1.52631310057985,-2.23706667980882
9028,35,0.521563633611897,-0.358635300342372
9029,8,0.857957719095519,-0.815691271826869
9030,33,1.05214206384947,-0.52826922621072
9031,28,1.43719942069117,-0.405977487204242
9032,46,1.81044099465106,0.288050299899551
9033,16,1.18180069882688,-0.375412217406154
9034,21,0.924195293443711,-0.281462712921057
9035,5,0.604434460307741,0.918080810211287
9036,3,1.75356204462546,0.293716508287372
9037,12,2.26245423909291,-0.459478762411923
9038,1,1.12041222672319,0.662123233399302
9039,48,1.09332180379343,-1.49582723423916
9040,50,2.67283928874826,0.747268339834791
9041,26,0.888765167427285,0.832469068612912
9042,22,1.20506155397856,2.33942859828675
9043,37,1.13719463951945,-2.9525367992586
9044,30,1.02383161021962,-1.77860002178052
9045,22,1.83909698222762,-0.390884071696474
9046,37,0.893844251932975,1.21321677191685
9047,42,0.418610545019111,0.490461318403252
9048,20,1.91837166442649,0.0136776768577265
9049,47,1.22350343244478,0.301085848417592
9050,38,3.07844953501754,1.19168878562897
9051,38,0.437207254945451,1.56715078526706
9052,14,0.508002992386299,-0.100616945957052
9053,36,1.27816509993153,-1.45442003832919
9054,21,1.4649946970424,2.18393023191409
9055,35,2.43017754245026,0.259768113350489
9056,17,1.02225980499429,-1.26627662404041
9057,28,0.698447309134595,1.07138121467468
9058,29,1.08148310177557,-1.87919392696518
9059,44,0.887806149403149,-0.894439214103532
9060,5,0.658600157120443,1.28385557897127
9061,40,1.06276132460851,1.42714254773619
9062,30,3.96152967466097,-0.981100051833933
9063,13,0.455001815538959,-1.04873027333003
9064,35,1.24260193386266,-1.17912209817166
9065,7,0.838335375429139,0.793591410255962
9066,7,0.691353217960176,1.73856852377143
9067,17,2.18483888174277,-2.67211141450951
9068,23,1.71937116326854,-2.15571387429998
9069,23,1.56045755270493,1.13675270088986
9070,31,1.30672416039813,-0.484673206263787
9071,20,2.15631324300261,0.586830031256437
9072,10,0.253198770615322,3.35784899387061
9073,17,1.1373340014811,-0.300829234845127
9074,11,1.86007163974377,-1.77190135157615
9075,42,1.72102733265529,-1.22962626593905
9076,43,1.00355600421167,-0.36662140853975
9077,19,1.41782166879776,-1.29776643506481
9078,23,1.26551912950008,1.09352046429176
9079,33,0.543532742799263,-0.636763637439687
9080,28,1.63640347458653,-0.494012984862556
9081,19,1.83954895979762,-1.55542629129217
9082,9,1.78752581187521,-0.147978039197851
9083,27,0.924439592794092,-0.301947035584616
9084,8,2.04444384961783,-0.391744402652178
9085,9,0.323805186153112,2.56336220444752
9086,24,0.730549273626886,-0.018512552051521
9087,37,2.23700805219364,-3.15928227754002
9088,37,0.43468797796546,0.829399314962069
9089,25,0.85367071187294,0.6710542615231
9090,38,1.20095768376359,-0.383726139101599
9091,4,2.09509793359764,-1.07028600963678
9092,50,1.06037517490289,2.11754827610346
9093,48,1.79699969550129,-1.48241647150344
9094,38,2.49758692674926,-1.76115882672415
9095,11,0.837330515928886,-2.61019113893385
9096,5,0.944807779800415,0.121597059649533
9097,2,1.86044803374151,-1.67622173810815
9098,16,0.841310642345947,-0.0533769531586853
9099,12,2.04492807433859,0.265045373662673
9100,34,1.05136529762682,0.504013402100787
9101,14,1.01560081924861,0.87007523448532
9102,33,0.402123803743798,0.864445709305388
9103,44,1.50744888819268,-0.187129810561004
9104,26,1.13019333313577,-0.282556576585039
9105,10,2.14385578761953,-0.891942863316383
9106,49,0.664313945734367,0.193367222237848
9107,18,2.05725677979464,0.598799892193498
9108,29,1.37018104702804,-0.482986565957034
9109,1,1.48892325556956,0.313731569729138
9110,25,0.50142741343563,0.0967574433455867
9111,19,1.00365466775344,-0.267298940776558
9112,42,2.01815216068732,-1.18092768742636
9113,16,1.11509381305378,-1.33050379320151
9114,17,0.897124417114609,-1.11463668787223
9115,14,2.09619513800846,-0.859277435927182
9116,42,1.18282635363891,-0.553379871814697
9117,30,0.856214446287611,-0.727159111575045
9118,20,1.60751890823573,-0.727926327061856
9119,40,2.62347699038708,-0.624393812393939
9120,46,1.56875958514282,0.0514809535165769
9121,19,0.647044617419288,0.0135283421173049
9122,26,0.818999584777007,1.1218347120369
9123,1,1.76708933036224,-1.14500070742639
9124,19,0.821543156701607,-3.00874858492833
9125,14,0.248652367317601,0.822160980496193
9126,34,1.6440775300643,0.815996330828515
9127,22,1.67851145640483,-1.5890102609521
9128,11,1.89226468089312,0.315156932006859
9129,2,1.23699662432644,-1.23135674598969
9130,39,2.21222939597264,0.00571260550653002
9131,30,2.09399228514817,0.52851899860862
9132,17,0.531017912984754,0.155759760317853
9133,20,1.57861110262121,-0.0933175824666955
9134,27,0.684023080720374,1.50827586978124
9135,38,2.87736226294817,0.354219642539689
9136,6,1.44097990540659,-1.25124746486572
9137,49,1.01681780540135,-0.168826731989582
9138,33,1.11612108602538,0.232062806512078
9139,1,1.05157906798292,-0.579766169239184
9140,42,3.69247981365037,-0.727296072566649
9141,16,5.79404219334601,0.681981961638695
9142,28,1.06963194708595,-1.44349708479362
9143,38,1.04260456820378,-1.36110352085169
9144,25,1.84406754171061,1.4302982304218
9145,39,1.29146831172138,-0.886715934407834
9146,12,1.47941664886705,-0.386683975051879
9147,29,1.19331431505598,-1.97653491149781
9148,38,5.4049411743397,-3.23822939509349
9149,31,1.27412769887276,-1.13435179391055
9150,22,1.49868027782487,-0.882371061568445
9151,9,5.36687774755408,-0.779156926156597
9152,14,1.09831056994122,-2.48103029102288
9153,6,0.811793450029943,-0.713860789600537
9154,35,0.930319956040786,-1.27309364370173
9155,26,1.60696999761165,-0.976901751974626
9156,23,1.70395628707537,-0.0836284828350464
9157,29,0.706043164100274,0.968398692082013
9158,18,1.03224963128202,0.340350910022883
9159,17,1.7570882161265,-0.378763919189027
9160,43,1.69497805276814,1.41295680353321
9161,33,1.02597998391055,1.61077351861652
9162,38,0.684389414109448,-0.130273278782195
9163,21,3.25977165084743,0.924095412452874
9164,8,3.06957665116915,-0.31065726955201
9165,43,0.979372835883242,0.307896112897678
9166,42,1.44928591262469,-1.62846628407744
9167,2,1.88468154999192,-0.285498042481869
9168,37,1.88622398802568,-1.2750466302397
9169,39,1.02345479146016,-1.73650547468867
9170,6,3.1230226408278,-2.42593474955308
9171,33,1.37517652850804,-0.559043726095208
9172,31,0.686576837068569,-0.579955895963197
9173,24,0.785275211545317,-0.299685429757681
9174,46,1.85535071369458,0.0164189817329032
9175,50,1.30700513423535,-0.0768938114320915
9176,41,1.70744875167547,-0.0155834370157142
9177,4,0.325648192699149,0.498165434711355
9178,36,0.667248102686192,-0.147131161576717
9179,22,4.34603744119511,0.333701102785001
9180,42,1.28919921876597,0.733651730838226
9181,8,1.99871948331178,1.28362282447026
9182,7,0.677578010063173,1.2686102768331
9183,16,0.255761231930531,0.006693977275537
9184,8,2.07189753451027,0.412272102224712
9185,39,1.74851411817681,0.650170138153856
9186,6,0.606137599555068,-1.71336232653313
9187,22,2.08306987385067,-0.697108156869921
9188,22,1.74316051207563,1.06161150396193
9189,41,1.78722579434198,-0.337386530245176
9190,36,1.01865639429867,0.416877749880514
9191,50,1.80261426683442,-1.14698768806041
9192,50,2.51222982037146,-1.59175364958585
9193,13,3.33216220765519,-1.42442343448147
9194,42,1.80008965761206,0.227112288632993
9195,35,1.13755341189226,-0.484691415170364
9196,41,1.7080942829002,0.152603866044417
9197,49,2.07903966853973,-1.2036573668887
9198,6,0.469026963588994,-1.45484240488125
9199,41,3.35810085830286,-1.9004369306659
9200,45,1.23061641624498,0.344998622943245
9201,4,0.637384793277687,-0.623635126672985
9202,22,1.89828832174532,-1.51108183275288
9203,9,0.592993189029554,-0.445729756300135
9204,1,1.97645259964482,1.04022875362873
9205,34,0.846473744965516,-0.990635819092447
9206,2,0.655838704455697,-1.03128941860055
9207,14,3.28137549008358,-0.0137227821433088
9208,32,0.799326625261679,2.06870990808905
9209,27,0.707635252213389,-1.44790877627474
9210,29,0.884149694478564,-0.611036237863939
9211,21,0.646246994389056,1.44688467763027
9212,21,0.986370705082145,-1.04419821507435
9213,8,1.56464113314904,-0.609249938108905
9214,10,0.606063346779608,2.08773227753037
9215,2,2.10134771832555,0.162981783855891
9216,43,1.97237453220632,0.146422623940073
9217,5,0.76753337860887,-0.197931452386125
9218,40,1.87194326827969,-0.678393290543214
9219,6,1.00547606099782,-0.337270664990448
9220,8,1.18763176431617,-0.286479885914532
9221,1,1.72392145703275,-1.37846626277379
9222,40,6.23968991160489,0.62936173610897
9223,18,0.550488380213742,-0.523576406882684
9224,48,1.82346187167975,-1.54834651387897
9225,48,1.42023251505391,-2.36232133907331
9226,46,1.01877313313466,-0.432354528205232
9227,16,1.33092863257467,-0.787604830808878
9228,33,1.88234079232787,-0.506716332834391
9229,22,0.802107755052582,-0.953705120159637
9230,8,0.620545846835492,-0.213468784525709
9231,48,2.63235903916181,-0.441984267586111
9232,30,0.623466642858118,0.950522470176496
9233,42,0.9946474331399,-1.33474199675853
9234,42,0.413456062006215,0.318279192214561
9235,4,0.511916145373074,-0.215348950468511
9236,16,0.839537966190036,-1.3421303391158
9237,18,2.00231406465229,-1.29946584125526
9238,7,1.43648837812883,-0.483178705674673
9239,26,3.13911668921751,-0.601623083029211
9240,19,0.386235836204872,-1.9153694001034
9241,34,0.852576323319615,-1.4453881576454
9242,37,1.42796143790802,0.0857845363706373
9243,27,0.918922677483126,1.84225233010723
9244,7,2.17754199958899,-0.232445615340946
9245,44,0.642048049567594,0.343988464730581
9246,31,4.37432916645257,0.0310507730661035
9247,30,1.21115984422958,-0.676124648866614
9248,44,1.57683985468726,0.451556454573543
9249,50,0.489140963292786,1.22563515708047
9250,28,1.16705603815642,0.366989884637631
9251,15,2.29767432632931,0.149137366964359
9252,21,1.68336126410211,-0.726751334589066
9253,20,1.6029216906276,-2.10592917603813
9254,14,1.37242141880378,0.489034931255295
9255,50,3.05273119194336,0.647213796246791
9256,48,3.13716783925176,-1.50795484912653
9257,40,1.3714275485973,1.17280633314285
9258,43,2.46105688908165,-0.0357917309855534
9259,13,0.427084427760134,-2.81076931038086
9260,7,1.19428900952473,-0.364888485648662
9261,10,1.13331825158935,0.429735711824634
9262,16,3.10610000652994,0.694230048351011
9263,26,1.25462038843748,-0.883863579990567
9264,4,1.73849006010689,-0.81281320372914
9265,19,1.94198393654838,-0.00947667685352938
9266,25,0.69529250340817,-0.948974909343173
9267,21,1.79921439701397,1.11722428521215
9268,26,2.3149439194232,0.273995744070576
9269,4,2.83142551571663,-0.683188696020372
9270,1,1.55360519555151,-1.369504593456
9271,26,2.89656776031182,-0.414059203056949
9272,8,3.26458359662209,-0.231893870521602
9273,17,1.47398518288653,0.377173632186752
9274,7,1.84659205100134,-0.914883709277193
9275,42,7.3470596466241,-1.43047579035357
9276,46,1.57405872313159,0.3416890246072
9277,31,1.77104328211725,0.640889379171533
9278,23,1.50067141742176,0.82437155927408
9279,39,1.24995281545444,1.14078003894598
9280,21,3.22084947184111,0.387488643863529
9281,18,1.13253141629956,-0.9825432342864
9282,21,3.08392408030912,-1.0567541342513
9283,13,1.35435261818466,-0.901225954141848
9284,45,1.97344325419923,-2.26186548529787
9285,3,1.41785405967583,-0.473867486160336
9286,33,0.436896489907766,-2.05038666345876
9287,44,1.28822563655951,-1.35548319766087
9288,22,1.12443438266698,-0.0301265098509746
9289,38,3.11488073937256,-1.49631792278067
9290,23,1.49734614361028,-1.53009910148824
9291,48,2.26194112605595,-1.3791940726851
9292,27,0.666711477110931,0.209056203226821
9293,29,0.966929262633332,0.793229717056219
9294,34,0.929190047445231,-0.839088988893961
9295,14,1.78502987326178,-1.74263095335644
9296,35,1.28379915544257,0.956167468336617
9297,40,1.26052739857206,-1.07717311545911
9298,41,1.13541666347541,-1.44506381934341
9299,19,1.79084419562128,-1.38530712443074
9300,35,1.34751285631386,-1.73790734693838
9301,30,2.16612496103041,-1.7350090215782
9302,21,1.71876248594191,1.97576664614129
9303,42,1.51429703844622,1.94543761591851
9304,23,3.31946098377651,0.120579777605142
9305,19,1.63284229078568,0.0526142626114098
9306,30,2.46424214867513,0.235495379335247
9307,3,3.01477992695964,-0.249985605625352
9308,1,1.8015475814359,-1.37441895230988
9309,20,1.11777748594174,1.00214774824341
9310,28,0.360722859216313,-0.160196430651671
9311,23,0.389813716199696,-0.259300422061259
9312,27,3.98721506442216,-1.50860082067645
9313,19,0.921415411965053,0.932719200873892
9314,37,1.90144995653928,-0.618209804401425
9315,36,3.04426443957358,-0.0650763751529547
9316,3,1.52330739173004,-0.884644674549299
9317,32,1.54036206652418,-0.465920392870683
9318,12,2.41614690291748,0.846543326382516
9319,16,0.984392523920219,-1.80575850741502
9320,40,0.450833323237346,0.0322187913810434
9321,21,0.538758582962369,0.578413557670437
9322,49,0.858924010657123,0.0598544458496974
9323,18,7.51542940573743,-2.4548634929528
9324,49,1.85106167054822,0.342968532784003
9325,13,1.58441505055239,-1.98993028708347
9326,46,0.872380257635399,0.64657754574652
9327,36,1.85293198786476,-1.50426078880542
9328,50,1.95025458057654,-1.75240515651697
9329,9,1.38605348435537,0.878848272794421
9330,43,0.889170280679148,-1.44096567983961
9331,46,0.870146760031887,-0.764664474808113
9332,4,1.78082652538573,-1.26197062373264
9333,43,0.967180848191802,-1.44668438607264
9334,14,0.669545976891333,-1.35996043879804
9335,46,1.43086385173494,0.144952559513761
9336,29,2.36011041575561,-0.899380768723128
9337,6,1.86249661045627,-0.664898194589971
9338,2,0.631277594398469,0.19712333588798
9339,38,1.33749446241116,-0.407725502611413
9340,11,1.17646827364256,-0.753468753868518
9341,10,0.612279121239795,0.248747902819063
9342,48,1.04597194110575,0.129340853142839
9343,32,2.11364566208485,-0.594893955396909
9344,14,0.979960014425912,-0.635697517648709
9345,21,1.27154664992397,0.460293571441772
9346,16,1.6146209658472,-1.09241569530173
9347,34,1.85884689243566,1.12606280972239
9348,42,0.594624844030479,0.314807884268866
9349,25,0.621752627528475,-1.26988089410036
9350,14,2.46820055161225,1.487989537606
9351,45,1.51349553180357,-0.637120142032396
9352,19,2.21956241195462,-1.42315375312856
9353,7,2.79208935011051,-0.587198890344389
9354,31,5.20863499415301,0.374749198382565
9355,32,2.31466907045204,0.260686027949533
9356,29,0.359486676612648,-1.19983434105964
9357,26,1.40699893767761,-1.8599506284629
9358,33,0.485565893665049,2.3942395555291
9359,50,2.28301159432486,-0.0528959733180876
9360,11,1.04222980261741,-0.434057596426546
9361,25,2.66532484895055,-1.70036172165492
9362,29,0.79611450049095,0.168292608760651
9363,18,0.422281625095747,2.11024423224896
9364,43,2.07039676226018,1.08956524790848
9365,4,1.03714789842331,-1.01449154079259
9366,12,2.73419750171172,-0.855151851564075
9367,35,1.88065151571998,0.057183972809083
9368,18,2.75831464679099,0.32456241259704
9369,3,1.50903956699424,-0.620163199000223
9370,25,1.0734542993037,0.143794733048363
9371,23,0.749407817392828,-0.889495461655818
9372,25,1.09148716823292,1.49443884422983
9373,42,1.98451412486052,0.169280579199445
9374,17,2.02997330180427,-0.629233373274037
9375,24,0.32713078735943,2.38717847687653
9376,2,1.12069056101704,0.059851907229714
9377,35,1.41069330015312,1.24811630516036
9378,47,0.979729310447121,0.321865503996224
9379,17,1.39222972156861,-1.40311100586585
9380,10,6.6697069573901,0.359892952616991
9381,6,2.84385416254283,-0.506842593287117
9382,42,0.957607867535441,-1.45598584226732
9383,24,1.11726112682321,0.392264300950604
9384,19,0.902306923041047,-0.821128302123908
9385,44,1.80872923852767,-0.414764629269064
9386,18,1.67558559011379,0.174692335790332
9387,6,0.355640924356701,-1.10882605052358
9388,31,0.381028531583004,1.32322454412391
9389,5,0.891495203425321,-0.258909413123989
9390,6,1.98437677568766,-1.17994748142754
9391,1,0.792640199293124,0.0465068119927028
9392,15,1.11651180040615,-0.389276947639614
9393,3,2.33333380483958,0.543557032150083
9394,34,0.843664067966729,0.680210071022197
9395,45,0.675187964346123,-0.22441493178011
9396,45,2.06689169895228,-0.138206766074546
9397,38,1.01855418883337,1.20266843550571
9398,10,3.40781936539884,-0.162354283266851
9399,18,2.3139633211929,-0.854034241182824
9400,33,1.86668931448525,0.247132850638097
9401,38,0.803009852041407,0.0592640139733631
9402,44,1.9335072777164,-0.572284641784803
9403,33,2.05286062313633,-1.00696996322943
9404,25,4.15884132262092,-1.36753460944248
9405,18,1.96304794017437,0.520915080953129
9406,41,3.60802551921407,-1.73334948885238
9407,47,2.09706222711002,-1.24343384738902
9408,44,3.35833859196515,0.0969662683646622
9409,1,1.80841611191297,0.00263346866458913
9410,10,0.7451600921857,-0.188690836672662
9411,28,1.05444850916261,-0.0210456643702542
9412,47,0.622287871308777,-0.481614812793373
9413,48,0.380186633821108,0.174053697384808
9414,6,1.14259205996215,0.700157494913545
9415,21,1.86801193765931,0.263376662309986
9416,21,1.37996229056991,0.539320383046401
9417,43,2.36326604512555,-0.26653673119303
9418,42,1.6377557235271,0.336134768895181
9419,6,1.32567450654182,0.942422646552746
9420,24,0.914639776564938,0.366292697759135
9421,36,1.25012660962123,0.0345355735100003
9422,21,3.04519343479368,-0.591151580967042
9423,34,0.593822525688919,-0.0324239869635115
9424,23,0.853025526029623,-0.0966924863650173
9425,42,4.49438614273422,-0.297276254513425
9426,28,1.87851436548666,-0.184628067675174
9427,34,1.68562941663,-0.309278123341061
9428,40,3.01959159796123,-0.149563306494113
9429,47,0.544969537706043,-1.01109785807653
9430,16,1.67298457752383,-0.780893909988068
9431,48,0.358139239566629,-0.823401858975301
9432,2,0.763906672891922,-1.06585840102954
9433,9,2.52781140431383,-0.000612334241141821
9434,28,1.56122968232759,-0.963362901667318
9435,34,4.87344945886535,0.277888727918594
9436,6,2.30848222435889,-0.200221978308148
9437,6,3.17727101177108,-0.885963572261866
9438,19,7.11663672492887,-2.29508155517498
9439,17,3.09642449266185,-1.44058417446115
9440,17,2.57364161893476,-0.131884376841418
9441,48,0.784045232625247,-0.290005310481954
9442,7,4.2868652483591,0.397123737053651
9443,17,0.861389621726398,-0.454762312885851
9444,25,2.25837295180765,0.736580698612946
9445,35,1.42448562957986,0.691769251529875
9446,46,0.561429767789686,-1.108225438782
9447,17,0.30396566603988,1.02899995340374
9448,28,1.21853493006109,-0.216504898981591
9449,7,3.8543164498258,1.04269567779017
9450,21,1.97581608846667,0.572949847557025
9451,26,2.98058800618079,0.71627966859762
9452,28,0.900816869502055,-1.14377417418594
9453,10,2.89795119629862,-0.155301084099416
9454,26,1.32034633866768,-0.665663891492661
9455,38,1.07540029923793,1.02288302901584
9456,27,1.39691718993861,0.245481820791229
9457,23,1.45498548510417,-1.25923113176596
9458,20,1.23242465160191,-0.0642841263894755
9459,31,1.64455701239511,-0.463092735543684
9460,18,1.20515573604335,-0.353446334667017
9461,8,1.23650201051454,-2.36045967133778
9462,48,0.543119830038718,0.514211198728584
9463,3,2.62982284349479,-0.605342333936598
9464,25,0.52642384782791,-0.705069225892527
9465,2,1.39990844737464,-0.711500608761806
9466,29,4.65687973830526,0.274684432059532
9467,15,0.862055916462118,0.836239018338977
9468,48,0.302006918692888,1.78109813033494
9469,13,1.2916276940181,-1.98943585948521
9470,34,2.13604853771018,-0.198554324666149
9471,33,2.1950403494658,-0.473419085077932
9472,45,0.711351110997541,-0.525436127856798
9473,22,0.882502090499051,0.233541918188317
9474,26,1.97410940049743,1.18494892096858
9475,1,2.32222066415618,-0.0653843343328366
9476,6,0.801482749928421,0.234609848882569
9477,7,1.72657106261351,0.589659863377207
9478,47,0.824917898858657,-0.258467524799881
9479,1,1.67741922754583,-0.971677889426812
9480,25,1.64844452504916,-1.50671820146165
9481,7,1.48333537077106,0.88884108921788
9482,29,1.35509057981867,-0.374537038050303
9483,22,1.38353377951414,-1.51286813368034
9484,39,1.38552404698541,0.278692550455127
9485,17,1.44683944684811,-0.846042824049535
9486,41,2.90908534903508,-0.381935814274838
9487,40,1.04156308980937,0.76999073867752
9488,47,1.00631216870754,-0.256397818616128
9489,36,1.29443376803886,-1.82170360210648
9490,9,0.657890374797042,-1.68573751777606
9491,21,5.28987584115985,-0.97260354304218
9492,11,1.83928508144318,-0.947970148738661
9493,49,0.515246040590386,-0.632066455881802
9494,5,0.311022271828107,2.08925842378584
9495,28,1.49816191758331,0.133642291422858
9496,23,0.898099671383535,-0.932013226378066
9497,8,0.69415372892151,-0.883990621153449
9498,28,1.85111842297647,-1.87690005111618
9499,14,5.23168049681385,0.173076549393468
9500,34,0.815598187705295,0.513175723574536
9501,4,3.66916049650016,-1.92893798701331
9502,24,1.03429843593756,1.93005929717573
9503,48,0.705128547032725,-0.04729890361346
9504,4,1.41120816154934,-1.67667363873845
9505,50,0.940788969613185,-1.0281885007021
9506,37,2.22559409961044,-0.0251149672163595
9507,15,0.743533929442586,0.71386941325742
9508,15,1.47540190144604,-1.54577143414625
9509,24,1.10734101504379,-1.24929175708343
9510,19,0.894991318442721,-2.7864292155709
9511,9,0.879296569054294,-0.392258213205623
9512,27,0.594720929540674,1.12928678391493
9513,38,2.51305778472879,-0.122542260714478
9514,44,1.44179399479414,-2.2507872101511
9515,40,1.23488212031669,1.82830766914713
9516,3,0.780596519302093,-0.476175050678952
9517,40,1.22539966200598,0.86983829808624
9518,13,1.1621136619221,-0.775646538989599
9519,17,2.04251116774077,0.545272199540354
9520,37,0.567321918629033,0.741959578568606
9521,17,1.82563553922118,-1.71312799290182
9522,1,2.92885892231955,0.734183466729139
9523,29,0.515143354653615,1.85039484424839
9524,24,0.868012770436387,-0.0246603984169733
9525,8,1.16296312552947,-0.978319594619594
9526,48,2.53596259736954,-1.29188559696226
9527,16,2.38257834859339,-0.2691884935305
9528,47,1.54251821831134,-1.50895371178246
9529,42,0.953057618312206,0.447976331423858
9530,41,1.2919116541813,-0.382231371298066
9531,45,0.747463370907533,-1.28033498112869
9532,2,1.58766423570716,-1.16622028205214
9533,19,0.930253982884432,-2.01623263138608
9534,1,2.02518690217575,-0.674106235329148
9535,24,1.02840568106029,0.148728332589801
9536,2,1.23003755500138,-0.882790839355843
9537,10,2.70612920154665,-0.468239156594789
9538,1,5.64658468938034,-1.10301523946942
9539,28,1.25506296444925,-0.0499114987776247
9540,1,0.836054303646712,-1.60215398875169
9541,12,0.852034977533758,-0.0865588146412769
9542,41,1.92677794349799,0.741453670096372
9543,22,0.259709251734274,0.24711901289471
9544,47,1.70627801712504,-0.171151791905062
9545,25,1.00979902192374,-0.201737283433841
9546,18,1.53514220076866,0.396661680000984
9547,32,1.44836940414201,-0.32957340407625
9548,4,1.12790924928993,-0.429271284198856
9549,30,3.21255934061539,-0.859442692748487
9550,35,0.927313326928541,0.360837389872969
9551,46,1.79253935044982,0.649141065886782
9552,12,2.08228907303913,-0.166726679240364
9553,44,1.12593041680923,-1.78304965867287
9554,46,0.271072081913805,0.776307155675953
9555,9,0.489769000767746,1.06075904301615
9556,40,1.14805311267418,0.164952291327006
9557,34,2.14793738261175,-1.38113580171776
9558,33,0.72781850647614,-0.344407863786479
9559,10,1.0865798882398,-1.2107500712245
9560,21,2.16173388303516,-2.12050849347297
9561,16,0.89563850085161,-1.93306012384759
9562,38,2.39655137512574,-0.100847518085776
9563,31,2.07806668424486,2.97406565665023
9564,42,0.457821747435441,1.26171641069016
9565,18,1.05878433936131,-0.526631141228478
9566,38,0.932990621208884,-1.28839222812524
9567,13,0.408285252573376,0.00179328087115906
9568,5,8.6055595210188,-2.87753633063801
9569,2,0.503233329107283,0.186716487104361
9570,41,0.711456989420437,-1.12648708589868
9571,6,0.581156455205806,1.50158334054192
9572,40,1.70344487261316,0.45770567494172
9573,44,2.17322224997857,0.168296727700055
9574,30,1.58453190510017,0.194417529810522
9575,18,2.93683910940625,-0.962112302500731
9576,50,0.623440961329021,0.823877753014439
9577,30,2.05166883822656,-0.490935582690797
9578,24,0.693906571158464,0.932569582574346
9579,50,1.63853906982764,0.179933647238124
9580,1,2.78748315422512,-1.13207803648121
9581,20,2.01315290393383,2.47203989836041
9582,14,2.43036702214933,-0.956278191976243
9583,15,2.196067642999,-1.66447034678196
9584,19,3.87064106786666,-0.113814054710573
9585,9,0.559485197872537,-0.244646188351593
9586,46,0.661879725641924,-0.291898996704472
9587,15,1.39484667020137,-1.19331672930487
9588,23,1.54572750175847,-0.249724073210851
9589,15,0.798379653560469,-0.596659278932058
9590,3,0.922887283933126,0.946172524480987
9591,48,1.09685440293491,0.017187875853666
9592,1,5.84394652737583,0.992081815284532
9593,37,0.827582738225849,0.594000847269243
9594,41,1.21793032581946,0.402571243877804
9595,43,0.959424890032308,-0.166786604482396
9596,41,0.473692816929171,-2.56458339773104
9597,11,1.33944837504778,-3.09066562510554
9598,28,1.38025506444665,-0.140895603533119
9599,5,1.41613900414857,-1.01272102245967
9600,39,2.81182039672705,-1.04558060967892
9601,4,2.9101358354414,-1.23635620361653
9602,18,0.735021354378944,0.321932039074906
9603,48,1.36075989621493,-2.26920337608013
9604,10,2.79405047621163,0.309111023448993
9605,47,1.30299021204059,0.86939715089498
9606,4,1.08908325758473,0.0574176822767071
9607,37,0.598834564343299,1.4574266390305
9608,38,1.04403099467839,-1.51456697762658
9609,20,2.1531477801569,-0.99540271922728
9610,41,1.06577959160758,-0.742323281154497
9611,35,1.61427869968989,-0.0399433433304025
9612,33,1.49879839670997,-0.470696974960851
9613,4,0.853793303468488,-0.325121095776313
9614,32,1.49854040967908,1.62290647648279
9615,29,1.43828289751341,0.616475506966766
9616,44,1.01845760444876,1.17565268467224
9617,49,1.15788241609104,-0.315177656701821
9618,34,1.63081070864009,0.787655617070352
9619,41,0.860092870806954,0.74474655486174
9620,32,1.8910648476593,-0.789196685078856
9621,29,3.03921726581553,0.443308754174006
9622,9,0.922670110945649,0.210945473282679
9623,20,1.21874466795444,-0.692203068569475
9624,43,3.03265109061531,-0.895399441571226
9625,22,1.64664121896335,-1.79049300219888
9626,37,0.564438774234105,0.913996938579654
9627,21,1.18717047444973,0.267793587841525
9628,15,0.428435246467265,0.122617524738875
9629,12,0.737211516867908,-0.227164588916703
9630,3,0.730749546612856,0.841689283977751
9631,48,4.7119602102098,-0.266370192785375
9632,12,4.11687573573027,2.38351217177248
9633,36,0.734516529500142,1.59069513956495
9634,17,0.663179090224899,-0.46312357932635
9635,3,0.584024726233022,-0.17262184163697
9636,22,2.7717360351714,-0.323536758689646
9637,38,1.7729413918594,-2.18744669960491
9638,21,1.90451172671395,-1.70509033318867
9639,13,1.33446871299959,-2.43893725178523
9640,31,0.702275498590712,-0.558387707925065
9641,2,1.27939670862126,-2.82522351746828
9642,10,1.50354200106418,-0.277630652316371
9643,2,2.18813426965951,1.21421681073278
9644,50,1.81655859141598,0.0647744819575662
9645,20,0.978945971986239,0.516836001061464
9646,11,1.40756112191463,-1.04886224694776
9647,8,0.603480547579837,-0.106855225791236
9648,12,2.77639019212809,-0.251904700550904
9649,28,1.05060446085287,-0.490020129604703
9650,39,4.32352599986587,-0.397077400344948
9651,47,0.983803472893592,0.106786634049822
9652,38,2.22334006252576,-1.67346937443337
9653,35,1.57690434737598,1.31968842491418
9654,47,1.23268763968081,-1.98142326750735
9655,10,1.19566681543241,0.965879370858944
9656,1,2.62500086086518,-0.129529590188961
9657,18,1.53912979302102,0.447084164001606
9658,37,1.9981351841987,0.0708557659133068
9659,47,1.14732685709995,0.181026734800082
9660,39,1.06005418919261,-0.522342035675172
9661,34,0.802806711478634,0.294381844798165
9662,9,1.1246956667026,0.48083220084114
9663,44,2.50329064855277,-1.82872233028377
9664,4,2.77706748892915,-1.48527405071632
9665,16,0.366789190005317,2.86741851214202
9666,6,0.653171053454847,-1.64166941362034
9667,12,1.80145340382978,-2.02343837853763
9668,17,1.26641094638301,-0.477312660538241
9669,45,2.27048731926391,-1.07713736175255
9670,49,0.714387012318816,-1.03013010140307
9671,43,1.87918376084057,-0.072959980284761
9672,47,3.16908306784917,-2.07844596312002
9673,44,1.96020709405852,-1.68785512239382
9674,24,1.36528465057697,-0.904809505654926
9675,23,1.83898476874398,1.53802779131216
9676,45,1.3498563476927,0.379903263000711
9677,11,3.50855983068137,-3.35198383460622
9678,4,3.63073232812937,-2.72579758139128
9679,8,1.42496776126512,0.952626945695064
9680,48,1.68137709572276,-0.589047191565962
9681,41,0.974693833912134,-0.167033638415717
9682,7,1.20398736028839,-0.730908097061902
9683,45,2.01135907904968,-0.544646931289934
9684,43,0.416474185913665,0.0710334671012247
9685,4,1.65293623975809,-0.408108886546687
9686,14,1.01806817251745,-1.8339824240119
9687,11,1.09767905002512,0.289759884257728
9688,19,1.92513661651467,-1.21327075742984
9689,6,3.17232089685485,-2.55237183877527
9690,48,1.07546442606357,-0.630157702956579
9691,36,2.62906949316279,-1.03784411509653
9692,24,1.31559164866087,1.96035499084091
9693,34,1.51755407728698,-0.977751320145304
9694,11,1.66888457469357,-1.61069608528267
9695,17,1.28888341198995,-0.835458181767489
9696,46,3.20333588855658,0.0420439376663019
9697,36,1.53794196875737,-0.745020693963799
9698,3,2.71436192526985,-1.07916530792757
9699,1,2.26451270605717,-0.556743837976874
9700,40,0.685196273576025,1.46104363521329
9701,15,2.47479612685401,-2.20067622422406
9702,17,0.980221904766626,-1.30675435412311
9703,2,0.865237395054756,-0.715525021498465
9704,13,3.29758094766738,1.44372702922199
9705,16,2.85196657324073,-1.05136743584151
9706,6,3.19788935430029,-1.25122411958069
9707,17,1.11755494912716,1.15670403689192
9708,32,0.661459127238692,2.50548008689595
9709,34,0.657821409941012,0.41528972428092
9710,44,1.33218894270876,-0.854642992758243
9711,37,1.83386300417213,0.463483896170032
9712,34,2.09165231076618,1.25436861105098
9713,7,1.47034433103974,-1.27128175734509
9714,25,0.952311697655059,0.726970366153262
9715,39,0.82377160163124,0.899542434365772
9716,38,1.33191916900315,0.341798339550923
9717,27,1.25826775295893,-2.47170828438127
9718,21,1.83818197152865,1.55408613444814
9719,25,1.08042407284074,-0.429669363738036
9720,23,1.22971364986356,-0.432863602797236
9721,12,1.76188379953408,-1.34237554279284
9722,20,4.79234674588847,-0.854534090580378
9723,45,8.42642631580898,-1.39491079001107
9724,29,1.39717328985022,-1.69241127145161
9725,35,1.20479304008041,0.472339232322256
9726,29,0.82725289456411,-0.831046136599888
9727,30,2.02917155075139,0.154252816058145
9728,17,0.751878674635164,-0.954950320292312
9729,13,0.763132427193086,-1.03043991646868
9730,9,1.02972776199319,-1.08364258245091
9731,11,2.24532718647273,-1.66740560595582
9732,27,2.3765392310855,-1.51261042329091
9733,47,2.69464528449788,-1.0650699262911
9734,45,1.35086752855573,-0.214686621098257
9735,2,1.2940874215307,-0.870353210648149
9736,34,1.79476493013621,-2.03119732074231
9737,26,3.70692688201551,-0.855926535718613
9738,6,1.77354320455668,-1.98818191095425
9739,7,0.966558921076585,0.102371598859254
9740,25,0.727751756124309,0.857380500954062
9741,49,0.488103791178512,0.144889184274547
9742,37,1.75901694457435,-1.94773421440095
9743,21,1.34685067035816,-0.634239115373866
9744,8,2.47849900601801,-1.73176772008666
9745,13,1.01492001216032,0.278988059469786
9746,23,0.826925460335509,-1.14105657027051
9747,23,3.65844285872863,-0.869485736143642
9748,47,0.863553512998468,0.706809971027871
9749,33,1.54220352305356,1.85475647037632
9750,16,3.36375134670806,-0.797433183589782
9751,19,1.44846183348252,0.548045968690418
9752,34,0.934833234721606,0.835154057322528
9753,27,2.75481456044098,-0.966929468233454
9754,8,0.674111161824815,-0.027500386835518
9755,50,0.604274533928521,1.54586705519257
9756,8,2.38716866841076,-0.361004644927187
9757,2,0.986171640081528,-0.00811285881407661
9758,32,2.02860669761512,1.14268285775482
9759,44,1.12876869431559,-0.773153951196123
9760,19,0.867672449343507,-0.803279239519001
9761,30,1.81752018769966,0.14766519696372
9762,36,1.80636620282511,0.960858601916947
9763,11,1.77435097408388,0.315874566596677
9764,22,2.89322831281074,-0.304932241283322
9765,38,5.14021642845017,-1.79317924430317
9766,8,0.778643249877006,-0.747670016883565
9767,32,5.71866011623336,-0.694869332811347
9768,27,0.678312120648705,0.274620730928879
9769,21,1.40542545794743,-0.270826578376386
9770,24,0.858273151340431,-0.338184720898864
9771,50,1.08269837540942,-1.32548854753516
9772,39,1.93360394911584,-1.3254647518683
9773,12,0.87931654475785,0.109093317692857
9774,15,2.02441998165142,-1.30977674153696
9775,11,1.08959766059034,-0.618788966985581
9776,13,2.62125868685332,-1.0114861589855
9777,11,1.10833916373561,-2.04435497262123
9778,7,0.980452529761332,-0.471180907855936
9779,13,2.49079513391781,0.508153735094804
9780,48,3.61762199100654,-2.84935311884676
9781,25,1.96530675731036,-1.34988416247591
9782,18,1.924106876927,-0.369828879897354
9783,44,2.99245298358727,-2.75084826387979
9784,46,0.502984383178428,-0.621836516511743
9785,4,0.781184536936892,-0.84727027577275
9786,18,1.32499684153334,-0.429122574683762
9787,42,1.03596513251819,0.00622775545398442
9788,1,2.6345059909573,1.57153707808148
9789,14,1.10106638130532,-1.5821615268872
9790,16,1.53271586646598,-2.29737953122078
9791,25,1.95653954505088,-0.285688690547516
9792,1,1.40265085800626,-1.9600500770763
9793,38,2.19744116124098,-0.932947905900173
9794,21,2.30624296491922,-1.28567601346921
9795,49,1.87279337189392,0.505831564753918
9796,23,3.19286627352849,-0.936123991050828
9797,31,1.84211136059814,0.284077114367091
9798,34,2.9590519638815,0.28467981686512
9799,44,1.34107121786356,-0.434492931067373
9800,22,1.03969495855615,-0.946261375448186
9801,31,1.52324730207953,-1.68514004633581
9802,46,2.57517008425431,-2.15686643065399
9803,31,0.499072974642731,0.124507478935352
9804,34,5.55901170363414,-2.51298372526197
9805,28,2.08019292554072,-1.73987318057326
9806,45,1.19367650602279,0.398733614534977
9807,48,1.74014254904115,-1.58105566727015
9808,13,2.40381877878853,-3.21137757728979
9809,37,1.21872043340376,-1.52714178754228
9810,7,2.70883059885183,-1.93768890038273
9811,12,1.32492023674987,0.573386180653653
9812,49,0.733038839450391,-1.26489173687769
9813,43,0.688790986741656,-1.06426450982919
9814,21,0.935561990396328,-1.82445292057095
9815,42,1.07558636395546,-0.463721527785814
9816,15,0.323525997521091,2.11528918437861
9817,30,2.23936535427811,-0.221582770519266
9818,47,1.18234768530479,-0.434535130328366
9819,38,0.502689674016121,-2.8079094946757
9820,14,1.63554597289937,0.153941584626238
9821,13,1.45351294418045,-1.1151615656816
9822,21,2.8041127378659,0.870938541092055
9823,41,1.65437229092759,0.103949311720282
9824,35,1.80485562676158,-0.408237568540436
9825,27,1.16244289134636,0.357781429104066
9826,17,2.66635011131898,-0.841530380039206
9827,3,1.45801420748681,0.346626697575875
9828,42,1.16890087281363,0.374989605882853
9829,35,0.519771351440845,0.517526429346459
9830,19,1.78583609439554,-0.412341953417655
9831,8,1.22429373589198,0.512097741700172
9832,15,0.750389528869745,-0.495062240345226
9833,28,1.2670596308789,-0.758327005458768
9834,7,3.02398061482791,0.661653492639643
9835,18,0.579975221613619,2.06979465934217
9836,23,1.71875623601325,-1.63131411806736
9837,15,0.825672831279687,-0.682657587865416
9838,4,2.20790617602605,-0.723052256568068
9839,37,0.969825260662722,-0.190555073383153
9840,11,1.19356506363055,-0.162490188112002
9841,28,1.15091393632473,-2.90905921168007
9842,42,0.997159711013594,0.127264040766275
9843,47,0.776665069548759,-0.779681188361761
9844,37,0.593164236146582,0.476444558116248
9845,27,0.652879406371941,0.508456101851775
9846,11,1.64501822834355,-2.90490103350658
9847,29,0.712265544014329,1.55718380099621
9848,9,1.36359617966562,-1.90911838874525
9849,13,1.77112305529135,-0.746844940707187
9850,44,0.534926409605573,-1.02521759838035
9851,48,1.02822953536767,-0.619542057064035
9852,5,1.61052966112745,-1.16962523396771
9853,2,2.06545002526999,-1.62286024576327
9854,21,1.35630823319571,-2.09972771621717
9855,23,3.58890923089762,-1.52245685378132
9856,2,1.37469656685329,0.295228238157445
9857,20,1.2119514182734,-1.90409047889668
9858,16,0.892370719987123,-0.806788106019686
9859,7,1.56810607232287,-0.227242382772083
9860,17,1.15964985044917,1.65019610401652
9861,18,0.847702318719419,0.603904862123439
9862,4,1.47238427594687,-0.621688253131468
9863,22,0.94733044753049,1.96757913218427
9864,48,0.934717059647623,-0.717079771215018
9865,47,1.35023617147111,0.558044635922219
9866,5,1.50760132461063,-1.81215703056915
9867,40,0.62518609023069,0.256897976820789
9868,22,1.61428482302484,-0.797255167324596
9869,42,1.17249640764542,0.849817342123936
9870,10,1.3488920284026,-0.554343837758821
9871,47,0.613342182166175,-0.538198744341186
9872,5,1.06258787912781,0.736850563770554
9873,22,1.40180302153724,0.211838638549394
9874,13,0.86353812548361,-0.472099003399309
9875,13,2.36930290724806,-2.18347268285716
9876,8,0.732542261290996,0.764985480635042
9877,44,0.776707269863002,-0.265982416386627
9878,50,3.07674258857575,-1.73954550284058
9879,26,1.83596358292147,0.185143408239196
9880,48,1.99549473212416,-1.22176138067173
9881,49,1.18005884072928,-1.03634791602707
9882,22,0.728439273350855,-1.24415066164446
9883,12,1.04535642949839,0.189965614034015
9884,34,0.360950176124867,-0.494748699409725
9885,32,1.17924317820439,-0.173625446873288
9886,16,1.21653383516679,0.0224952124230154
9887,32,3.03723687245694,0.528932507629917
9888,16,1.19334354156574,1.13899353937192
9889,46,0.365846242010942,0.475267965651465
9890,23,3.82452237263182,-0.803702725549229
9891,25,0.867052756853004,2.22750440792983
9892,13,5.26322219936864,-1.72885387465184
9893,12,2.41852144174119,-0.0582212035949218
9894,33,1.3203810824986,0.669730777356269
9895,36,1.53345018346658,0.32987707151695
9896,27,2.29148282287172,-1.99594732747389
9897,25,1.22462598315673,0.338440166696107
9898,17,2.33209635383663,1.62757633509114
9899,23,1.27432022861463,-1.32874134713429
9900,28,3.91865779877881,-0.351800300123443
9901,5,0.605243589221902,0.205026386761647
9902,17,3.369012858112,-1.18643073083744
9903,46,1.87531242735472,-0.148342894965074
9904,25,3.48999670062247,-1.92993586933638
9905,11,1.96927110718631,-1.01531424129231
9906,6,2.25125700952187,0.196757020526756
9907,25,0.567774041444771,1.54331461958064
9908,42,3.47173539218096,-2.17159555722612
9909,45,1.23501379285097,0.453651988440351
9910,26,0.422468899674158,-0.558606983554064
9911,23,4.04811126624333,-0.571483406042402
9912,18,1.37721283342282,1.01233749391966
9913,30,3.25052487451379,1.00962199084643
9914,40,0.738783556119576,1.09522321938135
9915,47,2.09820766226927,-1.03598304673018
9916,35,1.38171197783423,-1.89185350389091
9917,14,1.00132910747614,0.398586436219094
9918,41,0.655576944684334,-0.0164450019671422
9919,36,0.825588357978059,2.22902653163636
9920,12,1.91996319809622,0.013667982274901
9921,13,1.42216781615551,1.51629611163988
9922,14,1.87695246257588,-2.45038978385788
9923,30,0.984172727302943,-0.159791726687534
9924,24,2.88598506240615,-0.000564080280758161
9925,20,6.94294940834835,-1.89073456547698
9926,15,1.11343057136201,-1.31286494743198
9927,3,0.952433336501961,2.17321879013639
9928,32,2.56079335140095,0.80249783376187
9929,7,1.85135638755135,-0.00927547320536998
9930,33,1.69687242040833,-1.95819187769239
9931,38,0.714753181578794,-0.872147653158645
9932,42,1.24607937388723,0.12138693601289
9933,39,0.799786481111598,1.17171347357538
9934,28,0.827088773068979,-0.264269947105526
9935,35,2.47576353730644,-0.271963657498878
9936,22,0.66809751450605,-1.14231465200762
9937,30,0.831698133730728,1.80463931633336
9938,1,1.36161679353436,0.186303349439277
9939,12,0.753516312904853,0.657088933213696
9940,26,2.75520591571807,-1.48066301129168
9941,25,0.86818046908044,-0.724416160719914
9942,33,4.52445775068347,-1.44194653419344
9943,17,0.680314756507272,-0.134286357651824
9944,16,1.73162271494191,-0.888715120889419
9945,21,2.57767319699692,0.785534511954392
9946,7,1.3395387058033,-1.17049556548438
9947,15,0.666702189940477,1.46883996503392
9948,33,0.29393147649651,1.25063930592595
9949,32,1.06491277122057,1.57132642280433
9950,31,1.71112146901148,-0.665125268131272
9951,31,1.67259275031977,-1.03193483596537
9952,21,2.98146329603436,-0.523419068249307
9953,20,2.2457739630386,0.351967675931271
9954,2,2.11509427519313,0.0509480448850588
9955,38,0.956936118815745,-0.0863003467321071
9956,24,1.08679914826405,-0.333135709490988
9957,10,0.855491168685703,-0.541024593969609
9958,31,0.549055226038592,1.97709194983842
9959,2,0.794192254110175,-0.351441464345306
9960,13,0.842022918520108,0.237859653660707
9961,3,2.86135339424976,-2.85890100270198
9962,26,0.808872396695674,-0.938223286009125
9963,6,1.23775578096648,-1.01148985151701
9964,44,1.04082928916304,-0.593800289491636
9965,13,0.747582476461852,0.0125013354027529
9966,8,1.21423489596853,-0.0474120545084741
9967,12,3.82791972382303,-0.732254227476223
9968,8,1.03327854151596,-0.711473208915288
9969,33,1.70942014096064,-0.939561339027597
9970,2,0.674210447680451,0.0694653156902618
9971,20,2.55857043087078,-1.8496619818373
9972,34,4.16145719489358,-1.84849432078519
9973,16,2.16259985799757,8.40651354139244e-05
9974,47,1.91967747148228,-0.350462169322911
9975,13,1.23594316608965,-0.424961693791502
9976,31,0.753138865390822,0.376686795082381
9977,15,0.855812092342906,0.262065003572041
9978,18,2.1691658533471,-0.433374004880349
9979,14,0.574512491529882,-1.483562625848
9980,43,2.76708336937901,0.302250579535424
9981,48,1.65364244091742,0.424120788881859
9982,37,2.56038032230751,0.036920913993675
9983,27,2.70342885645187,-0.586486191951907
9984,39,0.731996030187581,1.51142224628711
9985,48,1.14864202690138,-0.20858346933313
9986,32,1.1936529901671,-0.158341794692421
9987,47,2.05355692481601,-1.56398700462929
9988,47,1.38234543678559,1.05619475709968
9989,40,1.24167988079629,-2.61617674090372
9990,45,1.48401573161028,-0.443883835149789
9991,18,1.17650792561818,-0.105020924154864
9992,36,1.54056308930986,-2.06564202825052
9993,34,2.11948489981841,1.0179626306685
9994,27,3.84726527790471,-1.44147617753892
9995,25,3.1539620210427,0.313265674113964
9996,45,1.8138751169889,-0.813364147644615
9997,34,1.46675067677418,-3.25540568705959
9998,16,1.11706826823484,-0.742649492229135
9999,47,1.87924246278863,-0.534940327495522
10000,47,1.70037156576156,-0.52890986406529
