"s1","s2","s3","s4","s5","s6","s7","s8","s9","s10","s11","s12","s13","s14","s15","s16","s17","s18","s19","s20"
0.000583627429191772,0.0574823562360317,0.0320822531862629,1.54373557247337e-08,0.00309327925860816,0.0540497726687703,0.00894444951042778,0.0113713162391493,0.00315788213202866,0.000582807378554156,4.35328354051753e-07,0.0237143157025269,0.0346681659514586,0.0278441843876625,5.52064945863687e-06,0.00333476654528585,0.0471096575716529,0.150069225563131,0.534656146498629,0.00724982232545951
0.0135355663204549,0.0619169415832779,0.186795238450822,0.00145775288529153,0.252487031773126,0.116363782850076,0.00819647739228808,0.130281336724146,0.0740527047884103,0.000252776231702572,0.0157841560277396,0.000881328602844966,0.00321469636917753,0.0145820360554053,0.000758647538333095,0.0400887328173633,0.000626336603698973,0.0192158745461581,0.0433571321907557,0.0161514502489287
0.0139844665406908,0.0620956347413922,9.91089727738991e-05,0.00719179923202757,0.0606461727703378,1.8283300866552e-05,1.13063370009259e-05,0.00949294345472681,0.1205589978949,0.27095066640358,2.26525278259208e-05,0.0261516444492042,0.00184055410150806,1.25463258584722e-06,0.257883140652669,0.00592454655898776,0.149894233972611,3.47399670715809e-06,0.0125071172594946,0.000722002200109849
0.000792680452092023,0.126343492619979,0.0111232139481019,0.000659879968644419,0.000928747380610528,0.0772152334584825,7.93706143681142e-05,0.000420982590721186,0.0188410139850833,0.00460919597518109,0.0306520870246418,0.0235689913237895,8.39419194289477e-05,0.276993369075025,1.3049382438297e-05,0.151690194863358,0.00916469807150866,0.0339664031243474,0.0479321100337439,0.184921344188455
0.0184488494589388,0.0879010428370293,0.0250343495735877,0.078841492343193,0.0489143706652714,0.000152912912050509,0.00113036315925393,2.7224737265131e-05,0.0717798527828143,0.185323927649831,0.110374841910441,0.00284672952838298,0.00413806445949704,0.0323138292490678,0.286050552826499,0.00133796459873952,0.00948761045347936,0.0177292598127099,0.0026444453464581,0.0155223156954893
0.00526109443100208,0.00166646807000742,0.0881392056285599,0.00300801380232515,0.389517470595777,6.55955420653503e-06,0.0677624758617655,0.000425292730997065,0.0011913926472542,0.139300358467182,0.0244422858452783,0.000208206050118709,4.59556057604662e-05,0.0390706884983527,0.211236898710847,0.00411275738000997,1.22085256342966e-05,0.000306003250224007,0.0197288041094885,0.0045578602352087
0.111704536864662,0.0208995655996057,4.12062791157567e-06,0.563485897690355,0.00261379473295902,0.0179072507800632,2.25107092704057e-05,0.0238903883975202,0.0068984565855502,0.0139783455370544,0.0130300437683816,0.00980720634634704,0.0176594317098238,1.2946121409827e-08,0.00694778899524248,0.00259482553011431,0.0168418318632504,0.00623323035908368,0.00226637504760278,0.163214385909081
0.140036850560422,0.0072462527146399,0.201056899326544,1.72516947563631e-07,0.0631339970761282,0.0471027854588162,0.0450354209707028,0.0675378735575603,0.000722532670971117,0.0196950049801926,0.187756855402096,0.0138312738992122,0.0357885530064826,0.00558854733630929,0.0246562748189801,0.0168516213323095,0.00774654383332499,0.0323293553014917,0.0337533305922719,0.0501298546445968
0.348034422405025,0.138163559440267,0.00214312635513692,0.0616562265304516,0.0132908106999835,0.0172454973895662,9.89564171037078e-06,0.000173623402378463,4.72478479556933e-06,0.00962051228237071,0.205802696907674,0.0117072769771273,0.0497214701007986,3.75376661674966e-06,0.0990885364748778,2.32242093532126e-05,8.44778483955729e-05,0.000674520705499512,0.0304423386402618,0.0121093054377097
2.02061122012632e-05,0.0355017447857934,0.000520530628968478,0.0367340960911958,0.108579523179636,0.0407768270481218,0.0323728494615047,2.86628082357634e-08,0.018952670171177,0.124004330410908,0.221687221383877,0.012961117284506,0.115548974524296,0.0393952460125877,0.0219603770010495,0.0180829691648622,0.167140271301527,0.005184109622684,2.31302415347074e-06,0.000574594128141835
0.0126001788097718,0.202152231424942,0.132084600217792,0.0691404666537432,0.056205068819438,0.00333066262222145,0.103102414154665,0.0851999663785089,0.0238058460213124,0.0856293360843094,0.0222047651875335,0.0161751846933177,0.000217811424536087,0.00246651867810585,3.97292647222798e-07,0.000108564197739446,0.124862316460119,0.00115181872232128,1.50763827412025e-05,0.0595467757742347
0.00045251790066362,0.00044164821158184,0.0223522016948258,5.8565031672575e-05,0.00658119981733739,0.0868744906361623,0.181999289643075,0.00298739501938483,0.122568912314046,0.000817061830955805,0.197296278824461,0.000367842084467126,0.00198034066740746,0.0569141935079041,0.0431043433731492,0.0103943705655725,0.0433890606968284,0.000256046167296266,0.156418405549523,0.0647458364636847
0.000420647867610714,0.000883574540898937,8.62708830115924e-07,0.281665294658306,0.036764625813457,5.21857152671156e-05,0.0778383568700761,0.000232934102608767,0.0491291689473001,0.12521280654929,0.0517948673137032,2.42442109588372e-06,0.003545286358404,0.0053822558632368,0.113299715360354,0.0290470645124419,3.1716418075591e-07,6.19196244890749e-06,8.04261685127957e-06,0.224713376653639
0.125420900112629,0.00627734242043205,0.00458695667086803,1.17137432505422e-07,0.0787035799910479,2.71977049434156e-05,0.00427375006621833,0.000343967378941826,0.298585268969117,0.00133119940777999,0.000108504124923718,3.68492776190128e-05,0.0443661017216779,0.0396421202169647,0.000127823975930153,0.00257628888015521,4.42498152149471e-05,1.38465848584026e-05,0.051561066939572,0.341972868603674
8.92500568364407e-05,0.158525169698408,0.000626512740176335,0.000190294684768156,6.60665505604929e-07,0.0499763274333759,0.253870332959536,0.00314311217633424,0.0057502146124165,0.0659987836638425,5.81315676466159e-05,0.00489747160606825,0.000393817035500414,0.0532382234648316,0.18710932035316,0.0132762787447305,0.00277524230590438,0.0286663129004612,0.130720846325854,0.0406936970046439
0.00427796770146023,0.012223547244013,0.239267957074138,0.000222052699088761,6.69541075394249e-05,0.114075718550316,0.0086351338255326,0.000965730128102301,0.1392699392183,0.00287432841703713,0.0275458737165189,0.00188026905967285,0.0809786243423613,0.00317622911347864,0.083263900363196,0.00512286684977878,0.0228753314386744,0.00371737797661833,0.000458671031522541,0.24910152714265
0.012029212937121,0.10610832527855,0.0352040098576161,5.94722269004678e-05,0.00910768430996106,0.00150793544960537,0.0255644762809445,0.00223159411406133,0.10250007546142,0.00128670636533389,0.000587988616801366,0.0990196580219833,0.0490793463448293,0.0892525063943261,0.00010947919386702,0.000779181543443163,0.0140362535533792,0.0164951805383418,0.371015364497243,0.0640255490142712
0.0501183390411525,0.0402618506749457,0.112164452485311,0.0965610421523357,0.0118906339149717,0.109880554519804,0.00520928283761345,0.0704957908505058,0.00179283471145264,0.0363276287725752,0.0623126740390624,0.054667883734417,0.000236469273316423,0.0145275204104216,0.147342504441297,0.0273135712106211,0.00595375205249222,0.100226671938036,0.00202244373666025,0.0506940992030093
0.00995726811044552,3.06080132379471e-06,0.184001156518578,0.00281722843056782,0.00439188646192967,0.00444715026074508,0.318247062894868,0.0123617044736058,0.0363246329340539,0.00203894699695707,1.02587435475969e-10,0.169589182620135,0.00124511044346484,0.000310291439592642,0.0109471876487112,0.0059822522690876,0.158579176656809,0.000637158336455568,0.000370421042481129,0.0777491215576004
1.76346391110861e-05,0.578019387260412,0.00388545298070692,0.0141871068501744,0.000626894777391063,0.00416295174456632,0.0303603716573917,0.0039391082806522,0.0338945161814344,0.09307169267937,0.119384421894481,0.0129577197701551,0.0111025754154358,0.00703720616237988,1.8256975583842e-05,0.0864360084269113,0.000137496169879179,9.05701763450334e-05,0.000107703916593615,0.000562924041024658
0.0163131376829111,0.00135710058436403,0.0044536385897863,0.0953044345474271,0.0782396958003094,0.105071886207377,0.242871711986347,0.00159617653257349,0.0274482311191091,0.178873137235261,0.0166758203903024,0.0472253326122299,0.00813425788517242,0.000300329534174314,0.0129162901837989,0.00394401581190636,0.0523915172047775,0.000789224040504737,9.82690978393367e-05,0.10599579295383
0.0595490539710814,0.0021853877041985,1.22170988961436e-05,0.00181513734884518,0.104723103029888,0.448059784288161,0.00129203778897572,0.0110783714154814,0.00861733986549191,0.00261338097279329,0.0635592497911198,0.0438284847514914,0.105327544171363,2.08810070912927e-05,0.000549033402731321,0.00442677672892923,0.00486034564252797,0.0847308616576437,0.050446003662228,0.00230500570106158
0.211044343542375,0.076353641953027,0.0130401527536244,7.01989581714821e-05,0.00649391077147601,1.43958504714825e-08,0.0527150329828959,0.00232354409961025,0.00483957460010482,1.7713567358813e-05,0.187080769025235,0.227113184641878,0.0662654794666371,0.0724328855837687,0.00789923166680462,0.0109040488107806,0.00180465692889146,0.0151963245482621,0.000383809629847747,0.0440214820734007
4.78028528548424e-05,0.0039550991270862,0.0502225747206842,0.000387521055980792,0.0734977126777844,0.00206959089964238,0.156732757867863,0.0482458098120377,5.4085807294975e-05,0.00155618585749988,0.134478437687382,0.0404179515140679,0.0181390049773786,0.0224168381352126,0.217502553815243,0.000527654250154431,0.0282304622542407,0.199411955132442,0.00173162220111678,0.000374379354034424
0.0915655219152427,0.00315216655882132,0.0502161531847113,0.225880219454487,0.115314865655469,0.195160173494182,0.00238119485984053,0.00106537290394102,0.0590893941197342,0.000491656562784014,1.5154964915569e-05,0.000190569377479165,0.000375903856492577,0.106140779371541,0.00630846845503542,0.0284111758607018,0.00440332688494645,0.0534618801159479,0.00842520773307343,0.0479508146706533
3.76820254948313e-05,0.0621682721286481,0.000760878361493713,0.010829205077765,0.0335584091416409,0.000851257693290453,0.0173117361408475,0.00460654331591236,3.34625707748617e-10,2.62449130798187e-06,0.0274361592522958,0.00268413925058208,0.386492269068022,0.00709561205730836,0.00288406922856556,0.039908018051266,0.0160858443745388,0.0111564511232194,0.338998364797,0.0371324640861759
0.00181844857659877,0.00110891680224131,3.4685953982183e-06,0.0248901346008822,0.0374590173119421,0.17127933632576,0.181936605266747,0.000206965373311801,0.0569355130045448,0.0980934407201512,0.0270769450736482,0.0294822277418336,0.0209603381058302,0.137774575289276,0.00561752255386508,0.0601876851257949,0.100928303267694,3.38380055581257e-05,0.0429547164761573,0.00125200178276485
0.00294410327830192,0.0735001238825576,0.000132249179691375,9.86245072142215e-05,0.0353488671413379,0.0132014642950014,0.00131232616714723,0.000799921083341303,0.0401849284898952,3.01158459812122e-05,0.000105822116810155,0.00891709134148511,0.5404433316907,0.0101485690596317,1.4873902646961e-10,0.0214452058743008,0.021532650920772,0.198339835992331,0.00650175801169915,0.0250130109730613
0.00230947315272351,0.0296072298277376,4.4623805962156e-06,0.000142880196732745,0.0353734459995175,0.00824008900052747,0.0153334945567304,0.415442678175872,7.47226664504169e-05,0.00171887560259666,0.120730718355154,0.00919906942976063,0.0204458556349556,0.00293268519902843,0.288934039811124,0.0189732425147173,0.0157663187219824,3.67152487130949e-05,0.0147327532176275,1.25030745230378e-06
0.00152036280658183,0.00558399656391976,0.037490670358379,0.0509193995812942,0.00952234225414539,0.00233337701651085,0.000195350846480952,0.00826268954924467,0.153685231097294,0.0576597638476771,0.11626078967371,0.00466034263501471,0.030171060282273,0.0152091566881159,0.0004341329521184,0.0622189838501499,0.000152980613767316,0.000330274085637825,0.358711439311237,0.0846776559864477
0.0910108275155879,0.313847422814959,0.173644944488538,0.00780312330455538,0.00281434895513184,0.0565514449597764,0.110086386308077,0.0821368469053623,0.000279104599308388,1.46481692910901e-05,0.0121921418850895,0.000150950712137977,0.0215077120290359,0.00450768120772537,8.19721579626387e-06,0.00538573762951117,9.38532802605813e-06,0.0778509763980766,0.0140866082150324,0.0261115113589822
0.130609479321744,8.00555579472425e-05,0.00013252190303262,0.0546216874136416,0.0119098590779072,0.0260920703967542,0.0030323493070157,2.23966175355534e-07,0.0208911054068083,2.26774166597653e-05,0.261019998221446,0.134770012221971,0.000659700336797866,0.00200646642243836,0.00745880715915776,0.0186639364575607,0.00130320089978771,0.134807629623324,0.118458829424686,0.0734593894651444
0.017896783700021,0.051781768270257,0.0925569853655663,1.3580188342287e-12,0.248298438306485,5.05452054646372e-05,0.104295234577167,0.00912911376752669,0.00432121196308061,0.0258451253201039,0.062717756652157,0.00022514035266233,0.0146509479169452,5.32859521874124e-06,0.00631085790270627,0.360222119312535,0.00018593564075393,0.00137793709702901,8.49783748720316e-05,4.37916780896562e-05
0.0841586746002502,0.041688554289443,0.025571228919728,0.0330021496193966,0.0118200457781671,0.000682554352945726,0.062636110471156,1.64973267906799e-05,0.362884134300114,0.0931808776556639,0.00727355882605471,0.0658156903637446,0.10806040848512,0.000435582068594423,0.012974749116026,1.42851644291386e-06,0.0860201591613357,0.00352923680931979,5.91442008645959e-05,0.000189215138841842
0.0110924374929533,0.00240115308652893,0.0235362806001576,0.0499670711373816,0.18192328753592,0.131725359276799,0.014574045829983,0.0035205769788707,0.0103229330662969,0.0144228199283994,0.000260154614495906,0.004686451677565,0.195751361874009,5.08923428986821e-05,0.245667988469462,0.0182324836936269,2.16303598173869e-05,0.00226412753254018,1.16995803156857e-05,0.0895672449219798
0.00792099854230466,1.37558883732536e-06,0.00200929954376882,0.058806265363741,0.0276170768682269,0.0183266165543106,0.166121343581925,0.112964073092007,0.244643199151169,0.00614837629055902,0.0202328829529002,0.0303683964560536,0.0414429465610781,7.26677439078690e-11,0.0195965940715609,0.0839091184074038,0.000128614445505433,0.0292311725289228,0.0841768168595776,0.0463548330674812
0.0203876169400311,0.00504561779300216,9.13605409234489e-05,0.0290388925080374,3.18955815016619e-09,0.00406766137595245,0.148597959844037,3.83041122700181e-07,0.191866853967964,0.187771282993315,0.0170510428634366,0.00327560623742305,1.76333466039182e-05,0.0107301855332472,0.332198257401965,0.0385787290984486,0.00254565546672258,0.00198523905898365,0.000772552095272045,0.00597746670395415
0.000530838811767547,0.113469200849098,0.0171698990091705,0.280871865848582,0.0947459897432985,0.00702787767445652,0.000352310720106908,0.181923584967539,0.000668774435249213,0.00416699843145892,0.0116325122641567,0.129852900254803,0.0140038555568092,0.008268597289892,8.43856155968302e-05,0.101570439733413,0.000408836032367999,0.00194740893961343,0.0310231729923261,0.000280550830293616
0.0390329504891348,0.00944531665296526,0.00230923873403124,0.0638260423345722,0.0842429307665675,0.00690766599809762,0.134057594045377,0.0488088170754123,0.0190676666063477,0.000509742065427355,8.09256610190899e-05,0.00324308179386533,0.0803589071295708,0.0808211612992756,0.00736757343581304,0.00168019556169645,0.00124301276448936,0.201953489567818,0.214930582216337,0.000113105802182669
3.45950038211117e-05,0.217981836110781,0.00419166567226066,0.116717204965366,0.0891847158593345,0.0253215558262029,0.115374421381459,1.59589786308422e-05,0.0402159188145582,0.056903266153162,0.13182401049379,0.0362290117743336,0.00872496327218833,0.00022317983408369,3.73955968220868e-06,3.67982082755908e-08,0.111727131349267,0.00175272251368288,1.46373607924305e-09,0.043574064175452
1.06479659138665e-09,0.000524009582117922,0.226083428819896,0.16648932841822,0.00715061692683714,0.0853642501932622,0.0142623984762461,0.00395267322960776,0.013380574337067,0.00914635168251431,0.000593508421198701,0.0877439427925465,3.08760422498344e-05,7.70539194308754e-05,0.038309426323912,0.00424208325992337,0.288554547945346,1.35121714285342e-05,0.00905370477787079,0.0450277116155278
0.000312972892434329,9.22308254104506e-05,1.08125332709897e-05,0.0213133054866621,0.000183482737201872,0.00138869137064481,0.216052982921078,0.000300170408250172,0.00467941193837555,0.0732445559763884,0.000497629210128432,0.0607128082551197,4.59289559564061e-05,0.00838107559670921,0.0278257920038184,0.0152308065866018,0.00870100344933949,0.546998492143229,0.00029393558531964,0.0137339111240617
0.140831846783184,2.28215622873463e-05,0.0158832314087944,0.0710767713494102,0.217279987964402,9.27601695218373e-07,0.000446805977042325,0.00357743418915241,1.00628641632923e-05,0.000469002853621665,0.182310342692698,7.90126743731452e-08,0.00741700903642448,0.0631757517298665,0.0174171841345887,0.00596990514001226,0.00453068119993412,0.00571164339091825,0.0141156510616893,0.249752860047442
0.00508936896390789,0.00689649069454679,8.44344692841054e-05,0.000609931408733475,1.81310527669176e-06,0.00110200695627464,0.0295407762422923,0.000179297924523279,0.00196821290155755,4.38142132250416e-06,0.000286447282355791,0.408054840931636,0.000108752787097334,0.14673557745482,0.176581078427222,0.000554504084029967,0.0276668907906416,0.0552739776863233,0.0920511217362427,0.0472100947319129
0.457991498127178,0.0126752999733437,3.88002290602376e-06,0.000458783421127494,0.174339686568086,6.4022686735755e-15,0.0236647146485093,0.000591713925510493,0.00397269755072866,1.61144487714208e-05,0.0059079053677958,0.0195421648187903,0.051482363086456,0.0265737533373264,0.0431080026210296,0.0071900446268137,1.21583444893e-05,0.00221549830940363,0.00101866727008532,0.169235053531642
0.0103049191043138,0.0354289974869946,0.00422731818936271,0.00101870372063294,0.106078988754131,0.177244296288578,0.0975495827404315,0.0845706977289873,0.143193462580164,0.00613558336568813,0.0345561174142415,0.000128583755708778,0.059299197945149,6.92340616305894e-06,0.000661745050634174,0.0362180772830816,0.0408355067595719,0.0311360443266846,0.124633068522261,0.00677218557721947
1.99331985438905e-09,0.00102537898649343,0.0624489826276735,0.136493202070801,0.0041635845558154,0.0605562382314426,0.0054161487952009,0.231323789531076,0.157074498369422,0.0764186571504161,0.00773952182607097,0.0196397453600691,0.00821551003360206,0.00430629334399504,0.121133997418393,0.00198509345063424,0.00320437134934436,0.0167927384046922,0.0780242706502927,0.00403797585124474
0.00445038411160348,0.100281248376079,0.121707349826459,0.0617304925236608,0.00172508347361413,0.00345941848624589,0.287775899010196,6.09515160747128e-07,0.0422571192812672,3.05705120024943e-05,0.0299798009633188,0.00553826684349497,2.78214957288016e-08,0.102596748319676,0.0906172373713194,0.0292179385884406,0.0538160663475619,0.0380534152877563,0.0209760003580464,0.0057863229826014
0.147201015772842,0.0199573785328842,0.0201489155443439,0.214321196064432,0.00470129696446627,0.0172335299334665,0.00389926579778307,0.0697001352707107,0.145559798704906,0.0163326830519756,3.10876464313184e-05,0.000817955991805423,0.00215475794654395,0.000166828453419517,0.298760668138164,8.25052398676885e-05,0.0126767447775875,0.0150439831409651,0.000241240698397865,0.0109690123290076
0.00894381328634285,0.145618897589601,0.138943820600564,0.321068843732128,0.0238798756116112,6.02640436666042e-06,0.00531023476445519,0.014801692882181,0.0341866960926462,2.39290046510751e-05,0.00237274775202952,0.00622922088496421,0.0146397812682713,0.00324456726841172,0.000416392730870604,0.000129093033275605,0.00177939992581841,0.00027814878010252,0.0347005436604736,0.243426274727236
5.39283143589204e-05,0.0561596405087495,0.0801311017237023,0.0302679062831863,0.000639646140811765,0.0892754209413513,0.0149107731401181,0.0014029245634295,2.27371547373208e-06,0.000455939382205351,0.0135998972386615,0.203482570466762,0.0617161411828513,1.24327446493692e-07,0.000999145406749786,1.12358621820528e-06,0.00130600743529115,0.394718377575875,0.040825851957942,0.0100512061088156
0.018966579337955,0.0233730966258685,0.0536147055839122,0.0122624954435194,0.00480833555725839,0.0173915647490566,0.00125175722156855,0.0261908706849153,0.0449680904777763,0.227379643998374,0.0010652280248162,0.00424649027669806,0.0196891666368409,0.0230329886089654,0.206081018228402,0.059707496569693,0.0480782758280547,0.0544658028524019,0.000585876049713558,0.152840517244209
1.96467108323595e-07,0.000359546417106081,0.0108918500442182,0.00575156850965824,0.070034125216994,0.0589232944054644,0.00114200881619929,0.0376528644782267,2.55546683973355e-05,0.0414235642352382,0.00537464010631677,0.025046958800438,0.0186484202539938,0.00479256052624601,0.497009876802218,0.0129689797245028,0.0514738669690041,0.00371985399712541,0.0220951977175613,0.132665071843983
0.0170836873525733,0.306644211883259,0.0309364650994092,0.00252210197609433,0.0173351227317982,0.00120891234678558,0.316062219087411,0.0499819264641714,0.000216339917033019,0.0019105024176142,0.00916373568430803,0.0411183099499115,0.0377859468778978,8.92198742287709e-05,0.140723598604518,0.000557101101031565,1.41968494517469e-07,0.000757737880646862,0.0258849766014859,1.77421813281713e-05
0.0062129507846977,0.00231233015782094,0.0267600758797307,0.017756575332838,0.101446647710528,0.000820290208525677,0.0248168986590784,0.0492894722886907,0.191747593930342,4.25222884091294e-06,0.178809471435994,5.38580540564845e-06,0.347386399537275,0.00640213201350784,0.0247461223830509,0.0016939804297124,0.00347408352744641,4.65636157426497e-06,0.0154850655018662,0.000825615823073197
0.000478973559339834,0.00527249387039528,6.846085963757e-08,1.47376342284076e-05,0.0021718931204477,0.00110334027192251,0.0495737060184656,0.00504272212778591,0.0792870542610992,0.158226484144881,1.97941583900361e-05,0.0649798176700993,0.397463553918877,0.017518733935982,0.0964082804556508,0.0699326237783521,0.0282463284870131,0.0198849030264034,0.0025765970783747,0.00179789402143205
0.0407951342437261,0.000100422009873089,0.0237034327312389,0.258766500822121,0.060571366878461,0.139436279996991,0.0100737884131216,0.0120857056956504,0.0438559580198529,0.000616637277825288,0.0245701182049099,0.00400015655926135,0.000480536378980785,0.0377177410673019,0.195591746070671,0.0199387185555219,0.000569151157790691,0.00676912744652015,0.0217486225806204,0.0986088558895599
0.192173353443106,0.0101206336394194,0.0326306483345782,0.103986827488713,0.0111629671760036,0.0903461720516494,0.0147974164296153,0.0142279361469064,0.0615661922321874,0.00160612458954747,0.0270656877946741,0.0287010584186487,0.0613368604743057,0.02872382937156,0.0254145968888001,0.0914501403789641,0.179668035564188,0.004135388057013,0.0200676347756263,0.0008184967444939
0.000559941273186874,0.00648816203946123,0.372339449591301,0.0124609096174664,0.107520064489222,0.000344660459817118,0.112242117417399,0.00387563972950093,0.056727907467966,0.00157685815476914,0.036967659458373,0.061443147330189,0.0750143821469646,0.0488225600186907,1.65709269859904e-07,0.00170912718927033,6.10184687777573e-09,0.0361355618454432,0.000917518258618358,0.0648541617012443
0.0134927166256316,0.0499228740130638,0.000817750538667784,0.0264500989888451,0.00406352520782445,0.00704600762291683,0.00464811658149112,0.039787088010464,0.0821847743702162,0.182236024809464,0.00234536099754045,0.218474004856462,0.0549527104924957,0.0141485135988051,0.072555187021485,0.000479811587162262,0.0622396722829251,0.000225131495417046,0.148812187181771,0.0151184437173508
0.0795115562988674,0.0134539981348414,0.0925059439281232,0.395286015937428,0.00360390468199428,0.0275155368683996,0.103594428685889,0.000109948937857118,0.0660278618833678,0.0534341219605835,0.0284961199063643,0.000476813412181123,0.00504164870304835,4.11809638198995e-06,0.0821708593246121,0.0209703808865802,0.00562812813463365,0.011192772446254,0.00419622703083497,0.00677961474175807
0.000883171330117531,0.00219234826741655,0.0191486795785954,0.00535308219354671,0.188505863798992,0.132207858948418,0.0690277624875183,0.0038473372334178,0.00186806357563759,0.00221563155422442,0.210220986248913,0.112017815025648,0.103508970448555,0.0845884299622875,0.00858143289413739,0.0266918243202867,0.000188565976661826,0.00327580773586569,0.0242623566611485,0.00141401175861162
0.159782355964542,0.00636182021003431,0.120224559687392,0.0492438865370704,0.156736401706524,0.00998116390097469,4.15261501136712e-05,0.0859895364155198,0.0597543904542022,0.0051817505257058,0.111320002193447,0.0166002723818385,0.00952000435391709,1.43120497427523e-07,0.0201839703103709,0.0340870823021044,0.119596326887148,0.0071804761100645,0.00865956357590866,0.0195547672126246
0.00341994347589669,0.207089339916762,0.024810140033048,0.161736210136083,0.0163064802746627,0.00185335454399493,0.0142174969504377,8.87058448927846e-05,2.09507474604677e-05,2.37930120888488e-05,0.00278857960175457,0.041785844801107,0.00102636538130484,0.319481838977575,0.00823131819830134,0.00389088195597057,0.0799296951807212,0.0470170584753579,0.000803826782059742,0.0654781757105206
0.160525768118755,0.000343169183958528,0.0110223331782038,3.38196510359182e-05,0.0566381300437353,1.97300664571349e-05,0.00553270324778421,0.00342932931929143,0.0208526834407147,0.0365943761264643,0.00827547444710549,0.0631458164273635,0.000805468241857063,2.60489788939067e-09,0.00137710964402041,0.22598603792981,0.0865113067667121,0.294314074821743,0.000534906674904597,0.0240577600651853
0.0787757647220507,0.0287322946414961,0.00269763061839093,0.058828608135268,8.42945366616289e-09,1.15877874927143e-05,0.00561663393448385,0.00384655596227859,0.0191693511546101,4.23663079169382e-06,0.172876842682679,0.00942378406026112,6.68302497110718e-06,0.0540998864982749,0.0233105984194554,0.0663267255017993,0.0739622075286045,0.223845516903745,0.00502864585504018,0.173436437508854
6.38138883521336e-07,2.87286414681485e-05,0.000133165384903409,0.029206551222646,0.00142934543841059,0.0885811616104046,0.00770342890357742,0.00159513615547374,0.00929791745864718,0.0334984833520253,0.00161588219051229,0.00105882626444492,0.222961475594932,0.000180189570635301,0.0588897317696246,0.231900970149678,0.00846447144642917,0.0684027646954643,0.00180234091017701,0.233248791101662
1.38870722670752e-05,0.395129293954306,0.00434330276877888,0.0337870026764635,0.0382478380948797,6.6861570504573e-07,0.0783846515181742,3.04425443493229e-05,1.30541277099322e-06,0.000754744015470054,0.00089618499067365,0.170993154507182,0.0383888681283218,0.000284689653612501,0.000109378722859124,0.00143855499977869,0.0133679520091404,0.118520152054151,0.010145081548851,0.0951628467122649
1.0584387601913e-07,0.0518748447997411,0.0124433655667176,0.0187751268582452,0.076656041710778,0.00829595110069601,0.00446638788530644,0.000300995318143,0.171823530466981,0.0888194133227111,5.14491112630763e-05,0.190852710679979,0.140063723691893,0.00514486526039328,0.00159454740267363,0.00254976978718237,0.00580301612442972,0.161794246755778,0.0258101550841493,0.0328797532290637
0.0244853338438731,0.319210866291651,0.000934536590673351,0.061353769282231,0.0022770225658564,0.0981765607690651,0.034125644203628,8.31459702976474e-06,0.0545422361518294,0.0803268793975605,6.70619164241427e-05,0.0660428132324972,0.0110506066255234,0.0493743666006368,1.20345977203491e-05,0.00811734349886301,0.0854501973639818,0.0828789521835195,0.021363304237961,0.00020215604947532
0.00145143529774919,0.0566457815585241,0.0220470198366797,0.180548109209962,0.0352745164546817,0.0270402865601742,0.110115031881792,0.0511913791825406,0.000898787298312962,6.22905822522625e-08,0.0355844916720516,0.00894152611026885,0.00100528005266712,0.0237718866609673,0.0266838301649998,0.16500634583035,0.0526436309700034,0.167982080036815,0.00895849181767578,0.0242100271132017
0.0660785402617118,0.000396921671411302,0.0356033572585515,0.0646556771800515,0.00509268932182855,3.73795229444727e-05,0.204497467391408,0.000162157500741914,0.113420394910084,0.0300601960124014,1.10929722391575e-06,0.068745370120442,0.00377909089431741,0.0100934394811394,0.122558233223958,0.0147639732896397,0.0117106578282118,0.0768068772856606,0.00989563935614771,0.161640828192125
2.877826374945e-06,0.0323023527477054,0.119123165515901,0.28976034818334,0.00772590119885286,0.0121150819503632,0.0912714165142274,0.0154894009170006,0.00576402443158131,0.0973176689931236,0.00294855597513997,0.00523056339046618,0.0106996714841718,0.010590090477235,0.000282923453908945,0.0177205787853518,0.0655613009042017,0.135577669932325,0.0586045367395634,0.0219118705791658
0.000326856452424074,0.0195187249680809,0.381049644804519,0.000551326910736097,0.00738328062092959,0.000120162850440963,6.71877240193213e-06,0.000290825003117387,0.0748317083925697,0.00860700992379533,0.0312225510189671,0.264786029303527,0.00662466916867391,0.0851911750149338,0.00355660982828376,3.56360276920713e-06,0.00672969754154194,0.0657856833922475,0.00547117547206418,0.0379425869579762
0.217984167513369,0.00172394770781228,0.110144711454132,0.00319900796161682,0.0266673417712623,0.000903861191511845,0.0285662666104526,0.0631065890240387,0.000148092205975718,0.000122198260282432,0.0845682354650072,2.00337810378992e-09,0.0268077449109933,0.0717235902845379,0.106024148201259,0.177536395657279,0.000570490701111158,0.0286598660103824,0.0486850249851446,0.00285831808045358
0.0308395554636726,0.000112205649143383,0.0215437156445866,0.000192592596820132,3.00825549128329e-05,0.11987509754047,0.0571038530198758,0.0246565924355753,0.0341214687037318,0.253973731160333,0.0241514524918445,0.124965793598349,0.00116332116938061,0.00924158972503786,0.0742790696148465,0.0180991385987689,0.00987669159295776,0.00388130640740927,0.164268631441656,0.0276241105906281
0.0918493352641881,0.493137836026385,0.0455657985560824,0.0481165320189178,0.0164850254939707,0.0852294287814165,0.0109516549689923,8.54559986306032e-06,3.17558603917979e-06,0.0300867210872807,1.11629291625831e-05,0.136522954904954,2.54108943803555e-06,0.000512064034270073,0.0281443236392337,0.00804186411685513,6.23019462634216e-07,0.000230723292838974,0.00492137828290379,0.000178311307745118
0.124100863716169,0.0302348749457625,0.00604423603090498,5.90999535905141e-05,0.0305648432110973,0.00244035653184275,0.0279658317759798,0.0471374848635217,0.0891484195531278,1.14518195672626e-06,0.0174057172924205,0.129087488759924,0.0684496396175667,0.0279589148600959,0.0284115811670581,0.00319444031334962,0.238427019213734,0.118133202675847,0.000434735766402769,0.0108001045696479
0.027475415378463,0.129956968506406,0.113756277084429,8.91095098291912e-06,0.0237267240446382,3.28912950457648e-05,1.75871109984357e-07,0.00608919029188865,0.00487687652008782,0.00713479834312394,0.00692739326712104,0.00695505600515506,0.000160201350935223,0.00308855851236842,0.00944579958128484,0.20416254873945,0.0624260302544426,2.92657982833265e-06,0.392766420816593,0.00100683660664657
0.000383881610321165,0.0300293021781511,0.0520016852878479,0.0343937258258929,0.0313296509828773,0.0136132219531657,0.137428464333645,0.1028594878968,0.000196618139423582,0.000227484659302264,0.00405749051840779,0.0230888207055619,0.0382556074116347,0.446354682170937,0.00117538665881697,0.0247733402470486,0.000125145220976065,0.0125618497302179,0.00979599933259293,0.0373481551363797
0.0150014964050695,0.0076742330805202,0.00279877737851608,0.231985267159196,0.12863635027343,0.000393890080822093,0.0291748884589386,0.070461311588043,1.08683750133931e-05,0.000442413589315076,0.378910874325586,0.000196172147957901,0.0229721390462527,0.0133577230439503,0.0153085249029743,0.0451383725871418,0.0334458004327318,8.90502388926355e-06,0.00273443177000652,0.00134756033064519
0.000138628879508712,0.0146560678196025,0.000254063097563222,0.0389653347170461,0.117942423642939,0.0130672162417659,0.300885154565298,0.00172897541450856,0.0284680151684058,0.111059787366857,0.00582622603872459,0.228900717161019,5.09420212356814e-05,0.0152026558978981,0.0814962561834364,0.000253905671132891,0.00464726953594401,0.0341518414491369,0.000951360676891554,0.00135315845108465
3.95371232918879e-07,7.18293713026612e-06,0.00787923464041588,1.44050354668405e-05,2.78564570275208e-05,0.21128335931776,0.0530702652441345,0.24538238736993,0.0656327027839723,0.0602681545167805,0.029629493223259,0.0874542832545753,0.0036840140418033,0.0212675258420245,1.819473746436e-05,0.0810414789332009,0.00461065783438603,0.00829069369679571,0.00739387590150702,0.113043838861134
0.00387784280340354,0.177768959136134,0.0481649000164693,0.0326521890555439,0.0325737298078841,0.0148481060217125,0.000134089298829973,0.0326549949795704,0.0218719987102968,6.72337209116864e-06,0.123954845270378,1.77917407262918e-06,0.0645421042846531,0.00713383379725155,0.191835014971838,0.120215315076285,0.0570880571770458,5.61802506487147e-07,0.0395380390168632,0.0311369162271713
0.00759232961772217,0.0168596897773911,0.130956268580205,0.0151681801144325,0.000860487144741574,0.000747348428306396,0.00399247167787047,0.00224126810951767,0.000180406768116227,8.2170702488693e-06,1.21039861902281e-05,0.0871271661119927,0.00474008995424113,8.71655387547688e-06,0.166632553729561,0.0470299081810632,0.216262328076311,0.0387358666094742,0.257383836861544,0.00346076264719526
0.00560092084708681,4.16775171266598e-09,0.0424397581249773,0.000247717511148256,0.0447635165560338,0.0694261895120786,0.000606268175833967,0.146846665555341,0.00151741601107941,0.00353243957382692,0.0141890561133589,0.0907371946055896,0.0272474445436313,0.0567144098497632,0.07714968619639,0.0855371984071795,0.100918856802602,0.0248575836158675,0.205393038057734,0.00227463577272644
0.0121473147659164,0.0931508290642135,6.04061191619839e-05,0.00292186354201214,1.128933643648e-06,0.00562831130172532,0.0396383384830898,0.0897231943326832,0.0416272964865708,9.06360523541477e-05,0.148872821736163,0.000740231829650079,0.00151593203125277,0.00556071783238495,0.453189208700211,0.100554761053744,4.26817062088812e-05,0.00380546046830608,0.000673017533711279,5.5848026996279e-05
0.142845671381403,0.0473156383577858,0.00259972921726552,0.00618561648849548,3.5645088540833e-09,0.00561372781670029,0.00530913773624396,0.0725014757651184,0.00254488359434894,0.00107958236259699,0.0474331851282409,0.172706786140328,0.000288023451940366,0.0763749054137962,0.159691040304705,0.00480036457423731,0.0106715861771977,0.236875176496187,0.00432452448551555,0.000838941543384843
0.117186795771968,0.100765977778306,0.000799415736728971,0.000667523349866082,0.0634840734045598,9.97286037934735e-05,2.71763288568164e-05,9.8893096203007e-05,0.162462717541647,0.0820468237895951,0.0327298077855932,0.00846994752305465,0.0245359473021332,0.0109099997777739,0.282522520637571,0.0198801080242064,0.0116036734035866,0.0799027795975083,0.000462681847826769,0.00134340869922257
0.00131428136391987,0.0114586735730449,0.000768906051832291,0.147334296805669,0.0758732063355668,1.25210499321719e-06,0.0697427515441524,0.0160968903164669,0.254591935325578,0.0182854783775583,0.0532691426216918,0.0789192140344528,5.30522963127835e-05,0.00536050277911768,0.116860369114395,1.14203929462757e-06,0.118964642746475,0.0217057222360555,0.0072429146821144,0.00215562565130831
0.00606844254680773,0.0648746985817104,0.0924831777722443,0.23850963989525,0.000562636809786726,0.0185168279648122,0.00852208777897892,0.00628295917362327,0.0362240487961474,0.00115336983343068,0.00535428811148964,7.95057293170743e-07,0.118286283199358,0.0383568201508674,0.00580680552715757,0.00739230368314286,0.00383717039544195,4.17525104982317e-08,0.001488137371797,0.346279465598151
0.00322022655265365,0.0356251353440708,0.0735125982105534,0.00258369729625785,3.03124213796398e-05,0.00101775215414575,0.0773212635950145,0.0510733437966987,0.0119429569473879,0.0386110806074111,3.68731416431196e-06,1.6342862010307e-05,0.200552819793364,0.00950891222689845,0.159068142305379,1.15161810611169e-07,4.12035406036174e-05,0.0007556177365452,0.335113414493957,1.3776396933658e-06
0.175585098033528,1.46486331497334e-05,0.00753808158157925,0.000697438072693626,0.00317796007454136,0.297167291064678,0.00761967298556547,0.035435124035849,0.0267792775034132,0.00166566808216622,1.67408008533818e-05,0.0155676166246916,0.0807355818774051,0.0129075778590007,0.00595671229219888,3.43915791588263e-05,0.0261902822147289,0.28593331296788,1.02271020101954e-08,0.016977513489816
0.145660318790984,3.29760464112576e-08,0.00134618083030661,0.078340389938833,8.24689438152417e-07,1.39753440310615e-06,0.0344663386528533,0.00138558774365276,0.0432109349102166,0.000850678819925122,0.0808239232426041,0.000908631785601292,2.0185065789231e-05,0.162148121361583,3.40016964366605e-05,0.132250301260818,0.0289830877793026,0.289333339883537,0.000131136571660031,0.000104586466010351
0.0266101667385559,0.0154107567043931,0.000502593288579477,0.000393739620434169,0.00126876513999889,0.0209294755806722,0.000145381139917692,0.00811570028989373,0.289796237456643,3.96922294675849e-05,5.28592597737218e-05,0.0405800124822617,0.0137747339202386,0.00307597455455188,0.0958601731160363,0.000611823049722684,0.000330245467274278,0.0398645523974005,0.187761091535238,0.254876026028946
0.0444899065468043,0.0535378239623826,0.0005372660773888,0.00037315297582468,0.0326031497183222,0.0199142187522315,0.0265951419562098,0.269419621291276,0.117215770918276,0.0322104964674714,0.000113538160971598,0.134112165234625,0.00425649080140905,0.110445751924647,0.0312483128613638,0.0659550439721187,0.0329216956163236,0.00221168613062716,0.00102303006634486,0.0208157365653822
0.00176601529065657,0.222604009199384,0.00933253661496619,0.000383472164165359,7.32920160398254e-05,2.46799983847868e-07,3.52141355010702e-09,0.0108178467834628,0.00639542922740492,0.0648601348602906,0.0323065911466803,0.032594314537751,0.0214996501887533,0.00242173711824664,3.79209760761947e-05,0.025201312719325,0.00372384297715995,0.116725040010499,0.0291077490647748,0.420148854782966
0.00283389277210848,0.223750379323809,0.0423349001723696,0.000186619675018291,0.0015336477067785,1.89559458491593e-06,0.000126362797048925,0.0865356758616659,0.00283149106504514,0.000942458189978146,0.209108846576353,0.000921517698301412,0.126277185146291,0.00220737938312287,0.110917507524619,0.0214139231265143,0.0489970995896838,0.0627374813755294,0.0116098988444327,0.0447318375767458
0.439487498360305,0.00891338023151162,0.0355320600485685,2.71310962903777e-06,0.0374260753911785,0.00763094283768097,0.206492655536946,0.071841003772781,0.000247387688306975,0.00484030287920625,0.0231036499069112,0.016023829028788,5.47240396684299e-05,0.0180436713780217,0.0106507857548556,7.8621197095771e-05,0.0123855569884709,0.0333264801243882,0.0738399243101228,7.87374155642745e-05
0.00321977000637851,0.012931229538964,0.111229225329118,0.00199083025448151,0.00184003618905564,0.00179878540369907,0.0130893844760304,0.0916002666149287,0.00067999742432497,0.334029061576455,0.234643718806105,2.76667841424404e-05,0.0599068697709348,0.0260505714161125,0.00389672684677033,0.0485691932357711,0.0281176025357975,0.00377769735216059,0.000629455132466176,0.0219719113063042
0.00870559150858673,0.04804178568802,0.13260545195865,3.93032173820263e-05,1.23580519743149e-06,0.0103324832516985,0.000181591660516051,0.012888324386042,0.0540202468856641,0.0120163255483426,1.26550233736511e-05,0.0289541489415244,0.0485469596680488,0.000954056464628763,0.332621432038536,0.275151075777205,0.00451462689539062,0.0299695743322577,1.71908091809998e-06,0.000441411868017554
5.24655322482004e-06,0.0627249354236193,0.0301491115941085,0.00700641569036504,0.0668824035061229,0.158602013745593,0.175808787842839,0.00631544402908877,0.0226990512851756,0.0225831956914257,0.00248992199061498,0.0610726450295571,0.0999220770325291,0.00966393787570601,0.0159233445166349,3.75570139280777e-07,0.0739984863033186,0.183977497584625,7.92322856856185e-05,9.5876449626884e-05
0.00111876443711894,0.0199872713143101,0.09585657953351,0.0012759059602467,0.00371087300798928,0.373068959882531,0.0697078738817957,0.000662533637157751,0.00709427397691852,0.00782571194791246,0.000673273752985791,0.0143929389430129,8.90994389304954e-05,0.00179144744728128,6.97965810417269e-09,0.18189989281477,6.25042989543454e-07,0.00640785027115392,0.110154439930305,0.104281677799423
0.0352306911789535,0.0498333328788471,0.188243513322808,0.000704522183984467,0.000115407036013634,0.159014889275107,0.124977329471429,0.00998684129353859,0.041800082756628,0.00099760302041016,0.0134013559869277,0.00167241589176662,0.0279746684569336,0.121161691673543,0.00438762217037004,4.88815822446138e-06,2.12855739039782e-06,0.0584653500291407,0.146203155096133,0.0158225115618504
0.00112857589114405,0.087660103025996,0.0458619916205045,7.08793011280418e-05,0.0307074761999457,0.0101793410597373,5.65421798569595e-09,0.196458926110589,0.141852817109576,2.41370935582111e-05,0.0365024963821187,0.00145585848573992,0.16369321560325,9.43684465109707e-05,0.00215269933321549,0.128384878525406,0.018243000785511,0.00063975077646001,0.125707439916318,0.00918203867907248
0.122309157757241,0.161144727827957,0.00169974211040405,2.18091161367465e-10,0.0172602012719235,0.0141202905794342,0.000139831369874637,0.00414630728906479,3.3323124132397e-06,0.0137074669346833,2.16003525503201e-06,0.182213370316703,0.000190224296540651,0.00878179946667797,0.149642475572132,0.0114872472885276,0.00541383531510031,0.172715105584264,0.0173125954384617,0.117710129015251
0.225553058032606,0.0164050762766451,0.311929586420867,0.000215024800427347,4.40817505423074e-06,0.00136665670338352,8.73281145074094e-06,0.0308091327199131,0.026885747093543,0.0891751491479709,0.000770576544836739,8.87292348412503e-06,0.0307971945163236,0.00367515139123288,0.000821758777758493,0.0562115490814534,0.105760208385337,1.87196126896449e-07,0.093368082193436,0.00623384680814996
0.0247441423186736,0.0524697862063631,0.0566349789025019,0.107352267824453,0.00236381734017966,0.000112479444500564,0.0182434008316576,0.0159706597296655,0.0295480659431794,0.00839402646734846,0.000323142179393676,2.1264385683633e-05,0.092722176429939,0.00482856646520466,0.015018306177971,0.0935709203062083,0.00453139937395773,0.0158233249252835,0.0734004388551543,0.383926835892681
0.032350349377903,1.59352048749901e-05,0.00210497718787397,0.000970987884476125,0.000352396932237079,0.00357281960737575,0.195100102785742,0.00139120019204887,0.00174596753462685,0.120036763275899,0.0853286054354498,0.0289094394833425,0.0710243119595473,0.0201413220468782,0.0150382726334529,0.06300047467861,5.76730716374898e-08,0.326602207640073,0.0203551938148043,0.0119586146517132
6.21143128734232e-06,0.00792533529825946,8.3036415325879e-07,0.0206153888155993,0.00871487179547276,0.0170832102119474,0.000187543740369934,0.0476984011113686,0.0222674491437713,0.0137994094407018,0.0125196742637165,1.02631072873071e-06,9.73680692082649e-05,0.000503243731845745,0.263913483818364,0.0197730105894041,0.00137968508540122,0.534724559730831,0.00787747306556203,0.0209118239820071
0.00222863964467825,0.0131314442812891,0.00149426777107719,0.00627964116898149,0.00139845446745348,0.0256829408395213,0.00608691533781497,0.00358618634895252,0.0106343883432628,0.102086181683046,4.35978451457646e-05,0.00478810345179608,0.0403729827969018,0.00899325213193229,0.0233577411492134,0.372651922623783,0.00455936181222683,6.68686460265693e-07,0.35023353118274,0.0223897784337228
0.00207642661983338,0.0062335719466926,0.000726865929223495,0.00138712838254895,0.122062012330255,0.000761741982297895,0.00861903677825513,0.000105352047784508,0.00146538282890203,0.155281751823714,0.219720414331829,0.0706731744837498,0.0265360217408387,0.00208206142451378,1.07242672379246e-05,0.029160280221895,0.00144775551243397,1.44310971408715e-06,0.351475485464623,0.00017336877365773
0.00528916203178608,0.0526369725390793,0.153976151407785,0.010150818803859,0.000559672566387475,0.0221723414781296,0.0514972001212427,0.0496535141560889,0.000124062737507203,0.0635282854399274,0.0297286740366835,0.0149122323774517,0.00036144916831518,0.314273268704362,0.00566272020288643,0.00800954244503094,0.00290742306984281,0.0246737067391345,0.11131890382957,0.0785638981449305
0.0162871038027767,0.0211848643182794,0.184764633610892,0.128288313844897,0.0170489602131692,0.00241488177603368,0.0483259692430194,2.26321795822322e-05,0.153856728894813,0.00070448460697978,0.0185652218813553,0.0388504869109989,0.0107832664721264,0.0361449499511934,0.0119901927814677,0.00267650194570224,0.277692846675997,0.000115754242779715,0.000956055154063694,0.0293261514938737
0.0940446460582326,0.0275359021766421,0.033843537320462,0.212209012522405,1.37126971299229e-05,2.55524496283243e-06,0.00166939223683807,0.0842437201359326,0.00040046752665977,0.000180330434804056,0.147886418250326,0.00190869684606597,0.00105566328253133,0.251914693042488,0.0105245810908223,0.00117779292620315,0.0387023053639082,0.000208758950805061,0.0845243420858581,0.00795347180692354
0.0942961094604871,0.0559910815924373,0.000987188482593254,0.000128857868157431,0.0952278297445236,0.00508022152715489,0.00727859764698664,0.00219818316433035,0.0948811344742638,0.0157219917831292,0.00225438937537349,0.200241579604982,0.0207068770374587,0.0222586438146635,0.00103861626728736,0.119892423778463,0.154139724893645,0.000423429831914601,0.00867248787970428,0.0985806317724454
0.307053923090049,0.00157866627666523,0.00195797791856298,0.000292023181548751,0.0633140780807691,0.000909127008170882,0.00651114075988131,4.26924107844326e-05,0.00537861423059716,0.031947051406643,0.00275484516494116,0.0017201905782148,0.0700600315479993,0.00509951647565839,0.0167841393310584,0.190651636911995,0.154469307613807,0.0223952344546264,0.00285292457815252,0.114226878979876
0.0958025606847282,0.00187346018560804,0.147547316712817,0.0490709839429953,0.0052149661286743,0.0839483551420736,0.0481287550005087,0.184946548369224,0.000501365039414647,0.216256627306296,0.0345462867810748,0.0112166270675742,7.2872059665071e-05,0.0621012338385649,0.00119483450500302,0.023994952431521,0.000617855460114544,0.0279624771453363,0.00263433126011791,0.0023675909386882
0.00817118417765746,0.00590972271914111,5.26002849330079e-07,0.00905292912811687,0.288221120191895,0.220595296319984,0.0721851025708198,0.0825231257484621,0.00409885336992791,0.000264669039526908,0.0586271521016604,0.00278119256008494,0.00317126822933536,0.102137231571735,0.00623060119631008,0.101494455821613,2.05120003608846e-05,0.0195831794274659,0.00189704893115913,0.0130348288918943
0.0638043164769778,0.0440118732555546,0.00713688162157091,0.00474075185446701,0.0625889460322356,0.0688168803111399,0.232075423349647,0.0015589760602477,0.000707988469250931,0.00119983626206402,0.00820319120081874,0.000182898680808243,0.021158840533442,0.3274200305512,0.0434429454661255,0.00731449717129272,4.43590023681947e-06,0.00733367627841633,0.0088047740797681,0.089492836444736
0.00241171902238018,0.000116457504325133,1.19446361862457e-06,0.00325155153420416,0.0237970387972141,0.0113518349436581,0.00309205504345501,0.0178565587154053,0.059330210367179,8.79995807231103e-06,0.00380234748954704,0.00118176602063754,0.0659982092385937,0.0880044606149451,0.264699945204022,0.00328529131516769,0.0644521059657547,0.00434560490532552,0.00579185418756367,0.377220994708931
0.0138293730060184,0.00158122762418593,0.00712527805914924,0.23190611589265,0.0165755643605127,0.0249710309370238,0.00837385911768606,0.00184091868428643,0.00072035540556669,2.1521019601542e-05,0.0152288986012031,0.188910990184869,5.6704318655739e-06,0.085058371508684,0.00591669212363957,0.0165551190712393,8.72431439586891e-10,0.038296596352663,0.000559326468074498,0.34252309027865
1.15236804419884e-05,0.200368406517978,0.0422793980033422,0.13897121800195,0.0113532285852029,4.94258216015038e-05,0.0601819466131577,0.0413442274296098,0.000760362625759115,0.01264700875838,0.000151872361463529,0.0155329068802676,0.0230850405396856,0.00751488022899622,0.0328640805507398,0.133193348122426,0.0025910447585162,0.0446662021830753,0.226984327124663,0.00544955121274228
9.79879584894113e-09,0.149872926802357,0.17073943625381,0.00110524223894688,0.122841392683606,0.0402207253439169,0.00703413503200818,0.102725612035972,0.000157946243148868,0.00155105409637672,1.38920388713604e-05,0.00314351415144596,0.0182271523161159,0.0433953656021221,0.0180349350779172,0.0324418148981865,0.000863912618696564,0.235249259457223,0.00260473470067809,0.0497769386098045
0.0425231782218307,0.00328237958746647,0.000101054907116602,0.0890385354591126,0.0523218706286492,0.336789365429505,0.000210276792461053,0.0130131287859278,0.00177760086692144,0.000931968623043719,4.02846457271641e-05,0.0158260424951829,2.27699399652601e-06,0.00353208477575503,0.426345328822893,0.00110874831735937,0.000714870944597595,1.24390523734329e-06,0.0116958362985184,0.000743923498698113
0.000687403277226745,0.00367719371856898,0.0300526614520127,0.015139302717575,0.0135308683920265,0.000551822440987452,0.135749093578653,0.00335442583937034,0.00775512590261837,9.40396892447496e-09,0.00627101240327815,0.0101930522644569,0.0295418889842512,3.84050308850349e-05,0.0240018445323995,0.336027361625791,0.16731110295521,0.21500296764231,0.000935037618608627,0.000179420219802043
0.0153012823501478,0.00625484925598359,0.0557620823610865,0.0838762910617523,1.35815750779901e-06,0.00454443341758237,0.0621903432701679,0.00649411003402253,0.198205497792412,0.109469081408574,0.116870374259272,0.00107900622514277,6.08657454546838e-08,0.0013135970312912,0.00683288181161481,0.0755306623256346,0.0201909496523865,0.00153672292770139,0.0108290047723343,0.22371741101964
0.332406661867101,0.0159797030932583,1.03781222535261e-08,0.0147706321946849,1.40399163284697e-05,0.00140447204032359,0.000170954753724952,0.0387790498617368,0.0269868527844793,0.0283527610104934,0.00319910138967232,1.99864735226291e-05,0.00105812187692248,0.0132115613612977,0.11449051337984,0.00312910122374651,0.0477097999438538,0.000122105548451833,0.341457983601236,0.0167365873012036
0.0356120665281337,0.00204556748578653,0.00271622319809603,0.0244455252767944,0.319634115302634,0.0676734488897768,0.277273569299326,0.000672140201633657,0.112120336016235,0.000870691128646407,0.000700289829817878,0.0828884133529211,2.06063446547235e-06,0.000166744615464218,0.0513255116508783,3.79454719465496e-06,2.27432449687867e-08,4.79447353934088e-05,0.0182180355716178,0.00358349899193928
0.0392559026192983,0.0173680788953682,0.299499601723706,0.0012798461808604,0.0242385408108316,0.00948647427347688,0.200663297661178,0.151279388363169,0.00231335505870337,0.00346845164713891,0.000212045157209194,0.00335026575155435,0.0994924193868348,0.0317800579017386,4.55852236958444e-05,0.0748677784343804,3.87536432377967e-06,0.00128230288070804,7.90688230568617e-06,0.0401048257835186
0.134107331938247,0.19683268984229,0.00193650201584339,0.015530587905652,0.0587160542058254,0.000100158235706552,0.000107376257369463,0.0874567881280255,0.191899062383371,0.0124666532153161,0.00389289031855933,0.151345096735451,0.00139615788741753,0.0690487524468347,0.00053308021837025,0.0156341652559634,0.0450984106595809,0.00207051480636005,6.98318702462854e-05,0.0117578956735696
0.190578456255547,0.00142973558513308,0.04892915671764,0.0153350196544863,0.000430736578843418,0.000191327491335124,0.0456860523762488,0.0229739491260082,0.0182729433998958,0.0478785402470852,0.000124611660415514,0.000178657925387095,0.0205787742453149,0.0349654514537743,0.00859025896987014,0.00811794109136394,0.272458376895628,0.0375577877286048,0.0228935119433951,0.202828710654023
0.00725998057412306,0.0666484077249857,0.00482994662497472,2.26139469201513e-05,0.00016424787173221,0.000629755285383031,1.70998663094375e-06,0.00177969657115631,0.0169858735068285,0.0112328506750427,0.0283245501652608,0.13489541409092,0.00216485567232317,0.442171754385392,0.165930910637852,0.0071377719544751,0.00148044576817973,0.106479944414175,0.0015763972545176,0.000282872889127679
0.00300869390873652,6.49875077880349e-06,0.0292389145382064,0.047512314454359,0.000136761203108413,0.0592891749673116,0.00656282999654363,0.00297210931162351,1.49584872762805e-05,0.0139784904925292,0.171667462738261,7.17448336564803e-07,0.494742917034986,0.00898814872589243,0.132895512257193,0.00426610328801332,0.000104927090496255,9.3145265609361e-05,0.0208566230917345,0.00366369694900373
0.0479815233677993,0.0648979383905812,0.00861730639599915,0.000488539402667027,0.0699677642029283,0.111944733086998,0.000450520455734525,2.74051199237962e-06,0.0174760059065942,0.0328835012722543,0.0328183120258065,0.00790577024928553,0.0469019319953681,0.00219597353295708,0.334359000037178,0.0416548466506662,0.095671285553346,2.50135978983751e-05,0.0442614139600884,0.039495879403858
0.0134872602166281,0.00147005402053679,0.0736122121045169,0.00169740359783587,0.180001084241377,0.0807083894344164,0.0030979785632412,0.000125239755024015,0.00674002345711166,0.00267994738357368,0.0136785135311798,0.0088987068199507,0.169751086510986,0.182861382117896,0.041899949077629,0.00928468344161497,9.56582574051028e-07,0.141548682458265,0.0161704198955117,0.0522860267901316
0.0285596863295875,0.0193326992629567,0.194150038913471,0.000164235295448116,0.103743912379911,0.0533541320198316,0.0820963489009522,0.0125592153096981,3.54815440159422e-05,2.35682335801024e-05,0.240602106024968,0.101142832824877,6.38953729319986e-08,0.0530680283819143,0.0386054109698408,0.00217748672454878,0.00987360310504826,0.000156544316627751,0.0601842057744304,0.000170399792919244
0.00399234983576579,8.65399853974656e-05,0.0265610952659407,0.105979891075247,0.0785577166931186,0.00424264600503929,0.0427395784190283,0.0237161342410868,0.0352534745943233,1.64372963268269e-05,0.137382711746943,0.0867030751220338,0.237834553470557,0.00813782874447771,0.00939906680093508,0.0131317460163999,0.0540830968211313,0.131859189486113,0.000172884789309726,0.000149983590825923
2.25466383242061e-08,7.85799371444513e-05,0.120512284827654,0.00494528655826431,0.336989277602176,0.0160480395475964,0.00549091838744543,0.000938369471150673,0.0553954277356259,0.0132464266102771,0.00520585747345357,0.00957274849659622,0.00323500265298874,0.00168053972146974,0.0256753475346276,0.0883942323558543,0.197626346077618,0.000261581377294132,0.108171255031737,0.00653245605438753
0.121550001709901,0.0268118350851825,2.25524182903645e-05,0.000103566196953883,0.00022573691874503,2.51805285289725e-07,0.0272150985506056,0.0166266746356989,0.0238963482428531,0.0145761307094396,0.00391671155481817,3.54463189681512e-05,0.28279934608142,0.000199287738662171,0.00548112312692413,0.0400628927111764,0.000330093038549209,0.0146877357657426,0.377614057226047,0.0438451101647375
0.101614378357273,0.0211730028337492,0.000366955677931282,0.057802646378043,0.000396778953822647,0.0150982908072754,0.00132571479193457,0.0572615013249022,0.08375467783317,0.000514830369635693,0.00900523440485727,0.0209053089724794,1.04723712852758e-06,0.00794146423722112,0.344881506713585,0.00546912836729991,0.179834950834524,0.0076622273342533,0.00071944699567628,0.0842709075752379
0.00911147409573557,0.0248004492578884,0.0359908359449493,1.78694008805157e-05,0.190539485157851,0.0663128464394718,0.00232975402161958,0.118531998956666,0.0341197063117583,0.00199562211218916,0.00010141611744536,0.00171098555421223,0.000145164524232996,0.427557181867722,0.000537828650373746,0.0011199702262204,0.0217105197449607,0.00265548354255769,0.0121454191457113,0.0485659889275542
0.189003410482733,1.95680937702473e-08,0.155482055989256,0.00549626150590132,0.0850333780903379,0.115274897889093,5.2945915744239e-06,0.0059533779692645,0.0489076623269657,0.0335704155508285,0.00195780209324187,0.0832703719618741,0.000468028009251019,0.00142524464965273,0.0518104809935503,0.0668826714413356,0.0173500152448342,0.0157130039124421,0.0857482886231735,0.0366473191065965
4.65251473013887e-05,0.0630062724944245,0.0187518998294134,0.0354703602779378,0.000915092891979371,4.06979165220983e-05,0.089890339438611,0.0142673557588385,0.384910191309237,4.668047202407e-05,0.0267025632190536,0.0221318614827756,0.000635905644737521,0.0215466126715824,5.00476523915068e-06,0.240831530097107,0.0092584894129616,0.00937360149994122,0.056787683810152,0.00538133186016038
0.00738705259218688,0.000737607438169689,0.0605091759315884,9.86885414285541e-05,0.00606283829048717,0.00881822484212802,0.000528488872472608,0.00347656669233751,0.737402959156875,0.000325833325009664,0.0398534159501261,0.0192172411064875,0.000844320085688481,0.0697855342171779,5.51578037566668e-08,0.00680334272768874,0.00131940722328926,0.00589889050841487,0.0264904129814061,0.00443994435923369
0.186803263188771,0.217165702950551,0.0708839999627237,2.64318475384559e-05,0.00289989987060478,9.38855980718453e-05,0.119733302595951,0.143213052862342,0.00153038328142499,2.71277595128181e-06,0.00450583925424185,0.0299846189050954,4.28107277995863e-08,0.0135546571852861,0.134676885028182,0.0479993743290711,0.00138839191566916,7.39214644340718e-06,0.0123927541690173,0.0131374093223363
0.0377362841114533,0.201443729399302,0.459566063789242,0.000329702914882989,0.0516794756761886,7.95116506897233e-05,9.50788742832262e-06,0.0283829949629314,0.0302942103228601,0.000773458232251527,3.85035090173917e-05,0.0416581678099602,0.0435700032155239,0.00562226334583772,8.5404845533983e-06,0.0717023975293201,0.000732097001012307,3.23826381581839e-07,0.0165090781408161,0.00986368619034788
0.112629939398613,6.16939397272932e-07,0.0103827924406774,0.0107403233235393,0.309690454131939,0.00071467409777092,0.00298682067176981,0.0407605573944807,0.00535711616908179,0.00714513014828152,6.66698971254001e-06,0.00757583334813042,0.000418936052498672,0.432683277635014,0.011031560537561,0.00872835511258047,0.00019042834841213,0.0134044632874089,0.00532406211044629,0.0202279918626848
0.000193242212293511,0.0102129931588647,0.311250897916392,0.0312888472651499,0.0247402296856545,0.00240175089157138,0.0269565524798887,0.0849261082300522,0.0283639290964838,0.0103814757066394,0.00786121731281725,0.0664417013565626,0.0736969692599828,0.123063398602447,0.0540990640913446,0.00684572163326605,8.89988957660093e-05,4.4057135219017e-05,0.126827697393139,0.0103151476764656
0.0486323721058771,0.00211557269708734,0.0164818755652038,0.0259628646035299,0.0258294967182261,0.11925561397057,0.134071334251281,0.00564581611201942,0.0556327787347512,0.00414193426448817,0.00876500892191159,0.242172528154636,0.0581629351438884,0.00180862790021336,0.0885661232857332,0.0826002829733519,0.000484111541137019,0.0534425667722549,0.026198474833174,2.96814506661749e-05
0.00980951215861365,0.001763232952783,0.000312509453864857,0.0656737601410408,0.000100726312550305,0.308111717006927,0.00409135710705426,0.133609717557586,0.0829423610113234,0.000207746331245741,0.0544749757859797,0.00132008582163627,0.00032967497430601,0.0229356272626108,0.0793151107411531,0.0121197085815874,1.56460011622468e-05,1.40671012555914e-06,0.000977425384642806,0.221887698703808
0.0292207875625484,0.0109642867311181,0.141731140873998,0.0023334592205209,0.00435452132930263,0.0836915306668479,0.0186362875086475,0.00987342984789059,0.0251619447033841,0.44219038405348,0.000635615502265032,0.00338110380190457,0.012043770986635,0.124566547255649,4.77565359666326e-07,0.0791556636197101,0.00286484204725342,0.000518541520773323,3.24013827799124e-06,0.00867242506443431
0.303003005246764,0.00346966555994431,0.0234713616290561,0.037119715430709,0.129206128788239,0.00606838032142593,0.0566292481507835,0.0740363682388004,0.000516898131050109,0.00598974457073103,0.0164865217242463,0.000117918701573501,0.0109434582301071,0.0192191578717882,0.00435102626076004,4.27802232891047e-07,1.04552414648493e-06,0.274985882390886,0.0190610285828324,0.0153230168439246
0.000266981561100367,0.0028661705103729,0.00929618972327114,0.164832448769748,0.00326014451004982,0.0632099304147483,0.0840718604639349,0.16139887095212,4.6338906744859e-06,8.96861493600882e-05,0.00848552820277457,0.10960047647831,0.00642691342582712,0.000199636569096985,0.201282952948367,4.58572752696533e-07,0.084239189682817,0.00358517860331385,0.00794818707298946,0.0889345614983714
0.106766708378616,0.0663950879079895,1.15043210802245e-06,0.0204298485658999,0.00380916065577755,0.0343975788252575,0.0810865224799316,0.291551173150319,0.00415524791725757,0.0348607857228936,0.0511302469406331,0.0163427275320753,0.0509774691813937,0.00289760948519871,0.10668043154917,0.0108138076355439,9.56269992426522e-08,0.0839659652037661,0.00631004688815039,0.0274283359210192
0.0356105424583204,0.0412199140425415,0.0036064399970113,0.0482053840467098,0.122709869630282,0.0246249381345309,0.0388196704832055,1.72419294451453e-05,0.0012291167473093,0.0624563519927164,0.0820343505990782,0.152104501930432,3.07304262193257e-05,0.00181364532665777,0.213951717464541,0.000447816809603405,0.135728634234277,0.0283440624462479,0.0025859642018592,0.00445910709901182
2.33187140890226e-05,2.58002632617521e-06,0.0365097158479553,0.000175662514591683,0.00169887786005285,0.0497281502455766,0.0563903498974811,0.0075745611354745,5.13162115055291e-05,2.17872224965659e-05,0.546555447116587,0.0993769544302929,2.45039975466992e-06,0.000126700407548672,0.00151089147052119,0.0101293362193329,0.0548765016286579,0.12384215107907,0.000308533761882198,0.0110947138108027
0.000124655113524282,0.0988272971464904,0.000907746692483884,0.00181588959123892,2.63621801550789e-06,0.0486902830037215,0.0173410009406422,0.0352000751783564,0.000117286678836204,6.95844950573486e-07,0.0094853621908062,0.221916275296954,0.163555759805464,0.00109249780527222,0.056044376362544,0.00110159535262773,0.0458336608661061,0.0444528280057192,0.253116424549178,0.000373653357069442
0.0822546625923478,0.0564915502769498,6.71379441876171e-05,1.67419948918494e-06,4.76461915196531e-07,0.0179447072046889,0.130478751232061,0.147549941840668,1.38869435761882e-05,0.0628510813739459,0.0519507111799881,0.000552464021353809,0.329673443019816,0.0389637468017304,0.00355993752836305,0.0258427534709639,0.000867030739880186,0.0277521013098186,0.0113085193380025,0.0118754225202545
0.000452362573775882,0.0419006783419168,0.0240007578866982,0.0177051396496107,3.4940704026201e-05,0.327318529964094,0.121429987210508,0.000676410026439846,0.0019726832405166,0.0308247507668054,0.00442158445752065,0.0207484320617744,0.000383511486309097,6.32971591054171e-08,0.136543139002257,1.57776530176592e-05,1.78320391222916e-05,0.211956712298177,0.0595936818799768,3.02546029353491e-06
1.0289784524936e-08,0.000802662194942153,0.000553279360069091,0.297580135902558,0.00768326797638474,0.00130792844085019,0.00888797348084214,0.246599909277794,0.0288747819259644,0.060981674447343,0.0104956503538028,0.0438087987323053,0.0101925017390331,0.0137875361116081,0.0444410292360302,0.0962602970014692,0.0109011157944455,0.0154874809429974,0.0924753931911309,0.00887857360064545
0.000641194036894238,0.00208486956288635,0.00619419403675228,0.00356385140290211,0.000323278791695641,0.00696294891765691,0.0091516982404473,0.254625939751558,0.0371701827171714,0.227157727218281,0.000467171995171904,0.00162972047358486,0.185309523308086,0.00987252971649931,0.185873593482286,0.0276363472084308,0.00662085541518714,0.0267342352299882,0.00409520120493332,0.0038849372895885
0.0312933732000558,0.00585205973171927,0.00957679578143033,0.00144199800078054,0.0055113292470555,0.00147765785635882,0.0731140174300855,0.384279673003518,0.170629355646019,0.0234632052104939,0.0143019605568711,0.0335334870646356,0.00324638252630816,0.00340228505013654,0.0994181151207533,0.00375138994521489,0.000488079620528283,0.000870937441779429,0.133756280326357,0.000591617239899358
0.0103324452205824,0.0551514578969618,0.0020524351937885,0.00110967926846554,0.0234276262259802,0.000108711858002474,0.00033395823843002,0.000861289144182801,0.00825925529172936,0.0462255489349512,0.0809939010368345,0.0716973369533803,0.00596907605222988,0.00913869704442867,0.33270022394062,6.22423885468572e-06,0.022242002368695,0.239307896381635,0.0861730445089354,0.00390919020131217
7.96200180797114e-05,0.0108032732169433,3.19408414615737e-05,0.0011501468801092,0.00859629279219535,0.0428295351860254,0.0906364173642975,0.264212189888438,3.16881137536408e-05,0.000128045266489264,0.121222634439554,0.0372028167479744,0.121377534220116,0.0434694643328998,0.0742644750187084,0.0783503664435442,0.041509643621147,0.00227693012093016,0.0539228292071412,0.0079041562801919
0.0139794278311193,4.82252944315949e-06,1.3074835235979e-06,0.0195795146954938,3.44613564504939e-07,0.0112192798373849,4.46764588793242e-07,0.0474491303565404,0.00849671689848973,0.00910200767180954,0.140556332011789,0.0374404945221363,0.189727803140901,0.0376286774883934,0.000182309516508693,0.0268363440155114,0.0123419820388427,0.00978069250107289,0.427517440463564,0.0081549256193234
0.164992578559097,0.0966689027727052,5.55130204295948e-07,0.000488173864353279,0.0090020167000052,0.00277529216734074,0.00874124598089257,0.148211030146758,0.021353882277902,0.0162995657304973,0.0432261952108953,0.0113649846748157,0.0465271008220363,0.00107603938536926,0.00278587039513099,0.00788732991451625,0.0192821845028187,0.0273635021123693,3.78842872201181e-05,0.371915665365072
0.00390535634624579,0.101166915178612,0.0829143989596479,0.00507296791007814,0.0643346761719766,0.130282294938559,0.102573960523268,0.00351600521564841,3.97763149623051e-06,0.00383244833674946,0.0134234004278912,8.39516556898507e-09,0.0386093860436834,0.407465755844647,3.84519995254285e-05,0.00103010924145497,0.0215653171478052,0.000544805069709011,0.0196979275357332,2.1837082102914e-05
0.0158265572774606,0.0416136515308818,0.0140328819086717,0.000168463367199186,0.0528985015876916,0.00670209476099667,0.485557627604402,9.04834992808363e-05,0.00264441171446194,0.0299090890137685,0.0582426651704871,0.000147298347067376,0.0219996380285941,0.0312061785441564,0.000565187586482621,0.00198305133012547,0.155737846436464,1.58453944416133e-06,6.51931414395626e-05,0.0806075946109244
0.0965185525658051,0.000891665559471108,0.00762125877955504,0.0503241263805129,0.0403505208433263,0.125025141347493,0.0242475154734319,0.00289909905986878,0.00924445773731816,0.00455667845632868,0.179887776501353,0.0509568841335055,0.0075587439308009,3.30531716137398e-06,0.0154286588310699,0.167912531175472,0.070848616302091,0.0181349582536137,0.124642564988601,0.00294694436321998
0.00528513401684589,0.0156475452178713,0.0213763610719635,0.109112245851507,0.00254454871219681,0.023391401764214,0.222132205278223,0.0007843797600449,0.000113247973000549,0.00288776304318348,0.000353344983030479,0.000738955250358625,0.0027785675665946,0.10244457293513,0.0278460455773979,2.38262810032961e-05,0.240687259342311,0.0141808347305695,0.181423874989571,0.0262478856549843
0.0239901080879074,0.37490642874534,0.00169364096281448,0.0081639617883894,0.0410913562681149,0.113643559033638,0.059939682925137,0.00118962835577335,0.000849833629579982,0.00122168190117095,1.37160068677198e-05,0.0298554832847494,5.37731773153957e-08,0.0170975623991899,0.000654746247404903,0.00299533132196356,0.316832752490131,0.00501802806810331,0.000839634233826972,2.81047672086479e-06
4.64174780642795e-05,0.000360436401303897,0.041254157179836,0.132558119634786,0.0503195067836521,0.0323994080008619,0.0216059361784911,0.0515052947707175,0.00166082523569842,0.00233877545655833,0.0026657386461157,0.329469961702734,0.0222358430428896,0.000294164844860892,2.154234026631e-05,0.0574116668580082,1.68961227821113e-05,0.0798778205425445,0.155725346600813,0.0182321421790173
0.051511981052854,0.26022229612284,0.0282713647114599,0.124993102996906,0.00238835277705805,0.003039263331441,0.00535882854024615,0.00364785462773179,0.00914555334672264,0.0307809353829339,0.00248497465648706,0.000391253234337099,0.000764968174657659,0.0666493048439348,0.0597486339063161,0.270812519358841,0.0328669329955234,0.00413490108696369,0.00173022092338915,0.0410567579293562
0.0130798703027023,0.225835108464532,0.0133644496053699,0.0021397503210686,0.122221417744766,0.000965340615893999,0.00629629077975078,0.16045519355379,0.00335561422593444,0.0772506365293733,0.127344850043437,0.00882919302198753,0.0323059443889793,0.119088880901451,0.000139085974989303,0.00764280113122528,0.0427675033929867,0.0138762996013821,0.0153170168270194,0.00772475257336201
0.00791578423296515,0.00282312145477102,0.487289897757395,0.0488457013064404,0.00268605035281989,0.0292514683967527,0.000675203659656737,0.0600303305067167,0.0024574343340483,9.10304679109114e-11,0.00128005064324889,0.15552599824213,0.0385996115363337,5.40060167100851e-09,0.002245326548455,0.0008176052490704,0.111869269283384,0.0257464379286835,0.021901539801337,3.91632741589644e-05
0.118089139095563,0.0305790595967024,0.000102170113684652,0.0983922588239961,1.64775180604223e-05,0.0994271151502058,0.177604746581659,0.112589272023984,0.0206013608903176,7.50946429210035e-06,0.00029733717582604,0.00393940424550486,0.0197587279029081,0.176101936190637,0.065249842516873,0.0309663203319335,0.0378212246839338,0.00505542341259591,0.000864556946533118,0.00253611733478993
0.108416015046301,0.225632821860919,0.137893059091967,0.00337018786041814,0.0693993003051511,0.0117483181885015,0.00250207910211926,0.0109896606877318,0.00780613277387067,0.000260596630334147,0.0189436108715181,0.0744286505740698,0.0110917959273782,0.0272059315199508,0.0222930943909915,0.00116968724967269,0.130305997855521,6.9981669957607e-05,0.051351743838695,0.0851213345549318
0.0683008473504452,0.000333589498846739,0.0379510087836775,0.414109884242164,8.45149654002469e-05,1.11322391992643e-05,0.00186890546757398,0.00117885897539443,2.09927916155971e-08,0.0028229884450599,0.000103205972290977,0.00557784145044302,1.34542739879816e-05,1.2686744423329e-06,0.229624269023907,0.0254595236393572,0.0369048892233494,0.108861739167532,0.0652203228436789,0.00157173477045799
0.00389634164317829,0.00494969603837229,0.0137993589500146,5.55300013166481e-05,0.0374923307804365,0.0573419956487831,0.016059868334663,0.0834998117571127,0.215422602587653,0.00421487340154418,0.0221718015135994,0.0114387957217261,0.00211751271550922,0.25489277266382,0.220278446683282,0.00165572547438273,0.047826018024346,2.68234398748703e-05,0.00285963109802519,6.35223602118273e-08
1.35424679870569e-05,0.0138136333967927,0.000771182274889538,0.000885468240572847,1.17178676431616e-07,0.0701609491119928,0.0180692796798778,0.0312168116893882,0.20920719428142,0.0443398631863235,0.0859475766082224,2.08683431498351e-05,0.0905054410200441,0.00458967653065331,0.20356014715543,3.42970429264308e-06,6.92072360534062e-05,0.000231234515314262,0.00250352629526764,0.224090851083652
0.265253198464246,0.258399715343523,3.59136238323577e-09,0.00169992854561585,0.000751448562389996,0.0145500674579906,0.00660777056686484,0.246398826403787,0.00654067921381936,9.43293060008403e-05,0.00378454823886139,0.0272422957940585,0.000732882112320159,6.141222917874e-05,0.000614050157567195,0.00546338635873129,0.00163522126944259,0.0228671305520407,0.120010664037392,0.0172924417948079
0.0532759538579955,3.06294774656564e-05,3.1041607277212e-05,0.035857224385922,0.267746355516334,0.101446572598741,0.00371928219502776,0.000303049785033207,3.65817246194983e-05,0.0170472771909973,0.0127312452132663,0.0213114969734617,0.118773573375201,0.000144605147502222,0.0812519022473733,0.106992713683277,0.00214598527452185,0.0692745641698849,0.0341018231384004,0.073778122437698
0.0259254168354778,0.0510802200743597,0.0690752867738809,0.00109723612128607,0.00952491603863164,0.000109811553793676,0.0115419054653908,0.000198437992895192,0.00650743394704243,0.038853871275468,0.221063099976622,0.0022328808066529,0.000124829817523804,0.173822752897486,0.023252644990328,0.0278687078322958,0.0306033395634983,0.228033842113655,0.00569863419989782,0.0733847317238144
0.0535051236468261,0.0219164242522927,0.0174420091196634,0.000368395456890713,0.0456072399187604,0.348833293282759,0.201946158258651,0.000217801467799823,0.0312015670607429,0.146628281133736,0.0192718377130963,0.0709866503328971,1.83804532000344e-05,2.57877448771957e-07,0.000485310730960334,1.90856122008227e-05,0.000566815180694937,0.0086729460438571,0.0313666871022929,0.000945735355228855
0.0457329166374627,7.18719280016716e-05,5.51493368182274e-05,0.127836059525277,0.0091619067869172,0.0301683587888086,0.0261434717479674,0.185607694072924,0.179375829458579,0.0284744398622764,1.06564417148984e-07,0.181081512338416,0.00409635539997023,1.89871014987569e-05,0.125482572320961,0.0245036350101842,4.67086936387675e-08,3.39601565801745e-09,0.022744222249227,0.00944486076558331
0.0330995661776831,0.0997996423539308,0.00010725575889332,0.295979227487546,0.131696037036007,0.134024567474868,0.0374019827869348,0.041041119408739,0.00361142844874232,0.00149350057661309,0.0925393170989022,2.61631035001747e-06,0.0211512036661743,0.0023009328249465,1.60896849488531e-07,0.00214142096257043,0.00279397178757557,3.11384929880902e-05,0.00518431882015485,0.0956005916295316
0.000495934464497519,0.000413844171746132,0.0176584398809424,0.0314317992276277,0.00398827751863088,0.000328365909008257,0.170393012220497,0.000384641264161287,0.140093136910246,0.00088676191353522,0.0674103055488836,0.000394926549529679,0.00219655599365052,0.000190615002198947,0.0329766391335535,0.322731583489494,1.47769167716164e-05,0.197648785019009,0.00552581504771732,0.00483578381829934
0.0786541292311118,8.71554461239418e-05,0.0106723848692182,0.341473154665246,0.00196395465014276,0.000247213175509916,0.12245861795912,0.0291926326809952,0.00239734426686252,0.00570713622588846,0.113278435111796,0.118807109833402,5.4430785821013e-05,3.18719520309823e-05,0.0283192241530546,0.0359379419495936,0.00121732526205841,0.000894755053395735,0.0467863432123909,0.0618188395162368
0.00110959696695442,0.00536246663821866,0.0591504047590198,0.0948654979361589,0.072092082691701,2.49934144073785e-06,0.0834025738975935,0.0401013315585021,9.71932307749014e-11,0.0112738343999627,0.0905447105924116,0.0415753940020183,0.0021037835699057,0.00602455085515135,0.0365708040967927,0.0419188248936894,0.237957423687757,0.000350131415601242,0.00272272067705041,0.172871367922877
0.114015232992906,0.00178361639993929,0.0340241996391081,0.00532141852421324,0.109379882028652,0.00954485135284778,8.63283306741184e-07,2.60207172474014e-05,0.0168538311773112,0.00787747370210619,0.000128953602298215,2.39330556888304e-07,0.0785732292270595,0.546787693167756,2.94645220828415e-06,4.89660578050418e-05,0.0457232314314809,0.0141379059699493,0.00769058434845916,0.00807886059478802
0.00278901148587411,0.0776560624219225,0.0735424993882369,3.51113948114669e-05,0.136591946444439,6.25763423003236e-05,0.0627317083973903,0.000486419718657257,0.0087204390391131,2.57264039012027e-07,0.0146378257589235,0.0574627622825958,0.000909572030881495,0.147710845930838,0.00171926640207182,0.0643112525915888,0.0121812547373033,0.236297262109886,0.00647212401094118,0.0956818022481859
0.0784265926130424,0.00374783382164125,0.0268379177400005,0.00105981056414882,0.00069521993099065,0.000443380670832114,0.00903434498538092,0.0656220913420538,0.00155603672127851,0.0185999287236118,0.163180847447135,0.0281402068674958,0.0210035435836705,0.0126504581143614,0.0023691039887723,0.00354767229160163,0.000163857240200518,0.0216844582228344,0.0229527667279554,0.518283928402993
0.0587870393447858,0.167336608382618,1.53498824349191e-06,0.0579948658408468,0.0125706545008253,4.7504366260216e-07,2.29459769196988e-10,0.000546664159220234,0.00015196244487265,0.224925888057992,0.00690898934083707,0.0902937704948214,0.0286301333711367,0.00405502908906083,0.00962809438920652,3.15076447833884e-05,0.00954429427390371,0.173595232848705,0.154927041850395,7.02137046246359e-05
0.0149707413109895,0.0942222867732824,0.206821096295333,0.113657690284017,0.0371295287702002,0.000201109640400801,0.00598981871236479,0.115879766206186,0.00784302743431137,0.0941689888248045,0.00209925563197671,0.0686944859356143,0.0247453651909857,0.00061571216116718,3.57069538085171e-06,6.50617260372268e-06,0.00288339917753438,0.00142430120057857,0.20123203412055,0.00741131546171938
0.0272729814449477,0.009116373767022,0.0044844217757126,0.115674252792928,0.0738962835691442,0.000143252792605491,7.41657625142234e-07,0.301376013765475,0.0180472099552402,0.052084006769793,0.0110653992813274,0.0431857715742188,1.53287097827774e-09,0.0995144186183132,0.000431339254630622,0.16412920957832,0.0241316522586097,0.0422030131435642,0.00792615353245822,0.00531750293519346
0.0348454220866269,0.00268116428007791,0.291315050918369,0.00255914885597379,0.0692019722109518,0.0183676135540722,2.08662991149252e-05,0.0125726034483004,0.0190109320269269,0.0012335201905466,0.0374938065732319,0.0072704108273566,0.00252613409197007,0.105216781689698,1.31028029014364e-06,1.03807467257572e-06,0.274476914360889,0.0208438446136061,0.000869976150400834,0.0994914894669238
0.000291220747141031,1.14873024136023e-07,2.70450437351703e-06,0.028289267365179,0.00449015320868797,0.00136809839174859,5.22825131823551e-07,0.0369399605983457,0.078530848148571,0.00993794764799074,6.2044182478362e-05,0.127853822884031,0.169754527561829,0.118722306852949,0.0116926233982753,0.00842395703794866,0.00102435811673873,0.0482312460444508,0.354213035712178,0.000171239898926937
0.0823270060894734,0.0023111347770156,0.00417272806516504,0.108580992483513,1.21733854529878e-05,0.00119994944483094,0.0396520806556042,0.0100111998551966,0.0109958137115345,0.0375084451744763,0.00392577837270817,0.00218221361909688,0.00100196158182274,0.502427166801778,0.00874901894971105,0.000740287982345813,0.00282446922447437,0.0159902937497982,0.00458341426826522,0.160803871807737
0.0564058187802972,0.0251145510890205,0.000322239201334559,0.0182069683251463,0.00578229725786408,0.0158024174727141,0.141200980435698,0.000118140043439414,0.0636672890253538,0.0826639193051112,0.000616362494232215,0.00171708781813711,0.0355003879885605,0.0277687598478832,7.830131883049e-06,0.00181244888831571,0.000538839710562046,0.15647481804096,0.366272594964553,6.24917893347413e-06
0.0826794088253448,0.0997102202267807,0.0187587637422902,0.0290824593568216,0.0534167242122557,0.029822468554096,0.0160526604083725,0.000144446717967522,0.0261998899242742,0.0011070358998186,0.0846868702135043,0.00835875083250979,0.391816467608458,0.000407395885142837,0.0191378051379524,0.0123199010631263,0.0229506406155794,1.89633407673993e-05,0.0953524485538132,0.00797667888112458
3.38081167675333e-05,0.027843136094434,0.000794840451779261,0.000149024132147994,0.010171143405037,0.00211103948930813,0.0127434711387291,0.000315078198760159,0.0893332625439151,0.0972655895304529,0.000530263021059256,0.285027885054823,0.312355228815017,0.025231911021665,0.00131524449008948,0.0615836510186396,0.0379004501555669,0.000923024198337415,0.0342501322396195,0.000121816883851524
0.000144126634644081,0.417747725646128,1.4332155439137e-06,0.0363732149823605,0.0239801804941753,0.0589456704560814,0.00201951654324108,1.01228581291171e-05,0.214708218940272,0.000100368598396687,0.000341457762454656,0.0351818290783442,0.0025328961330045,0.121473860109183,0.0261776722093627,0.00223806900230869,0.0417255806719965,2.78105938002431e-06,0.00565024306946795,0.0106450325355268
0.000959016538196269,0.00546301323159591,0.0255655744356272,0.0358574501542075,0.0386484577751506,0.000810430505505643,0.0441949937789049,0.0733530005729346,0.0518919029686707,0.000151460691097963,0.29204729077681,0.110727129872897,0.0783827975802165,0.0188197944450372,0.0162815788145556,0.0607085468308298,0.000120239625041309,0.0530391723309745,0.00144048520794966,0.0915376638637971
0.0109031734164506,0.0127829625737136,0.0142891805087322,0.541932382028913,0.0584515243777328,0.010044615250781,0.00492807908875782,0.000199507477570126,4.87859610068603e-08,0.0141804364023376,0.000365117144387157,0.0121202705970922,5.58165884035133e-05,0.0165108381514701,0.0299862976800664,0.000430099344361305,0.00535837001136393,0.0166033814068142,0.00214117067319392,0.248716728491898
0.0399428652496374,7.55608023714739e-06,0.547231720179474,0.00667575996928127,0.0181236540881483,0.0578780897476842,0.0111035243507953,0.00211886361250988,0.000674222121026477,0.143136975308224,0.007787444524424,0.0745075796932335,0.00525534585882112,4.13101474565188e-06,0.0126308818104061,0.000311555884316287,0.000343948288626912,0.0464898397894824,0.0134468938946803,0.0123291485342451
0.0159529580323474,0.028759162325402,0.00880677952336991,0.243115841933885,0.0328434317336917,0.00213570213578451,0.0220846251550127,0.00036639529888054,0.177678699898669,0.0207124563761549,0.00269962305244623,0.0142139411936534,0.0558462574073386,0.00138376663072766,0.193079744872526,0.0349750755422281,0.00014280315082561,0.0941798660233996,0.0315760492924402,0.0194468204212176
4.94440629304881e-06,0.237162196303414,0.03774587390791,0.0364904974115705,0.00996683269395183,0.00497976542112776,0.0584372386857096,0.0162628690474118,0.00268435241564016,0.0123583404826592,0.2985583975962,0.0723239347343738,0.0680551885530691,0.079465551602112,0.00774198234128345,0.00799498558368378,0.0107792957033761,0.00502879686428686,0.0338573184627971,0.000101637783130224
0.142550055108576,0.000159365958670245,0.0357214141803137,0.0183262849688058,0.0554959621140185,0.00120487469501683,0.0152105310269639,2.4348239459053e-07,0.00499699384260234,7.5977249066528e-06,0.0772844814062691,0.00141465886075693,0.200509426428925,0.208030422340831,0.00028323275155761,0.110141101479549,0.127763229334463,4.30666920522486e-06,3.371031557923e-05,0.000862107310595057
0.0344934279021312,0.00679168192482433,0.0013879265260136,0.006020151395189,0.00625445607536709,0.275565990935895,0.00719231249667306,0.0407507634076736,0.0298771965963536,0.0161545480853061,0.0274621280539566,0.0398331653766534,0.0552596875181788,0.00236761976205957,0.00595927284881879,0.0570086663467364,0.00259639701359973,0.203904158717188,0.112025699938166,0.0690947490792161
0.33694491546397,0.0226574081433944,0.0247835790933608,0.00416489150402324,0.00200999717963684,0.000787634380591906,0.0533025281803532,0.00032728421479034,0.0755807346634174,0.000961765644658954,0.0297495333033606,0.147536681938789,0.0286368551928382,0.00103604523138038,0.154152138290839,0.00221464016091734,0.0853068094004896,0.0278308004462676,0.00173699062478922,0.000278766942131772
0.119667325623293,0.0035961740986818,0.009903292021257,0.00419477942109592,0.00209048274028942,9.52682011093001e-08,0.0533860777084294,0.256988412283853,0.224832271605618,0.154659281052481,0.0621510558681839,0.00506292400518788,6.91317158591628e-07,0.0100351547548383,2.85976289099121e-05,0.0675966816957694,4.88484935158013e-05,0.00126659080474738,0.00211050367367473,0.0223807599348141
0.0426045991611988,0.00134248178739309,0.00142397759120694,0.00280156764766749,0.000123339684110412,0.00182625841995794,0.0528841245836435,0.0148800291856061,0.230858087904992,0.00684413829068094,0.0024069919992981,1.06611420928453e-05,0.00859335767211306,0.0629022397582896,0.00344768119393328,0.0459399947654107,8.81482451022996e-06,0.450639780276367,0.00084219865769077,0.069619675453838
0.00922805477112403,0.000374175806013602,0.381444453822816,6.12929822324411e-06,0.0274407817023837,0.244214390387229,0.0350259868574082,0.0747765093852036,0.00240816244177759,1.73769221438102e-07,0.00222828683560355,2.83080493872651e-05,1.1733795681873e-05,7.27905417590568e-05,0.000699725782391269,0.00777696285274764,0.00413911262511686,0.119529148613445,0.00538941619903119,0.0852056964634354
0.000233050663724995,0.0183434845386164,0.00552304791402355,0.0152720670836754,0.0376682336552691,0.386537645871633,0.0159851868791742,0.00698359596835418,2.46483779269876e-05,4.17027072787534e-05,4.079221264947e-06,0.181432344365191,0.0036942275997719,0.0897515020053953,0.000892376558904672,0.0437686843757423,0.019299990264889,0.136519691213875,0.00842264871451715,0.0296017920207724
0.120823241813574,0.0236930757801435,0.0404331162817281,0.0559870199241324,0.0178007447661055,0.00618627795287876,0.0245538401208678,0.00701582371131852,0.34543178304376,0.0658481297107423,0.134817688729636,0.0015910618462351,0.02465658019212,0.0910114845732638,1.46615165042789e-05,6.89960766748491e-06,0.022767765429821,0.000805816012696503,0.00904849371885591,0.00750649526794918
0.0127049102840146,0.0814055405934731,0.000757258810554812,0.00111481261187192,0.000892771669962402,0.0139277721887283,0.0155419936938767,0.00926151307978629,2.0290398210291e-05,0.00159791581287835,0.0829144480781455,0.000214340520119905,0.167839252531873,0.0143381065220574,0.000154785098587492,0.18733156464794,0.0768364769660013,0.0270007269119244,0.256992637072287,0.0491528825077075
0.0128761771606005,0.0189305531464854,0.0272408346695112,0.0631380139907851,0.0262913076308633,0.0254857216306847,0.00191013313516562,0.125244286569936,0.197605579830142,0.00108216888011785,0.00670484010743748,0.285970197179572,8.67662712103159e-07,0.0949217987524591,2.39751883506166e-05,0.0142683565023608,2.83775849277531e-08,0.09109220787477,4.81690170273444e-06,0.00720813480875831
5.76164209134266e-07,0.000556425163978144,0.186062741033552,4.08900559261484e-06,0.000713064916411353,0.00129227820837638,0.0253360811549003,0.00643385920540492,0.0348752230208828,0.00107312065752934,0.0437168071317336,0.0247867065271578,6.60056175855769e-05,0.00847567805987109,0.0139651032157114,0.177825302995683,0.0556341225033356,0.398793068499975,0.00903736113154245,0.0113523857865679
0.00690967832878896,0.136712995048784,1.4181653188527e-05,0.0253937017610713,7.55631311228831e-11,1.24363815544783e-06,0.0338778658121664,0.0371457317432909,0.000685288367215462,0.0381494165790444,1.13844570032186e-05,0.000422923177953744,0.0827268375038421,0.146601981604682,0.00123029456687867,0.147042303306355,0.12721294259232,0.00016151747337968,0.161924938170335,0.0537747741399829
0.00336170802587391,0.00112141851924026,3.84662222907313e-05,0.0490444662116499,0.000488762108993156,0.214410507148497,0.119066561995345,7.90102625160663e-05,0.0298175158509766,2.51659183178906e-10,0.028997493589299,4.19223833538267e-06,0.26120416467768,0.0324903080835619,0.0297862378691519,0.2238926395236,0.000153046574070578,0.000627857166017383,0.00486451809603299,0.000551125585209483
3.28111215940587e-05,0.00115571165564711,0.137755676696208,0.111936314238263,3.0089938183985e-05,0.0937667579678951,0.194043793577144,0.0751417694732841,0.00975822878510396,0.0394172804537085,0.0204580210291848,0.191892372097253,0.0017207279526496,0.0256883425944103,0.0582188618168323,0.0234906228276256,0.00528361390587951,0.00233699740533486,0.00776674499479506,0.000105261469003293
0.206279779890576,0.0235956223862745,0.135653038794787,9.10943292827733e-05,0.000538884823891664,5.51821916082721e-05,0.00333174515962348,0.00112302021640636,0.0702136331389114,0.0884979612507308,0.000192860812980366,0.0985674817817984,0.169376379281691,0.0214571026590653,0.026181377452393,0.0144209224356161,0.00267693646930007,0.122438964763093,1.12922874418169e-06,0.015306882933227
0.0169213065909957,0.0246654411808281,0.0235380487493411,0.131236138080071,0.0121028721341886,7.113905029725e-08,0.0149612790500397,0.00494602071208594,0.0207505040846342,0.138428145108733,0.118691240922859,0.147322973550558,0.000430529077843553,0.205357606262518,0.0996099831019752,0.00156384522981674,0.000396841753262867,0.0109928774106155,0.00468691803580909,0.0233973578247733
0.126961080692672,0.0828239792523322,0.0208054731286584,7.05195121919685e-05,0.0245152244593177,0.00516182029901155,0.0286751693441451,0.0178921836509778,0.000211443834942059,2.47286053976688e-05,0.0423193570331556,2.44399933923516e-07,0.0360329363220641,0.130271770405041,0.233940008457869,0.0031685213504148,0.00955547385896294,0.00134876773858868,0.00869426145633123,0.227527036197993
0.0790648403896472,2.20645411332332e-06,0.00668191392151645,0.000433531887823565,0.137908822574476,0.00419890017003142,0.00294602242865003,0.0441385630278122,6.47453013935821e-05,0.141372033403335,0.0064695955753025,0.361080535972045,0.00126124339335057,0.00436292454374011,0.0371533207671906,0.0505557750765907,0.0213320107432571,1.93648376584363e-06,0.0265774822020919,0.0743935956838673
0.108819132871639,0.00140538484703888,0.00154522553205237,4.07235586090605e-05,0.0687757109285237,0.298735928231797,0.0203174679481174,0.0132843462051987,0.0223343570068676,0.0165778478993216,0.00377440038550139,0.109708676266046,0.00044030850439595,0.19538177695042,0.000313061089729634,0.0817892139750413,2.82193144905739e-08,0.0162428843134365,0.0118211967690077,0.0286923284979408
0.224088171632145,5.50666286278021e-05,0.0241033340131032,0.0615141248356143,0.132244136214044,8.69450243763711e-05,0.0144720433313247,0.0160708276585695,0.202371513938411,0.000979533398616641,0.0632514294113555,4.17384440959607e-06,0.0432595998440714,0.190637313988931,0.00171407890889869,0.000365369153525352,0.0129748272405808,5.05119729228658e-07,0.00509020462761526,0.00671680118605088
9.54906116232923e-05,0.166365878832051,0.00636214865176557,0.000613685692208704,0.0324352578656173,0.00380634681954644,2.33947408691624e-06,0.109323506766828,0.0237861302460466,0.0254317551448469,0.182478566774589,0.104541255189457,0.0376109634174328,0.00298562936932781,0.0194500505594078,0.107909758600607,0.0663654745929415,0.00783529294568553,0.000814744402725535,0.101785724043206
0.000543603583492671,0.194156061363263,0.00135738586231027,0.0173939565814149,0.00328053395041171,0.000923860855778585,0.0350044803222588,0.0166985024291067,0.00126624055116597,0.0628533701321445,0.0129569078712292,0.000719374239478624,0.0254032298941639,0.00249575812411541,0.0580985233818215,0.00974436768299297,0.185493216448701,0.00261271271126906,0.0430240396646076,0.325973874350273
0.0318017774595308,2.18462813971501e-06,0.0025614523210903,0.0790398766615509,4.55305087169401e-06,0.00219208571140016,0.000285721446365188,0.00829519559616572,0.000318954315207161,0.100978391682428,0.0123836665388492,0.021145725394253,0.213281330401176,0.0144039150575701,0.165810561485005,0.0938966239714579,0.00571500193154588,0.232710534811578,0.00808135769244642,0.00709108984336948
0.00275400555424357,8.24641052320866e-05,0.0658696577643577,0.124360251637439,0.174311933012017,0.00743910662682294,0.0174859843609769,0.00515036555943579,0.00582804111016219,0.0778104691938829,0.000836538378537565,0.0205728607629471,0.00171885739988478,0.0394897576129029,1.02213664212647e-05,0.435020069333362,0.000129666627107122,0.00260249918742671,0.0113430860539468,0.00718416435289309
0.262719600188933,0.0183332839586757,0.00619208814302847,0.00632389357170695,0.148097756951652,0.0147815234783281,0.046673865481537,0.00302700054505589,0.0488422464640031,1.45062451497615e-08,0.000734715745095957,0.0201706991623485,0.160752801909645,0.000673330238428374,0.165801940659288,4.30216143171473e-07,0.0906148006428539,0.000130795198461459,0.00601327273987474,0.000115940198695395
0.000976472477062415,7.85422674827252e-06,0.00231825707380991,0.0142219826492933,0.0304365365844424,0.0220951931871103,0.0208667122994093,0.0062641490944678,0.00012275674396117,0.673519117861064,0.0204448589555637,0.00332932639514162,0.101257246838979,0.00167780135481141,0.000703927865893884,0.0119947047002757,7.62334794131384e-08,0.0171143148660293,0.000307037579317444,0.0723416730131396
0.00889224040630284,0.00245048157034466,0.123453196661942,0.00888312502931077,0.000543220232564223,2.16058103255924e-07,0.0132632916417959,0.00498769346836412,0.0392074993718371,0.0856154317968666,0.0003424197625351,0.288854495192665,0.00248327649125343,0.123697980494169,0.000805088783171168,0.00128877783847938,0.244723425375761,0.014512125757665,0.0219443417841942,0.0140516722826746
0.0419030159538238,0.00359275451935031,0.00193521756935884,0.108655834253557,0.00273014506533456,0.000812835186702593,0.197300091536381,0.058961860550074,0.0348199146185661,0.0301566150234068,0.0730152360455054,0.251411926196859,0.0204451196059615,0.00390140949151745,0.00337472039706103,0.00384545317516678,0.0658676287891384,0.0937409021019678,0.000382225674068674,0.00314709424619824
0.000303190765662657,0.12883520775845,0.0376139436938877,0.0934512773691722,0.0161675627354361,0.00233116162891074,0.00424178305905573,0.166871412505841,0.0184523263506411,0.114491577323726,0.0192992966973132,0.212700285423163,0.00472295794764401,0.00419019076236503,5.2999237206622e-06,0.00812437706533356,0.0416101480748568,0.049081702474152,0.0390717493840869,0.0384345490565821
0.000525395113716237,5.74125870499817e-05,0.000414692943504456,0.0122399206129399,0.0241840890323222,0.152137509530653,0.00172823386084851,0.111795704251818,0.201933038246969,0.0254952584360618,0.00406924201064111,0.15062290633548,0.0209529479843944,0.160717572511892,0.0151356955415415,0.00567286397078366,0.000767477078266954,0.0992598959920022,0.0122636996390909,2.64443200231431e-05
0.00288391136374705,0.0995687648700644,0.00219070894001839,2.65181442430751e-06,0.00224955067355296,0.00806382914022762,0.0250765213469184,0.0701878824914699,0.280605230940242,0.0015790395404776,0.01671224921822,1.17934756486995e-07,0.169309723169601,0.0106581939421139,0.000679909500282863,0.0845159300587436,0.000225444172888928,1.86832016959378e-06,0.180798340844525,0.0446901317175564
0.0149085210529867,0.0593771431513785,0.157554718349022,0.0101050801243231,0.201437220272067,0.0348669436357115,0.0299144119392238,0.0143666836093848,0.0312448627099271,0.0560666898862074,0.139846998147651,0.00223245495704976,0.0160235088877713,0.104914579731198,0.000188813942342495,0.00271749560298702,0.0509575733153921,0.0732605018336739,5.26299125716574e-06,1.05358604454282e-05
0.0122319771873294,0.0274117452572415,0.29051442174336,0.00511328666917418,0.00798293858872997,0.126755784185929,0.00510975368656008,0.0501584406436138,0.133895862229666,0.00123550345568056,0.0515927916344597,0.000533211434033261,0.000320118081247838,0.00134786029790526,0.0447340228680149,2.03107710842323e-05,0.0825363591689903,3.67448741102804e-05,0.12619722282863,0.0322716443942399
0.00239702564051436,0.184091700842416,2.9429067890725e-05,1.46027825880063e-05,6.1414785742173e-06,0.000915411419027861,0.0945051615937134,0.0251132772876562,0.165056051280401,1.60912990316241e-06,0.00232504910212783,0.304509997064724,5.11319903376196e-05,0.000631585369229468,0.0710029956517984,0.00134132066689372,0.0234569060262479,0.00532939728372388,0.0129236185111926,0.10629758781104
0.035950629266895,0.1305805576139,0.00125840262257446,0.00279769766516805,2.58646336306532e-05,0.0198054378593448,0.000669248548686799,0.000430724606454875,0.223501332399799,0.00010939793299252,0.00212442346854152,0.0891599881254334,0.0763711052868887,0.0828147791798167,0.0775847154351211,0.00422782788123271,0.00128875490153679,0.249783569407681,7.48469910488389e-05,0.00144069617325336
0.0262485522981498,0.39293180906603,0.0940532153036264,0.0158669119722078,0.00144274433141141,0.136923609640889,0.0717613010774355,0.000201075488998842,0.185162862733062,0.012333749077533,0.0175849920410954,2.25277902812357e-05,0.00262713208471533,0.00895135070369976,0.00018160077657893,0.0114287039999819,1.17238828105691e-05,0.0219457807159929,0.000310310778560927,1.00462369380814e-05
0.00533955029349402,0.0696056837829942,0.0718836371560991,0.0792777786661623,0.000334668868138156,1.45489449154665e-06,0.00622092980511921,0.00123170801248797,0.0863462450815859,0.177840876789127,0.00125816974710443,0.0183966495424902,0.0768909769984427,0.0020637539588402,0.138260699208482,0.107728668596224,0.0022444868509738,0.0900431064101495,0.000217888079768167,0.0648130672578251
0.000533557925691555,0.225582051410821,0.00292335914495739,0.00183115453594876,0.00418686002421769,0.0497793983860861,0.215702117502751,0.0376021259001883,0.04177460427358,0.00338355398349997,0.00207500822459005,0.160132399638388,0.0319044272903688,0.0225236638881202,0.0309158049917355,0.0512478721890113,0.0382262790204127,0.0409875782043349,0.027364633975559,0.0113235494897373
0.0283979465786186,0.0290900526017638,0.000271643514698926,4.28760354278258e-05,0.00469346358270625,0.00680074508396976,0.138236764601942,0.0116545331237883,0.00454502413678444,0.0180385637785702,0.0431195852457965,0.301544735401514,0.00166958195628371,0.0228030713469032,0.00829995377628274,0.342977853861701,1.15265140702245e-06,4.56886435622273e-05,0.00739841281112561,0.0303683512671538
0.147691741516389,0.0336927016524451,0.205940774738654,0.0280992267761563,0.0293856885702442,0.00644917510015135,0.00114391151870943,0.142522313915305,0.121221546582368,0.00121159345892266,1.10158314379099e-07,0.000302579571690776,0.0118014336559706,0.00774768510747295,0.00168528069687759,0.011558778020886,0.0636890591842975,0.00122777831201334,0.00935016803167634,0.175278453431454
0.119925078430967,0.00665877789166842,0.0129270700919661,1.28224875495478e-05,0.105710790294589,2.58860086814178e-06,0.0300550860331979,0.00140587739892819,0.16370242064048,0.000247716397820469,0.0314524718982333,0.0059124046635983,0.000684480256878748,0.238638680345283,0.00240863759750825,0.0157894316672351,0.104247723670828,0.0223096823008097,0.0284365006538255,0.109471758677766
0.0124192488171846,0.0170346266880879,0.218336799076983,5.03832498855027e-05,0.000302287825770969,0.011256951775201,0.0084859682101066,0.000671884849316933,0.00140149716468179,0.0860917817177607,0.000150623407777473,0.398962331867742,2.06843773301471e-05,6.89837015747421e-05,0.000111077464042436,0.00314684453977676,0.0624634463273314,0.000262212185040237,0.134287846364068,0.0444745203903372
0.000265114368939411,0.386556092548488,0.0190629433677988,1.54142644482288e-05,0.00143390423323021,8.06123483488184e-05,0.00874242669230806,0.011519071805004,0.209506553024343,2.35537460297799e-05,0.170282604276485,0.00283960317875983,0.00423845818739547,0.00791027636517219,0.0246199942219812,0.000512873342562634,0.115060668836867,0.00520774417648659,0.00354151489975415,0.0285805761155972
0.0429426489310242,0.00687333467344727,0.00281664285688056,0.00613770184239585,0.00825888769265457,6.24655520847385e-07,0.0102580636377385,0.000105902412302124,2.34738298636191e-08,0.27790901000987,0.00625967971373038,0.00364532750237128,0.0158342147615649,0.0159782371578546,0.0017285369986056,1.08010068903024e-05,0.464473556081721,0.00201455358032049,0.00292935207611402,0.131822900935165
0.00013466286978801,0.0142118484045425,0.0426801804314102,0.0226531221779348,0.478142045040128,0.00436332154895623,0.021763578104758,0.138286538462905,0.0151168615509382,0.017793713681911,0.00633221484033437,0.00197061707302187,0.0341962858668879,0.0450458570483918,0.0176504038184723,1.6428189624607e-06,0.11877549530854,2.42941129979421e-05,0.000130802654129988,0.0207265141849894
0.0131731053005582,0.00233027065338262,0.000305475414030846,0.089457127501705,0.010534069919628,0.156959369498346,0.00209717936887256,0.0109128946875832,0.00415472997796655,0.0750458305320945,0.0319661430515092,0.00860110631675447,8.75691285035469e-06,0.0861619686222729,0.00269763271080914,0.00736720458904549,9.26730329266628e-05,0.0288160663047904,0.00255998257810733,0.466758413026766
0.0841760255899058,0.00948933914069412,0.000341767249367467,0.000458840347202285,0.0427790765592978,0.00497981783325496,0.00270700510763629,0.003973207348243,0.130648733228935,0.00267252853814092,0.51062045314866,3.65486290182727e-07,0.0255667811738979,0.0261528316568193,2.03245224037496e-07,0.0460742746976335,0.0742358300161801,0.000267653227714524,0.00103671375305291,0.0338185526518496
5.34930506221094e-06,0.192821869717933,0.000987514233098976,0.332730775662466,0.000122603604104189,0.00825368194036903,0.00241118160323728,0.00188020569702166,0.0212672115541076,0.00029903994336025,0.00188166217894944,0.000248402605863054,4.77233129565274e-05,0.000112994954072022,0.0530163185074315,0.0275314276807283,0.28392163169511,0.0429439638873562,0.0163033357075181,0.0132131062092554
0.0110445535512259,0.00485062744027003,0.00938253281629154,0.02200585975736,0.17234708374465,0.040351787302046,0.00109196172007807,0.271729624460078,0.000844895341730083,0.122123412800747,0.0226297211364699,0.0716604148551726,0.119145288600699,0.0125717366030814,0.0184206897112605,0.0504631214935036,0.000829170372955776,2.98650554761618e-05,0.0345523638832168,0.0139252893536881
0.00066723278481665,0.0166968642919073,0.0223306071576133,0.000745590241846838,0.000231256290642191,0.227677279957043,0.00562172810174393,0.00479764869854034,0.0235259196694539,0.335049567507942,0.00385645941585596,0.000705144293559723,0.0308845528520444,0.0510911610385891,0.0398507348699825,2.14939151666949e-07,0.199154789388953,0.0343910338624002,0.000494412104532757,0.00222780253338069
0.0433353114974849,0.000597845528223772,0.00218722085365002,0.098658887109273,0.00600646299780607,0.0376351096413665,0.00347624916378844,0.0895228125882599,6.79978203899121e-06,0.0454065690136741,0.0822435973725995,0.0618633134234485,0.109809141981528,0.000138680927748964,0.000476189491752665,0.000919184990612755,0.0927113035147032,0.294591338367612,0.00763366880330112,0.022780312951128
0.138215004838985,0.013255602332871,3.832844525011e-06,0.00045623499413653,0.129048089644401,0.0035385094670759,0.00197918087660815,0.00507901505625902,0.122954433004126,0.00394242738796902,0.00929964157311459,0.326391414854593,0.000257116884294445,0.0130462649432848,0.182883748016,0.0199448634861256,0.00146573428092649,0.0166732136993107,0.00715540023215034,0.00441027158324422
0.0261041044020086,7.04696758616318e-06,0.0406828944314909,0.00967105656278847,0.0868572812590274,0.000613001109711941,0.0263132954125799,0.136135039361975,0.123849308667934,0.00758899404417185,0.000120948369439571,0.0806463214907018,0.0439676977847593,5.72802907312698e-05,0.0241171921863289,0.114733541415581,0.0268569244437447,0.0204576495288001,0.0498055701947492,0.18141485207589
0.089287888309516,0.0634527231345313,0.166532519565741,0.000451708137666989,0.000490766486130083,0.0221663508855356,0.000722844561774616,0.262218794258475,0.0146517040909956,1.94406773135207e-05,0.000773588964209455,0.00420848950098725,0.199516862215019,0.0419203013019165,0.000211665202724075,0.00708539799541078,7.53973715194235e-05,0.109919080087837,0.0161030591328585,0.000191418119837791
2.93534241867052e-08,0.0228387791781715,0.147720705068789,0.0111539098693239,0.0113709070409515,0.0513601607512792,0.0372038930353751,0.0119054202869393,0.0321636862466702,0.0121647734636787,0.000141692196486885,0.00022388110128563,0.162141940013509,0.108970405140263,0.0194570147926738,0.112930148623685,0.0652633114705499,0.102932740063488,0.0213122755911451,0.068744326712311
0.0848934858139193,7.04752391318416e-07,0.0105152374901681,0.11398427900923,0.000107545913341632,0.00690434576454594,0.227658491267361,0.00068202463868303,0.085442010147702,0.0595388745221661,0.000219860981583948,0.00123548975184685,0.0435431496613777,0.00675080928048574,0.197417352942062,0.00549129467668782,0.127619464602436,2.54073945101245e-06,0.0277296674103807,0.000263370634179592
0.00822662575254285,0.00159657060955754,0.00039237363983817,0.0943491764547113,0.0412163317981559,0.142465535322903,0.0210863344153809,0.0396719746823152,0.0444761754281721,0.00377202748181454,0.0239033427890551,0.00089532744479681,0.0340724123972835,0.00159272297734499,0.0465429498381008,0.0373336573085016,0.103021881572291,7.69068176006238e-06,0.00081136279772903,0.354565526607746
0.0467813744508087,0.000187384320277869,0.0182855086215397,0.00168384723672269,0.00248850852199625,2.8220983204618e-05,0.00603516475856668,5.02938594124019e-05,6.2200803877815e-05,0.00743433852583382,0.000500664153101086,0.000190720334458764,0.0568608607448663,2.25943607649238e-05,0.00587791885494171,0.254366540418671,0.0879733689560209,0.142622744069658,0.363481208764504,0.00506653726077228
0.0049966686816441,0.343215767239521,0.0390628829481798,0.00820871976763366,4.2113067248451e-05,0.0105114181354536,7.4221983910822e-06,0.00145933690359782,0.466418809807576,0.00182877177535348,0.0135491112057623,0.000945796846396162,0.0160679785646818,0.000284957719005968,0.0038947197896624,0.0011090617350493,0.0447142750087029,0.00490262815967906,0.0277376149649969,0.0110419454814638
0.0069568566255049,0.179825077875942,0.0648531016095631,0.0164937543795982,0.210050403312685,1.46919744654984e-07,0.0338448232328092,0.00107076463712773,0.0889121778175747,0.000270512657583448,0.0415217058212234,0.0115003124584353,0.00344871522119467,4.04917271892023e-05,0.000448701647202385,0.0344675161509541,0.0635947201069403,0.00119637928494684,0.0623439265058571,0.179159912007924
0.162000042010656,0.00132488353295661,0.00607510786063819,2.80708789766449e-06,0.212424789098147,0.0024615004585095,0.191613715680057,0.00986230457305916,3.6435441029274e-06,0.0452521040901505,0.0809871493792568,2.63149289270931e-06,0.00935162998195109,0.0372670421453122,0.0784988406593057,7.18175565702856e-05,0.112264759967994,0.0056797943889147,0.0448512278392024,4.20865242504333e-06
0.0749282396480839,0.12072055194444,0.184139179553833,0.00686678072722674,0.000460411131937616,0.020859879861901,0.0539462301739295,0.000247259792219919,0.125225015853741,0.00290333846895889,0.0013814950736328,0.000133802207555011,0.163966668944654,3.58595374275925e-07,0.0111593066591392,2.10059009623488e-10,0.0438272567511038,0.0686477363587306,3.47230194377899e-06,0.120583015741536
0.058398183843524,0.00248419889481461,0.00796597526238953,0.000778304893201729,0.0607895924533103,0.00519743375559995,0.0405209426711712,0.00747030965607388,0.119415502419231,0.000739220842898202,0.308763968766701,0.0519531180613204,0.128069342865933,0.00104147599170629,0.00187126918534582,0.00204683788644652,5.40488670995402e-05,0.0646663921058518,0.0866842019001045,0.0510896796772759
0.00101890049367554,1.25304325678491e-05,0.000149154751868016,0.0190062959390355,0.19358155963647,0.364662712274411,0.000415448826090831,0.000776933026813348,0.175577128558002,0.0854832386373701,0.000858915949588052,1.4492140088494e-07,2.87075155680205e-08,0.0102604386984586,0.00229055450475937,0.00380388610177077,7.52434849645669e-06,0.0235658472104999,0.114618803866506,0.00390995311469947
0.000108544702293309,0.0026788095108101,0.185262757272097,0.210294777980201,0.0101237979609027,0.0239513004737004,0.0155315138134947,0.00296714659196285,0.0898256152771045,0.000108741486210721,0.000902209906007695,0.000136149178611759,0.343616000839617,0.0706711122656452,5.9158808927141e-08,0.00128808884017219,0.000278378066834962,0.0148313581489796,0.0257067383539036,0.00171690017264129
0.0465566836412968,0.0211940931755136,0.107330289167852,0.00111174476064754,0.00953003040369612,0.0917054536460045,0.0597239355719852,0.000843512633198928,6.73841982936146e-05,0.0808271437696228,0.270809277956499,0.0170777675527798,0.00160435157414116,0.094412325499706,0.0146874147502881,0.0704229452356144,0.100667511370325,0.00767992162861554,0.00373695209254565,1.126137137481e-05
2.85758640814264e-06,0.387164586143975,0.00703331162059218,0.0241677820530256,0.0275560326203107,0.0162336791188723,0.00429094564363835,3.45740545437852e-05,0.216535271454912,1.02695424140396e-05,0.00391578509597982,0.0037368748764743,0.0914304437063149,0.0127961188385696,0.0206235747802842,0.00243512128200955,0.00244365560148751,0.00765721633655357,0.158316118929554,0.0136157807140804
0.0750881382701107,0.121899097994993,0.0988895951372888,0.0181941927677185,0.00794222099333323,0.00129372695211099,0.267402527197405,0.0022935279525932,0.0259999318173578,4.71466455754659e-05,0.0101789561671956,0.00104685069386889,0.00662298265426224,0.00871098686091878,0.00191571162965279,2.58774677816052e-05,0.0237603183255016,0.000361861618543586,0.327664494786702,0.000661854067086268
0.00222913274931623,4.01473911425503e-05,0.103605458600302,4.13400886863875e-06,0.000553722549193929,0.123058912099546,6.95832491964642e-07,1.21007786433087e-05,0.000171684240221204,0.016227440858476,0.00112280335975941,0.136985713090599,0.00115924098587537,0.125253011997338,0.105885580755555,0.000788415552377097,0.167075970032002,0.00252990545055212,0.0147601242625533,0.198535805405187
0.00216093312106367,2.81303052938859e-05,0.233734592355697,0.00310774461248496,0.0853416005014139,0.014793367386032,0.0808523007997782,9.38044882886274e-05,0.0689784358582884,0.0204062845849259,0.000368229822664701,0.0306769302872939,7.36163058080123e-05,0.0158920063178001,0.28481997749392,0.03390967232672,0.115664081139328,0.00412040981451564,8.68016652516867e-05,0.0048910808134305
0.00153084432640586,0.0727305925320569,0.00634729309523639,0.113909293079247,0.0168389142343932,0.0422023572506272,0.000149855695373928,0.00365892515132567,0.118232259701086,0.0980774541850275,0.0782274007829118,0.000280561642273938,0.0235909907159974,0.0351184703399967,0.142785938629168,0.0300513476682201,0.123447048337826,0.0616005410452526,0.0305028328080888,0.000717078779483877
0.000289659940400724,5.41597142314294e-06,0.0118684643959078,0.000174545406983652,0.0575638311060415,0.0011483622835755,2.33168351184092e-05,0.199822941895877,8.42630519948889e-06,0.0174575906738271,0.0795180041168317,0.0695122314395954,0.0048303235926445,0.00530492839936234,0.00691055272968544,0.169281509661255,0.00498562123372162,0.200856623085801,0.170269052538478,0.000168598388269862
1.24308394404943e-06,0.0506053380330943,0.240482745446785,0.089017331469103,0.0210854026844812,0.0462293327083147,3.4663018850788e-08,0.147793565759617,3.53542922594096e-05,0.0687060381835143,0.146493743844645,0.00231977550330525,0.002758104405965,0.0354907930567058,0.0133021709754179,0.0577596982517147,0.0095506294155989,0.0591558043083936,5.7673735811115e-06,0.00920712654053961
0.234955432766853,0.00507558525045365,0.146342876365235,7.17830749245157e-10,0.145506051873813,0.00665941499588567,0.0090829150064943,0.0122374533794105,0.00062673601397752,0.0910426161041169,0.0151322105068769,0.000796386497953312,0.0945620191392125,0.00131219908949373,0.107962137462641,0.00206743669842072,7.65502362668583e-06,0.111174273004911,0.00413956823709134,0.0113170318657026
2.01235935647947e-05,0.00250827553749649,0.219676121260931,0.00442544296514789,0.0241037642301811,0.00342439345800874,9.65605164876091e-05,0.0209436772574866,0.025635281561879,0.00179516808614782,0.0050785908044993,0.147638408611373,0.00023357427681412,0.000512696371671605,0.0184033477391604,0.0293536828201124,0.0144916091877513,0.0503325390786433,0.430243185813943,0.0010835568287011
0.19397131498833,2.70186976662878e-07,0.000691087725339765,0.381617697722854,0.0060283671336052,0.000528326845124866,0.212923645870302,0.000535268117076708,0.00105947230234731,0.00234422662108829,0.00247634689209391,0.0287168977386498,0.0217390658196588,0.000614386929126306,0.000151246570076218,0.0110226983848268,0.131275463839868,0.000111965507556976,0.00415056583565546,4.16849694425002e-05
0.00381870402454709,0.0950957763616323,3.90666369723602e-05,0.0298450821660608,6.62602638557925e-06,0.157738737168778,0.0246618356880424,0.128965177533022,0.00098306348492884,0.000555230549712379,0.00643897174369582,0.145679815598023,1.25628623722577e-05,0.00417311216600432,0.00207166553631446,0.00359558234692213,0.0189539682627269,0.000738693012653171,0.297960271180213,0.0786660576509928
3.70904064929321e-08,0.227295862258086,0.0376246619289473,0.272710942273502,0.00108801100437705,0.0177007909722888,0.000455214963235358,0.00454237448533052,0.000350750221503807,0.00760577236865525,0.0227257859686281,0.144874193685139,6.65435618505477e-08,0.0187012393990094,0.012526530143522,0.00084143079239574,1.73767791551077e-06,4.90733142893636e-07,0.0943171077254053,0.136636999764948
0.0961923477289707,0.0218073720606444,0.000134423655430702,0.001361648894224,0.0294307156010977,0.00611933677738664,0.0211215691889715,0.0286688323660975,0.255256260980753,0.0893978915636545,6.88461534819948e-05,0.00703196606036087,0.040833268757081,0.153659058876583,0.0479210760399521,0.00977924244945176,0.142095066899856,0.0201103011157678,0.0286744265816375,0.000336348248596828
0.157639740031333,0.0648013056704991,0.2549571229864,0.133242640102585,0.00816914793207197,0.0904679684743732,0.00429480371090723,9.4113908021383e-06,2.21042020407804e-05,0.00223717261717694,0.0736140636915216,0.089027733685247,0.0203008160970046,0.00894379405059044,0.0189449505798006,0.000848379191768453,0.0719284118286709,0.000504168847886118,1.09463511269234e-05,3.53185581941797e-05
0.349038786664125,0.0657424119304064,0.0352117586196617,0.00426907034496269,0.0380877917076541,0.0686586316452752,0.00366987505361956,0.00098507869155424,0.00165035524463682,0.0124308772469118,0.00803664204691465,0.0325032707709808,0.0054145132166369,9.09584436870782e-06,0.0959308490637596,0.00763497881854787,0.101343496132486,0.0255959050400274,0.0138335340627694,0.129953077854701
0.0176244225423735,0.399807639808093,0.00257134122425868,0.0119724736411051,2.16888543141707e-05,0.0649626891470118,3.74160950289708e-07,0.00051843640276968,0.050692629102077,0.0126092211576308,0.0589283984012017,0.100559049040645,0.00982079592049983,0.000155957723603294,0.219219982215869,0.00219566998437365,0.00128492681109065,0.00411645929029616,0.0423367329026439,0.000601111669192256
0.0215696955361718,0.0402186153790643,0.0288326779493879,0.11070377034018,0.0127202238805581,0.109474654537328,0.000188635559904193,0.00243294530818228,0.0147398032924827,0.000100299273241402,0.00193615469081732,0.0507340151941138,0.0507376893251249,0.444701283005104,0.00211060890631851,2.5108696709038e-05,0.00104531778348427,0.0563024813643857,0.000963457939405697,0.0504625620380354
3.737901061918e-05,0.082415684462895,0.00266488818584898,0.0162098749850324,0.118656826197717,0.025514366923005,7.38426862350076e-05,0.0870622088943353,0.0152092091507883,0.257102784527117,0.0423657888521239,0.0605456763134412,0.0981278621721273,0.013572647543241,0.0254763749844425,0.0230470828840068,0.0789967823647997,0.0464400307553869,0.00245763343676317,0.00402305567007456
0.0255272133093666,0.00236712089121504,0.0196119255533463,0.0163421220232667,0.0682525564761989,0.0308668093457475,0.0159555642237859,1.83892136793041e-07,0.154405924374895,0.0039400092242589,0.0980362942729252,0.0228646809709267,0.00190732661017488,0.0529388619868446,0.11137512311418,0.000353015029954039,0.0617593150040891,0.0831200013384385,0.187922790150811,0.0424531622074391
0.000356063311370228,0.0384773834635973,0.00362026943229348,0.0449940087185615,0.0209157838885934,0.00336354851825428,0.000623616265492003,0.0316603558482897,0.00011762606561167,0.150373765036939,0.0202660601071667,0.000384055527161256,0.00198105194928075,0.0422288768723848,0.00147811866018229,0.0414285223993964,0.00188480872627134,0.00571890772728893,9.8650581875159e-07,0.590126190976046
0.00333524367406845,0.00337122757571885,0.00465506795759574,0.011517720275026,0.473439090878483,0.0035705896667193,0.00189228390712991,0.00114567618538131,0.0372867341378799,0.00105741150364657,0.000342599716179371,0.0621498766919545,0.0661025790201432,0.0177486713791616,0.195938707801862,0.000613882922794525,0.0536374378338759,0.0164866493089605,0.000169099789248292,0.0455394497741708
0.00056390856589503,0.0144826244060009,5.13892250896803e-05,0.0959305918777497,0.00585353981430218,0.0597267210425462,0.356662469895729,0.0776423550790509,0.225816167685314,7.69206121785356e-06,0.00169178833711216,0.0303640997426955,0.000210359532156026,0.000856218234948452,0.0755319412194859,0.000439421936982266,0.0254875750908218,0.00615704907652708,3.2648080452198e-05,0.0224914390959234
0.0027316489713309,0.0221399629576876,0.000136371200611009,0.000867802494285918,0.00162882278602648,0.1151891003123,0.00823027153211357,0.00195556117073706,0.0244057261918281,0.0798986081468533,0.188174659846648,0.000446539702068101,0.268490452467253,0.00250217897206667,0.000351302243084087,1.41071820844881e-05,0.00364085731575049,0.244969196242346,4.35157232097072e-06,0.034222478692604
0.0141092725591489,0.0281258487364336,0.112298066895824,0.0192897295189163,0.409076478764904,0.0103273528941338,0.00735240988514478,0.00874284358362995,3.22695574395332e-05,0.000118431047125941,0.00954319505749848,0.282055059010493,0.000111087070866673,0.00028459675229653,0.00184987781516736,0.00048482508329884,4.87905063211247e-06,0.0635317108602716,0.00970686296187674,0.0229552028948977
0.336767729174866,1.68422364387516e-05,2.08573626976718e-05,0.0157357374484694,0.000804067248615428,0.00865114256297361,0.020131726309337,0.000133407188139715,0.000337589173931136,0.122951941560825,0.0161394938374406,0.00194692363550038,0.152903379660125,0.0565692962902204,0.0489921855246572,0.144564514262179,1.24754154451564e-05,0.045176652003642,5.97808870915188e-05,0.0280842582174055
0.136256918008032,0.080105720153467,0.00434934739595974,0.0295480104712692,0.000174100505741727,0.00949032273654541,0.00834198443895867,0.428621419005008,0.00143216098486863,0.0177123596966232,0.166331458267978,0.0465281236750092,0.0241360505354018,0.0207690926881213,0.000630002733174712,0.012000770060097,0.00932245933095713,0.000241191770304418,0.00104076630931414,0.00296774123316766
0.0528584659915882,0.270172620900089,0.0314918364500148,0.000202829208252099,0.0838018702238218,0.0017325697264472,0.0235760570544603,0.00056604489834384,0.0379909812555254,0.0115780853361071,0.0299134150068112,0.185157171930233,0.075463535164726,0.0111970084367947,0.122448979931466,1.19264140492959e-06,3.33323665165782e-07,0.00155693599253651,0.0564005428630231,0.00388952366468887
0.000212482129256397,0.0171471508690517,0.000210586107821325,0.00096743685333149,0.0251766868926991,0.0136062873424835,0.159133630178454,0.00773773322364335,0.000828246269617014,0.555646223179315,0.00136871730058517,0.126701475777945,1.6016925773622e-05,0.0325139708616173,0.00500866842465406,0.0472797990631198,0.00340934852805973,0.000481115235794208,0.000329650993122882,0.00222477384365475
0.00602766954061236,0.00213146827405956,0.0726982556599289,0.00406793037459405,0.0288741423848148,0.00273501269148773,0.0393094956571604,0.00219448325748236,0.0145389623489767,6.84419344178968e-06,0.267169146964636,0.0348747411675804,0.00348612028348423,7.50251638662576e-05,0.212700034969073,0.00111369419902409,0.0788515428038309,0.0106670131954308,0.00258208855492333,0.215896328315592
0.0190655605690562,0.0372545863278418,1.16003078433236e-07,0.028481414623719,0.000127729732173356,0.00530351235908017,0.218948574548816,0.00605100082692934,0.00759957072997458,0.00402570453478069,1.11931576195361e-05,0.00648378786434948,0.0682352790491796,0.0764356707810027,0.00041071040424135,0.00462875624935666,0.0793192299720895,0.0412532688975322,0.371104324809057,0.0252600085601222
0.0502882021025896,0.0852711804564606,0.00635039495046154,0.0699487952737376,0.00112290733726796,0.0318738729608221,0.0368355498434915,0.0334153054713152,0.0718313928071054,0.064990221679806,0.0245209046192429,6.10806398916861e-07,1.88432077500831e-05,0.316055373184655,0.0467138673612913,0.113471420412251,0.000208598134162539,0.00651812267875803,0.028629731781052,0.0119347049313815
0.0622836605781512,1.75787375980629e-05,0.112018669055025,4.68659043492592e-05,0.220810688024135,0.00379606923279747,0.0148809311301351,0.0624972133399992,0.163102527586,0.131327180152421,0.00536145531150548,1.2402624228414e-05,0.0121065019035275,0.0296392502202879,0.0504606674243354,0.00123428939179756,0.000177290661657815,1.00969839669664e-07,0.108035172576334,0.0221914851758762
0.18030076013476,0.0765411017646697,0.00313103658245469,0.141306520639202,0.00673508806690133,0.0320125010603657,0.00131953859953409,0.00077777785549889,0.301013530084531,0.000679624389874223,0.0148679032543908,0.000821164975294252,2.23920162521963e-06,3.48683212804352e-05,0.000182370828226074,0.00646689772765973,0.114173005371427,3.51429583316736e-10,0.114535430603131,0.00509864018774347
0.0209853990132895,3.53901237938688e-05,0.102327329677055,0.172496006675475,0.0150396806436748,0.000105376835298654,0.000196378442905671,8.13759330885812e-07,0.350148389878824,0.00018863341757932,0.165676272973298,0.00554662764851405,1.79573632467269e-05,0.0182459162652071,0.0227879621049527,0.0280107851464865,0.000850102899268577,1.04782015067043e-06,0.0266058796003018,0.0707340497113475
0.0126982567678476,0.00219685623142319,0.124321895783474,0.0154196116474382,0.00300859950768089,0.00198943777984606,0.206519596516758,0.0500701973574409,0.000668580497940208,0.0258985797551813,0.178399522221456,0.107604131089432,0.0119487942528419,0.0533635300049966,0.014163710746467,0.0535438432706407,0.0942416409053056,5.00687538273319e-05,0.0438850174431903,8.12946681224162e-06
0.122824907449577,0.0161852173952721,0.0127967018142282,0.0078562056094646,0.00589804603244604,1.44494646866271e-06,8.10242410845473e-05,0.13164455684091,0.0961977567685608,0.000158877219732775,0.000618123753242445,0.0366410904200298,0.0144608859608292,4.85204961109348e-05,0.399123320386642,0.0445017706974105,0.000342561223489573,0.091008015230529,7.57904062034088e-06,0.0196033944733514
0.0485694149783352,0.0567998132061364,0.00187384937247909,0.000528728440089912,0.00974760770804657,2.49161968922331e-06,0.0687842020863157,4.02824895442948e-07,0.0751832268018084,0.000217491452185752,0.0274515037473146,0.1264243374614,0.0129018123470318,0.447546501437272,0.062706845951487,8.47891175387283e-09,4.67291755975181e-05,0.000995234468244445,9.17542496713908e-05,0.0601280441930872
0.107785306163005,0.00363734863451167,0.00141565371296976,0.148729072069404,0.000155710087063875,0.0404712155042664,1.92215259898604e-06,0.00112923709770603,0.000107695235814225,6.91519133445094e-05,0.0382523073577918,0.035331814740738,0.173308581913784,0.00807012017718909,0.234567671900262,0.0181778365820057,0.019947705680956,0.00127784894934486,0.000241278492810435,0.167322521634434
0.0313397142941231,0.00029075072385538,0.0423850050077944,0.0615519641032626,0.0383059762705509,0.0199501896561384,0.0492087860371615,0.0215605024119505,0.0955728310419133,0.0631653035463263,0.122261249380762,0.00646072863101495,5.36983638513978e-05,0.0302213865651825,0.0227254254133488,0.0128762474088407,0.0596368111097166,1.6377454393912e-05,0.298566695375339,0.0238503572044739
0.00711367926604462,0.000563227606882905,0.0770510779789867,0.0669122121345741,0.355302171667605,0.00732631725691802,0.000152514380088118,0.0180112867857041,0.000227981346660787,0.000907977397853352,0.178624540588951,0.0284620045903611,0.00215350349307662,0.000191387448322821,0.0284323782700546,0.00363000855120082,0.00049220545400694,0.0877267880260915,0.10969620527572,0.0270225324808969
0.0731839910618905,0.0734359350588546,0.178214225768675,0.013746651313861,0.0740501951000878,0.026325176689108,0.00922641834434894,0.0801435073499648,0.0183546281068944,0.237202769934168,0.0242576820945776,3.77652042750839e-05,0.000146057398858898,0.104691017794581,0.00745110887303536,0.00640203646964267,2.52505581851793e-05,0.0256781750288033,0.0468448488053102,0.000582559044878247
0.0768575241727444,0.0863632215891425,6.94789389153673e-05,0.000485291126943092,0.070707725527727,0.00872044794820589,0.0206408133119181,0.105293223653156,0.0492367443007787,0.0570386768968011,0.00211203095833195,0.0186721222681898,0.124136143736931,5.70673894010829e-10,3.37630605669766e-07,0.000178367421529976,0.264593554965586,0.0538020562028202,0.0425227457199284,0.0185694930590717
0.00145911103938894,0.103513955569388,0.00549401473672784,0.0107602665135675,0.000660386592722143,0.0500789396301063,0.741236162567402,0.000100143857411907,0.0087145338634791,0.00156333519373262,8.7892917040442e-05,0.00425404311987988,0.0005670294587369,0.00926059426214786,0.00291921544284972,0.0270661315594851,0.00679581409562786,0.0091788453243318,0.0162885279934315,1.0562625430551e-06
0.000259994583300049,0.00023257284347896,0.0167506120651759,0.17492674912058,0.00500770583534373,0.161388555116635,0.00119807595778281,0.00763268948590947,0.0106684294796912,0.164790521294716,0.00155809892160828,7.24809602892664e-05,0.0602690275919244,0.000180234060559005,0.102657997448485,0.024970014405493,0.100241346479553,0.0294040640911738,0.0841283819581936,0.0536624483001065
0.093960905106504,0.0565423601723781,0.0740386722546228,0.0460760353752997,0.0010044446189499,0.0073891541938538,0.0561467764043125,0.211881334473217,0.116983497518916,0.0441425131265932,0.0308222786101453,0.172319701973608,0.0388527829559257,0.00347948183104035,0.00122614110372719,0.000659516743068996,3.82889147975805e-05,0.0256859872806929,0.0187151064958641,3.50208464832133e-05
0.101053745478179,0.000102206568150226,0.000566993377559517,0.0577771510697047,0.393409652306432,0.0402353671899459,0.0122645782089839,0.0716109879310362,0.0777926491474048,0.0769512705677967,0.000101310445349102,0.0377469377990966,0.012498017167598,0.00652273689791918,0.0143232736208184,0.038991064888801,0.0183023351083025,0.0234127147515405,0.000279900672424601,0.0160571068029573
0.046510226568307,2.47920698034957e-05,2.84102231040021e-05,0.106884332281172,0.00876006457230699,0.0121299702407498,0.00212148961319472,0.0291540296677125,0.00166868288746537,0.00682098484535595,0.00203999153828936,0.0753619689881751,5.78392760479134e-07,0.00371251185336566,0.300813026588556,0.00807109581678086,0.171830045367771,0.0461536023228346,0.142762135813275,0.0351520603490208
0.0542084549077086,4.31617132687562e-06,0.0152355378636421,0.00537359777287822,1.75136856357323e-06,0.000143831936357428,0.352248261081038,0.00388532081471463,0.000205278791177901,0.0306884131485303,0.0742671532549238,0.0101827779217476,0.177963340392476,0.0101238105855781,0.00885482877613738,0.00031984422103443,0.013925130135402,3.79408705827848e-05,0.0741590901861711,0.168171319800009
1.58152992190674e-05,0.00499033253576473,0.00108923884267252,0.00336373374774484,0.0012928601170099,0.00767295530040403,0.121588838699222,0.00240396419803714,0.0803142575049236,0.0171712578087858,0.110777750036437,0.071186330639358,0.0135100906065868,0.00256864024580526,0.0114910234021834,1.64963553182402e-06,0.00520902408471632,0.00957102439471856,0.358559146246816,0.177222066654063
0.00936021731576378,1.67547016117546e-06,0.000913583485018176,1.50330977700638e-06,0.000117786554689222,7.88338459374712e-07,0.0111810441523315,0.0245405953608535,0.251217463920133,0.071236054347502,0.00540486429521766,0.00369720462771272,0.000717848292310541,0.0254165988156914,0.000402349313620413,0.105661245326527,0.00560450913571841,0.193861671227071,1.06203159514452e-05,0.290652376395491
0.0331567860600581,0.00071301540788962,0.00346604621513006,0.000125832637019622,4.05539254043346e-06,0.100634118989624,0.0148527668427771,0.000147949132797632,0.0647723280840356,0.154115620230113,0.00018263978323138,0.000637653055979509,0.0603986270244209,0.0301075224462082,0.126354701066372,0.111373656058254,0.018388635584967,0.279242798870172,5.49186243680799e-07,0.00132469793216598
0.0371788660411269,0.0136614938743888,0.00275242532683851,0.00581312983245898,0.631748890705277,0.00134568730537715,0.00204972953354055,0.0155562453366211,0.109911185909189,1.9545705835649e-06,0.00590712374773797,0.0292985805286012,0.0109752290832585,1.69276170791559e-06,0.000939299478697188,0.000628202932493805,5.16085187170831e-07,0.0251571110359535,0.000266084041229465,0.106806551869732
0.0024029711002819,0.0616690433383137,0.0513208286486537,0.000139979996974606,0.00311578728862846,0.024780576167125,0.0191170704637182,0.0697864863063822,0.0499400400054234,2.40483298977616e-05,0.00192139087249709,0.0552854038502995,0.0351991460382908,0.177981555553071,0.142227594424228,0.229106502028991,0.0595754151090893,0.0159085038805279,9.79104087444634e-05,0.000399746188860996
0.0668629717402292,0.014029986521437,0.222958951642584,0.123638130195091,0.0400198161614479,0.00198541420952155,1.60496999141825e-09,0.00379729017861678,0.0160255384314562,0.000166713719279594,0.0146615014126729,0.0707665407790093,0.0112872576843255,0.0259320449095694,0.0664274236755492,0.130244240477136,0.0813631273365035,0.000333358898812639,0.0136583006470362,0.095841389774753
0.00398050440322024,0.0220332343294376,0.119673021179318,0.0152294167038029,0.0706977003314271,0.00224087600234108,1.30666668373604e-07,0.155929571207913,0.00953418634894045,0.0204039954645135,0.137546915622016,0.000467576802535807,0.204464241853341,0.004133236994181,0.000258757281296069,0.0763155826048469,0.122797520216038,0.0237353663439982,0.00905464321439181,0.00150352242977259
0.0165434457861714,0.00364647308611133,0.0042124829391901,4.86920613271874e-06,0.129180224231544,0.0723334660226619,0.0142716132299308,0.18266361203134,0.030797103448367,9.82280917884237e-07,0.0212723778117922,0.353993219232782,0.000319885573500264,0.125588894287458,0.000267949640270463,0.02713287733721,0.0103998215011575,0.000662571148394529,0.00166320024525652,0.00504493095981157
0.0160001417615245,0.000119786355997514,0.0109246818157267,0.214950214302892,5.22926196697792e-05,0.105184709638855,0.0054533169229872,0.0953290877914708,0.00919481423461472,0.012276932978457,0.00950778683769555,0.0214082615630321,0.053424218605579,0.0427590203663457,0.318450763672916,0.00120453399421159,0.000569786520206976,0.0026454762218577,0.0258003668345256,0.0547438069614348
0.372877080608425,0.000861606829496313,0.00277402613243036,0.00673444400355139,0.103986316560953,0.00359685082311043,0.00566900821753683,0.00084898262466892,2.89239787270695e-07,0.162487739200468,0.131092846228338,0.0091697638135539,0.000790534124726309,0.0143164160787059,0.0101622609520365,3.51712655946836e-06,0.0164256056015443,0.00413840850030741,0.12625314717155,0.02781115616225
0.000128997513664956,0.0571466147619799,0.0736673757341911,0.158132025677239,0.00236759610295771,0.00885393086569438,0.0494522696309055,0.00281827335542692,1.91092171976502e-06,0.0661626961094973,0.000138430697669286,0.0190077103066915,0.00772578989395627,0.0895676844196602,0.00429377196812079,0.00375649671767812,0.00211921043335619,0.046763089504628,0.202119246718546,0.205776878666417
0.179064621039798,0.0434410676108397,8.3247520607594e-06,1.09175342770803e-05,4.79924894991273e-05,0.000244808265133574,0.0924632728849784,0.0704493192850949,0.00351254365387242,0.00388519725611255,0.0611660538245891,7.5146245947681e-06,0.00944477385683291,0.0704505055457603,0.0118962823473813,0.172609707765222,0.0577349993672109,0.150003412916476,0.00664072092334247,0.0669179640569237
0.0121647175406869,0.277651085205107,0.00109913925067613,0.000269766288188488,0.138977497201883,0.150885564187136,0.0239225029561695,0.0150690430550539,0.12440171084797,0.000656127796815036,0.0130958731146319,0.000550490079261894,0.00237743613639881,0.0904818536525675,0.0835498943514458,0.0597897243486556,0.000333200079422087,2.2816509117779e-06,0.00443196951498287,0.0002901227420368
0.000281594968085128,0.388140513911357,3.04714377020288e-07,6.17290765351061e-05,0.0158131493848335,0.00524247632408605,0.00192403372421599,0.000971687853821755,0.00981776835099818,0.0669323051239502,7.48081842758871e-09,0.103170878178331,0.0385577876252502,0.00066075447031765,0.000885537802179132,0.324089713567751,0.0215417862939106,0.0198105364485542,0.000241327871690768,0.00185610682893653
0.0115058764675261,0.00437615406369742,3.87739571454901e-05,0.0470212268821873,0.0393050338981617,0.591526670087805,1.75980942445414e-05,0.000898932916433044,0.000809765637392171,5.22608702999408e-12,0.0182416419163536,0.210979642391696,0.00162056110506572,0.00118556545675433,0.0198469732756189,0.0491535513476675,0.000284486710099866,0.00310855201198676,7.89010842493783e-05,9.26906893643207e-08
0.000100226828118722,7.87995885714802e-05,0.00243342918900808,0.0374889240894496,0.000338350906356741,3.52787429975392e-06,5.90919024737669e-05,0.00355476337692141,0.197224596493937,0.0662455069204314,0.0607504173265628,0.00983850247330479,1.93224642952872e-06,0.00191279213937962,0.148112138909934,0.0890150231242137,0.172261581748394,0.00838309518396408,0.0046985350013386,0.197498764676911
0.0397841880465961,8.65769516973167e-05,0.00491986937507026,0.0513285935687975,0.10168847863412,0.00103172973754266,0.00786413832633963,0.104255098766553,0.251453589718323,0.00335416704534545,0.0184444545290625,0.142044426991281,0.0124400010450982,0.000224532535711521,0.00208179138353931,0.00111702666248579,0.115603808386394,0.000562726409048496,0.00236849074370518,0.13934631114329
0.0137006140012128,0.0267082896247267,7.3864922845477e-05,0.0128457871241685,0.0209482171792288,0.0464955323765565,0.00013257485347424,0.0677787976188726,0.018558128091002,0.00214918712401709,0.0761155132377917,0.492215742500481,0.0851999327479493,0.0170269584180844,0.00861617061663739,0.00675432607044687,0.071876412727838,0.00557444920208448,0.0221335523149658,0.00509594924761683
2.23480480814023e-08,0.202746606964225,3.79064070576796e-08,0.0753134996226785,0.104848913846665,0.00585549530101229,0.0311372577343376,0.0215937417787725,0.00856584240466328,0.0204817862382424,0.421867940771879,0.0091226909077252,0.00487468755939963,0.00164892504323141,0.0272533406360557,0.000626343447009257,0.0157350571858305,0.00300912414996194,0.0427115495119217,0.00260713664193336
0.00373274032618507,0.147073792844414,0.00844074591417408,0.0339278798981816,0.133833892993406,4.51444368402371e-07,0.000164501883821258,0.0172086189503014,0.219635226545511,0.0287737426395803,8.27542943436361e-05,0.0601239605021018,0.025430182560563,0.000216834453337676,0.31831480639709,8.94171346448279e-05,2.31127229676059e-05,0.00160883633418917,1.41780637691387e-05,0.00130432409704927
0.00483339542362486,0.0388794436382993,0.0070793107697409,0.000848890605850269,0.01513598517866,0.0883301876387931,1.27507238824001e-07,0.0171491719896368,0.000949166732930375,0.0551177755569327,0.385730772347608,0.0422876796023995,0.0396085367553236,0.00215637044570263,6.69375520190497e-05,0.0544356344167499,0.0385882301389556,0.000174669173266799,0.208626224786706,1.48973956134932e-06
0.0735017515465429,0.0158577874423909,0.000353852210900677,0.000160174920576464,0.15899401118509,0.0356687182596869,0.101711332785015,5.41517330888727e-05,0.00417490687488348,0.000371017766708439,0.0755241526299294,0.00654313925627601,0.0269523175473779,0.00311582422549915,0.135887507615522,0.00078497565790151,0.226087818762409,0.0109446831235882,0.00354778678637182,0.119764089670243
0.16311579972831,0.0312470645487175,0.0011276189659017,0.168213082183491,7.51403927023519e-06,0.312627126228683,0.0806358740836679,0.0048446231114853,0.0222664786555503,0.150518512724311,4.73623387778716e-07,0.0023087292973876,0.000156601715284767,0.0218093858426973,0.000400920407692828,0.0173877499657606,0.00422788879363422,2.38829089270549e-06,0.0175794011475699,0.00152276664630399
0.0213912391935623,0.111028622338438,0.00313895636938478,0.0011273552168241,0.155652488364813,0.167405207915207,0.0209181652638604,0.0401082088928453,0.0181191201543978,0.0437314060089574,0.00699755262960745,0.0028460815988811,0.0176331561180239,0.015335443239646,0.000240930060359612,6.59517941818368e-05,0.0525379885712791,0.000235528155509725,0.104350785628624,0.217135812485597
0.00137740547682293,0.00453085402217178,0.00089025239356522,0.00109785532815966,4.88127893466481e-07,0.138549082427155,0.324344414670439,0.0418219224710098,0.0649623427596657,0.000409938164431698,1.43152480616924e-07,0.0545536665165465,0.0372212499245458,0.0269946554742666,3.87701562519919e-05,0.000163093525506833,0.00188451294246043,0.0078211984370196,0.0177503087037747,0.275587845325832
0.0284300795702595,0.0231339918282392,0.0157038170678487,0.000473212731786397,0.0840378896240477,0.205676147865693,0.0426938197239361,0.0668938550570091,0.004798278013026,5.46324609531774e-06,0.0566475370828997,0.312061599878859,1.78555030204644e-07,0.0637842967571682,0.00136836030128951,0.000409184520492013,0.000222883195432576,0.00375288495876135,4.89185697611392e-05,0.0898576014523652
0.0206525409165011,0.0615534569612481,0.000365260396889283,0.0674602786608502,0.000186781922813457,0.00496689298886223,0.0184010713041406,0.00381806008000543,0.0133414345196168,0.101277574693091,6.58999729267529e-06,0.0732529348312497,0.000996342816514374,0.0871519256461342,0.000987216023709724,0.0353530515567957,0.475453328979181,1.06605631028077e-06,0.000307239915351228,0.0344669517334435
0.0230566724716821,0.104268688705187,6.11843701315006e-05,0.0231991498774679,0.108290844952939,0.0708826496605932,0.124022722539497,0.000749985798354702,0.0275916522858527,0.0254049732712615,0.0363424092399479,2.74670837578052e-05,0.00157223117023434,0.0115989038495672,0.00457617602954685,0.192237328662276,0.159661209560379,0.0239094118256644,0.0404141538299375,0.0221321848157222
0.283022117736735,0.130112158261964,0.0104378330917347,0.00263527447636526,0.0242560729819344,0.00568184247247123,0.000486151426503597,0.0422514826794414,0.00290095378885265,0.218813507457576,0.110630782756353,0.00529116829767763,0.0204973694480407,0.0753251439421986,0.0482029409967997,0.00215523511334166,0.00556668494127607,2.25611340834039e-06,9.13575061072655e-05,0.011639666511219
0.0559928773399312,0.376114595796683,0.0823458066910907,0.0177406054074969,0.0019078010362803,0.0101852074209476,0.277592544922914,5.24215447935009e-05,0.0204280858059642,0.0135769352439284,2.92953160496749e-05,0.0693544958614421,0.0269165995875918,1.01141949361993e-05,0.00153799331967007,0.0241914332537016,0.0160494746702619,0.00121840315477369,0.00474357501230972,1.17344192337689e-05
0.000162842777191526,0.0724881025510472,0.0518392103402967,0.022625489086981,0.178332126044845,0.00130960230268515,0.103000452077828,0.0743061305033525,0.201817380731538,0.0134974500557035,0.0899809263345629,0.0726531032187983,0.0411702439699638,0.010294674153765,0.000221564865381419,0.00967055790681683,0.00136224744849421,0.0408644308519966,0.00339677696658582,0.0110066878121671
0.35279743211721,0.00204040281020019,0.0174637831800889,0.00604798779836907,0.00216371115851045,0.0334131645925451,0.248775227490637,3.15604288393178e-06,0.00441909731540116,0.01150451494917,0.0407169271252101,0.0289457861693026,0.00397714942305986,0.0068675871170686,0.00180171763250904,0.114595051222494,0.000256335201632874,0.0437137671071365,0.0776568335338677,0.00284036801270285
0.00405961910906626,0.0101624159108729,0.0016381839180374,0.0159685869310753,0.000962117234969885,3.58798172600318e-06,0.000169213678086574,3.20573633413469e-06,0.00676902553867817,0.193848178521452,0.0633297109968802,0.0331985306033754,1.70547482859735e-07,0.0139703796518272,0.0750209513836225,0.000125505891453698,0.169379769549976,0.00524555138738352,0.0236070694127228,0.382538226014977
0.00215620871666367,0.0255141584806949,0.103641242353239,0.0303860160171502,2.79529988654629e-05,0.00177487899681119,0.000184242465920195,0.0184780389364356,0.235011606929274,0.0942370553092899,0.0368173783162649,0.0163225049133131,0.0261213013444986,1.05537377126941e-05,0.00109102911190264,0.0346732885852684,0.103383629134947,0.153860387503342,0.0641068808538486,0.0522016452945584
0.000319375736513801,0.0565407745522634,0.0631156210277168,0.00364486313527738,0.00762365689028009,0.202906933184331,0.325235264786139,5.44723275007096e-07,0.0684493332985105,0.0120630869195928,0.00111068443713792,0.0112302400256015,0.0959947448462515,0.000514261182598949,0.00053187335608908,0.026267467167356,0.057601324064613,0.0282940129119493,0.0385503555284872,5.58222601649493e-06
0.0256194250116516,0.00117810244159069,0.0159615627358874,0.00912824654774694,0.004567715263352,5.27422130869506e-06,0.0781807847866048,0.0253479603120924,0.062548518923128,0.0107958188418423,0.00252232817721743,0.0557120685682029,0.0795378810183011,0.00052476106137664,0.034322840067874,0.0109977419496129,0.00802548289132557,0.41621349240813,0.116792694538123,0.042017300234631
3.20178331960008e-08,0.00454153220251109,0.0179636878239959,0.02251787077644,0.0165887288039847,0.000351540256511701,0.17024728041694,0.0271158946495143,0.110744371934119,0.0434564208396146,0.0996293893175663,0.0133262681996367,0.0470065590063759,0.142916456154721,0.00364260669120571,0.0679911258141296,0.0247874188665137,0.170164346749142,0.00663481478240535,0.0103736546968396
0.00685306048297707,0.00275838719888827,0.182830845542398,0.277372696239092,2.48189377924352e-05,3.80065632145174e-05,0.00098987275655886,1.7797199890837e-07,0.0132812638248616,0.00672865531577718,0.00494898467590533,0.147068132507803,0.0331762817071271,0.194261399380888,9.61639874072841e-06,2.16884688616232e-09,0.0985031300055612,2.29428279685722e-05,0.0283537678799447,0.0027779576136561
0.29262640005668,0.125509866952828,0.00533124913785714,0.00239120032789887,0.0131233212608333,0.000534901249957126,0.00226444364545784,3.64074905013857e-05,0.0224877964080012,0.0388034325201726,0.0236638643866656,0.00165327844538604,0.00645936216085002,0.00290319351085307,0.0879055983194481,0.0720078715204936,0.00559468833576035,3.03375456653186e-05,0.0483251229649402,0.24834766375975
0.000172159226000688,9.53049087344111e-06,0.00119718293288322,0.0255685298180749,0.00103249925150352,0.0486875656523789,0.0117048640134929,0.247959562949845,0.0154050773692129,0.00614833322443019,0.00308769732307479,0.00032087879365752,0.190127680315891,0.00365751810485676,3.35731029361648e-05,0.0172406662436998,6.46703738297674e-07,0.00333740226997854,0.424201020093599,0.000107612119872383
0.0251985840432092,0.265298594241919,0.0382835911165381,0.00963394329241029,3.58197805162747e-07,0.0382086954977286,0.10340435527775,0.00514327057963902,0.0244056440413386,0.0981374333563451,0.000772798057675247,0.179224792103812,0.0881593272819741,0.000266546979552707,5.76121956215376e-05,0.0830028732378089,0.00162205094259557,0.00659776804966396,0.030252172258049,0.00232958924856358
0.00180368639631322,0.287795657291265,0.0016858129859271,0.000461386891819747,0.0257427784051972,0.108091882571593,1.02567315238479e-05,0.125194837596653,0.115573843649577,0.000420939392104413,0.000400283650737603,0.00898171416410399,0.049525545300752,3.23651043810212e-09,0.00712997035417945,7.76456770037249e-06,0.194574290090404,0.0134495912241497,0.0591070467869805,4.27087125085457e-05
5.96744998426514e-05,0.00127844141727971,0.00759549434607167,0.00493559107617447,0.0323697786987612,0.0103853663552914,0.0114513351187618,0.000620798473020142,0.248595679626563,0.14419918658356,0.00434855771018397,0.482702642986724,0.000604585593766995,0.00348460646510592,9.30331395181166e-05,0.00586506037182634,0.0217312736374898,0.0196744392586696,4.27083027283086e-06,1.83811116688478e-07
0.0166657115856624,0.0252588436003349,0.00352116906587335,0.111734865642224,0.139584932766444,0.0194429504059519,0.00983858581099531,0.0642476498604629,0.0815167906739484,4.17189820210764e-05,0.0774165673277247,0.00243434911125415,0.0213646561744946,0.0608023877579354,0.00217569699030086,0.0446289082816166,0.00015618203090891,0.0564833279560152,0.00610425469837672,0.256580451277454
0.00080143743930621,0.00364454943931402,0.0808589982842503,0.0259501630357001,0.0153979555514145,0.119814014365187,6.19473462084347e-05,0.0178597843841224,0.0256808638114467,0.0354419815826741,0.0989734088078144,0.256323830811566,0.0901450176915027,0.112662571785061,0.00457764063354892,0.00514170320910576,0.0991093397172828,0.000425854892821821,0.00167629176604523,0.00545264544562797
1.51453969854677e-06,0.0395288135732782,0.0578785672980099,0.00027154067894073,0.476789501639498,0.00145564930308269,0.000895663200937294,0.0250900879165364,6.62037687644742e-05,0.00204044351560869,0.0457506614075359,0.00645988709906041,0.114839279496629,0.0255547916561493,0.0277171759719865,5.96257609135243e-05,0.149612851175579,0.00101324367091361,0.0129359751232508,0.0120385232036271
0.053474985862718,0.000309276579959503,5.67832884831817e-08,0.00962559093461147,0.000652502723567249,0.00119646516479255,0.000583650284176496,0.0602010913797227,0.284238582076688,0.00242460578539117,0.0263844142948506,0.0832506177521551,0.0133916041830656,0.00159688509175111,0.00882862041898957,0.315358865138903,0.00224735587195947,0.0028635405934351,0.063154792798496,0.0702164962814781
0.0224800160254827,0.394074509465398,0.0673814198580992,0.0138549466708961,0.000646735998984101,0.171322408212202,0.000215859986402323,4.67461031893686e-05,0.0178869441713067,0.000573255276113614,0.0664915920247377,0.000733444351549004,0.006849264520908,0.0015168798183155,0.000756102327383867,0.101379647468335,0.00645883169353598,0.120975230464696,0.00599330276125039,0.00036286280121442
0.0160882676161011,0.00765208913952016,0.0167613563393738,0.00502310212649557,0.148005472556019,1.2054185969697e-09,0.0686528351314584,0.382650243766726,0.0732594096105072,0.183881105227739,0.0025021343073826,9.89878694249534e-07,0.00916933569921137,0.0328618233893317,0.000372244964297635,0.00015461671885544,0.000305340236044346,0.00519231777664404,0.0443534465205935,0.00311386778958652
0.211956136620421,8.73183802401923e-06,0.0328078522487289,0.008278892296443,1.32413062459318e-08,0.00275250239815901,0.000751172910300252,0.0891814546187326,0.0031305646580494,0.227934072981456,0.00680058939020862,0.14843376547033,0.021172602741415,0.155553280300487,0.069424149009999,0.000955607518472343,0.000213944954001192,0.000218563441433217,0.0196140626399289,0.000812040722104326
1.27449176623691e-05,0.0435562673252103,0.0274318784982934,0.0102436959534097,0.00213346251521654,0.176368894589512,0.000687757914320388,0.105343601080994,0.0182490148028493,0.000765010596609075,0.00185624181857444,0.0602997199356929,0.104264082255629,1.40015303713743e-07,0.209306730526036,4.14729839940698e-05,0.133967183799179,0.0537459124822788,2.95232454910959e-07,0.0517258927567798
0.00281012772002833,0.220961961134028,0.118640993024193,0.00369014060912208,0.074740892079539,0.0102737297622719,0.0411874731462573,4.32965072359462e-05,0.0305871061011269,0.00175804805063289,0.028309759078181,0.0405669025094667,0.0860048781491457,0.0175224240691975,0.133743485173503,7.30607726504484e-05,0.000999960738022476,0.0607646226089169,0.0571077883193294,0.0702133504471513
0.000713753976905868,0.121353515257063,0.0307556943022125,0.0260476523120586,0.109309345097341,0.0628300732722735,0.0120483945884239,4.94295784619621e-06,0.00810903276281487,0.00133276308296173,0.0130780024877047,0.0485160117681336,0.148822062479428,0.0382085190719022,0.0638686904119813,0.0146525047927426,0.0194543652569161,0.00354946370775265,8.79180289771159e-07,0.277344333233248
3.86223587052546e-05,0.000245814815645328,0.00306426460020031,5.61149509205957e-06,0.000332881796603496,0.0767033500143589,0.00200264870234297,0.00807627099689538,0.0790973915639607,0.182079924275536,0.0142341978108062,0.285415069020869,0.149253497006531,0.000885214002965466,0.0215858080966271,0.0152521375083304,0.0499535123342049,0.0259703982815466,0.0707030020441244,0.0151003832746541
0.00482403641090162,0.0121860771703925,0.00644199522626683,0.00111712178285402,0.000909242413416724,0.411425707983492,0.0946731019161642,0.000339716357310816,0.00359184279608522,0.00520789169640507,0.206737232540494,0.00257212636352348,0.0234925860009006,1.87549807003464e-06,0.00012274840404092,0.206660192423115,0.00809130278411542,0.00956628868370225,0.00203842048650915,4.93062240213775e-07
0.0185383309337335,0.0111611463021089,0.000565100052117739,0.0162522264812771,0.076152449066696,0.00415636417630843,0.00139570984927681,0.249177867692575,0.00126863241041013,0.00569324745442846,0.0953976093102704,1.4728736298069e-06,2.49081040133067e-05,0.000466937367408765,0.0607101899752805,0.151450383323637,0.136304332483156,0.0377750364292066,0.130258338438282,0.00324971727618335
0.0770729858126226,0.000172019899809228,0.070143656134553,9.36191162649612e-05,0.0357087536733811,9.41077915492662e-05,0.141074643020214,0.000442252674073682,0.0266142885899713,0.0468394080343851,0.402244832238168,0.111764222053948,0.0107569643877078,0.00831018772015539,0.00916294691053047,0.000936428465066176,0.0213335137432714,0.0277275807163175,9.52202650539451e-07,0.00950663681535993
0.0030065095476208,0.0116056802913662,0.0504085222028687,0.0843237557119848,0.428481947139239,0.0185062793095408,0.00203474095372584,0.0652626923093829,0.101377250341369,0.0029494715089048,0.00774344502608722,0.00220055649574873,0.0345576442514168,0.0134902058453572,0.0108983190145636,0.0150275137712003,0.0525513101866479,6.19114113731397e-07,0.0951800345490284,0.000393502429833413
0.116211927987515,0.0316556108822171,0.00910106302621226,0.0863776954160932,0.00461204757424774,0.000131697385702184,0.00247059366126208,0.0105981081295207,0.0011507675935479,0.00729978587291078,0.00697669039124202,0.116775658214166,0.0246873849768787,0.114534257196541,0.000230390471421353,0.0210012317399629,4.20236975614148e-06,0.0367611980697824,0.409418367671412,1.32136960855795e-06
0.00121617881275275,0.0491692355744313,0.000487235750529002,1.93703810281125e-05,0.193946420597993,0.0232505915256949,4.41885095574163e-05,0.0401014905535653,0.0118400461433372,0.000353441953372215,0.152557762454274,0.0471330300486946,0.0270497790227348,5.7834621492697e-06,0.0517035312259866,0.00375709112038098,0.240982460762463,0.10345302366452,0.0228502371526988,0.030079101283836
0.324424409424729,0.000194635078558622,3.37233140725943e-06,1.82093049278997e-05,0.00174035388167933,0.000948427942797662,1.16815300793299e-05,0.0182202329854994,0.000242482623315061,0.00481002231525854,0.166531830672877,5.22067744945421e-07,0.011044153185139,0.000409220795652968,0.342057148492626,0.094582289811617,0.00359748505336332,0.0278889930331214,0.00166620679029769,0.00160832267930877
7.87250186727492e-05,0.00112817996660649,0.00173344317406992,0.354749221633247,0.0397825660720209,0.0118650478179732,9.16995103291789e-06,0.0125938014503682,0.0974153704630159,0.0867000345554356,0.0127738776233113,4.58716756082388e-05,0.0655685579120135,0.113771980551381,0.0476085538194492,0.00654486075015945,0.000266578926253398,0.0874340844450127,0.037585081979087,0.0223449922152806
0.000209853230913893,0.206131078249684,0.0338735087953629,0.156103103021052,0.00266363889640151,0.0108093353271221,9.3425873966216e-05,0.00295814660700597,0.000128119071721234,0.150220740996682,0.0253102490467509,0.0186412433126024,0.149851117675948,0.000290915211006388,0.12853644189202,0.00307781629016493,0.033694050577533,0.00398024267713417,0.0465050765886272,0.0269218966583002
0.065735349398299,0.000192668060065893,0.224794485958812,0.0299201669788555,0.00305263886699827,0.0149086152569541,0.0228681913764882,0.000262124110637228,0.118371857619156,0.000264733062128411,0.00634291500128382,0.00105932143041265,0.0511748848131333,0.011129527601472,0.00434276105067235,0.0149747083378806,0.0422736172967701,0.029035890904789,0.192430633818671,0.16686490905652
0.0624322190995133,0.00347133516300415,2.58149738133847e-07,0.00414024583813025,0.0635469823905304,0.0403590625261465,0.00013845187014815,0.214704739492532,0.000409643438100231,0.0720621568637608,0.000626916288716572,7.17943706578052e-14,0.0252129033436673,0.0384575269608095,0.0790530118118134,0.00055062933983188,0.299202111359484,0.0195446764906821,0.0760839639491915,3.16562412832009e-06
0.0433018051350156,0.0376454990353797,0.111731082648448,0.0585029386334996,0.0164666085053618,0.0402014066670531,0.000852200990855499,0.0122918462582086,0.174054040021068,0.0637422311796028,2.43082413706373e-05,0.142793616317397,0.0105023887147742,8.39353245851127e-05,0.00166719911089531,0.00395616846244619,0.0911464181431126,0.189289827989108,0.00174545701985035,1.02160196773284e-06
0.00781904892973825,0.000125738917357428,0.12246168889961,0.127173774641093,0.00098472313122455,1.6296658822767e-05,2.7325234839438e-05,0.330049300997613,0.0234576498289386,0.205406086545204,0.0831571767164737,0.0672315916835518,0.00532941889363635,5.5081108107029e-09,0.0166476136100727,0.00457746452425132,0.000346977115653019,0.0048898052013045,0.000192615170361502,0.000105697792142804
0.0161739397121024,0.242146241632045,0.0576602022380575,0.0152983191740828,0.163387380440247,0.00278104076539952,0.0783788200094504,0.0705464523299591,0.00162429143608472,3.38760020741835e-05,9.96607102834974e-05,0.024118596431487,0.000500168914829345,0.00126900530151464,0.212302652225352,0.00108849302746874,0.0764369901612517,0.03010087024531,6.28698264226493e-05,0.00599012941657725
0.300083126740065,0.00186040832627217,0.0556648276947374,0.000121979784380249,0.081184142589948,0.0787811174083784,0.0205198546731181,0.000131710086632828,0.0323073423325437,0.0523841397303662,0.000239543949472953,7.50151877324692e-06,0.0364055186051692,0.0141340835992675,0.00683930631669262,0.18734351923665,0.000860969889491223,0.0102912533501946,0.0149850770652559,0.105854577102591
0.000569530168515169,0.0163524548124752,0.134705705690746,0.05897257060545,0.000234767775002993,0.00274115797504496,0.00501416836074761,0.0180065468180187,0.0435548237882683,0.0656135229838627,0.0645170780778281,0.238897557525736,2.69749221376633e-05,0.118175153815952,0.013779277454408,0.0255467764029243,0.0368327850320627,0.00964623750824173,0.124102970800378,0.022709939482201
0.00923909071407239,0.137477814353213,0.049512356044532,0.00265171773040835,0.180205727899951,0.00222484473273141,0.00525202182928837,0.103677943868892,0.189849258742094,7.48509267718131e-06,0.0198669768908222,0.0751277525642585,0.00223470263834552,0.00944289210575719,0.0006478945214468,0.0141636039995862,0.000318898506946737,0.00718770000531298,0.0952514376635692,0.0956598800960943
0.126461136633687,0.000966643381405499,0.00574384867199209,0.00177408009027206,0.00302979619492615,0.000595977878648367,0.0245751222458032,0.0351318974305894,0.00364625664800471,0.00595316633012997,0.0550690108019553,0.000108193399967418,0.0485489786678594,0.0442838628133109,0.153009093995156,0.0103882547387384,0.345781471754746,0.0288476891231048,0.00332816217025302,0.10275735702945
0.00707901730793678,1.60792511246843e-06,0.222576622579882,0.034499156783993,0.00574376728234242,0.000532862441521727,0.0677982600604578,0.061811754040305,0.00333489813550215,0.00653712230561165,0.0578899367081855,0.00133514765675815,0.0601815113955741,1.8747895970431e-05,0.000428818738931028,0.00029154204961278,0.051863400128359,0.396147824995764,0.00092116869546581,0.021006832872714
0.00972770966485524,0.267123770447861,0.0372250823100662,0.0196558584663812,0.00806576747841468,0.16679163484054,0.147906862865237,0.000176292304656402,0.000914500517814033,0.00782161929887866,0.000305462250548093,0.00541601809842591,0.0182138441604879,0.0683289289309402,0.00187944426792993,0.00316295687479503,0.226090549258429,0.000143605433940708,0.000711474004461808,0.0103386185253369
0.00238796859476911,0.0235684033753129,0.0214778648448869,0.000388557060638313,0.00912023510758938,0.0179164944106873,0.000793600218039227,0.421018942533859,0.0567843749675001,0.000120222128145189,0.00168010234705412,0.254356339429929,3.83210692523149e-05,5.14898410658185e-05,0.0871595160612438,0.0500360863348722,0.0194849718455321,0.0040302242375707,0.00425215334771876,0.0253341322443338
4.34598041955521e-06,0.00062454054222118,0.282844309041102,0.0152596567263801,0.0192816470341771,0.00644848875390833,0.0106590226629742,0.0458362180228411,0.00109812274169217,0.0444412630115407,0.0182867392560753,0.0215618469864889,0.000603626516162681,1.38904607956057e-05,5.44878533206199e-07,2.8411861854811e-06,0.000912737655052722,0.00489845691527217,0.158016422903204,0.369205278724974
0.014002307690005,0.12763140667291,0.0634465587368851,0.0670211736342046,0.00416726988705338,0.0672409257785195,6.8972704031232e-05,0.0714541082039087,0.000138329425992562,0.0363797663704289,0.0276107281869354,0.000263296132763036,0.0877953783170601,0.0169400397735395,1.64087276429303e-05,0.0345213017517209,0.303150995070108,0.0256747039027918,0.0190706904021682,0.0334056386313311
0.000100687954433715,0.197243889682668,0.0104572816137595,0.00219930277464092,3.20578956445027e-05,0.16592146208127,0.0315859973974097,0.0103164951336978,0.0071342354634104,0.00707764331852259,0.0370748425259202,0.00177234696469105,0.00375976152477136,0.0082209349559112,1.94205259358085e-06,0.00336873908323699,0.000496115690426662,0.507497494035845,0.0048747865640331,0.000863983287113009
0.0557255300543303,8.23418321566356e-05,0.0248420568124699,0.00105826563031759,0.010545379888463,0.00478109493110781,0.148727738564702,0.0172635704602163,0.0550192486869425,0.000136649023514776,0.124405136302667,0.00620151337322277,0.168377609314401,0.0799492573373589,0.0107202730243336,0.00744804272404762,0.0185179960246653,0.0178684601262098,0.246783256662107,0.00154657922676532
0.00807980836689427,6.44253950514611e-05,0.00511464479906339,0.000304662158620064,0.083389813701285,0.0384214598548733,0.00757117254002945,0.00966743490304389,0.14597838928232,9.95615367111993e-05,0.000370918095998729,0.0714522906163554,0.307747228010951,0.148803362100641,5.34270394498611e-09,0.008720935488909,0.0128112327803443,0.00208426178847046,0.0326539658480087,0.116664427389726
0.000334635452719811,0.0900818827051089,7.83091637012666e-06,0.143349909036188,0.0021637984852519,0.101785946376001,8.08653586839471e-05,0.118214756295445,0.133207430507136,0.0245393521519039,0.00695374608479393,2.37549515282683e-05,0.00960360380295258,0.0169973098503118,0.0482126557267603,0.00127221035348319,0.0817439397785032,1.83838232306311e-07,0.0988713716567746,0.122554816671852
0.0591418642661625,0.119485562785219,0.0067881979517213,0.0898261133039995,0.000883558085949091,0.0709969144037412,0.00594725926373686,0.0278817718146183,0.0467854959065051,0.00233959518367718,0.134224193063648,0.0203765971302763,0.201576947584711,1.99484896438888e-05,0.00453351416127147,0.0113502199119566,0.114705256699811,0.0831237995144964,9.05525985187444e-09,1.31814235953727e-05
0.345695953745612,0.00581196264511264,0.000530281143466747,0.000126142265701919,0.0157487588335419,0.00135831644563863,0.025196806016571,0.00234114816520449,1.04418221072524e-05,0.00268983418575113,0.0459242544906905,0.00369805518934279,0.426619272652137,0.00811259221718433,0.00325912696726557,0.00296899907469325,0.0112321232051652,3.28108814238615e-05,0.0973757630629456,0.00126735699044455
0.00783524992648909,0.00317226988409762,0.0483661602077276,3.02121548995377e-07,0.0423222908416974,0.00397475932833465,0.0411831697520126,0.0135123606690244,0.104412044715397,0.00132237070018518,0.169356675029353,0.00587547175586135,0.0127170990742963,0.0911229487388118,0.000560470470627359,0.185255051306242,0.00999883108005766,0.000361329396901734,0.257761945997468,0.00088919900386696
0.00792573149999063,2.0997649205989e-05,5.04222817355142e-11,0.139456305122794,0.020385584065803,0.0969669185579707,2.44587047168011e-08,0.0450830560984933,0.0282466358844957,0.000226062917645815,0.271167902452076,0.00351203017687548,0.021715692714813,0.274684355752524,4.99324286065801e-05,2.03232520660595e-08,0.0136350155360987,0.00142218977869533,0.0118737055446736,0.0636278389868589
0.0425271592521546,0.0176995736060414,0.0285744063600567,0.10598989277247,0.182737128197793,8.62172431565095e-05,0.021978936802788,0.000111025510800172,0.0238613213245148,0.000174664936564538,0.138196919485522,8.70314660269061e-08,5.79808927083098e-06,0.0398687439854772,0.184263012337225,0.060390243837831,0.0125024026090252,3.3621282161337e-05,0.00914319271651455,0.131855652619167
0.0209952875894301,0.00405829344795916,0.00127005940764186,0.060171900862887,0.00013532897146632,0.173158240889362,1.67764576424858e-09,0.000467513961245254,0.222527297629618,0.182263737117292,0.101769855437918,0.0992953754522222,1.38407385791663e-05,0.0240974107427801,0.000458605408329283,0.0372507953438799,0.00169853686656032,0.0148316089571688,5.12194716976602e-05,0.0554850900263171
0.00104688298238629,4.96664767254966e-07,3.14316487966941e-06,0.0264171273985161,0.0594342608983595,0.00873216114410688,0.00238337138681702,0.0203416990768945,0.00166154881619884,0.514184153451775,0.0688871882763727,0.105871508903229,0.051933014583653,0.0970335201050026,0.0355467782171144,0.00103273986616257,0.00054012762660206,1.35405390052132e-05,8.76794067234849e-05,0.00484905749143309
0.0110303110580739,0.00147710360877212,4.98568289972518e-05,0.0110439565639571,0.210536175888535,0.000293319143463911,0.0117564533626814,0.064108133443059,0.126307708418519,0.00328061557636115,0.00010287795386027,0.088368710464098,0.293090761609108,0.00225822318996357,0.00332277167839998,0.0129703609147366,0.000214150216639871,2.47960634670012e-05,0.0197843208619244,0.139979393155382
0.00028919614089997,2.01455518899131e-05,0.00498996918519612,0.516105995754589,0.00977127232127305,0.109610175964613,0.0581587214134286,0.0107251489768105,1.26096365338032e-05,0.00468918208988477,0.0891160927127602,0.00393847342012528,0.00378246736663316,0.000191120969463709,0.0041704012281132,0.13328585508887,0.0174775056752459,0.00312107308927,0.0203321224130801,0.0102124710013206
0.00888372481621547,0.0295957819989266,0.0097839991688851,0.00531947741173905,0.0322507022341342,0.00989920585981344,8.50190678601998e-07,0.0125541457456562,0.000143126532832362,0.034239710415787,0.0565388112291162,0.150371164655628,0.00038301238547977,0.0789773809176513,0.00528159116604667,0.284690046700946,0.135941307159944,0.00195831260867328,0.0787990739204159,0.0643885748814317
5.54834319721293e-05,0.000208082168291628,0.232794725201334,0.00370398530988574,0.00087943237828871,0.0154859159091782,0.0128293894197163,0.0375085848852312,0.168004201484238,0.00031665576998239,0.0608803245106225,0.180996953592806,0.0146061944838562,0.0134192130406214,0.0362317000728041,0.0774103207808519,0.0130602509584374,0.0761227949326076,0.052764361558871,0.00272143011040309
0.0521601199476087,0.556660707012644,8.83133872180473e-05,0.0070451063967173,0.00115656985411299,3.03291634278847e-07,0.0203788484031356,0.0170863108704235,0.181097972366172,0.126961916457264,0.00123909728579723,6.57018202579482e-07,0.000395560907345828,0.00210089087029196,4.7123788282158e-06,0.0168634671103504,0.000778995805941472,0.000792887869997081,4.46405847020102e-05,0.0151429221816134
0.074925821837754,0.0509675425378933,0.0402859494943268,0.000372468931665915,0.151300159757198,0.159556795780715,0.0526147307229477,0.0574689596806398,0.00644640129466527,0.119323021707483,0.00939431952302906,0.0296449097186494,3.50338691169845e-05,0.0331658952665657,2.11992550270396e-05,0.066629852710712,0.00458707596969842,1.72856467378919e-05,0.0208049588597411,0.122437617435434
0.00343849363619366,0.141796268162292,0.115106351598725,0.00681261132632613,8.77156418490326e-08,0.023648206022321,0.0102626452014627,0.0117162700465541,0.0299894759119752,0.106126005290414,0.0118949620434901,0.0831909971579836,0.00271741698244977,2.35068483769818e-05,0.226213290802402,0.000405988417209872,0.00139113835175038,0.00366460966838202,0.221601674815997,5.34958636406011e-14
0.00247772749581748,0.0847318306579616,0.0667486896571072,0.00188051168566477,0.0280208117368142,4.10816573847959e-09,0.000564770887761079,0.00227655927103874,0.0460147273955708,1.11671599229289e-05,0.341018024893335,0.0499941463563857,0.0215651978400206,0.0285370842171058,0.0162796908604754,0.0477967086150867,0.000398636032889258,0.000203294011772696,0.260866681827881,0.000613735289223766
0.00159139102782286,1.50434273857507e-05,3.59775647454688e-07,0.0288793502788187,0.00134256524534138,0.145396268251801,0.00163965670622838,0.167397658414996,0.0139686055191224,0.00425308262294978,0.300602948771372,0.00227251664078825,6.18293585044899e-05,0.0503522677179382,2.51760454968957e-05,0.0145778194116947,0.00532419130481262,3.30498993429643e-06,0.00734702959852541,0.25494893489082
5.00431278399945e-05,0.0962916446282092,0.214866566378924,0.00139799586337939,0.00167418135889486,0.0117298712258585,0.000413351994367513,0.0548151535424413,0.005306946965645,0.108867140425226,7.30269674527482e-06,0.014623468054894,0.0125421948835569,1.38225749909706e-05,0.00712209502737409,0.0138371413280947,0.0163199616903124,0.419319001347454,0.00381966782653329,0.0169824490592585
0.00830337698617899,0.00356998840917792,0.190943573836231,0.00133776220975538,0.00788794167600751,0.0133911945657674,0.00306631401711839,0.382728577990229,0.123082803824018,0.0145092421881506,0.0103701828599292,0.183314379679839,0.00122107457549636,0.000437492451282984,0.000154559600499659,0.00152493819597425,2.11856019878058e-05,0.0223776459372525,0.00710512229382661,0.0246526431012783
0.0390977039798946,0.0307001373874702,0.00729076033111642,0.0129816941582985,0.0141748688289636,0.129564740679727,0.0248150660740829,0.0331373498040492,0.0268988432994037,0.00921391988189654,0.0135056803207742,0.413058994843676,3.3246299483378e-05,0.119177453031693,0.000176436154421137,0.00575031011588773,0.000201356788430557,0.0652933117893245,0.00371088227831528,0.0512172439530914
0.0816694223359628,1.49785141406368e-05,1.52712682758643e-07,0.0204572945548875,0.0239905104446913,0.000400644620125172,0.00351758641831473,0.000239578960447232,0.000314406599311719,0.0044824937636307,0.00745673987206905,0.0518573800605054,0.127859690702719,0.0105727659621401,0.220871765887979,0.0132284112985612,0.261896254266377,0.164500341543501,0.00306709201316225,0.00360248946879091
0.00836329996095583,0.0106297915792354,0.100356176459806,0.143417123372758,0.0204218500408289,0.0145739331358128,0.00263842197841042,0.00488292004523731,0.0644257280799127,3.02662153232507e-05,0.0351714968945382,0.116858325479836,0.144007139294118,1.59406911988235e-06,0.199252810016936,0.0184028754069229,0.0805893712397211,0.0111016035362623,0.0156809569811605,0.00919431621310409
9.82204454617672e-06,0.0360031664597474,0.0337819848692183,0.000346980759076214,0.000231598481996762,0.0234387746040468,0.00405540018493784,0.00058468280578183,0.0828074770989829,0.0671489519941674,0.00323274077010994,0.00546151044309641,0.0118592360870972,4.68244152901683e-06,0.0196489000457586,0.248476283019664,0.000451692761085857,0.109517564961461,0.242005121336251,0.110933428831446
0.0566068129852203,4.31200786356267e-05,0.0528623026356481,0.0543960038639131,0.0598583428740943,0.114895828966425,0.52091013483523,0.00251822844919794,0.00797830337230517,0.000485357689298173,0.0053665389735647,8.38483788199706e-06,0.00200957870549888,0.0146598061401191,0.00751575368377824,0.00633727624462555,0.00272536068877134,0.0482920428447957,0.0413120127823595,0.00121880934863707
0.340976320439867,0.00556811802821119,0.00496976844036951,0.0877405788782715,0.0173038470772164,0.000524168778971821,0.0025583299197776,0.000515236764207639,0.0341159276390548,0.185474699748438,0.0316211177892281,1.50319355067212e-08,0.0681461601388719,0.000583692315864895,0.00050053521323376,0.0731382434988234,0.0662595536130932,0.0298130127580021,0.0259510167808566,0.0242396571457047
0.00101080101788695,0.22731657236901,0.0938713952323921,0.00192401514009218,0.0684281053760695,0.00132213880792797,0.109014564084575,0.00122390243415854,0.171966765031953,0.000324638547668958,0.0799488022516288,0.00012465771563394,0.121659792347063,2.15782400839752e-06,0.0347034330462181,0.0178110636106312,0.0601683077504813,0.000762140528513467,0.00524614124920409,0.00317060563488419
0.0583035287732495,0.00144995213227937,0.00329695418834655,0.0148253138981425,0.02866983583867,0.0150171403257508,0.0896534702550106,0.00646805859687157,0.0762771397296995,0.0150751797428588,0.0421890539383257,0.0933209268666545,0.00898399585142009,0.000870981473562665,0.0959104955838931,0.256633665010224,0.0657266054926613,0.00492424909936735,0.00658974638969248,0.11581370681332
0.0100744090521394,0.0557934892862451,0.0574142998965989,0.166825884693331,0.0066706296150709,0.00840774730658351,0.0257711168234178,0.255756178887547,0.0115352092927009,0.00450090444042423,0.0161183606792689,0.192133967392104,1.92753782805252e-05,8.12543301857794e-12,0.0845677312171597,0.0154677183336278,0.00611010426224623,7.41492480347673e-05,0.0683827993685576,0.0143760248185369
0.00780448652264246,0.0222667169342784,0.0743808635278877,0.268718054986001,4.85091834883164e-10,0.00599775169834928,0.124937827954607,5.70092041682668e-05,0.00441428928945379,0.00066369530559627,0.00111854992784606,0.0978959879549285,0.0772196924251663,0.22867010919161,0.050281460408729,2.06756313681136e-05,0.00175480645976659,0.0105772795850291,0.000829110952619016,0.0223916315548615
0.00260812679765992,0.000522775048000355,1.32607598204554e-05,0.00318625570270627,0.0368786218903876,0.0826988036515049,2.17095772774758e-06,0.169320720591361,0.00993773477589483,0.0246237888511309,0.0159545169316475,0.240924950507095,0.0902686456900327,0.000609838384502166,0.00316478714011718,0.0157795965147428,0.25419383297003,0.0046154666931359,0.0268270535834216,0.0178690525590813
0.00392558197615147,0.00784375699905904,0.124899006998338,0.15714264849808,0.0214404265651636,0.00061528038911603,0.00193190001732645,0.118866119875171,0.141330892779588,0.022226159629614,0.0801309554039215,0.00184669231036955,0.068653692261903,0.0688628917011798,0.137560316047093,4.87931818099697e-05,0.00953925639417916,0.000134980869655828,0.00820014195060463,0.024800506151675
0.063056952834742,3.36180414846414e-05,0.385585926493153,0.0425339471490429,0.036453422017189,0.00613272353552579,0.0456811489133562,0.00222247210091935,7.7366609648597e-05,0.00405201130430047,0.0667241133754197,2.14934842103098e-05,5.16551866641472e-05,0.0427313116726499,0.20898894990333,0.00936046533955386,0.00184264923203144,0.000578252742840926,0.0837458023089977,0.000125717754939924
0.0110954889370547,0.171226553884134,0.0829986160705884,1.74928467371391e-06,0.0381341861303533,0.0295311125409027,0.0343203281305784,0.00314540595694211,0.0265482192576936,0.0904128915315682,0.0595833738769148,0.292762217565551,0.0779311793920481,0.0278422083436507,8.39465067420163e-05,0.0194038705637695,0.00472542371522757,0.00744801528730889,0.0205771324718961,0.00222808055240169
0.00527572658355974,0.373677633336896,0.00121644382784622,3.03062881330627e-05,0.00313812648458854,0.00232838182959271,0.0189556936281291,0.0168012015529505,0.00146010218799004,0.00044383693638841,0.0101975998499318,0.130505943576983,0.0345079584279153,0.0313554315727039,9.57568231537678e-05,0.0133327680318727,0.10958788260029,0.196407185439934,0.0265782511966993,0.0241037698244414
0.00300353637431721,0.152109763415,0.00947014242303108,0.172043245526469,0.076932929548874,0.0226661189674591,0.0824043079345443,0.00906700317057361,0.00949815196003828,0.00308336177446518,0.100793281931919,0.0143234618984588,0.074858263309689,8.07657123441189e-06,0.0512800841107689,0.0075178147018265,0.124549601119212,6.69472587881696e-05,0.0777537811084451,0.00857012689488656
0.0047342299983438,0.00101995210498648,0.0593748165141989,0.0860535904462289,0.0749262978959168,0.0292744532171594,0.0353729135069076,0.0200114189950708,5.91074788706855e-05,0.0212247687983401,0.000679899785501886,0.0366491008014207,0.044564464908071,0.0119856162521277,0.111675748552048,0.185147030608614,0.000472623389490017,0.00437728481599191,0.00144867470702023,0.270948007223691
0.338504122640027,0.0554066669823997,0.00787069933231882,0.00661702013778526,0.000148877072420627,0.0194315179113028,0.0269703248829648,0.278375323153251,0.00216243382910206,0.00708690069372995,0.00531819666292235,0.138560388155709,0.0188393365168207,3.95527330740402e-07,0.0115978423834461,0.00010969149556418,3.34915654600129e-05,0.00125158626583548,0.0817073261600446,7.85863156501547e-06
0.00149247082675364,0.00751125484655407,0.0129356266289774,6.72256242479832e-05,0.0720104026634966,0.00543556523724152,0.00103122494447514,0.00146242135215244,0.203723332315589,0.459467329052728,0.00852158737719097,0.128402606000367,4.97975638563133e-05,0.00134818055382841,0.0251647934766805,0.0247210722325303,2.1508359953684e-06,0.000543062519061502,0.000648139432227255,0.0454617565160465
0.200831861392164,3.98602859618502e-06,3.83249411411396e-08,0.000654886020174897,0.000224531770083117,2.38778042152541e-05,0.000230448216773964,0.086341349848567,0.109804882889276,0.000187607202166882,0.0854651186526806,0.0852642529076114,0.00167307535014128,0.00256200161155248,0.00024160400679338,0.280302318809679,0.002326705902815,0.00375842864761214,0.00879671940102215,0.131306305213133
4.77600234183001e-05,0.0878547689209407,0.00130134093755251,0.0172147270363831,0.078088673821769,0.00165928294481993,0.00203390534680932,0.00340479217721181,0.278025860779464,0.117441326680687,0.0794978467529751,0.0155958805784147,2.3046976677099e-05,0.142766738497978,0.00182458437665966,1.82786686501755e-05,0.0120055944699419,0.146985413851598,0.00895386198119958,0.00525631517685053
0.101010964911097,0.00113006676391614,0.0861901796736295,0.00115745588995671,0.0194938550645003,0.0341281868928831,0.210268150919666,0.0329745203624821,3.30600500922633e-06,0.0528675811756508,0.0128360075903518,0.0352499400488496,0.13503493622211,0.12346027457517,0.08996333755997,0.000483721913866667,0.00512156829158691,0.0223323595503294,0.00343336128465007,0.0328602253043258
0.041417781753412,1.17896122827235e-06,0.0392143231611071,0.0633304959441779,0.00940003123781565,0.161623658006575,0.227927383769768,0.0673348937609556,0.0300345775859776,0.00150118084443131,0.0855466515609589,0.0238432281992295,0.00173507324437998,0.0010282701746024,0.000579733688382074,0.010463968393947,0.000198543206525762,0.0253141877773998,0.209465555524828,3.9283204297851e-05
0.0900797014507042,6.98109117622482e-05,0.014849444245036,0.174526243809439,0.00308031234762053,0.0644121162574842,0.0615514938083711,0.0475248232080989,0.00114529432698302,0.028429059997155,0.0138347531375182,0.0527196421881499,2.28777461934236e-05,0.000130048152842375,0.333168647150013,3.3791306709919e-06,0.0898336511242236,0.00415230400219006,0.0197945667005319,0.000671830305011759
0.00119048745210673,0.00669866274977483,0.0206023606548599,0.0284752640963796,0.0291233254757508,0.00363892914920674,0.000302071553857508,0.00100569495587584,0.00943338292087736,0.0237852328190127,1.98752747894008e-05,0.0104369213276906,8.71095468842553e-06,0.0314475764132665,0.136265971887289,0.00140745687370158,0.0659430423246425,0.0993102073304691,0.0808610272346743,0.450043798551087
0.0129286319015231,0.000324666795220711,0.00839353910228993,0.0612224699118278,0.00704236901668173,4.51328265207058e-05,0.135362663844775,0.134842702045789,0.00203957368424896,9.95494717992488e-05,0.00334912548369567,0.407132050993429,0.00157581327730437,2.87742021138766e-08,0.0423262368268966,0.13117735874996,0.0332392028711121,0.00105868193823104,0.0178401976728315,4.81166140098878e-09
0.0188177898517137,0.0290031058351855,0.279500126983028,0.000246061597075742,0.0200627993745102,0.132824734894763,3.50964101417278e-05,0.00547576459793697,0.000811218223986218,0.0126297139504276,0.00140000120875122,3.11808868920582e-05,0.0865485922393729,0.00893151290270845,0.0590493259142517,0.326286050103474,0.00103228965058319,0.00848993904408094,0.00771377024156869,0.00111092608954892
0.00926889698120204,0.0314033886046209,0.00021044019394194,0.00275385952984961,0.00422622425442703,0.190726284610554,0.000142634429524014,0.321864928672353,0.0710978989540491,3.80337527322773e-05,0.00110921479549223,0.000371515263279981,0.0142315906613239,0.00676719256852504,0.0043376633624786,0.0536158383869554,0.00026961749591075,0.16986603191757,2.56690388281456e-06,0.117696178661327
0.00980351980282188,0.00158109559200508,9.58051852848724e-08,0.000455168496275064,0.155575003477831,0.180685928645449,0.0248794949468183,0.000711791757727809,0.0391673319343782,0.00101985108076935,0.0509862038223121,0.00370112327056669,0.00382239866090966,0.0115472936197455,0.390439579016749,0.00260672289824801,0.0798154394112314,0.0296842342009082,0.00102657136208769,0.0124911521979817
6.37715600047238e-05,0.0113469920474598,0.000531550435402993,0.199350804931559,0.0115411874399222,0.0103768199391845,2.62666927640314e-05,5.42008234895431e-06,0.0181222556263736,8.53900220568004e-05,0.000114779068452893,0.276970415990351,0.169237703298294,0.000290680617527471,0.228393560740378,0.0168965678019187,0.00914906984154981,0.0349521596931457,0.00154173176653823,0.0110028724047668
0.19208547496817,0.0399364934884032,0.0415287180154002,0.295131417347137,0.000320850018619392,0.02700844347901,0.125383052509651,0.093316486393787,0.00104887867074409,0.0128849576970774,0.0180601681316025,0.0272212983391938,0.0422790591634546,0.0402745785665805,0.00926530897265236,0.00300924184068556,0.0213212731334478,4.98979097975303e-05,0.00501481606606109,0.00485958528852446
0.0105873927473053,0.0434154110760774,0.0719004998325959,0.0198431311465227,0.00859381052238323,0.199579262721499,0.00946269920979674,0.00540648029657501,0.0632339386886283,2.3348209227925e-06,0.00339393080248396,0.305424682428457,0.00207778705235737,0.00294562996192064,0.0273928214784133,0.222973731068672,4.47591947582862e-06,2.60444655370858e-08,0.000529325675610023,0.00323262850583709
0.0549593606819087,6.75595950803726e-05,0.0179373910444625,0.0231071677965171,0.172868984163418,0.0305768090255889,0.013420021970326,0.00500385952571298,0.281111150472308,0.000828731271406924,0.00177740893733493,0.235060688929526,0.0956758138149325,3.72601447239677e-05,0.032925141348827,0.0339767150785296,0.000615613462654388,3.86452029445874e-05,3.16867932580244e-07,1.1360665866032e-05
0.215630597142436,0.0168863023354229,0.266327293818473,0.227991994409855,0.0167307331857557,0.023633044480098,0.000226950362706966,0.0568685736639122,0.000894931936901117,0.00322489216096645,0.00363944139238218,0.00190508206747752,0.0262623606766282,0.000108643952039148,0.0014484665830489,0.00383497219227629,0.0148073704577159,3.8344543457878e-05,0.119453444678045,8.65599604001729e-05
0.00121965681331789,0.153654487916563,4.30528519889361e-05,0.00203821222896899,0.0120209669504431,0.220793219967783,1.92210977916377e-05,1.40698469412672e-09,0.0573755087664149,0.00116428137212247,0.0105270270038469,0.0528247468404709,0.0199285372197859,0.000100867226193648,0.012913084186763,0.0400650864974013,0.315139677896312,0.0193005448844578,0.0782776377495631,0.00259418112282694
0.085582438440935,0.097564570270672,0.00399785434098074,0.00778835610769913,0.0756246544716949,0.000770047236172584,0.00837258477315271,0.0890379308470493,0.00321678011722144,0.0721481465826125,0.0258867353776824,0.11009466383886,0.130346737485088,0.0143767957223838,0.00440197290912007,2.25138678921211e-05,0.123747454481818,0.0577294939831452,2.33472017039811e-05,0.0892669219441169
0.14763179134533,0.00044931186688696,0.0383215934094198,0.00940634929098101,0.00127914853535605,0.0781346242880611,0.0523046980287261,0.100378056136197,0.000336983686688636,0.0133500977328451,0.00852338146376502,0.00870333254385493,0.340895540592107,0.00366314495449639,0.0146427922496914,0.00011367428400481,0.0228558980321677,0.0866696150191635,0.0354012832668729,0.0369386832733848
6.74521154627763e-05,0.0536118276291441,0.0695450666454783,3.59331455675376e-05,0.0744275752076448,0.0561104898347677,3.80136202439175e-08,0.00877843675556257,0.0118853120057147,0.00602551574374817,0.155325003454973,0.000248258066494654,0.00524945242090314,0.435575337235747,0.00475326769119963,0.0383017751777892,0.0038949487867343,0.0754358993619732,5.93076856959007e-11,0.000728410648166549
0.17264254722982,0.000324415544151041,0.000274494863781817,0.0534619260556286,0.00020307885758841,0.418013875122311,0.0275527637572198,0.00625627762136334,0.00316187297292624,0.00747761464611913,0.00161227479091676,0.0168110469751323,0.000131785392292816,0.074926612703745,0.00900342867239829,0.0020553035391615,0.020620359943751,0.0566558006818113,0.00612815666430485,0.122686363965577
0.000417924157731428,0.00554661736553476,0.00041187730335363,0.0044334381708757,0.00159469080495487,0.126312098755582,0.00156963765934783,0.192024540486022,0.29242311039167,0.107447366431086,0.046610052992359,0.011982324129097,0.00488880181007264,0.000285074511330789,0.060459510340752,0.000205308325762132,0.000631782304779808,0.0763332799509198,0.00163585321490966,0.064786710893859
0.00519848298695466,0.13591694264151,2.65332174271141e-05,0.0848719473102904,0.0204064786411781,0.00379845257456405,0.0287470735834095,0.134092147998261,0.051689619191289,0.000161137681832683,0.0402468139629933,0.0367818893697852,0.0131016603744575,0.00644974531993078,0.0124461140330103,6.93526348219079e-05,0.000170790785876755,0.16546599659682,0.0460136914271376,0.21434512966845
0.00262993185601232,0.000550937589145557,0.00455271302761729,2.2864499728126e-05,0.00957100392033012,0.126458010397764,0.000935113475181836,0.0186227857373482,0.0211625930818749,0.0891488460084158,0.0599315974045426,0.412850085651377,0.0125111834147696,0.0506950473296845,0.056312808744368,1.55840109806304e-05,0.0327547136863694,0.101222428640322,7.13419618578079e-10,5.17508107488847e-05
3.25194586468368e-05,0.00119333702095302,0.00302735108171093,0.0831035760772901,0.0383638518887561,0.00701930025948807,6.19512959334457e-05,1.82746771289996e-06,0.178716347145048,5.82038844117344e-05,0.000266909075623673,0.101738945485569,0.553234697411892,2.75550446126925e-05,4.85622229244455e-05,0.00817846040695659,0.0191424624361086,0.00155739202206346,2.54342709164184e-05,0.00420131604338142
5.20403027521142e-11,0.0770200445909382,0.0120255519320677,0.0174406569401449,0.307087238876163,0.0226101551564096,0.358177559640062,0.000386161844200726,0.0198760594056038,0.00010156523832294,0.00137983978020622,0.061379114448961,0.00203358987463665,0.00282020969301899,0.000892085442592754,0.000623137645137691,0.0117084847166949,0.0616930202051458,0.00609008157760037,0.0366554429400528
0.00808837052170989,0.000429926375599559,0.141018429264332,0.0880586424696641,0.00404030689357868,0.00992216884880326,0.00410789218923959,0.0287797755124375,0.0670221246014614,0.00114614870454192,0.00755076279767162,0.417513198704112,0.000153420670759906,0.0308800192616257,0.102141502610971,0.00104836656109784,0.0122147035967452,0.00022373178132115,0.0410323811254448,0.0346281275088822
0.0143973576868506,0.135667204909385,0.0119738207520741,0.057486735876114,6.38405755718735e-05,3.80259235556258e-06,0.0364139172492299,0.0143750155015151,0.0262860769247905,0.00557137562277108,0.00866921701557162,0.000263297123108413,0.00495939306135721,0.0134199487248133,0.364869790713804,0.0114482260959655,0.148938275604795,0.0168025648401964,0.0800209740372604,0.0483691650924707
0.062422115285895,0.00372478203114647,0.0298865322522608,0.1117535768517,0.0124273627677981,0.0218499408018535,0.000678210737594549,0.00758281630018149,0.000597868390400607,0.0050010852033336,8.61866481843675e-05,0.00941162179921714,0.210948468213847,0.00729944359121192,4.00588044909459e-06,0.45119951334122,0.0383101143015775,0.00971299855887822,1.66414872865476e-07,0.017103190628378
0.0398021520886252,0.0320538539066386,0.0389442979730964,0.00444086477008347,2.01869801469722e-05,0.0933314025866605,0.102439385122933,0.00334089797732643,0.0244123462417855,0.00275995865587293,3.16274695680583e-06,0.00380134354037323,0.0124926303951568,0.0304425916029728,0.048020523583596,0.378201428230359,0.00551902218002471,0.178567454724871,0.00140584119583685,6.55496684839076e-07
0.00201202048400419,0.229502763772948,0.0453499831797541,0.00116948215262641,1.33926788889306e-06,0.252398885191586,0.0726523169706398,0.00104612465051536,0.0632235954931801,0.0119686768312645,0.0730299149366751,0.0261151407104855,0.0021594723175108,0.00826100087154889,0.00914069373365215,0.00298774955239572,7.22460835522951e-07,0.010085371618584,0.16866469065273,0.020230055151175
0.0613050536825607,0.00522586990748055,0.431058002423463,0.109133590358145,0.000169995398951346,0.0725600035950717,0.12014436540624,0.000929775705071102,0.00177650444262203,0.137411935539389,0.0219665388861059,1.00252709805534e-06,0.0213491131121001,0.00107220449451535,0.00847071890235555,8.23883825059222e-05,0.000595172512588004,0.00461865589453093,0.000772092676086708,0.00135701615311867
0.00336830126233121,0.0202391629742229,0.065672210586937,0.0062611375824696,0.0378467397769523,0.000111060240484129,0.0618694151047847,0.00505161491813165,0.0056359613074752,0.0331207461901878,0.111626866542201,0.0214558645645243,0.0573928514610421,0.00809054874786663,0.00375703031020619,0.0788903024619174,0.252502454989492,0.0501399977122172,0.00742923206123574,0.169538501205321
0.000732264451028383,0.0277599332654626,0.0401231412270606,9.0551982522988e-08,0.0234046614995159,0.102141301497643,0.149138883567165,0.00481081127812487,0.000706059209385865,0.0374589382592616,0.00190399382548921,0.19515893533646,0.0212620404577998,0.0339177593784396,0.127696821109258,0.00749362569263377,0.000915448902968705,7.39958790787535e-08,0.177182492034834,0.0481927244596073
0.0490278513175026,0.094136708299526,0.0102842369469278,0.00672184338782614,0.00658245690362542,0.0235680995198365,0.0334405690351223,0.0204118907593428,0.00950697816286702,0.104851513204514,0.0307934748674628,0.140583697972782,0.00162719729733616,0.169118043765264,0.143296318784435,0.112391001125906,0.0222154391253008,0.0126213643992207,0.00872466093664941,9.66541885524719e-05
0.183337828338002,0.00102365483337245,0.126809932629015,0.0556526055862526,9.01972017616653e-07,0.025619287824242,3.68189708346697e-06,0.022511960575017,7.81196892716826e-10,4.56111170735325e-05,0.00625092737869381,0.0263433701045678,0.0693802026766716,0.000735749962204972,0.213706264570984,0.00464088383624756,0.102822418948265,0.00537740658691575,0.0611130149441879,0.0946242954379897
0.218984520782113,0.000703084804755955,0.000416774863104962,0.06851827033664,0.0553271666825924,7.67279713104844e-05,1.02652676299632e-07,0.00373476542472488,0.0669539864841564,0.0301289399985697,0.0410802837355483,0.0147612892425521,0.0143630565462211,0.0138557299365841,0.0207131720343522,0.00127998302626491,0.0499515690724699,0.141871129442096,0.126719118575859,0.130560328387409
1.69425785338185e-05,0.253031515865283,0.00235305850296619,0.0111545389004342,0.00421977127586246,0.111470744494332,0.213659345922144,0.00761096303036206,0.00326745099801129,0.0958434573195073,0.0598220603407711,0.00103181620889569,5.05027216584028e-06,0.0253301215754881,0.0137502607792049,0.0704922637090367,0.015314882673795,0.000677965148347888,0.109121918451189,0.0018258719536687
0.114179141767604,0.000254991770187865,0.0159608103627378,0.000406637397675549,0.185017034667193,0.0916733012231905,6.20865315529958e-05,0.00125298109747825,0.00218500736229489,0.00784863775858371,0.0329058493178731,0.00153758332466814,0.152179907753825,0.0573019003865885,0.0152023644258989,0.000160398227716321,0.0358596063963013,0.0234475865058474,0.260929280781807,0.00163489294097652
0.000250452414389382,0.00265246848251021,0.0553405773737222,0.00362921371163576,0.15500441081807,0.0113725470883331,0.0024191500709807,0.0806718909788096,0.0356678596847918,0.00901070130020953,0.0664520210065005,0.189167117319176,0.198363048980944,0.00370485943147549,0.00207598465345184,0.136093220624764,8.39486811082483e-05,0.0165064706228451,0.0280347316186097,0.00349932513767207
1.22003564220368e-05,3.60369884171212e-05,0.0578600609911343,0.00440164403550789,0.00344531534055479,0.0095171277377015,0.00525534028965069,0.00160084575219514,0.000740483570975355,0.000164309490490183,0.00117778643702401,0.02156442189382,0.272930456348742,0.179292012745587,0.161823466266564,0.0995248595349099,0.151359357085444,0.0012191592282664,0.00258065414410725,0.0254944617624866
4.44769280149249e-07,1.39024572236876e-09,0.0356250175055297,0.0440684512078338,0.00420601900543883,0.257561879314913,0.00483086128701821,0.217548837079816,0.00370210934490235,0.102955502546966,0.046336206210087,0.00014249717454996,4.49060816196774e-08,0.000255831615812275,0.0904404804515704,0.00063835284220132,0.000568810721700459,0.183829412782949,0.00123620126153379,0.00605303858157016
0.0752765006793607,0.0724893685070678,0.0027570973318882,0.00694786959237596,0.00451888031592177,0.000670365716175603,0.0187530222459144,0.12145789599057,0.0195211667972174,0.0913197478692292,0.0155522554745378,1.19413137339362e-05,3.30472067025854e-05,0.290187636001384,0.204433090673863,0.00133453490490303,8.41749807133772e-05,0.000908714874058047,0.0225526815309474,0.0511900079934355
0.0550475589500793,0.0939732035122587,0.00232509619730293,0.000757067826854247,8.55634089977219e-05,0.0178457572456503,0.064747915845241,0.046342101462229,0.000418825851535435,0.152231904315197,0.130147438378622,0.254487448802614,0.0980077503531735,0.0127025741980054,1.44796497595296e-05,0.00407889895568501,0.0129167917855297,0.0102487513994767,1.43349987187438e-07,0.0436207285118014
0.000449682095088898,0.000168651086962848,0.00618054546419486,0.000106916778434311,0.0323699499773673,0.0183496895790284,1.02605792748958e-06,0.0631184480844956,0.00281119805968872,1.63284485197775e-06,0.127513989343072,0.556383414087022,0.000980321230818406,0.0185192987693337,6.12232609859106e-06,0.000331504540114226,0.00291207667910133,0.0642003183788937,0.10540492353171,0.0001902910857966
0.00112918703230756,0.0162528998402018,0.000301176007246073,0.0112501403457602,0.0485423787817933,0.0149087634080333,0.0347622761521115,0.0813345197898537,0.064942542816045,0.169778881754295,5.46650013586835e-05,0.261067207594318,0.0110431241212266,0.00192853940793889,0.247943546281848,0.00411218244437144,0.00106483503436196,7.67695835799937e-05,0.0288597460431992,0.000646618560149703
0.0313718413051604,0.0485430073136142,0.00415275142465626,0.166900995868462,1.21507630556704e-05,0.00567668535449617,0.137587542826951,0.0122063727093553,0.107453899353333,0.0792040213673321,0.000416438833378836,0.0523640426942072,0.000383621567986607,0.00786722325650617,0.000635827372239354,0.000136736817375245,0.210961704466639,0.000805748444449862,0.105195898827452,0.0281234894333495
0.00904539735964586,0.000966037879568272,2.01820290266568e-05,0.000259839806624113,1.83265967459715e-05,0.0413768235023169,0.00325742575576624,0.000128580156502652,0.00915008037711443,0.00154987625121944,0.0039226910247268,0.365708242602966,0.113215605715397,0.0229249276230958,0.0452179860168509,7.43716089516258e-06,0.14690191210076,0.00230888990860228,0.139647503104372,0.0943722350278037
0.0532505553726533,0.00121430435663509,0.0451911113759685,0.00830201917484139,0.0118728431659672,0.0511102949485503,0.037810359960057,0.00101834110488903,0.132884425252001,0.00481795989540033,0.00550047360796244,0.000637863826531199,0.111820690268709,0.000555522663251394,0.097318224507737,0.125420388776322,0.0808932751699899,0.00116878120516344,1.5085808286542e-06,0.229211056786542
8.68873524621182e-05,0.00713665667907196,0.00232416843761393,0.000170106345400035,0.0148580418344587,0.0278682381978248,0.0713235003999643,0.00851101094483102,0.1476062088947,0.000315790221087863,0.00466932984908503,0.0128457213558601,0.124343095634988,0.146529805836168,0.0401770873828316,0.00128978535920408,0.111550172645602,0.278257389755123,6.15556629021243e-05,7.54472108222153e-05
0.0514244231341689,0.0246710908991889,0.00316930909221914,0.00392865755471826,0.000331521768180713,0.0517322555216026,5.70365376996842e-05,0.0616300699802278,0.0371778401454567,4.56847262454524e-05,0.0956744569012404,0.0657755885397918,0.0340093944154539,0.0101084060959726,0.124164725830299,0.268233343264027,0.12754688117916,0.022027176557862,0.0165174317065397,0.00177470614994518
0.0358029986239513,0.00586833642218574,0.0857495629291519,0.150625699913516,3.72235405226485e-06,0.00466455797197022,0.00486046142165217,0.133700649669493,0.159046116684517,0.0105007044709029,0.0998791858577544,0.0669540866722987,0.0265647688242595,0.0748231336423362,0.00400205239841048,0.0148051550269815,0.0821638505443138,0.0176465985298879,1.53007963351811e-07,0.0223382050344021
0.00216306163252633,0.00415611068512966,0.00011088180433711,0.0504927050163437,0.616815822708322,0.00273466268170447,0.000505650084312027,0.0153969963497067,0.00166650470504058,0.0331619528222093,0.00855004685563948,0.000647819831397457,0.0831949458729245,0.0860168909582459,0.0672664380122552,1.37363878973777e-05,6.9490980482239e-06,0.0269321829127753,3.7430929344172e-05,0.000129210651840314
0.0562499653602473,9.56394885887607e-07,0.00981822568905964,0.11057925329401,0.0216530797154583,0.0535164378972777,0.0176139103262907,0.0393995057738092,0.0412328189887001,0.0593405925494569,0.00482903500254984,0.0528730203993117,0.0336447724543123,0.0614680013188664,0.163895994582667,0.0150437644328996,0.0107552841285731,0.00414454820710492,0.119801221482001,0.124139612002519
0.0556326353627045,0.169929807604791,0.0211137553617322,0.000129474901842224,2.48321622454569e-09,0.000368010774801422,0.00210025681761825,0.00546339173770086,0.0532155945149741,0.0266306944096398,0.0132641886945766,0.00039638992015096,0.00143136819210515,0.100088756872272,4.23948009610881e-07,0.0110538195760656,0.00319966742376412,0.310985297590078,0.181674321778327,0.0433221420356299
0.0756258597831679,0.121231723900453,0.0522243577597928,0.00310900696675007,0.00943144734246996,3.62942381145562e-06,0.00642122187461018,0.0232481090299747,0.0605956233492112,0.0756460575589892,0.0682299870263698,0.0657739813857513,0.00463623163399918,0.206643760768229,0.0644678666754568,0.0123669065611665,0.0952122347471416,1.04075149991586e-06,0.00242176358065115,0.0527091898805049
0.000627868396251125,0.244735139652359,0.001084676113054,0.000408951324865515,0.0283808754509791,0.00310782686434632,1.61880775696857e-08,0.0115155249720786,0.000531638729306641,0.0503447874870417,0.0341308102583231,0.00248760994566377,0.167956230097448,0.000686950077794071,0.243579635514167,0.0360980029233156,0.0836388921986933,0.0897711181577676,0.000192873158289443,0.000720572490178259
0.108958183177871,0.0187032419158749,0.0302953283529451,0.000714966316345083,0.153646428780579,0.00118906027092893,0.157784151480242,0.0144628109751729,0.110218868809449,0.00212396751604217,0.00989561400757807,0.108003240185844,0.039505920210186,0.000447730273909059,0.0970706556957073,0.00736480565030039,0.00770935310771196,0.00193559770202559,0.0386440978737683,0.0913259776975182
0.163487081494692,7.78523412135921e-05,0.0309806945407729,0.0236257621667195,0.0170251779874898,0.0253057254383521,2.79475460004466e-05,0.17054916641418,4.32735353214456e-06,2.68665548032401e-05,0.037498114248889,1.21437126056693e-07,0.0344249660161622,0.00709499159072856,0.264898109455084,0.0306090148119239,0.00952186686715379,0.0297481279192086,4.06429178300084e-07,0.15509367938679
0.101700824581977,0.00804428311709859,6.11717200465637e-06,0.0203994656033482,2.31355947177011e-05,0.206182286414831,0.0621701737970442,0.0464259078032896,0.0227480338448423,0.000365844600512026,0.0794137373249324,0.0201331295829094,0.00153835412861364,0.161317830157266,0.0208752911792136,0.107285111857904,0.0369233955172924,0.00408080052291719,0.0992583336387528,0.00110794356053434
0.0112486916437692,0.0603281630381619,0.000718398190059714,0.000437754119913556,0.165870478836456,0.0260457070087412,0.000976802634197669,5.51148561174666e-06,0.000866730057296852,0.0112651138246713,0.122280943521862,2.30790284111281e-05,0.0548173697909061,0.0208583780467387,0.0279362700494503,0.029044149896591,0.0126354743740857,0.418154673831419,0.00143429535736787,0.0350520152642892
